elapsed_seconds,used_gib,stage
0.000969373038969934,0.612548828125,startup
0.05139291600789875,0.612548828125,startup
0.10181663394905627,0.612548828125,startup
0.15554586902726442,0.612548828125,startup
0.20928774203639477,0.612548828125,startup
0.26561301096808165,0.612548828125,startup
0.3208729700418189,0.612548828125,startup
0.3723957430338487,0.612548828125,startup
0.45131704094819725,0.612548828125,startup
0.5017293250421062,0.612548828125,startup
0.5519096499774605,0.612548828125,startup
0.6020683939568698,0.612548828125,startup
0.6623865700094029,0.612548828125,startup
0.7184861899586394,0.612548828125,startup
0.7690603319788352,0.612548828125,startup
0.8203199530253187,0.612548828125,startup
0.892030855990015,0.612548828125,startup
0.9423936549574137,0.612548828125,startup
0.9928582629654557,0.612548828125,startup
1.0432715809438378,0.612548828125,startup
1.0936602089786902,0.612548828125,startup
1.1528358509531245,0.612548828125,startup
1.2039577779360116,0.612548828125,startup
1.256406581029296,0.612548828125,startup
1.306797344936058,0.612548828125,startup
1.3855030050035566,0.612548828125,startup
1.43591027893126,0.612548828125,startup
1.4875380719313398,0.612548828125,startup
1.5407134980196133,0.612548828125,startup
1.6097370230127126,0.612548828125,startup
1.6752465280005708,0.612548828125,startup
1.730512461042963,0.612548828125,startup
1.781591663020663,0.612548828125,startup
1.8777407190063968,0.612548828125,startup
1.9435178419807926,0.612548828125,startup
2.058470670017414,0.612548828125,startup
2.123904939973727,0.612548828125,startup
2.1892948310123757,0.612548828125,startup
2.2542017940431833,0.612548828125,startup
2.306751057971269,0.612548828125,startup
2.3621844770386815,0.612548828125,startup
2.415126219042577,0.612548828125,startup
2.4654313479550183,0.612548828125,startup
2.5159321499522775,0.612548828125,startup
2.5662340839626268,0.612548828125,startup
2.616546883014962,0.612548828125,startup
2.667305574985221,0.612548828125,startup
2.720680515980348,0.612548828125,startup
2.7719020609511063,0.612548828125,startup
2.8248692769557238,0.612548828125,startup
2.8756573459831998,0.612548828125,startup
2.936009261989966,0.612548828125,startup
2.9933226369321346,0.612548828125,startup
3.0499515649862587,0.612548828125,startup
3.100729116005823,0.612548828125,startup
3.151212126016617,0.612548828125,startup
3.20212031097617,0.612548828125,startup
3.2525027899537235,0.612548828125,startup
3.3026306449901313,0.612548828125,startup
3.4616612419486046,0.612548828125,startup
3.5122893949737772,0.612548828125,startup
3.563899558968842,0.612548828125,startup
3.61495647393167,0.612548828125,startup
3.6666634579887614,0.612548828125,startup
3.7178882480366156,0.612548828125,startup
3.769273402984254,0.612548828125,startup
3.8262004039715976,0.612548828125,startup
3.8764517219970003,0.612548828125,startup
3.9279780510114506,0.612548828125,startup
3.9781605899333954,0.612548828125,startup
4.028504975023679,0.612548828125,startup
4.078963884967379,0.612548828125,startup
4.1299130249535665,0.612548828125,startup
4.180047044996172,0.612548828125,startup
4.230171859031543,0.612548828125,startup
4.280303732957691,0.612548828125,startup
4.330419803969562,0.612548828125,startup
4.380533293937333,0.612548828125,startup
4.430642848950811,0.612548828125,startup
4.480752588016912,0.612548828125,startup
4.530865598004311,0.612548828125,startup
4.5809781779535115,0.612548828125,startup
4.631091532995924,0.612548828125,startup
4.681275557959452,0.6285400390625,startup
4.731402845936827,0.64312744140625,startup
4.781820485019125,1.06695556640625,load_complete_pipeline
4.831951054977253,1.06695556640625,load_complete_pipeline
4.882725075935014,1.06695556640625,load_complete_pipeline
4.934779954026453,1.06695556640625,load_complete_pipeline
4.9872359139844775,1.06695556640625,load_complete_pipeline
5.038134375936352,1.06695556640625,load_complete_pipeline
5.0883604940027,1.06695556640625,load_complete_pipeline
5.139396143029444,1.06695556640625,load_complete_pipeline
5.191920505953021,1.06695556640625,load_complete_pipeline
5.242756402934901,1.06695556640625,load_complete_pipeline
5.2934976540273055,1.06695556640625,load_complete_pipeline
5.34447737201117,1.06695556640625,load_complete_pipeline
5.394968654029071,1.06695556640625,load_complete_pipeline
5.445446402998641,1.06695556640625,load_complete_pipeline
5.495706039946526,1.06695556640625,load_complete_pipeline
5.545828100992367,1.06695556640625,load_complete_pipeline
5.595989921945147,1.06695556640625,load_complete_pipeline
5.7596489150309935,1.06695556640625,load_complete_pipeline
5.809821620001458,1.06695556640625,load_complete_pipeline
5.859959105029702,1.49078369140625,load_complete_pipeline
5.910139224026352,1.49078369140625,load_complete_pipeline
5.96027876494918,1.70172119140625,load_complete_pipeline
6.010438684024848,1.98492431640625,load_complete_pipeline
6.060552863986231,2.27593994140625,load_complete_pipeline
6.110678032971919,2.54937744140625,load_complete_pipeline
6.1607990940101445,2.77398681640625,load_complete_pipeline
6.2109382229391485,3.04742431640625,load_complete_pipeline
6.261054947972298,3.33843994140625,load_complete_pipeline
6.311192688997835,3.58453369140625,load_complete_pipeline
6.36131305701565,3.89117431640625,load_complete_pipeline
6.411429692991078,4.23492431640625,load_complete_pipeline
6.461544167948887,4.54547119140625,load_complete_pipeline
6.511696527944878,4.87359619140625,load_complete_pipeline
6.561817112960853,5.16656494140625,load_complete_pipeline
6.6119343979517,5.42828369140625,load_complete_pipeline
6.662049517966807,5.67633056640625,load_complete_pipeline
6.736610985011794,5.85015869140625,load_complete_pipeline
6.787659310968593,6.01617431640625,load_complete_pipeline
6.837875145021826,6.01617431640625,load_complete_pipeline
6.8884482509456575,6.01617431640625,load_complete_pipeline
6.938913056044839,6.01617431640625,load_complete_pipeline
7.2761763939633965,6.01617431640625,load_complete_pipeline
7.326321423985064,6.01617431640625,load_complete_pipeline
7.376442609005608,6.01617431640625,load_complete_pipeline
7.426557017955929,6.01617431640625,load_complete_pipeline
7.476665079011582,6.01617431640625,load_complete_pipeline
7.526777163962834,6.01617431640625,load_complete_pipeline
7.576893843943253,6.01617431640625,load_complete_pipeline
7.627100697951391,6.01617431640625,load_complete_pipeline
7.677242417004891,6.01617431640625,load_complete_pipeline
7.72735343198292,6.01617431640625,load_complete_pipeline
7.777467041974887,6.01617431640625,load_complete_pipeline
7.827580737997778,6.01617431640625,load_complete_pipeline
7.877691542962566,6.01617431640625,load_complete_pipeline
7.927815412986092,6.01617431640625,load_complete_pipeline
7.977928407024592,6.01617431640625,load_complete_pipeline
8.028039242955856,6.01617431640625,load_complete_pipeline
8.07814968295861,6.01617431640625,load_complete_pipeline
8.128263168036938,6.01617431640625,load_complete_pipeline
8.178374837967567,6.01617431640625,load_complete_pipeline
8.228487482992932,6.01617431640625,load_complete_pipeline
8.278598272940144,6.01617431640625,load_complete_pipeline
8.328710188041441,6.01617431640625,load_complete_pipeline
8.378822332946584,6.01617431640625,load_complete_pipeline
8.428933633025736,6.01617431640625,load_complete_pipeline
8.479044553008862,6.01617431640625,load_complete_pipeline
8.529154013027437,6.01617431640625,load_complete_pipeline
8.579267397988588,6.01617431640625,load_complete_pipeline
8.62937574298121,6.01617431640625,load_complete_pipeline
8.679484567954205,6.01617431640625,load_complete_pipeline
8.72959482402075,6.01617431640625,load_complete_pipeline
8.779705227934755,6.01617431640625,load_complete_pipeline
8.829822583007626,6.01617431640625,load_complete_pipeline
8.879954359959811,6.01617431640625,load_complete_pipeline
8.930079431971535,6.01617431640625,load_complete_pipeline
8.980192834045738,6.01617431640625,load_complete_pipeline
9.030303273932077,6.01617431640625,load_complete_pipeline
9.0804339540191,6.01617431640625,load_complete_pipeline
9.13054868299514,6.01617431640625,load_complete_pipeline
9.18066043802537,6.01617431640625,load_complete_pipeline
9.230773124028929,6.01617431640625,load_complete_pipeline
9.280892107984982,6.01617431640625,load_complete_pipeline
9.330994674004614,6.01617431640625,load_complete_pipeline
9.381107519031502,6.01617431640625,load_complete_pipeline
9.431218868936412,6.01617431640625,load_complete_pipeline
9.481330435024574,6.01617431640625,load_complete_pipeline
9.53144227899611,6.01617431640625,load_complete_pipeline
9.581560309045017,6.01617431640625,load_complete_pipeline
9.631674478994682,6.01617431640625,load_complete_pipeline
9.681785293971188,6.01617431640625,load_complete_pipeline
9.731904629967175,6.01617431640625,load_complete_pipeline
9.781994296936318,6.01617431640625,load_complete_pipeline
9.832093046046793,6.01617431640625,load_complete_pipeline
9.882201820029877,6.01617431640625,load_complete_pipeline
9.932313791941851,6.01617431640625,load_complete_pipeline
9.982426239992492,6.01617431640625,load_complete_pipeline
10.032537615043111,6.01617431640625,load_complete_pipeline
10.082657955936156,6.01617431640625,load_complete_pipeline
10.13278005598113,6.01617431640625,load_complete_pipeline
10.18290697003249,6.01617431640625,load_complete_pipeline
10.233018751023337,6.01617431640625,load_complete_pipeline
10.283109689946286,6.01617431640625,load_complete_pipeline
10.333207851042971,6.01617431640625,load_complete_pipeline
10.383318493026309,6.01617431640625,load_complete_pipeline
10.43343064095825,6.01617431640625,load_complete_pipeline
10.483543100999668,6.01617431640625,load_complete_pipeline
10.53377738094423,6.01617431640625,load_complete_pipeline
10.583991777035408,6.01617431640625,load_complete_pipeline
10.634105282020755,6.01617431640625,load_complete_pipeline
10.684216007008217,6.01617431640625,load_complete_pipeline
10.734326681937091,6.01617431640625,load_complete_pipeline
10.784418817027472,6.01617431640625,load_complete_pipeline
10.834521702956408,6.01617431640625,load_complete_pipeline
10.884633842040785,6.01617431640625,load_complete_pipeline
10.934749227948487,6.01617431640625,load_complete_pipeline
10.984867061953992,6.01617431640625,load_complete_pipeline
11.035044337040745,6.01617431640625,load_complete_pipeline
11.08523087296635,6.01617431640625,load_complete_pipeline
11.135343836969696,6.01617431640625,load_complete_pipeline
11.185458382940851,6.01617431640625,load_complete_pipeline
11.235572192934342,6.01617431640625,load_complete_pipeline
11.285723933950067,6.01617431640625,load_complete_pipeline
11.335836724028923,6.01617431640625,load_complete_pipeline
11.385948917944916,6.01617431640625,load_complete_pipeline
11.436060418956913,6.01617431640625,load_complete_pipeline
11.486172904027626,6.01617431640625,load_complete_pipeline
11.536320350016467,6.01617431640625,load_complete_pipeline
11.586491010035388,6.01617431640625,load_complete_pipeline
11.636600389960222,6.01617431640625,load_complete_pipeline
11.686711034039035,6.01617431640625,load_complete_pipeline
11.736821374972351,6.01617431640625,load_complete_pipeline
11.786911858944222,6.01617431640625,load_complete_pipeline
11.837011764990166,6.01617431640625,load_complete_pipeline
11.887122849933803,6.01617431640625,load_complete_pipeline
11.937232065945864,6.01617431640625,load_complete_pipeline
11.987346212030388,6.01617431640625,load_complete_pipeline
12.03744112397544,6.01617431640625,load_complete_pipeline
12.087542362045497,6.01617431640625,load_complete_pipeline
12.137653957004659,6.01617431640625,load_complete_pipeline
12.187767743016593,6.01617431640625,load_complete_pipeline
12.23788320296444,6.01617431640625,load_complete_pipeline
12.287998536950909,6.01617431640625,load_complete_pipeline
12.338111602002755,6.01617431640625,load_complete_pipeline
12.38822112896014,6.01617431640625,load_complete_pipeline
12.439838208025321,6.01617431640625,load_complete_pipeline
12.490262737032026,6.01617431640625,load_complete_pipeline
12.540868898038752,6.01617431640625,load_complete_pipeline
12.591329231043346,6.01617431640625,load_complete_pipeline
12.642269758041948,6.01617431640625,load_complete_pipeline
12.693212041980587,6.01617431640625,load_complete_pipeline
12.744331973022781,6.01617431640625,load_complete_pipeline
12.795031397021376,6.01617431640625,load_complete_pipeline
12.845236259978265,6.05523681640625,load_complete_pipeline
12.895350686041638,6.32867431640625,load_complete_pipeline
12.945482030045241,6.60211181640625,load_complete_pipeline
12.995631081983447,6.87554931640625,load_complete_pipeline
13.045750771998428,7.14898681640625,load_complete_pipeline
13.0958702909993,7.91461181640625,load_complete_pipeline
13.14601337199565,7.91461181640625,load_complete_pipeline
13.196140922955237,7.91461181640625,load_complete_pipeline
13.246292007970624,8.21539306640625,load_complete_pipeline
13.296428126981482,8.47320556640625,load_complete_pipeline
13.346547513036057,8.73101806640625,load_complete_pipeline
13.396667902939953,8.96929931640625,load_complete_pipeline
13.446785802952945,9.26812744140625,load_complete_pipeline
13.496910813031718,9.52593994140625,load_complete_pipeline
13.547026923042722,9.78375244140625,load_complete_pipeline
13.597147580003366,10.08453369140625,load_complete_pipeline
13.647281983983703,10.32281494140625,load_complete_pipeline
13.697400419972837,10.62164306640625,load_complete_pipeline
13.747515534982085,10.87945556640625,load_complete_pipeline
13.815476406016387,10.87945556640625,load_complete_pipeline
13.865609836997464,11.18023681640625,load_complete_pipeline
13.915767860016786,11.43804931640625,load_complete_pipeline
13.965908006997779,11.67633056640625,load_complete_pipeline
14.016039310954511,11.93414306640625,load_complete_pipeline
14.06616617704276,12.23492431640625,load_complete_pipeline
14.116302142036147,12.49273681640625,load_complete_pipeline
14.166419561952353,12.72906494140625,load_complete_pipeline
14.216557067004032,13.02984619140625,load_complete_pipeline
14.266681567998603,13.28765869140625,load_complete_pipeline
14.316908487933688,13.35015869140625,load_complete_pipeline
14.37020585895516,13.59625244140625,load_complete_pipeline
14.421325550996698,13.86187744140625,load_complete_pipeline
14.471627839957364,14.12750244140625,load_complete_pipeline
14.521835924941115,14.19000244140625,load_complete_pipeline
14.57196896104142,14.19000244140625,adapter_optimizer_setup
14.622114751953632,14.19000244140625,adapter_optimizer_setup
14.6722467020154,14.19000244140625,adapter_optimizer_setup
14.722379336948507,14.19000244140625,adapter_optimizer_setup
14.772511770948768,14.19000244140625,adapter_optimizer_setup
14.822643797961064,14.19000244140625,adapter_optimizer_setup
14.872779131983407,14.19000244140625,adapter_optimizer_setup
14.922925926977769,14.19000244140625,adapter_optimizer_setup
14.97309961298015,14.19000244140625,adapter_optimizer_setup
15.023238879046403,14.19000244140625,adapter_optimizer_setup
15.07336481299717,14.19000244140625,adapter_optimizer_setup
15.123604567954317,14.19000244140625,adapter_optimizer_setup
15.173726042965427,14.19000244140625,adapter_optimizer_setup
15.22386283497326,14.33648681640625,adapter_optimizer_setup
15.274009573971853,14.54742431640625,adapter_optimizer_setup
15.330613006954081,14.67633056640625,between_stages
15.382164482958615,14.67633056640625,between_stages
15.432292478042655,14.67633056640625,between_stages
15.48242543800734,14.67633056640625,between_stages
15.532549383002333,14.67633056640625,between_stages
15.582664459012449,14.67633056640625,between_stages
15.63280472997576,14.70758056640625,between_stages
15.682923338958062,14.70758056640625,between_stages
15.733037073980086,14.70758056640625,between_stages
15.783150120987557,14.70758056640625,between_stages
15.833260435028933,14.70758056640625,between_stages
16.146955564967357,14.70758056640625,between_stages
16.19708684994839,14.70758056640625,between_stages
16.24720250000246,14.70758056640625,between_stages
16.297332425019704,14.70758056640625,between_stages
16.347444604965858,14.70758056640625,between_stages
16.397555030998774,14.70758056640625,between_stages
16.447666886029765,14.70758056640625,between_stages
16.50440987898037,14.70758056640625,between_stages
16.55454576900229,14.70758056640625,between_stages
16.604659989941865,14.70758056640625,between_stages
16.654780196025968,14.70758056640625,between_stages
16.704902781988494,14.70758056640625,between_stages
16.75501574599184,14.70758056640625,between_stages
16.820301098981872,14.70758056640625,between_stages
16.870421919971704,14.70758056640625,between_stages
16.920535498997197,14.70758056640625,between_stages
16.97064789594151,14.70758056640625,between_stages
17.02075884595979,14.70758056640625,between_stages
17.070877171936445,14.70758056640625,between_stages
17.120997661957517,14.70758056640625,between_stages
17.17111236799974,14.70758056640625,between_stages
17.221224157954566,14.70758056640625,between_stages
17.28662708902266,14.70758056640625,between_stages
17.336744645028375,14.70758056640625,between_stages
17.386857089935802,14.70758056640625,between_stages
17.436968886991963,14.70758056640625,between_stages
17.48707633104641,14.70758056640625,between_stages
17.537191953044385,14.70758056640625,between_stages
17.587309428025037,14.70758056640625,between_stages
17.637424343964085,14.70758056640625,between_stages
17.68753342796117,14.70758056640625,between_stages
17.75198639393784,14.70758056640625,between_stages
17.80210798000917,14.70758056640625,between_stages
17.852222700952552,14.70758056640625,between_stages
17.902334774960764,14.70758056640625,between_stages
17.952450835960917,14.70758056640625,between_stages
18.00256769300904,14.70758056640625,between_stages
18.0526842729887,14.70758056640625,between_stages
18.10284440801479,14.70758056640625,between_stages
18.152959269005805,14.70758056640625,between_stages
18.217236398952082,14.70758056640625,between_stages
18.267354079987854,14.70758056640625,between_stages
18.317467011976987,14.70758056640625,between_stages
18.367578451987356,14.70758056640625,between_stages
18.41768949793186,14.70758056640625,between_stages
18.467816503020003,14.70758056640625,between_stages
18.517935488955118,14.70758056640625,between_stages
18.56805155996699,14.70758056640625,between_stages
18.61816298402846,14.70758056640625,between_stages
18.68245180998929,14.70758056640625,between_stages
18.732571686967276,14.70758056640625,between_stages
18.782682262011804,14.70758056640625,between_stages
18.832801637938246,14.70758056640625,between_stages
18.88291005801875,14.70758056640625,between_stages
18.93302620900795,14.70758056640625,between_stages
18.98314083996229,14.70758056640625,between_stages
19.03325281094294,14.70758056640625,between_stages
19.083360604941845,14.70758056640625,between_stages
19.146834695944563,14.70758056640625,between_stages
19.196953626931645,14.70758056640625,between_stages
19.247065801988356,14.70758056640625,between_stages
19.29717905295547,14.70758056640625,between_stages
19.347292738966644,14.70758056640625,between_stages
19.39740851195529,14.70758056640625,between_stages
19.44752690999303,14.70758056640625,between_stages
19.497637199936435,14.70758056640625,between_stages
19.5477478899993,14.70758056640625,between_stages
19.597879381966777,14.70758056640625,between_stages
19.64799048693385,14.70758056640625,between_stages
19.698097547981888,14.70758056640625,between_stages
19.748208459001034,14.70758056640625,between_stages
19.798315422958694,14.70758056640625,between_stages
19.848425789969042,14.70758056640625,between_stages
19.89853408501949,14.70758056640625,between_stages
19.948648474994116,14.70758056640625,between_stages
19.998758716043085,14.70758056640625,between_stages
20.048868048004806,14.70758056640625,between_stages
20.098979217000306,14.70758056640625,between_stages
20.149099293979816,14.70758056640625,between_stages
20.199212849955074,14.70758056640625,between_stages
20.24932484002784,14.70758056640625,between_stages
20.29945182101801,14.70758056640625,between_stages
20.34956256195437,14.70758056640625,between_stages
20.399671616964042,14.70758056640625,between_stages
20.44978082703892,14.70758056640625,between_stages
20.499927402939647,14.70758056640625,between_stages
20.550037499982864,14.70758056640625,between_stages
20.60014883999247,14.70758056640625,between_stages
20.651782403932884,14.70758056640625,between_stages
20.70191727997735,14.70758056640625,between_stages
20.75451623997651,14.70758056640625,between_stages
20.80462665099185,14.70758056640625,between_stages
20.85474126203917,14.70758056640625,between_stages
20.904849977931008,14.70758056640625,between_stages
20.954960717004724,14.70758056640625,between_stages
21.005066373036243,14.70758056640625,between_stages
21.056715662940405,14.70758056640625,between_stages
21.10682615893893,14.70758056640625,between_stages
21.156935959937982,14.70758056640625,between_stages
21.207045800983906,14.70758056640625,between_stages
21.257156571024098,14.70758056640625,between_stages
21.30726600601338,14.70758056640625,between_stages
21.35738008201588,14.70758056640625,between_stages
21.407492503989488,14.70758056640625,between_stages
21.457603469025344,14.70758056640625,between_stages
21.50771628995426,14.70758056640625,between_stages
21.55782648094464,14.70758056640625,between_stages
21.60793812200427,14.70758056640625,between_stages
21.659073672955856,14.70758056640625,between_stages
21.709916924941353,14.70758056640625,between_stages
21.760026816977188,14.70758056640625,between_stages
21.810145437018946,14.70758056640625,between_stages
21.860257033025846,14.70758056640625,between_stages
21.91036716895178,14.70758056640625,between_stages
21.960476348991506,14.70758056640625,between_stages
22.010586436023004,14.70758056640625,between_stages
22.060696539934725,14.70758056640625,between_stages
22.11083002598025,14.70758056640625,between_stages
22.16093956201803,14.70758056640625,between_stages
22.211049353936687,14.70758056640625,between_stages
22.261160688009113,14.70758056640625,between_stages
22.311276649008505,14.70758056640625,between_stages
22.361385541036725,14.70758056640625,between_stages
22.411533656995744,14.70758056640625,between_stages
22.46165051695425,14.70758056640625,between_stages
22.511763202026486,14.70758056640625,between_stages
22.561875942978077,14.70758056640625,between_stages
22.611987498938106,14.70758056640625,between_stages
22.66209795093164,14.70758056640625,between_stages
22.712208059965633,14.70758056640625,between_stages
22.78467543795705,14.70758056640625,between_stages
22.83480651001446,14.70758056640625,between_stages
22.8849191860063,14.70758056640625,between_stages
22.93502840504516,14.70758056640625,between_stages
22.985133980982937,14.70758056640625,between_stages
23.035239967983216,14.70758056640625,between_stages
23.08535061404109,14.70758056640625,between_stages
23.135460144956596,14.70758056640625,between_stages
23.185566689935513,14.70758056640625,between_stages
23.555169487954117,14.70758056640625,between_stages
23.605294793029316,14.70758056640625,between_stages
23.655407208949327,14.70758056640625,between_stages
23.705517300986685,14.70758056640625,between_stages
23.755627976031974,14.70758056640625,between_stages
23.805736236972734,14.70758056640625,between_stages
23.85584742296487,14.70758056640625,between_stages
23.905958818038926,14.70758056640625,between_stages
23.956070960033685,14.70758056640625,between_stages
24.006186329992488,14.70758056640625,between_stages
24.057197768008336,14.70758056640625,between_stages
24.10947698901873,14.70758056640625,between_stages
24.15959436504636,14.70758056640625,between_stages
24.20971448603086,14.70758056640625,between_stages
24.27662425604649,14.70758056640625,between_stages
24.326742407982238,14.70758056640625,between_stages
24.376846669008955,14.70758056640625,between_stages
24.426965949009173,14.70758056640625,between_stages
24.47708572098054,14.70758056640625,between_stages
24.534124083002098,14.70758056640625,between_stages
24.58425150893163,14.70758056640625,between_stages
24.634368864935823,14.70758056640625,between_stages
24.684481170028448,14.70758056640625,between_stages
24.734600085997954,14.70758056640625,between_stages
24.788381087011658,14.70758056640625,between_stages
24.838503428036347,14.70758056640625,between_stages
24.888620669022202,14.70758056640625,between_stages
24.938739125034772,14.70758056640625,between_stages
24.988853310933337,14.70758056640625,between_stages
25.042040786938742,14.70758056640625,between_stages
25.092156550032087,14.70758056640625,between_stages
25.14227720501367,14.70758056640625,between_stages
25.192390411975794,14.70758056640625,between_stages
25.242507521994412,14.70758056640625,between_stages
25.294432890950702,14.70758056640625,between_stages
25.34455102100037,14.70758056640625,between_stages
25.39466575998813,14.70758056640625,between_stages
25.444781063939445,14.70758056640625,between_stages
25.494911885005422,14.70758056640625,between_stages
25.546682632993907,14.70758056640625,between_stages
25.596811783965677,14.70758056640625,between_stages
25.64692829095293,14.70758056640625,between_stages
25.697043307009153,14.70758056640625,between_stages
25.74716033693403,14.70758056640625,between_stages
25.799291800009087,14.70758056640625,between_stages
25.849409190937877,14.70758056640625,between_stages
25.89952587103471,14.70758056640625,between_stages
25.949642417021096,14.70758056640625,between_stages
25.999755354016088,14.70758056640625,between_stages
26.05153378297109,14.70758056640625,between_stages
26.10165136901196,14.70758056640625,between_stages
26.151769423973747,14.70758056640625,between_stages
26.20189530099742,14.70758056640625,between_stages
26.25200944696553,14.70758056640625,between_stages
26.304189383983612,14.70758056640625,between_stages
26.35430773999542,14.70758056640625,between_stages
26.404422966996208,14.70758056640625,between_stages
26.45453925197944,14.70758056640625,between_stages
26.504656104021706,14.70758056640625,between_stages
26.55636590893846,14.70758056640625,between_stages
26.606483967974782,14.70758056640625,between_stages
26.656603684998117,14.70758056640625,between_stages
26.706723595038056,14.70758056640625,between_stages
26.756839207024314,14.70758056640625,between_stages
26.809052629978396,14.70758056640625,between_stages
26.859170370036736,14.70758056640625,between_stages
26.909290830022655,14.70758056640625,between_stages
26.959407966933213,14.70758056640625,between_stages
27.009525478002615,14.70758056640625,between_stages
27.06152869493235,14.70758056640625,between_stages
27.111645916942507,14.70758056640625,between_stages
27.161777158034965,14.70758056640625,between_stages
27.211908368044533,14.70758056640625,between_stages
27.262025534990244,14.70758056640625,between_stages
27.31519207393285,14.70758056640625,between_stages
27.365307038999163,14.70758056640625,between_stages
27.4154221159406,14.70758056640625,between_stages
27.465538096963428,14.70758056640625,between_stages
27.51565437798854,14.70758056640625,between_stages
27.567523231031373,14.70758056640625,between_stages
27.617639087955467,14.70758056640625,between_stages
27.667756258975714,14.70758056640625,between_stages
27.71787528996356,14.70758056640625,between_stages
27.767992159933783,14.70758056640625,between_stages
27.820781414979137,14.70758056640625,between_stages
27.870909170946106,14.70758056640625,between_stages
27.92102690297179,14.70758056640625,between_stages
27.971144789014943,14.70758056640625,between_stages
28.021261579939164,14.70758056640625,between_stages
28.074231729027815,14.70758056640625,between_stages
28.12434671400115,14.70758056640625,between_stages
28.174464031937532,14.70758056640625,between_stages
28.224579871981405,14.70758056640625,between_stages
28.274696314008906,14.70758056640625,between_stages
28.326891220989637,14.70758056640625,between_stages
28.37700892193243,14.70758056640625,between_stages
28.427121937042102,14.70758056640625,between_stages
28.47723965800833,14.70758056640625,between_stages
28.527367659960873,14.70758056640625,between_stages
28.579408067977056,14.70758056640625,between_stages
28.62952692003455,14.70758056640625,between_stages
28.679643905954435,14.70758056640625,between_stages
28.729806732037105,14.70758056640625,between_stages
28.77994784794282,14.70758056640625,between_stages
28.832004879950546,14.70758056640625,between_stages
28.88212244096212,14.70758056640625,between_stages
28.932241847971454,14.70758056640625,between_stages
28.982359507936053,14.70758056640625,between_stages
29.0324776340276,14.70758056640625,between_stages
29.088020612951368,14.70758056640625,between_stages
29.138138168957084,14.70758056640625,between_stages
29.188254710985348,14.70758056640625,between_stages
29.23837234103121,14.70758056640625,between_stages
29.28848851204384,14.70758056640625,between_stages
29.3419004350435,14.70758056640625,between_stages
29.392014611978084,14.70758056640625,between_stages
29.442129977978766,14.70758056640625,between_stages
29.492242333013564,14.70758056640625,between_stages
29.54236129601486,14.70758056640625,between_stages
29.593398788012564,14.70758056640625,between_stages
29.64351764600724,14.70758056640625,between_stages
29.693632083944976,14.70758056640625,between_stages
29.74375017604325,14.70758056640625,between_stages
29.793862088001333,14.70758056640625,between_stages
29.845144183957018,14.70758056640625,between_stages
29.89525932900142,14.70758056640625,between_stages
29.94537598104216,14.70758056640625,between_stages
29.995489566004835,14.70758056640625,between_stages
30.045606333995238,14.70758056640625,between_stages
30.098411984043196,14.70758056640625,between_stages
30.148533319006674,14.70758056640625,between_stages
30.19865178503096,14.70758056640625,between_stages
30.24877183197532,14.70758056640625,between_stages
30.299071072950028,14.70758056640625,between_stages
30.351859763031825,14.70758056640625,between_stages
30.401974668027833,14.70758056640625,between_stages
30.45209212496411,14.70758056640625,between_stages
30.502206600038335,14.70758056640625,between_stages
30.552325277007185,14.70758056640625,between_stages
30.60276807693299,14.70758056640625,between_stages
30.65289708401542,14.70758056640625,between_stages
30.703016169019975,14.70758056640625,between_stages
30.75313442503102,14.70758056640625,between_stages
30.80325247196015,14.70758056640625,between_stages
30.85346022702288,14.70758056640625,between_stages
30.903574667987414,14.70758056640625,between_stages
30.953693329938687,14.70758056640625,between_stages
31.003820311045274,14.70758056640625,between_stages
31.053937752032652,14.70758056640625,between_stages
31.104481362970546,14.70758056640625,between_stages
31.154601168003865,14.70758056640625,between_stages
31.204720170004293,14.70758056640625,between_stages
31.25483740598429,14.70758056640625,between_stages
31.304953897022642,14.70758056640625,between_stages
31.355114468024112,14.70758056640625,between_stages
31.405229444033466,14.70758056640625,between_stages
31.455347315990366,14.70758056640625,between_stages
31.50546100200154,14.70758056640625,between_stages
31.555577693041414,14.70758056640625,between_stages
31.60569477896206,14.70758056640625,between_stages
31.6558240710292,14.70758056640625,between_stages
31.70594125194475,14.70758056640625,between_stages
31.75605921295937,14.70758056640625,between_stages
31.80617318500299,14.70758056640625,between_stages
31.85638370993547,14.70758056640625,between_stages
31.906526635983028,14.70758056640625,between_stages
31.956645422033034,14.70758056640625,between_stages
32.006761883967556,14.70758056640625,between_stages
32.05688074103091,14.70758056640625,between_stages
32.10699881601613,14.70758056640625,between_stages
32.1571180280298,14.70758056640625,between_stages
32.207232913933694,14.70758056640625,between_stages
32.257350311032496,14.70758056640625,between_stages
32.30746712198015,14.70758056640625,between_stages
32.35807491699234,14.70758056640625,between_stages
32.40819203702267,14.70758056640625,between_stages
32.458321508951485,14.70758056640625,between_stages
32.50843370996881,14.70758056640625,between_stages
32.55855034699198,14.70758056640625,between_stages
32.608665962005034,14.70758056640625,between_stages
32.65878340497147,14.70758056640625,between_stages
32.708909780019894,14.70758056640625,between_stages
32.75903310102876,14.70758056640625,between_stages
32.80914753803518,14.70758056640625,between_stages
32.85926458996255,14.70758056640625,between_stages
32.90938050602563,14.70758056640625,between_stages
32.95949781197123,14.70758056640625,between_stages
33.00961332395673,14.70758056640625,between_stages
33.05972912302241,14.70758056640625,between_stages
33.11022773501463,14.70758056640625,between_stages
33.16034730093088,14.70758056640625,between_stages
33.21045732800849,14.70758056640625,between_stages
33.26056698895991,14.70758056640625,between_stages
33.31067728495691,14.70758056640625,between_stages
33.36078509700019,14.70758056640625,between_stages
33.41089980304241,14.70758056640625,between_stages
33.46100802498404,14.70758056640625,between_stages
33.84386953501962,14.70758056640625,between_stages
33.89400401094463,14.70758056640625,between_stages
33.94411745399702,14.70758056640625,between_stages
33.994228729978204,14.70758056640625,between_stages
34.04434090596624,14.70758056640625,between_stages
34.094451482989825,14.70758056640625,between_stages
34.144561622990295,14.70758056640625,between_stages
34.19466981093865,14.70758056640625,between_stages
34.244781782035716,14.70758056640625,between_stages
34.294906998984516,14.70758056640625,between_stages
34.34502759901807,14.70758056640625,between_stages
34.39514208002947,14.70758056640625,between_stages
34.44525986199733,14.70758056640625,between_stages
34.51266979100183,14.70758056640625,between_stages
34.56279784196522,14.70758056640625,between_stages
34.63261888700072,14.70758056640625,between_stages
34.6827417910099,14.70758056640625,between_stages
34.73286110104527,14.70758056640625,between_stages
34.782991052023135,14.70758056640625,between_stages
34.838925414020196,14.70758056640625,between_stages
34.88904623093549,14.70758056640625,between_stages
34.93916749104392,14.70758056640625,between_stages
34.98929870396387,14.70758056640625,between_stages
35.044368549017236,14.70758056640625,between_stages
35.09448738594074,14.70758056640625,between_stages
35.14460882602725,14.70758056640625,between_stages
35.195497534936294,14.70758056640625,between_stages
35.249604240991175,14.70758056640625,between_stages
35.299718491965905,14.70758056640625,between_stages
35.34983439696953,14.70758056640625,between_stages
35.39994844899047,14.70758056640625,between_stages
35.45313791302033,14.70758056640625,between_stages
35.50325080496259,14.70758056640625,between_stages
35.55336659704335,14.70758056640625,between_stages
35.62482262903359,14.70758056640625,between_stages
35.67511025001295,14.70758056640625,between_stages
35.72524143301416,14.80133056640625,zero_equivalence_validation
35.775360457017086,14.84039306640625,zero_equivalence_validation
35.82548705895897,14.84039306640625,zero_equivalence_validation
35.87561216496397,14.84234619140625,zero_equivalence_validation
35.925739752012305,14.85211181640625,zero_equivalence_validation
35.97586211899761,14.89312744140625,zero_equivalence_validation
36.02597913995851,14.93218994140625,zero_equivalence_validation
36.076096366974525,14.93218994140625,zero_equivalence_validation
36.12622109299991,14.93218994140625,zero_equivalence_validation
36.17634871893097,15.09429931640625,zero_equivalence_validation
36.22647671599407,15.09429931640625,zero_equivalence_validation
36.27660030196421,15.09429931640625,zero_equivalence_validation
36.3267275079852,15.09429931640625,zero_equivalence_validation
36.37685080594383,15.09429931640625,zero_equivalence_validation
36.42697015195154,15.15875244140625,zero_equivalence_validation
36.47708936803974,15.68609619140625,zero_equivalence_validation
36.527203722973354,17.25640869140625,zero_equivalence_validation
36.577335117035545,17.25640869140625,zero_equivalence_validation
36.62745132797863,17.25640869140625,zero_equivalence_validation
36.67764211294707,17.25640869140625,zero_equivalence_validation
36.72782146499958,20.25836181640625,zero_equivalence_validation
36.77793570596259,20.25836181640625,zero_equivalence_validation
36.82831327302847,20.25836181640625,zero_equivalence_validation
36.87842673296109,20.25836181640625,zero_equivalence_validation
36.92853728495538,20.25836181640625,zero_equivalence_validation
36.97864970099181,20.25836181640625,zero_equivalence_validation
37.028775893035345,20.25836181640625,zero_equivalence_validation
37.079303198028356,20.25836181640625,zero_equivalence_validation
37.12942441995256,20.25836181640625,zero_equivalence_validation
37.179539646953344,20.25836181640625,zero_equivalence_validation
37.22965811402537,20.25836181640625,zero_equivalence_validation
37.279767205007374,20.25836181640625,zero_equivalence_validation
37.330331005039625,20.25836181640625,zero_equivalence_validation
37.38061779597774,20.25836181640625,zero_equivalence_validation
37.430729656945914,20.25836181640625,zero_equivalence_validation
37.48084181395825,20.25836181640625,zero_equivalence_validation
37.530950885033235,20.25836181640625,zero_equivalence_validation
37.58114854595624,20.25836181640625,zero_equivalence_validation
37.63126050203573,20.25836181640625,zero_equivalence_validation
37.68274732399732,20.25836181640625,zero_equivalence_validation
37.73286061093677,20.25836181640625,zero_equivalence_validation
37.95382910594344,20.25836181640625,between_stages
38.00395830103662,15.08648681640625,first_update
38.05407854402438,15.08648681640625,first_update
38.10419500700664,17.24664306640625,first_update
38.15431225299835,17.24859619140625,first_update
38.20442058495246,17.24859619140625,first_update
38.25452952703927,17.24859619140625,first_update
38.304635482956655,17.24859619140625,first_update
38.35474843904376,24.75250244140625,first_forward
38.40485775494017,24.75250244140625,first_forward
38.454972815932706,26.01422119140625,first_forward
38.50508444500156,28.05328369140625,first_forward
38.55519484600518,30.13140869140625,first_forward
38.60530418797862,32.13922119140625,first_forward
38.65541836502962,34.35015869140625,first_forward
38.705828794045374,36.67242431640625,first_forward
38.75594277703203,38.72320556640625,first_forward
38.806053122039884,41.16656494140625,first_forward
38.85621230001561,43.33648681640625,first_forward
38.906332700978965,44.38140869140625,first_backward
38.95644737302791,44.38140869140625,first_backward
39.006555038969964,44.38140869140625,first_backward
39.05666532693431,44.38140869140625,first_backward
39.10677056200802,44.38140869140625,first_backward
39.1568919949932,44.38140869140625,first_backward
39.2070022970438,44.38140869140625,first_backward
39.25711306696758,44.38140869140625,first_backward
39.30722037004307,44.38140869140625,first_backward
39.35732775693759,44.38140869140625,first_backward
39.407437072950415,44.38140869140625,first_backward
39.45754992996808,44.38140869140625,first_backward
39.50766151200514,44.38140869140625,first_backward
39.557772669009864,44.38140869140625,first_backward
39.60788737004623,44.38140869140625,first_backward
39.6579981809482,44.38140869140625,first_backward
39.708106613950804,44.38922119140625,first_backward
39.75823003903497,44.39117431640625,first_backward
39.808355430956,44.39117431640625,first_backward
39.858478768961504,45.41070556640625,first_backward
39.90859461494256,46.41265869140625,first_backward
39.95870585099328,46.41265869140625,first_backward
40.008834392996505,46.41265869140625,first_backward
40.05894469702616,46.41265869140625,warmup
40.10904603195377,46.41265869140625,warmup
40.15916020993609,46.41265869140625,warmup
40.209272049949504,46.41265869140625,warmup
40.25938090798445,46.41265869140625,warmup
40.30948816402815,46.41265869140625,warmup
40.359598034992814,46.41265869140625,warmup
40.40970720699988,46.41265869140625,warmup
40.45983270404395,46.41265869140625,warmup
40.50995354098268,46.41265869140625,warmup
40.560803878935985,46.41265869140625,warmup
40.61091337201651,46.41265869140625,warmup
40.66102515300736,46.41265869140625,warmup
40.711133169941604,46.41265869140625,warmup
40.761346640996635,46.41265869140625,warmup
40.811454633018,46.41265869140625,warmup
40.861566010979004,46.41265869140625,warmup
40.91263036802411,46.41265869140625,warmup
40.96274258894846,46.41265869140625,warmup
41.01285156002268,46.41265869140625,warmup
41.062958347960375,46.41265869140625,warmup
41.11306382995099,46.41265869140625,warmup
41.1631751320092,46.41265869140625,warmup
41.213282232987694,46.41265869140625,warmup
41.26339261594694,46.41265869140625,warmup
41.31349830201361,46.41265869140625,warmup
41.363607472972944,46.41265869140625,warmup
41.41371195099782,46.41265869140625,warmup
41.46382097201422,46.41265869140625,warmup
41.51392548903823,46.41265869140625,warmup
41.56403284694534,46.41265869140625,warmup
41.614139912999235,46.41265869140625,warmup
41.664248663932085,46.41265869140625,warmup
41.7143564010039,46.41265869140625,warmup
41.76446673402097,46.41265869140625,warmup
41.814573675976135,46.41265869140625,warmup
41.864682401996106,46.41265869140625,warmup
41.914776463992894,46.41265869140625,warmup
41.96492332499474,46.41265869140625,warmup
42.01504084793851,46.41265869140625,warmup
42.065172864939086,46.41265869140625,warmup
42.115279871970415,46.41265869140625,warmup
42.1653897089418,46.41265869140625,warmup
42.21549703995697,46.41265869140625,warmup
42.26560783095192,46.41265869140625,warmup
42.31571361597162,46.41265869140625,warmup
42.365827239933424,46.41265869140625,warmup
42.41594054293819,46.41265869140625,warmup
42.46669864200521,46.41265869140625,warmup
42.517563250963576,46.41265869140625,warmup
42.567675121943466,46.41265869140625,warmup
42.61778657895047,46.41265869140625,warmup
42.667902895016596,46.41265869140625,warmup
42.71801939199213,46.41265869140625,warmup
42.7681532939896,46.41265869140625,warmup
42.81826197600458,46.41265869140625,warmup
42.868372148950584,46.41265869140625,warmup
42.918478694045916,46.41265869140625,warmup
42.96858844603412,46.41265869140625,warmup
43.01869768393226,46.41265869140625,warmup
43.06881702004466,46.41265869140625,warmup
43.11892329703551,46.41265869140625,warmup
43.16903137997724,46.41265869140625,warmup
43.21913829597179,46.41265869140625,warmup
43.269249844015576,46.41265869140625,warmup
43.319356655934826,46.41265869140625,warmup
43.36946611199528,46.41265869140625,warmup
43.41957192495465,46.41265869140625,warmup
43.469681455986574,46.41265869140625,warmup
43.51979737193324,46.41265869140625,warmup
43.56990632903762,46.41265869140625,warmup
43.62001065595541,46.41265869140625,warmup
43.67011986300349,46.41265869140625,warmup
43.720225565019064,46.41265869140625,warmup
43.77033980295528,46.41265869140625,warmup
43.82047881896142,46.41265869140625,warmup
43.870598490932025,46.41265869140625,warmup
43.9207162669627,46.41265869140625,warmup
43.97082645597402,46.41265869140625,warmup
44.02093373599928,46.41265869140625,warmup
44.07104257796891,46.41265869140625,warmup
44.12114985601511,46.41265869140625,warmup
44.17126055294648,46.41265869140625,warmup
44.22204204800073,46.41265869140625,warmup
44.272153454017825,46.41265869140625,warmup
44.32226081495173,46.41265869140625,warmup
44.37237040803302,46.41265869140625,warmup
44.42247750493698,46.41265869140625,warmup
44.472587537020445,46.41265869140625,warmup
44.52270118298475,46.41265869140625,warmup
44.57282798597589,46.41265869140625,warmup
44.62374019995332,46.41265869140625,warmup
44.67385177698452,46.41265869140625,warmup
44.72395957203116,46.41265869140625,warmup
44.7740715299733,46.41265869140625,warmup
44.824179028044455,46.41265869140625,warmup
44.874291945947334,46.41265869140625,warmup
44.9243998460006,46.41265869140625,warmup
44.97450684395153,46.41265869140625,warmup
45.02461583598051,46.41265869140625,warmup
45.07472266803961,46.41265869140625,warmup
45.12483812496066,46.41265869140625,warmup
45.17495382693596,46.41265869140625,warmup
45.225075004040264,46.41265869140625,warmup
45.275187305989675,46.41265869140625,warmup
45.3252992980415,46.41265869140625,warmup
45.37540887994692,46.41265869140625,warmup
45.4255169959506,46.41265869140625,warmup
45.47562521393411,46.41265869140625,warmup
45.52574058598839,46.41265869140625,warmup
45.57584914297331,46.41265869140625,warmup
45.62596255901735,46.41265869140625,warmup
45.67610505700577,46.41265869140625,warmup
45.72625822701957,46.41265869140625,warmup
45.77637432003394,46.41265869140625,warmup
45.82648040703498,46.41265869140625,warmup
45.87659017997794,46.41265869140625,warmup
45.92669550597202,46.41265869140625,warmup
45.97681803395972,46.41265869140625,warmup
46.026925329933874,46.41265869140625,warmup
46.07703692303039,46.41265869140625,warmup
46.127146354992874,46.41265869140625,warmup
46.1772569520399,46.41265869140625,warmup
46.22736929298844,46.41265869140625,warmup
46.2774828459369,46.41265869140625,warmup
46.327594632981345,46.41265869140625,warmup
46.37772131396923,46.41265869140625,warmup
46.427839746000245,46.41265869140625,warmup
46.479317971970886,46.41265869140625,warmup
46.529429935035296,46.41265869140625,warmup
46.579543125932105,46.41265869140625,warmup
46.62965542904567,46.41265869140625,warmup
46.67976385098882,46.41265869140625,warmup
46.72987160400953,46.41265869140625,warmup
46.779980915016495,46.41265869140625,warmup
46.83008784195408,46.41265869140625,warmup
46.880197584978305,46.41265869140625,warmup
46.930307836970314,46.41265869140625,warmup
46.98041754798032,46.41265869140625,warmup
47.03052868496161,46.41265869140625,warmup
47.08063589199446,46.41265869140625,warmup
47.13074384897482,46.41265869140625,warmup
47.180854327976704,46.41265869140625,warmup
47.23096292896662,46.41265869140625,warmup
47.28107101202477,46.41265869140625,warmup
47.331176414038055,46.41265869140625,warmup
47.38128594995942,46.41265869140625,warmup
47.4313932119403,46.41265869140625,warmup
47.481508904951625,46.41265869140625,warmup
47.53163053095341,46.41265869140625,steady_train
47.581766154034995,46.41265869140625,steady_train
47.63189443596639,46.41265869140625,steady_train
47.682005723938346,46.41265869140625,steady_train
47.732116575934924,46.41265869140625,steady_train
47.78222713293508,46.41265869140625,steady_train
47.83233691495843,46.41265869140625,steady_train
47.882446825969964,46.41265869140625,steady_train
47.93318247096613,46.41265869140625,steady_train
47.98329117894173,46.41265869140625,steady_train
48.03340160101652,46.41265869140625,steady_train
48.083512222976424,46.41265869140625,steady_train
48.133621174958535,46.41265869140625,steady_train
48.18374791601673,46.41265869140625,steady_train
48.23388224793598,46.41265869140625,steady_train
48.284012765972875,46.41265869140625,steady_train
48.33520268299617,46.41265869140625,steady_train
48.385312885046005,46.41265869140625,steady_train
48.43542282900307,46.41265869140625,steady_train
48.48553157504648,46.41265869140625,steady_train
48.535641100024804,46.41265869140625,steady_train
48.58575159998145,46.41265869140625,steady_train
48.635862851981074,46.41265869140625,steady_train
48.68597129301634,46.41265869140625,steady_train
48.73608518601395,46.41265869140625,steady_train
48.78619484894443,46.41265869140625,steady_train
48.83630363503471,46.41265869140625,steady_train
48.88641152798664,46.41265869140625,steady_train
48.93651794397738,46.41265869140625,steady_train
48.986624152981676,46.41265869140625,steady_train
49.03673355397768,46.41265869140625,steady_train
49.086842661956325,46.41265869140625,steady_train
49.13694925897289,46.41265869140625,steady_train
49.18705884600058,46.41265869140625,steady_train
49.237168982974254,46.41265869140625,steady_train
49.28727758594323,46.41265869140625,steady_train
49.33739541703835,46.41265869140625,steady_train
49.38752777897753,46.41265869140625,steady_train
49.4376414619619,46.41265869140625,steady_train
49.48776742897462,46.41265869140625,steady_train
49.53787801193539,46.41265869140625,steady_train
49.587988717947155,46.41265869140625,steady_train
49.63809774001129,46.41265869140625,steady_train
49.68820727698039,46.41265869140625,steady_train
49.738313231035136,46.41265869140625,steady_train
49.78942146897316,46.41265869140625,steady_train
49.83952868101187,46.41265869140625,steady_train
49.88963989797048,46.41265869140625,steady_train
49.93974649498705,46.41265869140625,steady_train
49.990923763019964,46.41265869140625,steady_train
50.04144436796196,46.41265869140625,steady_train
50.091556899948046,46.41265869140625,steady_train
50.1416676370427,46.41265869140625,steady_train
50.191989160026424,46.41265869140625,steady_train
50.2421015209984,46.41265869140625,steady_train
50.29221194901038,46.41265869140625,steady_train
50.342322180978954,46.41265869140625,steady_train
50.3924301690422,46.41265869140625,steady_train
50.44254000496585,46.41265869140625,steady_train
50.49265160295181,46.41265869140625,steady_train
50.54275758599397,46.41265869140625,steady_train
50.59286794194486,46.41265869140625,steady_train
50.642975074006245,46.41265869140625,steady_train
50.69308561598882,46.41265869140625,steady_train
50.74319841898978,46.41265869140625,steady_train
50.79330873594154,46.41265869140625,steady_train
50.84341588802636,46.41265869140625,steady_train
50.89352543093264,46.41265869140625,steady_train
50.94363568397239,46.41265869140625,steady_train
50.99374673003331,46.41265869140625,steady_train
51.043858082965016,46.41265869140625,steady_train
51.09396992099937,46.41265869140625,steady_train
51.14407985296566,46.41265869140625,steady_train
51.19419986498542,46.41265869140625,steady_train
51.24432199797593,46.41265869140625,steady_train
51.294489715015516,46.41265869140625,steady_train
51.34460853703786,46.41265869140625,steady_train
51.3947187239537,46.41265869140625,steady_train
51.44482593599241,46.41265869140625,steady_train
51.49493529798929,46.41265869140625,steady_train
51.545049160020426,46.41265869140625,steady_train
51.59515976894181,46.41265869140625,steady_train
51.64590678294189,46.41265869140625,steady_train
51.69601936102845,46.41265869140625,steady_train
51.746130347950384,46.41265869140625,steady_train
51.79623996897135,46.41265869140625,steady_train
51.84635055693798,46.41265869140625,steady_train
51.8964977649739,46.41265869140625,steady_train
51.94664177193772,46.41265869140625,steady_train
51.99676978297066,46.41265869140625,steady_train
52.04693077097181,46.41265869140625,steady_train
52.0970647840295,46.41265869140625,steady_train
52.14717568596825,46.41265869140625,steady_train
52.197284733993,46.41265869140625,steady_train
52.24739386001602,46.41265869140625,steady_train
52.29750200198032,46.41265869140625,steady_train
52.347612094949,46.41265869140625,steady_train
52.39772022794932,46.41265869140625,steady_train
52.44782930996735,46.41265869140625,steady_train
52.49794126302004,46.41265869140625,steady_train
52.54805476998445,46.41265869140625,steady_train
52.59816440101713,46.41265869140625,steady_train
52.64827059896197,46.41265869140625,steady_train
52.69838053593412,46.41265869140625,steady_train
52.74849259504117,46.41265869140625,steady_train
52.798604230978526,46.41265869140625,steady_train
52.84871542302426,46.41265869140625,steady_train
52.898825166979805,46.41265869140625,steady_train
52.94893485400826,46.41265869140625,steady_train
52.9990425510332,46.41265869140625,steady_train
53.04915573797189,46.41265869140625,steady_train
53.09927947097458,46.41265869140625,steady_train
53.14939905400388,46.41265869140625,steady_train
53.19951966998633,46.41265869140625,steady_train
53.24962937203236,46.41265869140625,steady_train
53.299739124951884,46.41265869140625,steady_train
53.34985172294546,46.41265869140625,steady_train
53.39996539603453,46.41265869140625,steady_train
53.45007220993284,46.41265869140625,steady_train
53.50063858903013,46.41265869140625,steady_train
53.550746724940836,46.41265869140625,steady_train
53.60086639702786,46.41265869140625,steady_train
53.65097793494351,46.41265869140625,steady_train
53.70108951302245,46.41265869140625,steady_train
53.75120064499788,46.41265869140625,steady_train
53.80133168795146,46.41265869140625,steady_train
53.851460158941336,46.41265869140625,steady_train
53.90186122700106,46.41265869140625,steady_train
53.95198851893656,46.41265869140625,steady_train
54.002098780008964,46.41265869140625,steady_train
54.05220927798655,46.41265869140625,steady_train
54.10231929004658,46.41265869140625,steady_train
54.15242780803237,46.41265869140625,steady_train
54.20253819599748,46.41265869140625,steady_train
54.252649144036695,46.41265869140625,steady_train
54.30275932094082,46.41265869140625,steady_train
54.35287579300348,46.41265869140625,steady_train
54.40298613603227,46.41265869140625,steady_train
54.453096247976646,46.41265869140625,steady_train
54.503205424989574,46.41265869140625,steady_train
54.55331260897219,46.41265869140625,steady_train
54.6034234999679,46.41265869140625,steady_train
54.65353419294115,46.41265869140625,steady_train
54.70364507101476,46.41265869140625,steady_train
54.753755033016205,46.41265869140625,steady_train
54.80386531504337,46.41265869140625,steady_train
54.853978296974674,46.41265869140625,steady_train
54.90409467602149,46.41265869140625,steady_train
54.95422191196121,46.41265869140625,steady_train
55.0054444760317,46.41265869140625,steady_train
55.05556267302018,46.41265869140625,steady_train
55.10567230999004,46.41265869140625,steady_train
55.155783122987486,46.41265869140625,steady_train
55.20590536494274,46.41265869140625,steady_train
55.25601699901745,46.41265869140625,steady_train
55.306127224932425,46.41265869140625,steady_train
55.35623835399747,46.41265869140625,steady_train
55.40771598101128,46.41265869140625,steady_train
55.457833216991276,46.41265869140625,steady_train
55.507948060985655,46.41265869140625,steady_train
55.55805819993839,46.41265869140625,steady_train
55.608167964965105,46.41265869140625,steady_train
55.65827862196602,46.41265869140625,steady_train
55.70839026593603,46.41265869140625,steady_train
55.759153711027466,46.41265869140625,steady_train
55.80926999694202,46.41265869140625,steady_train
55.859382655937225,46.41265869140625,steady_train
55.90949291700963,46.41265869140625,steady_train
55.959603789960966,46.41265869140625,steady_train
56.00971401203424,46.41265869140625,steady_train
56.05982316099107,46.41265869140625,steady_train
56.10993221204262,46.41265869140625,steady_train
56.1600407960359,46.41265869140625,steady_train
56.21015022904612,46.41265869140625,steady_train
56.260259661008604,46.41265869140625,steady_train
56.310368004022166,46.41265869140625,steady_train
56.36047890596092,46.41265869140625,steady_train
56.41058706399053,46.41265869140625,steady_train
56.46069529897068,46.41265869140625,steady_train
56.51081343903206,46.41265869140625,steady_train
56.56092453096062,46.41265869140625,steady_train
56.6110323240282,46.41265869140625,steady_train
56.66113940696232,46.41265869140625,steady_train
56.71124854404479,46.41265869140625,steady_train
56.7613648410188,46.41265869140625,steady_train
56.811505118967034,46.41265869140625,steady_train
56.86168478196487,46.41265869140625,steady_train
56.91180715896189,46.41265869140625,steady_train
56.96191601303872,46.41265869140625,steady_train
57.01202521298546,46.41265869140625,steady_train
57.06213839701377,46.41265869140625,steady_train
57.11225085298065,46.41265869140625,steady_train
57.16236227203626,46.41265869140625,steady_train
57.21247341402341,46.41265869140625,steady_train
57.26386082696263,46.41265869140625,steady_train
57.3139686799841,46.41265869140625,steady_train
57.36408055096399,46.41265869140625,steady_train
57.414191254996695,46.41265869140625,steady_train
57.46430614194833,46.41265869140625,steady_train
57.514416888938285,46.41265869140625,steady_train
57.56452924699988,46.41265869140625,steady_train
57.615213237004355,46.41265869140625,steady_train
57.665324300993234,46.41265869140625,steady_train
57.71544427599292,46.41265869140625,steady_train
57.76555453496985,46.41265869140625,steady_train
57.815664001973346,46.41265869140625,steady_train
57.86577370099258,46.41265869140625,steady_train
57.91589148901403,46.41265869140625,steady_train
57.96599823597353,46.41265869140625,steady_train
58.01610638294369,46.41265869140625,steady_train
58.06621760199778,46.41265869140625,steady_train
58.11632687901147,46.41265869140625,steady_train
58.166436451952904,46.41265869140625,steady_train
58.216544579016045,46.41265869140625,steady_train
58.2666512420401,46.41265869140625,steady_train
58.31676060904283,46.41265869140625,steady_train
58.366869976976886,46.41265869140625,steady_train
58.41697777493391,46.41265869140625,steady_train
58.467086917953566,46.41265869140625,steady_train
58.5171973350225,46.41265869140625,steady_train
58.56730683695059,46.41265869140625,steady_train
58.617438656045124,46.41265869140625,steady_train
58.667556453030556,46.41265869140625,steady_train
58.71768009499647,46.41265869140625,steady_train
58.767827239003964,46.41265869140625,steady_train
58.81793948600534,46.41265869140625,steady_train
58.86804989899974,46.41265869140625,steady_train
58.91816129698418,46.41265869140625,steady_train
58.968274543993175,46.41265869140625,steady_train
59.018386511015706,46.41265869140625,steady_train
59.06850024894811,46.41265869140625,steady_train
59.11969915300142,46.41265869140625,steady_train
59.16982119495515,46.41265869140625,steady_train
59.21993428200949,46.41265869140625,steady_train
59.270046939956956,46.41265869140625,steady_train
59.32017158402596,46.41265869140625,steady_train
59.37049315497279,46.41265869140625,steady_train
59.42060455796309,46.41265869140625,steady_train
59.47072764998302,46.41265869140625,steady_train
59.5208446229808,46.41265869140625,steady_train
59.5709543019766,46.41265869140625,steady_train
59.62106254894752,46.41265869140625,steady_train
59.67117236193735,46.41265869140625,steady_train
59.72128168900963,46.41265869140625,steady_train
59.77139020094182,46.41265869140625,steady_train
59.821497299009934,46.41265869140625,steady_train
59.871607176959515,46.41265869140625,steady_train
59.92171382100787,46.41265869140625,steady_train
59.97182946302928,46.41265869140625,steady_train
60.021939264959656,46.41265869140625,steady_train
60.07204526301939,46.41265869140625,steady_train
60.122154521988705,46.41265869140625,steady_train
60.172266068984754,46.41265869140625,steady_train
60.22237565193791,46.41265869140625,steady_train
60.272484584013,46.41265869140625,steady_train
60.32259126298595,46.41265869140625,steady_train
60.372701079933904,46.41265869140625,steady_train
60.42282060300931,46.41265869140625,steady_train
60.47293498099316,46.41265869140625,steady_train
60.52306229295209,46.41265869140625,steady_train
60.5731999509735,46.41265869140625,steady_train
60.62333040300291,46.41265869140625,steady_train
60.673443382023834,46.41265869140625,steady_train
60.723554980009794,46.41265869140625,steady_train
60.77366560604423,46.41265869140625,steady_train
60.82377594499849,46.41265869140625,steady_train
60.87389666796662,46.41265869140625,steady_train
60.92427747393958,46.41265869140625,steady_train
60.97438793198671,46.41265869140625,steady_train
61.0244963549776,46.41265869140625,steady_train
61.07460764795542,46.41265869140625,steady_train
61.124721730011515,46.41265869140625,steady_train
61.176923874998465,46.41265869140625,steady_train
61.22703466704115,46.41265869140625,steady_train
61.27714659599587,46.41265869140625,steady_train
61.32725779898465,46.41265869140625,steady_train
61.37737105996348,46.41265869140625,steady_train
61.42748174793087,46.41265869140625,steady_train
61.47759188094642,46.41265869140625,steady_train
61.52770129498094,46.41265869140625,steady_train
61.57782100804616,46.41265869140625,steady_train
61.6279314099811,46.41265869140625,steady_train
61.67803930793889,46.41265869140625,steady_train
61.728149250964634,46.41265869140625,steady_train
61.77826974296477,46.41265869140625,steady_train
61.828378206002526,46.41265869140625,steady_train
61.878485062974505,46.41265869140625,steady_train
61.92859475093428,46.41265869140625,steady_train
61.97870369395241,46.41265869140625,steady_train
62.028819262981415,46.41265869140625,steady_train
62.078934304998256,46.41265869140625,steady_train
62.129059083992615,46.41265869140625,steady_train
62.17918015096802,46.41265869140625,steady_train
62.229292373987846,46.41265869140625,steady_train
62.27941319695674,46.41265869140625,steady_train
62.32955114496872,46.41265869140625,steady_train
62.379682563012466,46.41265869140625,steady_train
62.42982876393944,46.41265869140625,steady_train
62.479960027034394,46.41265869140625,steady_train
62.5300856459653,46.41265869140625,steady_train
62.58020064898301,46.41265869140625,steady_train
62.63031223602593,46.41265869140625,steady_train
62.68042606499512,46.41265869140625,steady_train
62.73053913703188,46.41265869140625,steady_train
62.78065089893062,46.41265869140625,steady_train
62.831625484046526,46.41265869140625,steady_train
62.881722518010065,46.41265869140625,steady_train
62.93182664993219,46.41265869140625,steady_train
62.98193884198554,46.41265869140625,steady_train
63.03204686497338,46.41265869140625,steady_train
63.082158603938296,46.41265869140625,steady_train
63.132266690954566,46.41265869140625,steady_train
63.18334697000682,46.41265869140625,steady_train
63.23345638799947,46.41265869140625,steady_train
63.28356804593932,46.41265869140625,steady_train
63.33367605903186,46.41265869140625,steady_train
63.38380154594779,46.41265869140625,steady_train
63.43390984996222,46.41265869140625,steady_train
63.48401893803384,46.41265869140625,steady_train
63.53412409394514,46.41265869140625,steady_train
63.58423352893442,46.41265869140625,steady_train
63.63433963700663,46.41265869140625,steady_train
63.68444654496852,46.41265869140625,steady_train
63.73455274302978,46.41265869140625,steady_train
63.78466130502056,46.41265869140625,steady_train
63.83476850797888,46.41265869140625,steady_train
63.884878940996714,46.41265869140625,steady_train
63.934988040011376,46.41265869140625,steady_train
63.98509914695751,46.41265869140625,steady_train
64.03520680498332,46.41265869140625,steady_train
64.08531739900354,46.41265869140625,steady_train
64.13542435597628,46.41265869140625,steady_train
64.18553955899552,46.41265869140625,steady_train
64.23567474295851,46.41265869140625,steady_train
64.28684874100145,46.41265869140625,steady_train
64.33696191804484,46.41265869140625,steady_train
64.38707276200876,46.41265869140625,steady_train
64.43718102399725,46.41265869140625,steady_train
64.48728961695451,46.41265869140625,steady_train
64.53739799500909,46.41265869140625,steady_train
64.58751017297618,46.41265869140625,steady_train
64.6376198970247,46.41265869140625,steady_train
64.68857717502397,46.41265869140625,steady_train
64.73868893901818,46.41265869140625,steady_train
64.78880802600179,46.41265869140625,steady_train
64.83891704899725,46.41265869140625,steady_train
64.88902972801588,46.41265869140625,steady_train
64.94032218097709,46.41265869140625,steady_train
64.99043075903319,46.41265869140625,steady_train
65.04054256097879,46.41265869140625,steady_train
65.09066958504263,46.41265869140625,steady_train
65.14077717799228,46.41265869140625,steady_train
65.19089672598056,46.41265869140625,steady_train
65.24100478901528,46.41265869140625,steady_train
65.29111225903034,46.41265869140625,steady_train
65.34121921600308,46.41265869140625,steady_train
65.39132927800529,46.41265869140625,steady_train
65.44143497594632,46.41265869140625,steady_train
65.49154471501242,46.41265869140625,steady_train
65.54165050201118,46.41265869140625,steady_train
65.59187434893101,46.41265869140625,steady_train
65.6419940229971,46.41265869140625,steady_train
65.6921045499621,46.41265869140625,steady_train
65.74221435294021,46.41265869140625,steady_train
65.79232422204223,46.41265869140625,steady_train
65.84243317495566,46.41265869140625,steady_train
65.89255493297242,46.41265869140625,steady_train
65.94266454596072,46.41265869140625,steady_train
65.99277383403387,46.41265869140625,steady_train
66.04289540101308,46.41265869140625,steady_train
66.09303569397889,46.41265869140625,steady_train
66.14315175800584,46.41265869140625,steady_train
66.19327525096014,46.41265869140625,steady_train
66.24338407895993,46.41265869140625,steady_train
66.2934950570343,46.41265869140625,steady_train
66.34360209503211,46.41265869140625,steady_train
66.39371413795743,46.41265869140625,steady_train
66.44382173102349,46.41265869140625,steady_train
66.49392904399429,46.41265869140625,steady_train
66.54403839097358,46.41265869140625,steady_train
66.59433702402748,46.41265869140625,steady_train
66.64444844797254,46.41265869140625,steady_train
66.69455870997626,46.41265869140625,steady_train
66.74466854799539,46.41265869140625,steady_train
66.79477968602441,46.41265869140625,steady_train
66.84489524399396,46.41265869140625,steady_train
66.89500460901763,46.41265869140625,steady_train
66.94511570699979,46.41265869140625,steady_train
66.99522636900656,46.41265869140625,steady_train
67.04533339303453,46.41265869140625,steady_train
67.0954435459571,46.41265869140625,steady_train
67.14555298397318,46.41265869140625,steady_train
67.1956631320063,46.41265869140625,steady_train
67.24576929002069,46.41265869140625,steady_train
67.29587789904326,46.41265869140625,steady_train
67.34598729095887,46.41265869140625,steady_train
67.39609669393394,46.41265869140625,steady_train
67.44620636699256,46.41265869140625,steady_train
67.49631826102268,46.41265869140625,steady_train
67.54642442893237,46.41265869140625,steady_train
67.59653512598015,46.41265869140625,steady_train
67.64664533897303,46.41265869140625,steady_train
67.69675328303128,46.41265869140625,steady_train
67.74686058203224,46.41265869140625,steady_train
67.79697031399701,46.41265869140625,steady_train
67.84707705199253,46.41265869140625,steady_train
67.89718777500093,46.41265869140625,steady_train
67.94730017904658,46.41265869140625,steady_train
67.99742790695745,46.41265869140625,steady_train
68.04753783997148,46.41265869140625,steady_train
68.09764626296237,46.41265869140625,steady_train
68.14775432203896,46.41265869140625,steady_train
68.19786298403051,46.41265869140625,steady_train
68.24797465803567,46.41265869140625,steady_train
68.29808452504221,46.41265869140625,steady_train
68.34819560300093,46.41265869140625,steady_train
68.398306166986,46.41265869140625,steady_train
68.44841648999136,46.41265869140625,steady_train
68.49950107000768,46.41265869140625,steady_train
68.54960934293922,46.41265869140625,steady_train
68.59972033998929,46.41265869140625,steady_train
68.64982878800947,46.41265869140625,steady_train
68.7007527690148,46.41265869140625,steady_train
68.7508605569601,46.41265869140625,steady_train
68.80097298894543,46.41265869140625,steady_train
68.85108017898165,46.41265869140625,steady_train
68.90118916204665,46.41265869140625,steady_train
68.95129828993231,46.41265869140625,steady_train
69.00141019304283,46.41265869140625,steady_train
69.05152143503074,46.41265869140625,steady_train
69.10163598903455,46.41265869140625,steady_train
69.15174444194417,46.41265869140625,steady_train
69.20185478997882,46.41265869140625,steady_train
69.25196962396149,46.41265869140625,steady_train
69.3020897610113,46.41265869140625,steady_train
69.35220246599056,46.41265869140625,steady_train
69.4023138040211,46.41265869140625,steady_train
69.4524238120066,46.41265869140625,steady_train
69.50253368495032,46.41265869140625,steady_train
69.55264043295756,46.41265869140625,steady_train
69.6027477219468,46.41265869140625,steady_train
69.65285219496582,46.41265869140625,steady_train
69.70296016696375,46.41265869140625,steady_train
69.75307013595011,46.41265869140625,steady_train
69.80319916899316,46.41265869140625,steady_train
69.8534164869925,46.41265869140625,steady_train
69.90353015600704,46.41265869140625,steady_train
69.95363819296472,46.41265869140625,steady_train
70.00375700602308,46.41265869140625,steady_train
70.05386494402774,46.41265869140625,steady_train
70.10397752304561,46.41265869140625,steady_train
70.15408628201112,46.41265869140625,steady_train
70.20419858896639,46.41265869140625,steady_train
70.25430810800754,46.41265869140625,steady_train
70.30442123499233,46.41265869140625,steady_train
70.35508222598583,46.41265869140625,steady_train
70.40519768593367,46.41265869140625,steady_train
70.45530646899715,46.41265869140625,steady_train
70.50541745196097,46.41265869140625,steady_train
70.55552724003792,46.41265869140625,steady_train
70.6056556890253,46.41265869140625,steady_train
70.65576939703897,46.41265869140625,steady_train
70.70588712499011,46.41265869140625,steady_train
70.75599743297789,46.41265869140625,steady_train
70.80610660696402,46.41265869140625,steady_train
70.85621501493733,46.41265869140625,steady_train
70.90632435202133,46.41265869140625,steady_train
70.95643046696205,46.41265869140625,steady_train
71.00653906993102,46.41265869140625,steady_train
71.05664930201601,46.41265869140625,steady_train
71.10675808996893,46.41265869140625,steady_train
71.15686602995265,46.41265869140625,steady_train
71.2069757670397,46.41265869140625,steady_train
71.25708502496127,46.41265869140625,steady_train
71.3071947300341,46.41265869140625,steady_train
71.35730231797788,46.41265869140625,steady_train
71.40741307102144,46.41265869140625,steady_train
71.45752418902703,46.41265869140625,steady_train
71.50763251201715,46.41265869140625,steady_train
71.55773917597253,46.41265869140625,steady_train
71.60784795996733,46.41265869140625,steady_train
71.65796422294807,46.41265869140625,steady_train
71.70808343100362,46.41265869140625,steady_train
71.75819179404061,46.41265869140625,steady_train
71.80830631300341,46.41265869140625,steady_train
71.85841992602218,46.41265869140625,steady_train
71.90853025496472,46.41265869140625,steady_train
71.95863947295584,46.41265869140625,steady_train
72.00874926103279,46.41265869140625,steady_train
72.05885690497234,46.41265869140625,steady_train
72.10896783694625,46.41265869140625,steady_train
72.15907746099401,46.41265869140625,steady_train
72.20918896002695,46.41265869140625,steady_train
72.25929973693565,46.41265869140625,steady_train
72.30941088497639,46.41265869140625,steady_train
72.35951879899949,46.41265869140625,steady_train
72.41104010795243,46.41265869140625,steady_train
72.46115202002693,46.41265869140625,steady_train
72.51128188893199,46.41265869140625,steady_train
72.56139220600016,46.41265869140625,steady_train
72.61150511098094,46.41265869140625,steady_train
72.66161627904512,46.41265869140625,steady_train
72.71172591601498,46.41265869140625,steady_train
72.76183700596448,46.41265869140625,steady_train
72.81194648903329,46.41265869140625,steady_train
72.86205799202435,46.41265869140625,steady_train
72.91216802003328,46.41265869140625,steady_train
72.96227304404601,46.41265869140625,steady_train
73.01238151697908,46.41265869140625,steady_train
73.06248730502557,46.41265869140625,steady_train
73.11259779403917,46.41265869140625,steady_train
73.16270850796718,46.41265869140625,steady_train
73.21282767097,46.41265869140625,steady_train
73.26293597498443,46.41265869140625,steady_train
73.31304548704065,46.41265869140625,steady_train
73.36315160593949,46.41265869140625,steady_train
73.41326257400215,46.41265869140625,steady_train
73.46336859301664,46.41265869140625,steady_train
73.51349688193295,46.41265869140625,steady_train
73.56363362004049,46.41265869140625,steady_train
73.6137491579866,46.41265869140625,steady_train
73.66386733099353,46.41265869140625,steady_train
73.71397749893367,46.41265869140625,steady_train
73.76408527698368,46.41265869140625,steady_train
73.81419714097865,46.41265869140625,steady_train
73.86430574394763,46.41265869140625,steady_train
73.91442007396836,46.41265869140625,steady_train
73.96453023701906,46.41265869140625,steady_train
74.01464357599616,46.41265869140625,steady_train
74.0660196589306,46.41265869140625,steady_train
74.1161440119613,46.41265869140625,steady_train
74.16625647502951,46.41265869140625,steady_train
74.21636878396384,46.41265869140625,steady_train
74.26649904693477,46.41265869140625,steady_train
74.31661748001352,46.41265869140625,steady_train
74.36673013400286,46.41265869140625,steady_train
74.41683948796708,46.41265869140625,steady_train
74.4669484749902,46.41265869140625,steady_train
74.51705909497105,46.41265869140625,steady_train
74.56716647895519,46.41265869140625,steady_train
74.61727439693641,46.41265869140625,steady_train
74.66738437395543,46.41265869140625,steady_train
74.71749287296552,46.41265869140625,steady_train
74.76759927696548,46.41265869140625,steady_train
74.81770865502767,46.41265869140625,steady_train
74.86782718903851,46.41265869140625,steady_train
74.91793804604094,46.41265869140625,steady_train
74.96804525598418,46.41265869140625,steady_train
75.01815600902773,46.41265869140625,steady_train
75.06826682703104,46.41265869140625,steady_train
75.11837673094124,46.41265869140625,steady_train
75.16848550899886,46.41265869140625,steady_train
75.2185957840411,46.41265869140625,steady_train
75.26870650600176,46.41265869140625,steady_train
75.31882730999496,46.41265869140625,steady_train
75.3689554289449,46.41265869140625,steady_train
75.41908762603998,46.41265869140625,steady_train
75.46920221997425,46.41265869140625,steady_train
75.51931509398855,46.41265869140625,steady_train
75.56942234700546,46.41265869140625,steady_train
75.6195335809607,46.41265869140625,steady_train
75.66964177996852,46.41265869140625,steady_train
75.71975054696668,46.41265869140625,steady_train
75.77021273400169,46.41265869140625,steady_train
75.8210875899531,46.41265869140625,steady_train
75.87119677301962,46.41265869140625,steady_train
75.92130593699403,46.41265869140625,steady_train
75.97141910495702,46.41265869140625,steady_train
76.02161665295716,46.41265869140625,steady_train
76.07226352498401,46.41265869140625,steady_train
76.12237239803653,46.41265869140625,steady_train
76.17248104698956,46.41265869140625,steady_train
76.22259102598764,46.41265869140625,steady_train
76.27270261500962,46.41265869140625,steady_train
76.322824434028,46.41265869140625,steady_train
76.37293359602336,46.41265869140625,steady_train
76.42302616196685,46.41265869140625,steady_train
76.47312466893345,46.41265869140625,steady_train
76.52323567704298,46.41265869140625,steady_train
76.57334123598412,46.41265869140625,steady_train
76.62345105002169,46.41265869140625,steady_train
76.6735605179565,46.41265869140625,steady_train
76.72366999695078,46.41265869140625,steady_train
76.7737781299511,46.41265869140625,steady_train
76.8239019929897,46.41265869140625,steady_train
76.87401269294787,46.41265869140625,steady_train
76.92412452597637,46.41265869140625,steady_train
76.97423602000345,46.41265869140625,steady_train
77.02434634894598,46.41265869140625,steady_train
77.07445588102564,46.41265869140625,steady_train
77.12456301599741,46.41265869140625,steady_train
77.17467250896152,46.41265869140625,steady_train
77.22478784294799,46.41265869140625,steady_train
77.27493114501704,46.41265869140625,steady_train
77.3250439290423,46.41265869140625,steady_train
77.37515536893625,46.41265869140625,steady_train
77.42526417097542,46.41265869140625,steady_train
77.4753783850465,46.41265869140625,steady_train
77.5254904939793,46.41265869140625,steady_train
77.57560136797838,46.41265869140625,steady_train
77.62574094103184,46.41265869140625,steady_train
77.67631848703604,46.41265869140625,steady_train
77.7264304519631,46.41265869140625,steady_train
77.77654444996733,46.41265869140625,steady_train
77.82665621396154,46.41265869140625,steady_train
77.87676889193244,46.41265869140625,steady_train
77.92707907303702,46.41265869140625,steady_train
77.97718905296642,46.41265869140625,steady_train
78.02729969704524,46.41265869140625,steady_train
78.07741197501309,46.41265869140625,steady_train
78.12752412003465,46.41265869140625,steady_train
78.17764455301221,46.41265869140625,steady_train
78.2277559969807,46.41265869140625,steady_train
78.27787623601034,46.41265869140625,steady_train
78.3279839840252,46.41265869140625,steady_train
78.37809238699265,46.41265869140625,steady_train
78.42820200196002,46.41265869140625,steady_train
78.47831191495061,46.41265869140625,steady_train
78.52842196903657,46.41265869140625,steady_train
78.5785334870452,46.41265869140625,steady_train
78.62864244694356,46.41265869140625,steady_train
78.6787512699375,46.41265869140625,steady_train
78.72953295498155,46.41265869140625,steady_train
78.77964249893557,46.41265869140625,steady_train
78.82975069794338,46.41265869140625,steady_train
78.87986099103,46.41265869140625,steady_train
78.9299700310221,46.41265869140625,steady_train
78.98007726797368,46.41265869140625,steady_train
79.03018732194323,46.41265869140625,steady_train
79.08030244102702,46.41265869140625,steady_train
79.13042400998529,46.41265869140625,steady_train
79.18056399398483,46.41265869140625,steady_train
79.23068002203945,46.41265869140625,steady_train
79.28079667501152,46.41265869140625,steady_train
79.3309079039609,46.41265869140625,steady_train
79.3810195280239,46.41265869140625,steady_train
79.43112988094799,46.41265869140625,steady_train
79.4816594630247,46.41265869140625,steady_train
79.53241787001025,46.41265869140625,steady_train
79.58253017894458,46.41265869140625,steady_train
79.63264006597456,46.41265869140625,steady_train
79.68275001994334,46.41265869140625,steady_train
79.73289135994855,46.41265869140625,steady_train
79.78352198493667,46.41265869140625,steady_train
79.83362940396182,46.41265869140625,steady_train
79.88374070893042,46.41265869140625,steady_train
79.9338517319411,46.41265869140625,steady_train
79.98395977995824,46.41265869140625,steady_train
80.03407000994775,46.41265869140625,steady_train
80.08418051397894,46.41265869140625,steady_train
80.13429096795153,46.41265869140625,steady_train
80.18439971096814,46.41265869140625,steady_train
80.23450969997793,46.41265869140625,steady_train
80.2846216140315,46.41265869140625,steady_train
80.33472881198395,46.41265869140625,steady_train
80.38483758503571,46.41265869140625,steady_train
80.43494736903813,46.41265869140625,steady_train
80.48505431297235,46.41265869140625,steady_train
80.5351641169982,46.41265869140625,steady_train
80.58578612294514,46.41265869140625,steady_train
80.63591329194605,46.41265869140625,steady_train
80.68602212599944,46.41265869140625,steady_train
80.7361313989386,46.41265869140625,steady_train
80.78623843402602,46.41265869140625,steady_train
80.83634804794565,46.41265869140625,steady_train
80.88645734603051,46.41265869140625,steady_train
80.93656771001406,46.41265869140625,steady_train
80.98668114899192,46.41265869140625,steady_train
81.03680608398281,46.41265869140625,steady_train
81.08692128199618,46.41265869140625,steady_train
81.13703219394665,46.41265869140625,steady_train
81.1871403879486,46.41265869140625,steady_train
81.2372527429834,46.41265869140625,steady_train
81.28736376098823,46.41265869140625,steady_train
81.33820403798018,46.41265869140625,steady_train
81.38887679902837,46.41265869140625,steady_train
81.43898849294055,46.41265869140625,steady_train
81.48909883701708,46.41265869140625,steady_train
81.5392096840078,46.41265869140625,steady_train
81.5896319670137,46.41265869140625,steady_train
81.64036382397171,46.41265869140625,steady_train
81.69047342299018,46.41265869140625,steady_train
81.7405833019875,46.41265869140625,steady_train
81.79069607902784,46.41265869140625,steady_train
81.84081639896613,46.41265869140625,steady_train
81.89092506293673,46.41265869140625,steady_train
81.94103495101444,46.41265869140625,steady_train
81.99114503595047,46.41265869140625,steady_train
82.04125452495646,46.41265869140625,steady_train
82.09136630699504,46.41265869140625,steady_train
82.14147328701802,46.41265869140625,steady_train
82.19158360594884,46.41265869140625,steady_train
82.24169046001043,46.41265869140625,steady_train
82.29180817399174,46.41265869140625,steady_train
82.34191469301004,46.41265869140625,steady_train
82.39203188300598,46.41265869140625,steady_train
82.4430761160329,46.41265869140625,steady_train
82.49319105502218,46.41265869140625,steady_train
82.54329993401188,46.41265869140625,steady_train
82.59341153793503,46.41265869140625,steady_train
82.64352092694025,46.41265869140625,steady_train
82.69363070500549,46.41265869140625,steady_train
82.74373939295765,46.41265869140625,steady_train
82.79385525197722,46.41265869140625,steady_train
82.84399659594055,46.41265869140625,steady_train
82.89410932001192,46.41265869140625,steady_train
82.94421970495023,46.41265869140625,steady_train
82.99432995298412,46.41265869140625,steady_train
83.0444403620204,46.41265869140625,steady_train
83.09455262101255,46.41265869140625,steady_train
83.14466202398762,46.41265869140625,steady_train
83.19480644795112,46.41265869140625,steady_train
83.24492687301245,46.41265869140625,steady_train
83.29503942094743,46.41265869140625,steady_train
83.34514687000774,46.41265869140625,steady_train
83.39525937801227,46.41265869140625,steady_train
83.4453873729799,46.41265869140625,steady_train
83.49557578098029,46.41265869140625,steady_train
83.54568682494573,46.41265869140625,steady_train
83.59581075399183,46.41265869140625,steady_train
83.64592337200884,46.41265869140625,steady_train
83.6960336919874,46.41265869140625,steady_train
83.74614249099977,46.41265869140625,steady_train
83.79625186999328,46.41265869140625,steady_train
83.84636244899593,46.41265869140625,steady_train
83.896472392953,46.41265869140625,steady_train
83.94658264098689,46.41265869140625,steady_train
83.99669222603552,46.41265869140625,steady_train
84.04681193898432,46.41265869140625,steady_train
84.0969225979643,46.41265869140625,steady_train
84.14703270199243,46.41265869140625,steady_train
84.19714109494817,46.41265869140625,steady_train
84.24734125402756,46.41265869140625,steady_train
84.29820276994724,46.41265869140625,steady_train
84.34831366501749,46.41265869140625,steady_train
84.39842285797931,46.41265869140625,steady_train
84.44852887198795,46.41265869140625,steady_train
84.49863697495311,46.41265869140625,steady_train
84.54874610493425,46.41265869140625,steady_train
84.59885494003538,46.41265869140625,steady_train
84.64896778797265,46.41265869140625,between_stages
84.69907948200125,46.41265869140625,between_stages
84.7491886599455,46.41265869140625,between_stages
84.79930009902455,46.41265869140625,between_stages
84.8494117539376,46.41265869140625,between_stages
85.14381597400643,46.41265869140625,between_stages
85.19395089696627,46.41265869140625,between_stages
85.24406268598977,46.41265869140625,between_stages
85.29417948995251,46.41265869140625,between_stages
85.34429306001402,46.41265869140625,between_stages
85.39440585300326,46.41265869140625,between_stages
85.44451918103732,46.41265869140625,between_stages
85.49970885994844,46.41265869140625,between_stages
85.56088833801914,46.41265869140625,between_stages
85.6110085779801,46.41265869140625,between_stages
85.66112384700682,46.41265869140625,between_stages
85.71123637596611,46.41265869140625,between_stages
85.7628844169667,46.41265869140625,between_stages
85.8224174430361,46.41265869140625,between_stages
85.87253685295582,46.41265869140625,between_stages
85.92265396204311,46.41265869140625,between_stages
85.97276706795674,46.41265869140625,between_stages
86.02287764998619,46.41265869140625,between_stages
86.0808913250221,46.41265869140625,between_stages
86.13100646901876,46.41265869140625,between_stages
86.18112351896707,46.41265869140625,between_stages
86.23123738798313,46.41265869140625,between_stages
86.28134359593969,46.41265869140625,between_stages
86.33784836903214,46.41265869140625,between_stages
86.38796385400929,46.41265869140625,between_stages
86.43808114703279,46.41265869140625,between_stages
86.48818999703508,46.41265869140625,between_stages
86.53830075997394,46.41265869140625,between_stages
86.59421929495875,46.41265869140625,between_stages
86.64433631394058,46.41265869140625,between_stages
86.69445338798687,46.41265869140625,between_stages
86.7445779319387,46.41265869140625,between_stages
86.79468938603532,46.41265869140625,between_stages
86.85073969594669,46.41265869140625,between_stages
86.90085600595921,46.41265869140625,between_stages
86.95097303495277,46.41265869140625,between_stages
87.00108309404459,46.41265869140625,between_stages
87.05119078303687,46.41265869140625,between_stages
87.10533502104226,46.41265869140625,between_stages
87.15545419498812,46.41265869140625,between_stages
87.20557459397241,46.41265869140625,between_stages
87.25568610802293,46.41265869140625,between_stages
87.30580499093048,46.41265869140625,between_stages
87.3621342999395,46.41265869140625,between_stages
87.41225117293652,46.41265869140625,between_stages
87.4626151570119,46.41265869140625,between_stages
87.51272467093077,46.41265869140625,between_stages
87.56283524993341,46.41265869140625,between_stages
87.61455940303858,46.41265869140625,between_stages
87.66467151104007,46.41265869140625,between_stages
87.71479880996048,46.41265869140625,between_stages
87.76491705002263,46.41265869140625,between_stages
87.81502690294292,46.41265869140625,between_stages
87.86818566999864,46.41265869140625,between_stages
87.91830510902219,46.41265869140625,between_stages
87.96841897803824,46.41265869140625,between_stages
88.01853411702905,46.41265869140625,between_stages
88.06864168203901,46.41265869140625,between_stages
88.12188492296264,46.41265869140625,between_stages
88.17199812200852,46.41265869140625,between_stages
88.2221150919795,46.41265869140625,between_stages
88.27231654000934,46.41265869140625,between_stages
88.32243887893856,46.41265869140625,between_stages
88.37578204995953,46.41265869140625,between_stages
88.4259063990321,46.41265869140625,between_stages
88.476018997957,46.41265869140625,between_stages
88.52613586199004,46.41265869140625,between_stages
88.57624220103025,46.41265869140625,between_stages
88.62940525193699,46.41265869140625,between_stages
88.67952231701929,46.41265869140625,between_stages
88.72964169504121,46.41265869140625,between_stages
88.77976814995054,46.41265869140625,between_stages
88.8298841699725,46.41265869140625,between_stages
88.87999704899266,46.41265869140625,between_stages
88.93011312303133,46.41265869140625,between_stages
88.9802259959979,46.41265869140625,between_stages
89.03035160596482,46.41265869140625,between_stages
89.0804632450454,46.41265869140625,between_stages
89.13057996402495,46.41265869140625,between_stages
89.18475326697808,46.41265869140625,between_stages
89.234875011025,46.41265869140625,between_stages
89.28498867701273,46.41265869140625,between_stages
89.33585418597795,46.41265869140625,between_stages
89.39025878196117,46.41265869140625,between_stages
89.44038035196718,46.41265869140625,between_stages
89.49049696594011,46.41265869140625,between_stages
89.54112161300145,46.41265869140625,between_stages
89.59561227296945,46.41265869140625,between_stages
89.64573533693328,46.41265869140625,between_stages
89.69584984204266,46.41265869140625,between_stages
89.74666583794169,46.41265869140625,between_stages
89.80125741299707,46.41265869140625,between_stages
89.85138549399562,46.41265869140625,between_stages
89.90149262303021,46.41265869140625,between_stages
89.95231752295513,46.41265869140625,between_stages
90.00688848400023,46.41265869140625,between_stages
90.05702299403492,46.41265869140625,between_stages
90.1071347569814,46.41265869140625,between_stages
90.1585878910264,46.41265869140625,between_stages
90.21309314703103,46.41265869140625,between_stages
90.26320334197953,46.41265869140625,between_stages
90.31332196702715,46.41265869140625,between_stages
90.36443014093675,46.41265869140625,between_stages
90.41887747193687,46.41265869140625,between_stages
90.46898483100813,46.41265869140625,between_stages
90.51910094602499,46.41265869140625,between_stages
90.56995888194069,46.41265869140625,between_stages
90.6245519729564,46.41265869140625,between_stages
90.67466562695336,46.41265869140625,between_stages
90.72477431199513,46.41265869140625,between_stages
90.77608834893908,46.41265869140625,between_stages
90.83049913798459,46.41265869140625,between_stages
90.88060788693838,46.41265869140625,between_stages
90.93071898003109,46.41265869140625,between_stages
90.98082871502265,46.41265869140625,between_stages
91.03093856398482,46.41265869140625,between_stages
91.0810474329628,46.41265869140625,between_stages
91.13115883700084,46.41265869140625,between_stages
91.18134167604148,46.41265869140625,between_stages
91.231454610941,46.41265869140625,between_stages
91.2815648210235,46.41265869140625,between_stages
91.33167289500125,46.41265869140625,between_stages
91.3817787040025,46.41265869140625,between_stages
91.43189581297338,46.41265869140625,between_stages
91.4820006879745,46.41265869140625,between_stages
91.53210954100359,46.41265869140625,between_stages
91.58221653604414,46.41265869140625,between_stages
91.63232719001826,46.41265869140625,between_stages
91.68243412999436,46.41265869140625,between_stages
91.73254138801713,46.41265869140625,between_stages
91.78265077702235,46.41265869140625,between_stages
91.83280299697071,46.41265869140625,between_stages
91.88291720603593,46.41265869140625,between_stages
91.93303485098295,46.41265869140625,between_stages
91.9831431399798,46.41265869140625,between_stages
92.0332558490336,46.41265869140625,between_stages
92.08376444200985,46.41265869140625,between_stages
92.1338748310227,46.41265869140625,between_stages
92.18398209498264,46.41265869140625,between_stages
92.23409284395166,46.41265869140625,between_stages
92.28420404496137,46.41265869140625,between_stages
92.33431445900351,46.41265869140625,between_stages
92.38442310295068,46.41265869140625,between_stages
92.43454849103,46.41265869140625,between_stages
92.48724513594061,46.41265869140625,between_stages
92.53736704494804,46.41265869140625,between_stages
92.58748482901137,46.41265869140625,between_stages
92.63759807893075,46.41265869140625,between_stages
92.68770655698609,46.41265869140625,between_stages
92.73782329296228,46.41265869140625,between_stages
92.78793216194026,46.41265869140625,between_stages
92.83804296993185,46.41265869140625,between_stages
92.88815046602394,46.41265869140625,between_stages
93.24302560801152,46.41265869140625,between_stages
93.2931536679389,46.41265869140625,between_stages
93.34326764696743,46.41265869140625,between_stages
93.39338052703533,46.41265869140625,between_stages
93.44349511596374,46.41265869140625,between_stages
93.49360615503974,46.41265869140625,between_stages
93.54371872602496,46.41265869140625,between_stages
93.59383104299195,46.41265869140625,between_stages
93.64394517301116,46.41265869140625,between_stages
93.69405760301743,46.41265869140625,between_stages
93.74417656194419,46.41265869140625,between_stages
93.79429522703867,46.41265869140625,between_stages
93.84441248595249,46.41265869140625,between_stages
93.89453246898483,46.41265869140625,between_stages
93.95444119500462,46.41265869140625,between_stages
94.00455986300949,46.41265869140625,between_stages
94.05468061903957,46.41265869140625,between_stages
94.1048069630051,46.41265869140625,between_stages
94.15492641204037,46.41265869140625,between_stages
94.21211406798102,46.41265869140625,between_stages
94.26223529700655,46.41265869140625,between_stages
94.31235429097433,46.41265869140625,between_stages
94.36247387493495,46.41265869140625,between_stages
94.41259441501461,46.41265869140625,between_stages
94.46883102401625,46.41265869140625,between_stages
94.51895130402409,46.41265869140625,between_stages
94.5690690530464,46.41265869140625,between_stages
94.61918950697873,46.41265869140625,between_stages
94.66930681699887,46.41265869140625,between_stages
94.7234433699632,46.41265869140625,between_stages
94.77356331795454,46.41265869140625,between_stages
94.82368175301235,46.41265869140625,between_stages
94.87381355301477,46.41265869140625,between_stages
94.92394139699172,46.41265869140625,between_stages
94.97884474194143,46.41265869140625,between_stages
95.02897588093765,46.41265869140625,between_stages
95.08169805002399,46.41265869140625,between_stages
95.13183006900363,46.41265869140625,between_stages
95.18194631393999,46.41265869140625,between_stages
95.24301670794375,46.41265869140625,between_stages
95.29313450702466,46.41265869140625,between_stages
95.3432510769926,46.41265869140625,between_stages
95.39336689095944,46.41265869140625,between_stages
95.44348493102007,46.41265869140625,between_stages
95.49717253597919,46.41265869140625,between_stages
95.54728671396151,46.41265869140625,between_stages
95.59740573901217,46.41265869140625,between_stages
95.6475326429354,46.41265869140625,between_stages
95.69764776295051,46.41265869140625,between_stages
95.7502340329811,46.41265869140625,between_stages
95.80035273195244,46.41265869140625,between_stages
95.8504670719849,46.41265869140625,between_stages
95.90060477494262,46.41265869140625,between_stages
95.95072314003482,46.41265869140625,between_stages
96.01028803095687,46.41265869140625,between_stages
96.06040762399789,46.41265869140625,between_stages
96.11052770004608,46.41265869140625,between_stages
96.16064605303109,46.41265869140625,between_stages
96.21076581894886,46.41265869140625,between_stages
96.26837236294523,46.41265869140625,between_stages
96.31849063700065,46.41265869140625,between_stages
96.3686055309372,46.41265869140625,between_stages
96.41872210497968,46.41265869140625,between_stages
96.46884014399257,46.41265869140625,between_stages
96.5251259499928,46.41265869140625,between_stages
96.57524325803388,46.41265869140625,between_stages
96.62535978795495,46.41265869140625,between_stages
96.675476962002,46.41265869140625,between_stages
96.72559476702008,46.41265869140625,between_stages
96.77823897602502,46.41265869140625,between_stages
96.828354784986,46.41265869140625,between_stages
96.87847191898618,46.41265869140625,between_stages
96.9285867799772,46.41265869140625,between_stages
96.97870414995123,46.41265869140625,between_stages
97.0311226749327,46.41265869140625,between_stages
97.08124150894582,46.41265869140625,between_stages
97.13135726901237,46.41265869140625,between_stages
97.18147649301682,46.41265869140625,between_stages
97.23159646301065,46.41265869140625,between_stages
97.28387169796042,46.41265869140625,between_stages
97.33398558793124,46.41265869140625,between_stages
97.3840997669613,46.41265869140625,between_stages
97.43421455100179,46.41265869140625,between_stages
97.48432904598303,46.41265869140625,between_stages
97.53619567293208,46.41265869140625,between_stages
97.58631265803706,46.41265869140625,between_stages
97.63642770797014,46.41265869140625,between_stages
97.68654326593969,46.41265869140625,between_stages
97.73665851098485,46.41265869140625,between_stages
97.78922489495017,46.41265869140625,between_stages
97.83934366097674,46.41265869140625,between_stages
97.88946168404073,46.41265869140625,between_stages
97.93957865994889,46.41265869140625,between_stages
97.9896946339868,46.41265869140625,between_stages
98.04455819004215,46.41265869140625,between_stages
98.09467457397841,46.41265869140625,between_stages
98.14480125298724,46.41265869140625,between_stages
98.19491764297709,46.41265869140625,between_stages
98.24503669701517,46.41265869140625,between_stages
98.29767809202895,46.41265869140625,between_stages
98.34780694998335,46.41265869140625,between_stages
98.39792192098685,46.41265869140625,between_stages
98.44803898001555,46.41265869140625,between_stages
98.49815667397343,46.41265869140625,between_stages
98.54988690302707,46.41265869140625,between_stages
98.6000009769341,46.41265869140625,between_stages
98.65011809696443,46.41265869140625,between_stages
98.7002410920104,46.41265869140625,between_stages
98.75035621097777,46.41265869140625,between_stages
98.8025972059695,46.41265869140625,between_stages
98.85271468095016,46.41265869140625,between_stages
98.90283067093696,46.41265869140625,between_stages
98.95296043995768,46.41265869140625,between_stages
99.00307694496587,46.41265869140625,between_stages
99.05513476196211,46.41265869140625,between_stages
99.10526783694513,46.41265869140625,between_stages
99.15538703103084,46.41265869140625,between_stages
99.20550403697416,46.41265869140625,between_stages
99.25562009902205,46.41265869140625,between_stages
99.30783115094528,46.41265869140625,between_stages
99.35794863593765,46.41265869140625,between_stages
99.40806751104537,46.41265869140625,between_stages
99.45818314503413,46.41265869140625,between_stages
99.50830245995894,46.41265869140625,between_stages
99.56327113497537,46.41265869140625,between_stages
99.61338972800877,46.41265869140625,between_stages
99.6635048679309,46.41265869140625,between_stages
99.71362217294518,46.41265869140625,between_stages
99.76373708201572,46.41265869140625,between_stages
99.81850648403633,46.41265869140625,between_stages
99.86862471699715,46.41265869140625,between_stages
99.91874300304335,46.41265869140625,between_stages
99.96885980200022,46.41265869140625,between_stages
100.01897779700812,46.41265869140625,between_stages
100.07309365994297,46.41265869140625,between_stages
100.12321154400706,46.41265869140625,between_stages
100.17333099897951,46.41265869140625,between_stages
100.22344881796744,46.41265869140625,between_stages
100.27356640901417,46.41265869140625,between_stages
100.32595024397597,46.41265869140625,between_stages
100.37606741394848,46.41265869140625,between_stages
100.42618141893763,46.41265869140625,between_stages
100.47629735793453,46.41265869140625,between_stages
100.52641337795649,46.41265869140625,between_stages
100.57828360400163,46.41265869140625,between_stages
100.62841180502437,46.41265869140625,between_stages
100.67853182996623,46.41265869140625,between_stages
100.72865426901262,46.41265869140625,between_stages
100.77877032896504,46.41265869140625,between_stages
100.83113098400645,46.41265869140625,between_stages
100.8812473040307,46.41265869140625,between_stages
100.93136090401094,46.41265869140625,between_stages
100.9814775979612,46.41265869140625,between_stages
101.03159468295053,46.41265869140625,between_stages
101.08358218404464,46.41265869140625,between_stages
101.13369981001597,46.41265869140625,between_stages
101.18383001501206,46.41265869140625,between_stages
101.23394911794458,46.41265869140625,between_stages
101.28406713402364,46.41265869140625,between_stages
101.33590044593439,46.41265869140625,between_stages
101.38601686002221,46.41265869140625,between_stages
101.43613216094673,46.41265869140625,between_stages
101.48624839598779,46.41265869140625,between_stages
101.53636374999769,46.41265869140625,between_stages
101.5884564910084,46.41265869140625,between_stages
101.63857422198635,46.41265869140625,between_stages
101.68869061593432,46.41265869140625,between_stages
101.73881621100008,46.41265869140625,between_stages
101.78893331601284,46.41265869140625,between_stages
101.84067782398779,46.41265869140625,between_stages
101.89080314897001,46.41265869140625,between_stages
101.94092141697183,46.41265869140625,between_stages
101.99103811802343,46.41265869140625,between_stages
102.04115360300057,46.41265869140625,between_stages
102.09358032199088,46.41265869140625,between_stages
102.14369801199064,46.41265869140625,between_stages
102.19382215803489,46.41265869140625,between_stages
102.24393881694414,46.41265869140625,between_stages
102.29405653104186,46.41265869140625,between_stages
102.34598837897647,46.41265869140625,between_stages
102.3961045530159,46.41265869140625,between_stages
102.44621816801373,46.41265869140625,between_stages
102.49633521900978,46.41265869140625,between_stages
102.54645477700979,46.41265869140625,between_stages
102.59823816595599,46.41265869140625,between_stages
102.64835592103191,46.41265869140625,between_stages
102.69847111601848,46.41265869140625,between_stages
102.74859606998507,46.41265869140625,between_stages
102.79871372901835,46.41265869140625,between_stages
102.8510918499669,46.41265869140625,between_stages
102.90120831993409,46.41265869140625,between_stages
102.95132064493373,46.41265869140625,between_stages
103.00143205502536,46.41265869140625,between_stages
103.0515518989414,46.41265869140625,between_stages
103.10166281997226,46.41265869140625,between_stages
103.15177166496869,46.41265869140625,between_stages
103.2018913429929,46.41265869140625,between_stages
103.5816799380118,46.41265869140625,between_stages
103.63181493803859,46.41265869140625,between_stages
103.68192748399451,46.41265869140625,between_stages
103.73203902796376,46.41265869140625,between_stages
103.78214953793213,46.41265869140625,between_stages
103.83226040296722,46.41265869140625,between_stages
103.88237174297683,46.41265869140625,between_stages
103.93248368694913,46.41265869140625,between_stages
103.98260952299461,46.41265869140625,between_stages
104.03272055799607,46.41265869140625,between_stages
104.08284036593977,46.41265869140625,between_stages
104.15295332903042,46.41265869140625,between_stages
104.20307471498381,46.41265869140625,between_stages
104.25319113896694,46.41265869140625,between_stages
104.30330629996024,46.41265869140625,between_stages
104.36145089194179,46.41265869140625,between_stages
104.41156916494947,46.41265869140625,between_stages
104.46168517600745,46.41265869140625,between_stages
104.51181103498675,46.41265869140625,between_stages
104.56725524400827,46.41265869140625,between_stages
104.61737189802807,46.41265869140625,between_stages
104.66748885903507,46.41265869140625,between_stages
104.71784329297952,46.41265869140625,between_stages
104.77158700698055,46.41265869140625,between_stages
104.82170529093128,46.41265869140625,between_stages
104.87183229194488,46.41265869140625,between_stages
104.92195144097786,46.41265869140625,between_stages
104.97525388398208,46.41265869140625,between_stages
105.02537211298477,46.41265869140625,between_stages
105.07548882893752,46.41265869140625,between_stages
105.12560743303038,46.41265869140625,between_stages
105.1787181450054,46.41265869140625,between_stages
105.22883275093045,46.41265869140625,between_stages
105.27894799993373,46.41265869140625,between_stages
105.3507296119351,46.41265869140625,between_stages
105.40257681894582,46.41265869140625,between_stages
105.45269744400866,46.41265869140625,between_stages
105.50282071903348,46.41265869140625,between_stages
105.55292954901233,46.41265869140625,between_stages
105.60303833999205,46.41265869140625,between_stages
105.65315264498349,46.41265869140625,between_stages
105.70326579804532,46.41265869140625,between_stages
105.75339127401821,46.41265869140625,between_stages
105.8035245629726,46.41265869140625,between_stages
105.85365702898707,46.41265869140625,between_stages
105.90377770399209,46.41265869140625,between_stages
105.95391505397856,46.41265869140625,between_stages
106.00403317401651,46.41265869140625,between_stages
