dataset,path,relative_path,width,height,short_side,low_res_lt512,mask_found,person_area_ratio,full_lap,full_ten,person_lap,person_ten,primary_type,primary_lap,primary_ten,quality_rank,severe_suspect,suspect_blur
Hi4D,/home/shangguanrz/project/pic-edit/datasets/Hi4D_pilot_v1/raw/pair00/yoga00/images/4/000050.jpg,pair00/yoga00/images/4/000050.jpg,940,1280,940,False,True,0.048877992021276594,655.7098646391674,6357.79815284242,14.865892513049733,213.16038556564706,person,14.865892513049733,213.16038556564706,0.0,True,True
Hi4D,/home/shangguanrz/project/pic-edit/datasets/Hi4D_pilot_v1/raw/pair00/yoga00/images/4/000045.jpg,pair00/yoga00/images/4/000045.jpg,940,1280,940,False,True,0.04897190824468085,738.6019865952773,7315.236941073803,16.51892423881253,272.0756491515028,person,16.51892423881253,272.0756491515028,0.00041946308724832214,True,True
Hi4D,/home/shangguanrz/project/pic-edit/datasets/Hi4D_pilot_v1/raw/pair16/hug16/images/4/000049.jpg,pair16/hug16/images/4/000049.jpg,940,1280,940,False,True,0.05804521276595745,257.2119759679002,4862.653289145612,23.42525769330484,552.485562535386,person,23.42525769330484,552.485562535386,0.002307046979865772,True,True
Hi4D,/home/shangguanrz/project/pic-edit/datasets/Hi4D_pilot_v1/raw/pair14/talk14/images/4/000013.jpg,pair14/talk14/images/4/000013.jpg,940,1280,940,False,True,0.05880817819148936,279.271528240106,5188.555217337101,25.062436189322217,409.4501642178047,person,25.062436189322217,409.4501642178047,0.002726510067114094,True,True
Hi4D,/home/shangguanrz/project/pic-edit/datasets/Hi4D_pilot_v1/raw/pair16/jump16/images/4/000047.jpg,pair16/jump16/images/4/000047.jpg,940,1280,940,False,True,0.057955452127659575,254.03429303259912,4729.113873420878,23.314098627474298,570.061810763123,person,23.314098627474298,570.061810763123,0.002726510067114094,True,True
Hi4D,/home/shangguanrz/project/pic-edit/datasets/Hi4D_pilot_v1/raw/pair14/talk14/images/4/000010.jpg,pair14/talk14/images/4/000010.jpg,940,1280,940,False,True,0.054723238031914895,280.76611796068676,5198.090861868351,26.63504553861426,441.35230372840255,person,26.63504553861426,441.35230372840255,0.0035654362416107383,True,True
Hi4D,/home/shangguanrz/project/pic-edit/datasets/Hi4D_pilot_v1/raw/pair14/talk14/images/4/000011.jpg,pair14/talk14/images/4/000011.jpg,940,1280,940,False,True,0.05573803191489362,281.248634857201,5205.509017619681,27.397426447421395,436.0657332788651,person,27.397426447421395,436.0657332788651,0.00398489932885906,True,True
Hi4D,/home/shangguanrz/project/pic-edit/datasets/Hi4D_pilot_v1/raw/pair16/jump16/images/4/000045.jpg,pair16/jump16/images/4/000045.jpg,940,1280,940,False,True,0.057578125,247.53943067654166,4604.435349484707,24.21236183349563,584.5280974949221,person,24.21236183349563,584.5280974949221,0.00398489932885906,True,True
Hi4D,/home/shangguanrz/project/pic-edit/datasets/Hi4D_pilot_v1/raw/pair16/jump16/images/4/000042.jpg,pair16/jump16/images/4/000042.jpg,940,1280,940,False,True,0.05799783909574468,251.91790508641114,4794.242332945479,23.503383982297567,596.942991122777,person,23.503383982297567,596.942991122777,0.003984899328859061,True,True
Hi4D,/home/shangguanrz/project/pic-edit/datasets/Hi4D_pilot_v1/raw/pair00/yoga00/images/4/000040.jpg,pair00/yoga00/images/4/000040.jpg,940,1280,940,False,True,0.04896442819148936,812.107695641238,8135.566988031915,27.209559324109296,567.6555003846423,person,27.209559324109296,567.6555003846423,0.004823825503355705,True,True
Hi4D,/home/shangguanrz/project/pic-edit/datasets/Hi4D_pilot_v1/raw/pair14/talk14/images/4/000009.jpg,pair14/talk14/images/4/000009.jpg,940,1280,940,False,True,0.05445063164893617,281.1867335961652,5194.948304521276,28.765774948424564,453.4561383373503,person,28.765774948424564,453.4561383373503,0.005453020134228188,True,True
Hi4D,/home/shangguanrz/project/pic-edit/datasets/Hi4D_pilot_v1/raw/pair14/talk14/images/4/000014.jpg,pair14/talk14/images/4/000014.jpg,940,1280,940,False,True,0.060238530585106385,279.52603176655737,5179.868631565824,28.445043044163913,488.36547707726686,person,28.445043044163913,488.36547707726686,0.005453020134228188,True,True
Hi4D,/home/shangguanrz/project/pic-edit/datasets/Hi4D_pilot_v1/raw/pair16/jump16/images/4/000049.jpg,pair16/jump16/images/4/000049.jpg,940,1280,940,False,True,0.05804521276595745,262.3446173266137,4866.56524268617,24.489822525124527,629.046183710334,person,24.489822525124527,629.046183710334,0.0056627516778523495,True,True
Hi4D,/home/shangguanrz/project/pic-edit/datasets/Hi4D_pilot_v1/raw/pair16/hug16/images/4/000044.jpg,pair16/hug16/images/4/000044.jpg,940,1280,940,False,True,0.057674534574468084,261.6641550469906,5058.309050864362,23.005351477973225,667.9340470601707,person,23.005351477973225,667.9340470601707,0.00587248322147651,True,True
Hi4D,/home/shangguanrz/project/pic-edit/datasets/Hi4D_pilot_v1/raw/pair16/jump16/images/4/000041.jpg,pair16/jump16/images/4/000041.jpg,940,1280,940,False,True,0.057699468085106384,250.07507501308498,4729.921126994681,24.542382596214633,629.534008683068,person,24.542382596214633,629.534008683068,0.006082214765100671,True,True
Hi4D,/home/shangguanrz/project/pic-edit/datasets/Hi4D_pilot_v1/raw/pair14/talk14/images/4/000015.jpg,pair14/talk14/images/4/000015.jpg,940,1280,940,False,True,0.0613173204787234,278.52247284696136,5156.215467087766,29.450444866586597,568.2037553078557,person,29.450444866586597,568.2037553078557,0.006921140939597315,True,True
Hi4D,/home/shangguanrz/project/pic-edit/datasets/Hi4D_pilot_v1/raw/pair16/jump16/images/4/000044.jpg,pair16/jump16/images/4/000044.jpg,940,1280,940,False,True,0.057674534574468084,252.03593932257462,4725.880100980718,23.561951357069017,695.1202839640465,person,23.561951357069017,695.1202839640465,0.006921140939597315,True,True
Hi4D,/home/shangguanrz/project/pic-edit/datasets/Hi4D_pilot_v1/raw/pair14/talk14/images/4/000017.jpg,pair14/talk14/images/4/000017.jpg,940,1280,940,False,True,0.06256815159574468,276.17448978836364,5122.060837765957,29.27611616673951,603.3654483958887,person,29.27611616673951,603.3654483958887,0.00776006711409396,True,True
Hi4D,/home/shangguanrz/project/pic-edit/datasets/Hi4D_pilot_v1/raw/pair02/backhug02/images/64/000029.jpg,pair02/backhug02/images/64/000029.jpg,940,1280,940,False,True,0.04850648271276596,220.80748041747867,3842.8565699800533,30.28975344626326,572.2673131146414,person,30.28975344626326,572.2673131146414,0.008389261744966443,True,True
Hi4D,/home/shangguanrz/project/pic-edit/datasets/Hi4D_pilot_v1/raw/pair02/backhug02/images/64/000118.jpg,pair02/backhug02/images/64/000118.jpg,940,1280,940,False,True,0.06164394946808511,238.5595001744544,4229.15204247008,30.267349321146874,592.1891152990924,person,30.267349321146874,592.1891152990924,0.008598993288590604,True,True
Hi4D,/home/shangguanrz/project/pic-edit/datasets/Hi4D_pilot_v1/raw/pair14/talk14/images/4/000016.jpg,pair14/talk14/images/4/000016.jpg,940,1280,940,False,True,0.06239444813829787,278.13296039418003,5148.901793134974,29.88115698363388,606.8293754919969,person,29.88115698363388,606.8293754919969,0.008598993288590604,True,True
Hi4D,/home/shangguanrz/project/pic-edit/datasets/Hi4D_pilot_v1/raw/pair22/hug22/images/4/000071.jpg,pair22/hug22/images/4/000071.jpg,940,1280,940,False,True,0.06583610372340426,189.82578627067005,3320.841547539894,27.914268590707998,667.0904796973006,person,27.914268590707998,667.0904796973006,0.008808724832214765,True,True
Hi4D,/home/shangguanrz/project/pic-edit/datasets/Hi4D_pilot_v1/raw/pair16/jump16/images/4/000039.jpg,pair16/jump16/images/4/000039.jpg,940,1280,940,False,True,0.056292386968085105,249.73222408309792,4609.23621384641,26.78035496447469,701.3531865300865,person,26.78035496447469,701.3531865300865,0.009228187919463088,True,True
Hi4D,/home/shangguanrz/project/pic-edit/datasets/Hi4D_pilot_v1/raw/pair02/backhug02/images/64/000120.jpg,pair02/backhug02/images/64/000120.jpg,940,1280,940,False,True,0.060784574468085106,238.92629081167314,4190.006368434176,30.81168110324643,618.174906551943,person,30.81168110324643,618.174906551943,0.010067114093959731,True,True
Hi4D,/home/shangguanrz/project/pic-edit/datasets/Hi4D_pilot_v1/raw/pair22/hug22/images/4/000072.jpg,pair22/hug22/images/4/000072.jpg,940,1280,940,False,True,0.06536569148936171,190.03257966246636,3327.4180414727393,29.415181179616066,696.9780405405405,person,29.415181179616066,696.9780405405405,0.010696308724832215,True,True
Hi4D,/home/shangguanrz/project/pic-edit/datasets/Hi4D_pilot_v1/raw/pair16/hug16/images/4/000042.jpg,pair16/hug16/images/4/000042.jpg,940,1280,940,False,True,0.05799783909574468,271.50086198073274,5196.397232380319,25.582975125903417,751.331996342938,person,25.582975125903417,751.331996342938,0.01153523489932886,True,True
Hi4D,/home/shangguanrz/project/pic-edit/datasets/Hi4D_pilot_v1/raw/pair02/backhug02/images/64/000146.jpg,pair02/backhug02/images/64/000146.jpg,940,1280,940,False,True,0.05558095079787234,231.95082661079138,4074.530221492686,31.309080073173067,644.6035464026055,person,31.309080073173067,644.6035464026055,0.011954697986577181,True,True
Hi4D,/home/shangguanrz/project/pic-edit/datasets/Hi4D_pilot_v1/raw/pair22/hug22/images/4/000070.jpg,pair22/hug22/images/4/000070.jpg,940,1280,940,False,True,0.0662533244680851,188.9249804829407,3306.2051924035904,30.01747528112761,706.5997048045602,person,30.01747528112761,706.5997048045602,0.011954697986577181,True,True
Hi4D,/home/shangguanrz/project/pic-edit/datasets/Hi4D_pilot_v1/raw/pair02/backhug02/images/64/000148.jpg,pair02/backhug02/images/64/000148.jpg,940,1280,940,False,True,0.05782912234042553,233.11379768806322,4076.5892827460107,31.43689388160096,648.7791517629024,person,31.43689388160096,648.7791517629024,0.012374161073825503,True,True
Hi4D,/home/shangguanrz/project/pic-edit/datasets/Hi4D_pilot_v1/raw/pair16/jump16/images/4/000052.jpg,pair16/jump16/images/4/000052.jpg,940,1280,940,False,True,0.056661402925531915,249.78776794019035,4727.57391747008,24.470783467941562,781.4473509140744,person,24.470783467941562,781.4473509140744,0.012583892617449664,True,True
Hi4D,/home/shangguanrz/project/pic-edit/datasets/Hi4D_pilot_v1/raw/pair02/backhug02/images/64/000122.jpg,pair02/backhug02/images/64/000122.jpg,940,1280,940,False,True,0.05915309175531915,236.46332334695,4131.360974900266,32.338925671904725,667.6251812970509,person,32.338925671904725,667.6251812970509,0.01342281879194631,True,True
Hi4D,/home/shangguanrz/project/pic-edit/datasets/Hi4D_pilot_v1/raw/pair22/hug22/images/4/000074.jpg,pair22/hug22/images/4/000074.jpg,940,1280,940,False,True,0.0654903590425532,194.76804906825984,3355.4629633477393,30.392289092204244,729.3656985693018,person,30.392289092204244,729.3656985693018,0.01363255033557047,True,True
Hi4D,/home/shangguanrz/project/pic-edit/datasets/Hi4D_pilot_v1/raw/pair16/jump16/images/4/000038.jpg,pair16/jump16/images/4/000038.jpg,940,1280,940,False,True,0.05565907579787234,254.69585640495742,4735.360871010638,28.126141237009236,767.9620722135007,person,28.126141237009236,767.9620722135007,0.014052013422818792,True,True
Hi4D,/home/shangguanrz/project/pic-edit/datasets/Hi4D_pilot_v1/raw/pair22/hug22/images/4/000075.jpg,pair22/hug22/images/4/000075.jpg,940,1280,940,False,True,0.06584773936170213,196.39423805839505,3378.778091755319,30.930463811514528,733.475348419002,person,30.930463811514528,733.475348419002,0.014681208053691275,True,True
Hi4D,/home/shangguanrz/project/pic-edit/datasets/Hi4D_pilot_v1/raw/pair22/hug22/images/4/000076.jpg,pair22/hug22/images/4/000076.jpg,940,1280,940,False,True,0.06613696808510638,194.28310318258136,3365.822276013963,31.091750632116156,730.5456898267968,person,31.091750632116156,730.5456898267968,0.014681208053691275,True,True
Hi4D,/home/shangguanrz/project/pic-edit/datasets/Hi4D_pilot_v1/raw/pair16/hug16/images/4/000041.jpg,pair16/hug16/images/4/000041.jpg,940,1280,940,False,True,0.057699468085106384,271.43995140666283,5150.934092420212,27.542920854972284,809.5609439144688,person,27.542920854972284,809.5609439144688,0.015100671140939598,True,True
Hi4D,/home/shangguanrz/project/pic-edit/datasets/Hi4D_pilot_v1/raw/pair22/hug22/images/4/000077.jpg,pair22/hug22/images/4/000077.jpg,940,1280,940,False,True,0.06639295212765957,194.40195317954274,3377.9524912732713,31.252150601225548,740.2579045257285,person,31.252150601225548,740.2579045257285,0.01552013422818792,True,True
Hi4D,/home/shangguanrz/project/pic-edit/datasets/Hi4D_pilot_v1/raw/pair22/hug22/images/4/000079.jpg,pair22/hug22/images/4/000079.jpg,940,1280,940,False,True,0.06684424867021277,191.86386663309855,3357.73260887633,32.2095452335199,729.9513341081629,person,32.2095452335199,729.9513341081629,0.015520134228187921,True,True
Hi4D,/home/shangguanrz/project/pic-edit/datasets/Hi4D_pilot_v1/raw/pair02/backhug02/images/64/000016.jpg,pair02/backhug02/images/64/000016.jpg,940,1280,940,False,True,0.05381815159574468,231.10232395818733,4056.549763131649,34.82690593211301,640.4927287267127,person,34.82690593211301,640.4927287267127,0.016149328859060404,True,True
Hi4D,/home/shangguanrz/project/pic-edit/datasets/Hi4D_pilot_v1/raw/pair22/hug22/images/4/000067.jpg,pair22/hug22/images/4/000067.jpg,940,1280,940,False,True,0.06518533909574468,188.52752437821982,3305.4326379654253,33.798569204984055,709.6967507134815,person,33.798569204984055,709.6967507134815,0.016778523489932886,True,True
Hi4D,/home/shangguanrz/project/pic-edit/datasets/Hi4D_pilot_v1/raw/pair22/hug22/images/4/000069.jpg,pair22/hug22/images/4/000069.jpg,940,1280,940,False,True,0.06597490026595745,189.00891805998384,3316.449571974734,32.892071686605775,737.2261306532663,person,32.892071686605775,737.2261306532663,0.016778523489932886,True,True
Hi4D,/home/shangguanrz/project/pic-edit/datasets/Hi4D_pilot_v1/raw/pair02/backhug02/images/64/000141.jpg,pair02/backhug02/images/64/000141.jpg,940,1280,940,False,True,0.05135222739361702,229.27348114946088,4009.207114361702,33.68289139467132,724.4046601682468,person,33.68289139467132,724.4046601682468,0.016988255033557047,True,True
Hi4D,/home/shangguanrz/project/pic-edit/datasets/Hi4D_pilot_v1/raw/pair22/hug22/images/4/000080.jpg,pair22/hug22/images/4/000080.jpg,940,1280,940,False,True,0.06689577792553192,190.04209990561313,3312.7585916722073,32.7713636939838,742.0508466160187,person,32.7713636939838,742.0508466160187,0.016988255033557047,True,True
Hi4D,/home/shangguanrz/project/pic-edit/datasets/Hi4D_pilot_v1/raw/pair16/hug16/images/4/000039.jpg,pair16/hug16/images/4/000039.jpg,940,1280,940,False,True,0.056292386968085105,278.1054166804185,5258.943203540559,30.160557939660805,841.3396920812121,person,30.160557939660805,841.3396920812121,0.01761744966442953,True,True
Hi4D,/home/shangguanrz/project/pic-edit/datasets/Hi4D_pilot_v1/raw/pair22/hug22/images/4/000066.jpg,pair22/hug22/images/4/000066.jpg,940,1280,940,False,True,0.06487865691489361,190.20793409507274,3318.214438580452,33.99877216881221,718.3641694152138,person,33.99877216881221,718.3641694152138,0.017617449664429533,True,True
Hi4D,/home/shangguanrz/project/pic-edit/datasets/Hi4D_pilot_v1/raw/pair02/backhug02/images/64/000110.jpg,pair02/backhug02/images/64/000110.jpg,940,1280,940,False,True,0.06846160239361702,248.14679882608962,4421.421397107712,39.04701520265046,631.7999666611101,person,39.04701520265046,631.7999666611101,0.018666107382550336,True,True
Hi4D,/home/shangguanrz/project/pic-edit/datasets/Hi4D_pilot_v1/raw/pair22/hug22/images/4/000017.jpg,pair22/hug22/images/4/000017.jpg,940,1280,940,False,True,0.06841589095744681,186.54077474085545,3363.3608190658247,33.317968725270916,755.9244170198002,person,33.317968725270916,755.9244170198002,0.018875838926174497,True,True
Hi4D,/home/shangguanrz/project/pic-edit/datasets/Hi4D_pilot_v1/raw/pair22/hug22/images/4/000015.jpg,pair22/hug22/images/4/000015.jpg,940,1280,940,False,True,0.06676529255319148,195.82282009268837,3416.8612554022607,32.944006886030714,779.9723144791218,person,32.944006886030714,779.9723144791218,0.01950503355704698,True,True
Hi4D,/home/shangguanrz/project/pic-edit/datasets/Hi4D_pilot_v1/raw/pair02/backhug02/images/64/000124.jpg,pair02/backhug02/images/64/000124.jpg,940,1280,940,False,True,0.05716505984042553,229.49210093009518,3992.258695561835,33.805611779293336,759.3396131541015,person,33.805611779293336,759.3396131541015,0.020134228187919462,True,True
Hi4D,/home/shangguanrz/project/pic-edit/datasets/Hi4D_pilot_v1/raw/pair02/backhug02/images/64/000150.jpg,pair02/backhug02/images/64/000150.jpg,940,1280,940,False,True,0.05997174202127659,235.89530668824216,4119.163252160904,34.397448497261145,754.6694921142222,person,34.397448497261145,754.6694921142222,0.020343959731543626,True,True
Hi4D,/home/shangguanrz/project/pic-edit/datasets/Hi4D_pilot_v1/raw/pair22/hug22/images/4/000014.jpg,pair22/hug22/images/4/000014.jpg,940,1280,940,False,True,0.06556931515957447,195.51898480343996,3478.725793716755,33.58131981851811,808.3073156904682,person,33.58131981851811,808.3073156904682,0.020973154362416105,True,True
Hi4D,/home/shangguanrz/project/pic-edit/datasets/Hi4D_pilot_v1/raw/pair22/hug22/images/4/000016.jpg,pair22/hug22/images/4/000016.jpg,940,1280,940,False,True,0.06781000664893617,189.05911108269953,3375.350617104388,33.8720151907605,776.8469653717265,person,33.8720151907605,776.8469653717265,0.02097315436241611,True,True
Hi4D,/home/shangguanrz/project/pic-edit/datasets/Hi4D_pilot_v1/raw/pair02/backhug02/images/64/000027.jpg,pair02/backhug02/images/64/000027.jpg,940,1280,940,False,True,0.04765458776595745,222.25894339411653,3861.2113530585107,35.206759489387025,743.4846701765252,person,35.206759489387025,743.4846701765252,0.02118288590604027,True,True
Hi4D,/home/shangguanrz/project/pic-edit/datasets/Hi4D_pilot_v1/raw/pair02/backhug02/images/64/000022.jpg,pair02/backhug02/images/64/000022.jpg,940,1280,940,False,True,0.04936502659574468,225.0098364671575,3908.802723986037,35.319262211300945,754.0167527028343,person,35.319262211300945,754.0167527028343,0.02181208053691275,True,True
Hi4D,/home/shangguanrz/project/pic-edit/datasets/Hi4D_pilot_v1/raw/pair02/backhug02/images/64/000139.jpg,pair02/backhug02/images/64/000139.jpg,940,1280,940,False,True,0.05052609707446808,229.19253450068155,3997.084971326463,34.87796372432934,774.5493462601987,person,34.87796372432934,774.5493462601987,0.022231543624161076,True,True
Hi4D,/home/shangguanrz/project/pic-edit/datasets/Hi4D_pilot_v1/raw/pair16/jump16/images/4/000036.jpg,pair16/jump16/images/4/000036.jpg,940,1280,940,False,True,0.055045711436170215,260.8888993528754,4880.471409574468,31.804526722863017,1009.2340356564019,person,31.804526722863017,1009.2340356564019,0.022441275167785234,True,True
Hi4D,/home/shangguanrz/project/pic-edit/datasets/Hi4D_pilot_v1/raw/pair02/backhug02/images/64/000125.jpg,pair02/backhug02/images/64/000125.jpg,940,1280,940,False,True,0.05591505984042553,229.1503603998866,3986.6470973238033,34.8118230404251,845.29665998664,person,34.8118230404251,845.29665998664,0.023699664429530202,True,True
Hi4D,/home/shangguanrz/project/pic-edit/datasets/Hi4D_pilot_v1/raw/pair02/backhug02/images/64/000127.jpg,pair02/backhug02/images/64/000127.jpg,940,1280,940,False,True,0.053351063829787236,225.15797600823328,3954.041784408245,34.47648983939156,949.6103496690513,person,34.47648983939156,949.6103496690513,0.024119127516778523,True,True
Hi4D,/home/shangguanrz/project/pic-edit/datasets/Hi4D_pilot_v1/raw/pair14/talk14/images/4/000018.jpg,pair14/talk14/images/4/000018.jpg,940,1280,940,False,True,0.06267453457446809,277.0819660133234,5133.571008560505,37.20447606813763,796.2073206633738,person,37.20447606813763,796.2073206633738,0.024328859060402684,True,True
Hi4D,/home/shangguanrz/project/pic-edit/datasets/Hi4D_pilot_v1/raw/pair00/yoga00/images/4/000070.jpg,pair00/yoga00/images/4/000070.jpg,940,1280,940,False,True,0.051817652925531914,467.5583224012713,5341.531468168218,47.691013887764264,698.9147830365655,person,47.691013887764264,698.9147830365655,0.02453859060402685,True,True
Hi4D,/home/shangguanrz/project/pic-edit/datasets/Hi4D_pilot_v1/raw/pair12/highfive12/images/4/000024.jpg,pair12/highfive12/images/4/000024.jpg,940,1280,940,False,True,0.039777260638297875,246.98947170656047,5174.443151595745,33.01423477078857,1077.2374384784362,person,33.01423477078857,1077.2374384784362,0.02495805369127517,True,True
Hi4D,/home/shangguanrz/project/pic-edit/datasets/Hi4D_pilot_v1/raw/pair22/hug22/images/4/000012.jpg,pair22/hug22/images/4/000012.jpg,940,1280,940,False,True,0.06327709441489361,198.27353397261342,3430.311606549202,35.74744329045538,880.7020704490454,person,35.74744329045538,880.7020704490454,0.02537751677852349,True,True
Hi4D,/home/shangguanrz/project/pic-edit/datasets/Hi4D_pilot_v1/raw/pair02/backhug02/images/64/000020.jpg,pair02/backhug02/images/64/000020.jpg,940,1280,940,False,True,0.05236535904255319,228.10681239354656,3962.952138048537,38.25231318071847,821.4459803230453,person,38.25231318071847,821.4459803230453,0.025587248322147652,True,True
Hi4D,/home/shangguanrz/project/pic-edit/datasets/Hi4D_pilot_v1/raw/pair16/hug16/images/4/000038.jpg,pair16/hug16/images/4/000038.jpg,940,1280,940,False,True,0.05565907579787234,288.8383837918072,5418.515157496676,34.709383965753915,1000.890612244898,person,34.709383965753915,1000.890612244898,0.025796979865771813,True,True
Hi4D,/home/shangguanrz/project/pic-edit/datasets/Hi4D_pilot_v1/raw/pair22/hug22/images/4/000011.jpg,pair22/hug22/images/4/000011.jpg,940,1280,940,False,True,0.06222739361702127,201.99213772154116,3544.6289270279253,37.33087269568162,927.7816674845957,person,37.33087269568162,927.7816674845957,0.02600671140939597,True,True
Hi4D,/home/shangguanrz/project/pic-edit/datasets/Hi4D_pilot_v1/raw/pair16/jump16/images/4/000056.jpg,pair16/jump16/images/4/000056.jpg,940,1280,940,False,True,0.05521692154255319,244.65494481917685,4637.781146110372,33.45071466594525,1156.7612906721574,person,33.45071466594525,1156.7612906721574,0.027474832214765103,True,True
Hi4D,/home/shangguanrz/project/pic-edit/datasets/Hi4D_pilot_v1/raw/pair22/hug22/images/4/000010.jpg,pair22/hug22/images/4/000010.jpg,940,1280,940,False,True,0.06162483377659574,212.35614857880333,3686.309435255984,40.61399326366008,968.9658032233987,person,40.61399326366008,968.9658032233987,0.028104026845637585,True,True
Hi4D,/home/shangguanrz/project/pic-edit/datasets/Hi4D_pilot_v1/raw/pair16/jump16/images/4/000053.jpg,pair16/jump16/images/4/000053.jpg,940,1280,940,False,True,0.05648105053191489,246.92915245867687,4636.082488364362,35.40232298166304,1050.2319936119245,person,35.40232298166304,1050.2319936119245,0.028313758389261746,True,True
Hi4D,/home/shangguanrz/project/pic-edit/datasets/Hi4D_pilot_v1/raw/pair02/backhug02/images/64/000018.jpg,pair02/backhug02/images/64/000018.jpg,940,1280,940,False,True,0.05374750664893617,230.46811381234684,4018.754643866356,43.29207176138103,933.198186103404,person,43.29207176138103,933.198186103404,0.02873322147651007,True,True
Hi4D,/home/shangguanrz/project/pic-edit/datasets/Hi4D_pilot_v1/raw/pair02/backhug02/images/64/000129.jpg,pair02/backhug02/images/64/000129.jpg,940,1280,940,False,True,0.05171625664893617,225.73568019461123,3962.8030668218084,38.191945096996946,1043.533562077351,person,38.191945096996946,1043.533562077351,0.028942953020134228,True,True
Hi4D,/home/shangguanrz/project/pic-edit/datasets/Hi4D_pilot_v1/raw/pair22/hug22/images/4/000020.jpg,pair22/hug22/images/4/000020.jpg,940,1280,940,False,True,0.06847905585106383,194.76860925046606,3512.12665184508,42.97585263693063,971.1350950118765,person,42.97585263693063,971.1350950118765,0.02936241610738255,True,True
Hi4D,/home/shangguanrz/project/pic-edit/datasets/Hi4D_pilot_v1/raw/pair22/hug22/images/4/000019.jpg,pair22/hug22/images/4/000019.jpg,940,1280,940,False,True,0.06860289228723404,194.05002645690172,3418.2618849734044,42.54937949427907,1020.6095625433985,person,42.54937949427907,1020.6095625433985,0.030201342281879193,True,True
Hi4D,/home/shangguanrz/project/pic-edit/datasets/Hi4D_pilot_v1/raw/pair22/hug22/images/4/000065.jpg,pair22/hug22/images/4/000065.jpg,940,1280,940,False,True,0.06470412234042554,189.2903384332368,3318.4899019281916,44.1258800711867,991.9518520458951,person,44.1258800711867,991.9518520458951,0.030620805369127518,True,True
Hi4D,/home/shangguanrz/project/pic-edit/datasets/Hi4D_pilot_v1/raw/pair02/backhug02/images/64/000131.jpg,pair02/backhug02/images/64/000131.jpg,940,1280,940,False,True,0.050733045212765955,226.672709026586,3977.5438206449467,38.96997502917019,1122.9581581445816,person,38.96997502917019,1122.9581581445816,0.031459731543624164,True,True
Hi4D,/home/shangguanrz/project/pic-edit/datasets/Hi4D_pilot_v1/raw/pair16/hug16/images/4/000053.jpg,pair16/hug16/images/4/000053.jpg,940,1280,940,False,True,0.05648105053191489,265.9611242526578,4908.257843666888,35.040512324115916,1231.785360660101,person,35.040512324115916,1231.785360660101,0.03166946308724832,True,True
Hi4D,/home/shangguanrz/project/pic-edit/datasets/Hi4D_pilot_v1/raw/pair22/hug22/images/4/000009.jpg,pair22/hug22/images/4/000009.jpg,940,1280,940,False,True,0.061571642287234045,218.25594611400498,3867.131929438165,44.747505404011996,1024.0640207694644,person,44.747505404011996,1024.0640207694644,0.03208892617449664,True,True
Hi4D,/home/shangguanrz/project/pic-edit/datasets/Hi4D_pilot_v1/raw/pair14/talk14/images/4/000019.jpg,pair14/talk14/images/4/000019.jpg,940,1280,940,False,True,0.06266289893617022,278.06144740938754,5142.052412317154,47.58355045919471,987.836831657392,person,47.58355045919471,987.836831657392,0.03229865771812081,True,True
Hi4D,/home/shangguanrz/project/pic-edit/datasets/Hi4D_pilot_v1/raw/pair10/argue10/images/52/000109.jpg,pair10/argue10/images/52/000109.jpg,940,1280,940,False,True,0.05462682845744681,230.88424036714915,3736.0530668218084,48.40616105099914,958.9849612638615,person,48.40616105099914,958.9849612638615,0.032508389261744965,True,True
Hi4D,/home/shangguanrz/project/pic-edit/datasets/Hi4D_pilot_v1/raw/pair10/argue10/images/52/000107.jpg,pair10/argue10/images/52/000107.jpg,940,1280,940,False,True,0.05413730053191489,226.75925109609327,3746.525214012633,48.94555799417856,982.3784613835464,person,48.94555799417856,982.3784613835464,0.033347315436241615,True,True
Hi4D,/home/shangguanrz/project/pic-edit/datasets/Hi4D_pilot_v1/raw/pair22/hug22/images/4/000062.jpg,pair22/hug22/images/4/000062.jpg,940,1280,940,False,True,0.06611619015957447,189.28916493731424,3311.2696559175533,44.87539270994097,1097.3681128149803,person,44.87539270994097,1097.3681128149803,0.033347315436241615,True,True
Hi4D,/home/shangguanrz/project/pic-edit/datasets/Hi4D_pilot_v1/raw/pair02/backhug02/images/64/000067.jpg,pair02/backhug02/images/64/000067.jpg,940,1280,940,False,True,0.05806432845744681,230.61657391135756,3996.6185900099736,45.73766003140539,1098.0351091809896,person,45.73766003140539,1098.0351091809896,0.033976510067114093,True,True
Hi4D,/home/shangguanrz/project/pic-edit/datasets/Hi4D_pilot_v1/raw/pair22/hug22/images/4/000064.jpg,pair22/hug22/images/4/000064.jpg,940,1280,940,False,True,0.06456283244680851,187.71963118125322,3300.3691198470747,46.36334228341382,1109.885503620803,person,46.36334228341382,1109.885503620803,0.0350251677852349,True,True
Hi4D,/home/shangguanrz/project/pic-edit/datasets/Hi4D_pilot_v1/raw/pair22/hug22/images/4/000061.jpg,pair22/hug22/images/4/000061.jpg,940,1280,940,False,True,0.06721742021276596,188.02688996375764,3303.3395528590427,45.993089198899376,1144.4271849542392,person,45.993089198899376,1144.4271849542392,0.035444630872483215,True,True
Hi4D,/home/shangguanrz/project/pic-edit/datasets/Hi4D_pilot_v1/raw/pair01/fight01/images/52/000024.jpg,pair01/fight01/images/52/000024.jpg,940,1280,940,False,True,0.0708876329787234,221.14737121632004,3817.9149143949467,44.00355489589346,1257.387355036204,person,44.00355489589346,1257.387355036204,0.03607382550335571,True,True
Hi4D,/home/shangguanrz/project/pic-edit/datasets/Hi4D_pilot_v1/raw/pair16/jump16/images/4/000034.jpg,pair16/jump16/images/4/000034.jpg,940,1280,940,False,True,0.05479886968085106,264.6790528990339,5035.901761968085,38.80089478192412,1341.0655565062857,person,38.80089478192412,1341.0655565062857,0.03691275167785235,True,True
Hi4D,/home/shangguanrz/project/pic-edit/datasets/Hi4D_pilot_v1/raw/pair16/jump16/images/4/000055.jpg,pair16/jump16/images/4/000055.jpg,940,1280,940,False,True,0.05600814494680851,243.55333004042598,4606.26337059508,44.42771835827071,1277.7629947672078,person,44.42771835827071,1277.7629947672078,0.03733221476510067,True,True
Hi4D,/home/shangguanrz/project/pic-edit/datasets/Hi4D_pilot_v1/raw/pair22/hug22/images/4/000001.jpg,pair22/hug22/images/4/000001.jpg,940,1280,940,False,True,0.06358959441489362,221.38828574256587,3739.696039727394,50.72684620459415,1101.089798115747,person,50.72684620459415,1101.089798115747,0.03733221476510067,True,True
Hi4D,/home/shangguanrz/project/pic-edit/datasets/Hi4D_pilot_v1/raw/pair22/hug22/images/4/000007.jpg,pair22/hug22/images/4/000007.jpg,940,1280,940,False,True,0.06259973404255319,219.28094148503644,3780.790880568484,51.45245744059238,1148.6196982947092,person,51.45245744059238,1148.6196982947092,0.039219798657718116,True,True
Hi4D,/home/shangguanrz/project/pic-edit/datasets/Hi4D_pilot_v1/raw/pair22/hug22/images/4/000021.jpg,pair22/hug22/images/4/000021.jpg,940,1280,940,False,True,0.06837433510638298,196.46451983995814,3485.0411195146276,50.125710747725876,1188.0795040297583,person,50.125710747725876,1188.0795040297583,0.039219798657718116,True,True
Hi4D,/home/shangguanrz/project/pic-edit/datasets/Hi4D_pilot_v1/raw/pair22/hug22/images/4/000002.jpg,pair22/hug22/images/4/000002.jpg,940,1280,940,False,True,0.06358793218085107,219.68631948673007,3731.759734458112,52.337126626967134,1129.5476132849267,person,52.337126626967134,1129.5476132849267,0.03942953020134228,True,True
Hi4D,/home/shangguanrz/project/pic-edit/datasets/Hi4D_pilot_v1/raw/pair01/fight01/images/52/000025.jpg,pair01/fight01/images/52/000025.jpg,940,1280,940,False,True,0.07151346409574467,220.36115580349278,3787.865286319814,48.308494264905654,1283.4350687507344,person,48.308494264905654,1283.4350687507344,0.039639261744966445,True,True
Hi4D,/home/shangguanrz/project/pic-edit/datasets/Hi4D_pilot_v1/raw/pair22/hug22/images/4/000006.jpg,pair22/hug22/images/4/000006.jpg,940,1280,940,False,True,0.06293384308510638,219.25834054102884,3758.538543051862,52.420065830891375,1176.8267208672087,person,52.420065830891375,1176.8267208672087,0.04047818791946309,True,True
Hi4D,/home/shangguanrz/project/pic-edit/datasets/Hi4D_pilot_v1/raw/pair16/jump16/images/4/000058.jpg,pair16/jump16/images/4/000058.jpg,940,1280,940,False,True,0.05279587765957447,248.3285843882155,4745.100087267288,40.791197638672735,1379.3600754264164,person,40.791197638672735,1379.3600754264164,0.04089765100671141,False,True
Hi4D,/home/shangguanrz/project/pic-edit/datasets/Hi4D_pilot_v1/raw/pair22/hug22/images/4/000086.jpg,pair22/hug22/images/4/000086.jpg,940,1280,940,False,True,0.06531831781914893,188.24800914763426,3340.592783826463,56.92514936768445,1051.2729766051398,person,56.92514936768445,1051.2729766051398,0.041526845637583895,False,True
Hi4D,/home/shangguanrz/project/pic-edit/datasets/Hi4D_pilot_v1/raw/pair22/hug22/images/4/000004.jpg,pair22/hug22/images/4/000004.jpg,940,1280,940,False,True,0.06339345079787234,220.28548198673946,3724.4010762965427,53.420196562812954,1185.708184861246,person,53.420196562812954,1185.708184861246,0.042156040268456374,True,True
Hi4D,/home/shangguanrz/project/pic-edit/datasets/Hi4D_pilot_v1/raw/pair22/hug22/images/4/000005.jpg,pair22/hug22/images/4/000005.jpg,940,1280,940,False,True,0.0632878989361702,220.42538601340837,3751.5033036901596,53.66796099609001,1194.8021511769316,person,53.66796099609001,1194.8021511769316,0.04320469798657718,True,True
Hi4D,/home/shangguanrz/project/pic-edit/datasets/Hi4D_pilot_v1/raw/pair02/backhug02/images/64/000069.jpg,pair02/backhug02/images/64/000069.jpg,940,1280,940,False,True,0.059864527925531916,231.8006010231469,4000.7025224401596,53.70818567857565,1226.5282210977034,person,53.70818567857565,1226.5282210977034,0.0436241610738255,True,True
Hi4D,/home/shangguanrz/project/pic-edit/datasets/Hi4D_pilot_v1/raw/pair12/highfive12/images/4/000020.jpg,pair12/highfive12/images/4/000020.jpg,940,1280,940,False,True,0.03757729388297872,249.67828961970739,5260.617104388298,47.860818259404326,1365.495991370514,person,47.860818259404326,1365.495991370514,0.0436241610738255,True,True
Hi4D,/home/shangguanrz/project/pic-edit/datasets/Hi4D_pilot_v1/raw/pair22/hug22/images/4/000060.jpg,pair22/hug22/images/4/000060.jpg,940,1280,940,False,True,0.06768367686170212,187.76074068467506,3301.084254488032,52.90671920937507,1290.0966069863528,person,52.90671920937507,1290.0966069863528,0.04425335570469799,True,True
Hi4D,/home/shangguanrz/project/pic-edit/datasets/Hi4D_pilot_v1/raw/pair22/hug22/images/4/000084.jpg,pair22/hug22/images/4/000084.jpg,940,1280,940,False,True,0.06521858377659574,190.34460579531395,3371.663304105718,54.77966421627822,1244.7577472527473,person,54.77966421627822,1244.7577472527473,0.0446728187919463,True,True
Hi4D,/home/shangguanrz/project/pic-edit/datasets/Hi4D_pilot_v1/raw/pair10/argue10/images/52/000104.jpg,pair10/argue10/images/52/000104.jpg,940,1280,940,False,True,0.05264544547872341,215.62475018039336,3590.00262840758,57.00812823549623,1275.618269254728,person,57.00812823549623,1275.618269254728,0.04614093959731544,False,True
Hi4D,/home/shangguanrz/project/pic-edit/datasets/Hi4D_pilot_v1/raw/pair01/talk01/images/16/000020.jpg,pair01/talk01/images/16/000020.jpg,940,1280,940,False,True,0.048517287234042555,206.86892236954708,3449.88104637633,56.78196899519876,1303.156884107313,person,56.78196899519876,1303.156884107313,0.04677013422818792,False,True
Hi4D,/home/shangguanrz/project/pic-edit/datasets/Hi4D_pilot_v1/raw/pair10/argue10/images/52/000115.jpg,pair10/argue10/images/52/000115.jpg,940,1280,940,False,True,0.04998337765957447,239.22818763807055,3950.692611369681,59.816657815554045,1185.4099810854066,person,59.816657815554045,1185.4099810854066,0.04677013422818792,False,True
Hi4D,/home/shangguanrz/project/pic-edit/datasets/Hi4D_pilot_v1/raw/pair22/hug22/images/4/000059.jpg,pair22/hug22/images/4/000059.jpg,940,1280,940,False,True,0.0677734375,188.48050916081593,3309.3887342087764,56.23862069155356,1328.134923015397,person,56.23862069155356,1328.134923015397,0.04697986577181208,False,True
Hi4D,/home/shangguanrz/project/pic-edit/datasets/Hi4D_pilot_v1/raw/pair12/highfive12/images/4/000026.jpg,pair12/highfive12/images/4/000026.jpg,940,1280,940,False,True,0.04145861037234042,244.3203715284036,5151.906042220745,41.69852885178578,1436.8769773897109,person,41.69852885178578,1436.8769773897109,0.04718959731543624,False,True
Hi4D,/home/shangguanrz/project/pic-edit/datasets/Hi4D_pilot_v1/raw/pair02/backhug02/images/64/000059.jpg,pair02/backhug02/images/64/000059.jpg,940,1280,940,False,True,0.055008311170212765,229.38914536328917,4066.830285904255,49.89087420230634,1402.7565738412343,person,49.89087420230634,1402.7565738412343,0.047818791946308725,False,True
Hi4D,/home/shangguanrz/project/pic-edit/datasets/Hi4D_pilot_v1/raw/pair22/hug22/images/4/000090.jpg,pair22/hug22/images/4/000090.jpg,940,1280,940,False,True,0.06620595079787234,189.8417751230013,3389.689099900266,61.41735399010566,1108.6813885223387,person,61.41735399010566,1108.6813885223387,0.04802852348993289,False,True
Hi4D,/home/shangguanrz/project/pic-edit/datasets/Hi4D_pilot_v1/raw/pair09/talk09/images/76/000073.jpg,pair09/talk09/images/76/000073.jpg,940,1280,940,False,True,0.04700714760638298,267.9323192639769,3862.707789644282,58.553894963385986,1331.8574034736973,person,58.553894963385986,1331.8574034736973,0.04949664429530201,False,True
Hi4D,/home/shangguanrz/project/pic-edit/datasets/Hi4D_pilot_v1/raw/pair22/hug22/images/4/000082.jpg,pair22/hug22/images/4/000082.jpg,940,1280,940,False,True,0.06538231382978724,189.57227438108157,3338.5227829953456,59.93045242769475,1326.1978580405441,person,59.93045242769475,1326.1978580405441,0.050335570469798654,False,True
Hi4D,/home/shangguanrz/project/pic-edit/datasets/Hi4D_pilot_v1/raw/pair09/talk09/images/76/000075.jpg,pair09/talk09/images/76/000075.jpg,940,1280,940,False,True,0.04626496010638298,269.6821520635853,3884.195031998005,59.97350976493652,1325.642541901579,person,59.97350976493652,1325.642541901579,0.05054530201342282,False,True
Hi4D,/home/shangguanrz/project/pic-edit/datasets/Hi4D_pilot_v1/raw/pair09/talk09/images/76/000074.jpg,pair09/talk09/images/76/000074.jpg,940,1280,940,False,True,0.046659740691489364,268.82366490472,3880.510035738032,59.856665922595255,1335.9164084347367,person,59.856665922595255,1335.9164084347367,0.05075503355704698,False,True
Hi4D,/home/shangguanrz/project/pic-edit/datasets/Hi4D_pilot_v1/raw/pair02/backhug02/images/64/000071.jpg,pair02/backhug02/images/64/000071.jpg,940,1280,940,False,True,0.06114777260638298,237.6003644260253,4104.061326047207,61.10020503264678,1276.2861161617893,person,61.10020503264678,1276.2861161617893,0.0511744966442953,False,True
Hi4D,/home/shangguanrz/project/pic-edit/datasets/Hi4D_pilot_v1/raw/pair09/talk09/images/76/000072.jpg,pair09/talk09/images/76/000072.jpg,940,1280,940,False,True,0.04718500664893617,266.36465944613525,3861.7294298537236,59.93246356293941,1336.2701505536893,person,59.93246356293941,1336.2701505536893,0.05138422818791946,False,True
Hi4D,/home/shangguanrz/project/pic-edit/datasets/Hi4D_pilot_v1/raw/pair16/jump16/images/4/000033.jpg,pair16/jump16/images/4/000033.jpg,940,1280,940,False,True,0.05498753324468085,264.9267573704165,5035.535727642952,42.57486511032623,1520.099715476742,person,42.57486511032623,1520.099715476742,0.05201342281879195,False,True
Hi4D,/home/shangguanrz/project/pic-edit/datasets/Hi4D_pilot_v1/raw/pair09/talk09/images/76/000071.jpg,pair09/talk09/images/76/000071.jpg,940,1280,940,False,True,0.047144281914893615,265.0970484187238,3852.58075340758,60.82499361667179,1338.7781186859238,person,60.82499361667179,1338.7781186859238,0.05285234899328859,False,True
Hi4D,/home/shangguanrz/project/pic-edit/datasets/Hi4D_pilot_v1/raw/pair09/talk09/images/76/000068.jpg,pair09/talk09/images/76/000068.jpg,940,1280,940,False,True,0.046433676861702126,264.4282034385414,3842.491345994016,60.006719233216224,1349.195902818074,person,60.006719233216224,1349.195902818074,0.05306208053691275,False,True
Hi4D,/home/shangguanrz/project/pic-edit/datasets/Hi4D_pilot_v1/raw/pair09/talk09/images/76/000069.jpg,pair09/talk09/images/76/000069.jpg,940,1280,940,False,True,0.046772772606382976,263.5453087496455,3839.195000831117,60.17845426142069,1344.4631505239204,person,60.17845426142069,1344.4631505239204,0.05306208053691275,False,True
Hi4D,/home/shangguanrz/project/pic-edit/datasets/Hi4D_pilot_v1/raw/pair09/talk09/images/76/000070.jpg,pair09/talk09/images/76/000070.jpg,940,1280,940,False,True,0.04698055186170213,263.6004900083978,3835.2028341090427,61.202589465884145,1344.1576270761832,person,61.202589465884145,1344.1576270761832,0.054110738255033555,False,True
Hi4D,/home/shangguanrz/project/pic-edit/datasets/Hi4D_pilot_v1/raw/pair16/hug16/images/4/000036.jpg,pair16/hug16/images/4/000036.jpg,940,1280,940,False,True,0.055045711436170215,301.2980794115485,5664.017983294548,45.27729717013099,1529.25471636953,person,45.27729717013099,1529.25471636953,0.05473993288590604,False,True
Hi4D,/home/shangguanrz/project/pic-edit/datasets/Hi4D_pilot_v1/raw/pair09/talk09/images/76/000067.jpg,pair09/talk09/images/76/000067.jpg,940,1280,940,False,True,0.04596658909574468,263.25336854106536,3849.8290392287236,62.21117658853467,1358.06818647541,person,62.21117658853467,1358.06818647541,0.055998322147651006,False,True
Hi4D,/home/shangguanrz/project/pic-edit/datasets/Hi4D_pilot_v1/raw/pair12/highfive12/images/4/000022.jpg,pair12/highfive12/images/4/000022.jpg,940,1280,940,False,True,0.03862034574468085,247.45931384767437,5170.924067071143,51.47726862430294,1484.8523146427244,person,51.47726862430294,1484.8523146427244,0.05620805369127517,False,True
Hi4D,/home/shangguanrz/project/pic-edit/datasets/Hi4D_pilot_v1/raw/pair09/talk09/images/76/000066.jpg,pair09/talk09/images/76/000066.jpg,940,1280,940,False,True,0.04547373670212766,264.5765716290247,3873.1858377659573,62.06252824285078,1370.0501689628281,person,62.06252824285078,1370.0501689628281,0.05683724832214765,False,True
Hi4D,/home/shangguanrz/project/pic-edit/datasets/Hi4D_pilot_v1/raw/pair09/talk09/images/76/000062.jpg,pair09/talk09/images/76/000062.jpg,940,1280,940,False,True,0.044999168882978724,260.43554478967394,3832.35546875,62.66906384013208,1361.31004622005,person,62.66906384013208,1361.31004622005,0.05746644295302013,False,True
Hi4D,/home/shangguanrz/project/pic-edit/datasets/Hi4D_pilot_v1/raw/pair09/talk09/images/76/000049.jpg,pair09/talk09/images/76/000049.jpg,940,1280,940,False,True,0.04313746675531915,243.03068572830534,3579.876921958112,62.33647176387094,1372.3518453898805,person,62.33647176387094,1372.3518453898805,0.057885906040268456,False,True
Hi4D,/home/shangguanrz/project/pic-edit/datasets/Hi4D_pilot_v1/raw/pair14/dance14/images/16/000111.jpg,pair14/dance14/images/16/000111.jpg,940,1280,940,False,True,0.059465591755319146,289.1616871946265,4914.787556100399,51.634403130996404,1521.9702666175206,person,51.634403130996404,1521.9702666175206,0.0587248322147651,False,True
Hi4D,/home/shangguanrz/project/pic-edit/datasets/Hi4D_pilot_v1/raw/pair09/talk09/images/76/000034.jpg,pair09/talk09/images/76/000034.jpg,940,1280,940,False,True,0.04591090425531915,242.67577291795058,3441.983045212766,63.50893956106289,1363.6935412897863,person,63.50893956106289,1363.6935412897863,0.05956375838926174,False,True
Hi4D,/home/shangguanrz/project/pic-edit/datasets/Hi4D_pilot_v1/raw/pair22/hug22/images/4/000022.jpg,pair22/hug22/images/4/000022.jpg,940,1280,940,False,True,0.06811668882978723,193.40665257651645,3438.8316156914893,62.0744182782319,1404.1305204358994,person,62.0744182782319,1404.1305204358994,0.060192953020134235,False,True
Hi4D,/home/shangguanrz/project/pic-edit/datasets/Hi4D_pilot_v1/raw/pair09/talk09/images/76/000051.jpg,pair09/talk09/images/76/000051.jpg,940,1280,940,False,True,0.043580452127659576,245.0293399910681,3613.186783161569,62.90463228860852,1390.1624662097588,person,62.90463228860852,1390.1624662097588,0.06061241610738255,False,True
Hi4D,/home/shangguanrz/project/pic-edit/datasets/Hi4D_pilot_v1/raw/pair09/talk09/images/76/000065.jpg,pair09/talk09/images/76/000065.jpg,940,1280,940,False,True,0.04499501329787234,266.52392273501823,3892.472344581117,63.39004261718427,1386.1347527074386,person,63.39004261718427,1386.1347527074386,0.060822147651006714,False,True
Hi4D,/home/shangguanrz/project/pic-edit/datasets/Hi4D_pilot_v1/raw/pair09/talk09/images/76/000056.jpg,pair09/talk09/images/76/000056.jpg,940,1280,940,False,True,0.04458776595744681,251.14976288323587,3721.908826462766,63.069592484193,1390.7178782243066,person,63.069592484193,1390.7178782243066,0.06124161073825503,False,True
Hi4D,/home/shangguanrz/project/pic-edit/datasets/Hi4D_pilot_v1/raw/pair09/talk09/images/76/000048.jpg,pair09/talk09/images/76/000048.jpg,940,1280,940,False,True,0.042926363031914896,244.36005821061818,3566.9706407912236,63.68158918522848,1385.7598002362797,person,63.68158918522848,1385.7598002362797,0.06145134228187919,False,True
Hi4D,/home/shangguanrz/project/pic-edit/datasets/Hi4D_pilot_v1/raw/pair01/fight01/images/52/000027.jpg,pair01/fight01/images/52/000027.jpg,940,1280,940,False,True,0.07188081781914894,225.43109948541198,3867.5771484375,57.742313310516714,1488.106211836543,person,57.742313310516714,1488.106211836543,0.062290268456375836,False,True
Hi4D,/home/shangguanrz/project/pic-edit/datasets/Hi4D_pilot_v1/raw/pair09/talk09/images/76/000057.jpg,pair09/talk09/images/76/000057.jpg,940,1280,940,False,True,0.044605219414893614,253.62457580809797,3731.8025785405584,63.91230970555355,1388.666218143653,person,63.91230970555355,1388.666218143653,0.0625,False,True
Hi4D,/home/shangguanrz/project/pic-edit/datasets/Hi4D_pilot_v1/raw/pair09/talk09/images/76/000036.jpg,pair09/talk09/images/76/000036.jpg,940,1280,940,False,True,0.04608543882978723,244.71563967982803,3422.6423807347073,64.3818026386332,1373.5381191145898,person,64.3818026386332,1373.5381191145898,0.06291946308724833,False,True
Hi4D,/home/shangguanrz/project/pic-edit/datasets/Hi4D_pilot_v1/raw/pair09/talk09/images/76/000052.jpg,pair09/talk09/images/76/000052.jpg,940,1280,940,False,True,0.0435513630319149,247.04493789318838,3633.033442071144,63.22873167660583,1405.7921289969938,person,63.22873167660583,1405.7921289969938,0.06291946308724833,False,True
Hi4D,/home/shangguanrz/project/pic-edit/datasets/Hi4D_pilot_v1/raw/pair09/talk09/images/76/000033.jpg,pair09/talk09/images/76/000033.jpg,940,1280,940,False,True,0.04582945478723404,246.39150029102453,3469.434258643617,65.27753386257835,1360.6978758607265,person,65.27753386257835,1360.6978758607265,0.06354865771812081,False,True
Hi4D,/home/shangguanrz/project/pic-edit/datasets/Hi4D_pilot_v1/raw/pair22/hug22/images/4/000057.jpg,pair22/hug22/images/4/000057.jpg,940,1280,940,False,True,0.06725897606382979,188.76395187792377,3304.2812292220747,62.645671992474156,1427.3834684934268,person,62.645671992474156,1427.3834684934268,0.06354865771812081,False,True
Hi4D,/home/shangguanrz/project/pic-edit/datasets/Hi4D_pilot_v1/raw/pair09/talk09/images/76/000043.jpg,pair09/talk09/images/76/000043.jpg,940,1280,940,False,True,0.045464594414893617,239.08217175269138,3440.314047955452,64.01704702471187,1402.4936261328553,person,64.01704702471187,1402.4936261328553,0.06375838926174497,False,True
Hi4D,/home/shangguanrz/project/pic-edit/datasets/Hi4D_pilot_v1/raw/pair09/talk09/images/76/000042.jpg,pair09/talk09/images/76/000042.jpg,940,1280,940,False,True,0.045658244680851064,243.08754910789725,3443.1988031914893,64.2210317677165,1410.6550341550342,person,64.2210317677165,1410.6550341550342,0.06606543624161074,False,True
Hi4D,/home/shangguanrz/project/pic-edit/datasets/Hi4D_pilot_v1/raw/pair09/talk09/images/76/000031.jpg,pair09/talk09/images/76/000031.jpg,940,1280,940,False,True,0.045668218085106384,252.00172402792356,3574.958288314495,65.39085926569973,1388.7067454455932,person,65.39085926569973,1388.7067454455932,0.06648489932885907,False,True
Hi4D,/home/shangguanrz/project/pic-edit/datasets/Hi4D_pilot_v1/raw/pair09/talk09/images/76/000054.jpg,pair09/talk09/images/76/000054.jpg,940,1280,940,False,True,0.044291057180851065,246.73661555775482,3676.974817154255,64.75109570654345,1415.6941739650765,person,64.75109570654345,1415.6941739650765,0.0673238255033557,False,True
Hi4D,/home/shangguanrz/project/pic-edit/datasets/Hi4D_pilot_v1/raw/pair09/talk09/images/76/000053.jpg,pair09/talk09/images/76/000053.jpg,940,1280,940,False,True,0.0440234375,247.8580934236146,3671.054822556516,64.80379004410563,1408.2510638297872,person,64.80379004410563,1408.2510638297872,0.06732382550335571,False,True
Hi4D,/home/shangguanrz/project/pic-edit/datasets/Hi4D_pilot_v1/raw/pair09/talk09/images/76/000061.jpg,pair09/talk09/images/76/000061.jpg,940,1280,940,False,True,0.044930186170212764,260.4752508640937,3811.342783826463,64.3896214532917,1418.615204926736,person,64.3896214532917,1418.615204926736,0.06732382550335571,False,True
Hi4D,/home/shangguanrz/project/pic-edit/datasets/Hi4D_pilot_v1/raw/pair09/talk09/images/76/000035.jpg,pair09/talk09/images/76/000035.jpg,940,1280,940,False,True,0.04599401595744681,244.1274024685512,3436.0923994348404,65.45042089173997,1396.9682694654625,person,65.45042089173997,1396.9682694654625,0.06753355704697986,False,True
Hi4D,/home/shangguanrz/project/pic-edit/datasets/Hi4D_pilot_v1/raw/pair09/talk09/images/76/000063.jpg,pair09/talk09/images/76/000063.jpg,940,1280,940,False,True,0.044969248670212764,262.8458229417227,3857.955285904255,64.26888054373995,1434.9861133195527,person,64.26888054373995,1434.9861133195527,0.06837248322147652,False,True
Hi4D,/home/shangguanrz/project/pic-edit/datasets/Hi4D_pilot_v1/raw/pair00/yoga00/images/4/000052.jpg,pair00/yoga00/images/4/000052.jpg,940,1280,940,False,True,0.05621426196808511,633.9410491289732,6186.026211353059,60.98646345690257,1536.783859990277,person,60.98646345690257,1536.783859990277,0.06879194630872483,False,True
Hi4D,/home/shangguanrz/project/pic-edit/datasets/Hi4D_pilot_v1/raw/pair09/talk09/images/76/000040.jpg,pair09/talk09/images/76/000040.jpg,940,1280,940,False,True,0.045916722074468085,250.2977471329767,3547.917833693484,63.86365967964016,1444.6382873772998,person,63.86365967964016,1444.6382873772998,0.06921140939597314,False,True
Hi4D,/home/shangguanrz/project/pic-edit/datasets/Hi4D_pilot_v1/raw/pair16/hug16/images/4/000058.jpg,pair16/hug16/images/4/000058.jpg,940,1280,940,False,True,0.05279587765957447,260.15832214905373,4884.175272190824,44.41436649953524,1768.1244535870403,person,44.41436649953524,1768.1244535870403,0.06921140939597314,False,False
Hi4D,/home/shangguanrz/project/pic-edit/datasets/Hi4D_pilot_v1/raw/pair09/talk09/images/76/000064.jpg,pair09/talk09/images/76/000064.jpg,940,1280,940,False,True,0.04497589760638298,263.3172493557036,3882.3950818650264,64.09163234279542,1439.355978044706,person,64.09163234279542,1439.355978044706,0.06921140939597316,False,True
Hi4D,/home/shangguanrz/project/pic-edit/datasets/Hi4D_pilot_v1/raw/pair12/highfive12/images/4/000119.jpg,pair12/highfive12/images/4/000119.jpg,940,1280,940,False,True,0.07675947473404256,245.37994850267378,5127.031894115691,58.24169995650111,1609.1130305785518,person,58.24169995650111,1609.1130305785518,0.06921140939597316,False,True
Hi4D,/home/shangguanrz/project/pic-edit/datasets/Hi4D_pilot_v1/raw/pair09/talk09/images/76/000050.jpg,pair09/talk09/images/76/000050.jpg,940,1280,940,False,True,0.04347406914893617,244.800010038318,3596.629134807181,65.62955272808462,1407.257050278716,person,65.62955272808462,1407.257050278716,0.06942114093959731,False,True
Hi4D,/home/shangguanrz/project/pic-edit/datasets/Hi4D_pilot_v1/raw/pair09/talk09/images/76/000059.jpg,pair09/talk09/images/76/000059.jpg,940,1280,940,False,True,0.04480801196808511,257.7111369102936,3793.591339760638,64.82029528777908,1434.2291861303152,person,64.82029528777908,1434.2291861303152,0.06963087248322147,False,True
Hi4D,/home/shangguanrz/project/pic-edit/datasets/Hi4D_pilot_v1/raw/pair09/talk09/images/76/000060.jpg,pair09/talk09/images/76/000060.jpg,940,1280,940,False,True,0.044879488031914896,257.46168718339635,3804.23944481383,64.92801720438726,1427.7790428560027,person,64.92801720438726,1427.7790428560027,0.06963087248322147,False,True
Hi4D,/home/shangguanrz/project/pic-edit/datasets/Hi4D_pilot_v1/raw/pair09/talk09/images/76/000037.jpg,pair09/talk09/images/76/000037.jpg,940,1280,940,False,True,0.04607878989361702,244.4324149005065,3423.9534470578456,65.82455583381123,1404.1890866361477,person,65.82455583381123,1404.1890866361477,0.0700503355704698,False,True
Hi4D,/home/shangguanrz/project/pic-edit/datasets/Hi4D_pilot_v1/raw/pair09/talk09/images/76/000038.jpg,pair09/talk09/images/76/000038.jpg,940,1280,940,False,True,0.04603141622340425,246.60577779228518,3461.971544630984,65.50734726564299,1419.8947599210699,person,65.50734726564299,1419.8947599210699,0.07046979865771812,False,True
Hi4D,/home/shangguanrz/project/pic-edit/datasets/Hi4D_pilot_v1/raw/pair09/talk09/images/76/000041.jpg,pair09/talk09/images/76/000041.jpg,940,1280,940,False,True,0.045851063829787236,248.50195685462091,3484.701306931516,64.75654054290825,1444.2702662794704,person,64.75654054290825,1444.2702662794704,0.0710989932885906,False,True
Hi4D,/home/shangguanrz/project/pic-edit/datasets/Hi4D_pilot_v1/raw/pair09/talk09/images/76/000055.jpg,pair09/talk09/images/76/000055.jpg,940,1280,940,False,True,0.044562001329787236,249.53830012696645,3688.886479803856,65.14381780298791,1437.4559560368514,person,65.14381780298791,1437.4559560368514,0.07130872483221476,False,True
Hi4D,/home/shangguanrz/project/pic-edit/datasets/Hi4D_pilot_v1/raw/pair09/talk09/images/76/000058.jpg,pair09/talk09/images/76/000058.jpg,940,1280,940,False,True,0.04470994015957447,256.10534564266385,3753.54296875,65.87596359178798,1411.9338347474638,person,65.87596359178798,1411.9338347474638,0.07130872483221476,False,True
Hi4D,/home/shangguanrz/project/pic-edit/datasets/Hi4D_pilot_v1/raw/pair09/talk09/images/76/000032.jpg,pair09/talk09/images/76/000032.jpg,940,1280,940,False,True,0.0457421875,249.59087445971767,3532.5864465591753,66.82308524525251,1403.082515165542,person,66.82308524525251,1403.082515165542,0.07235738255033558,False,True
Hi4D,/home/shangguanrz/project/pic-edit/datasets/Hi4D_pilot_v1/raw/pair00/hug00/images/4/000042.jpg,pair00/hug00/images/4/000042.jpg,940,1280,940,False,True,0.05613364361702128,582.5836760905763,7169.871831366357,69.05059069569019,1358.0805802249852,person,69.05059069569019,1358.0805802249852,0.0727768456375839,False,True
Hi4D,/home/shangguanrz/project/pic-edit/datasets/Hi4D_pilot_v1/raw/pair09/talk09/images/76/000039.jpg,pair09/talk09/images/76/000039.jpg,940,1280,940,False,True,0.04599152260638298,251.38696381094877,3538.712443899601,65.24499236791604,1444.6714788992633,person,65.24499236791604,1444.6714788992633,0.0727768456375839,False,True
Hi4D,/home/shangguanrz/project/pic-edit/datasets/Hi4D_pilot_v1/raw/pair09/talk09/images/76/000044.jpg,pair09/talk09/images/76/000044.jpg,940,1280,940,False,True,0.04491439494680851,240.44904790187977,3472.742717337101,65.78309918965364,1435.288084923108,person,65.78309918965364,1435.288084923108,0.0727768456375839,False,True
Hi4D,/home/shangguanrz/project/pic-edit/datasets/Hi4D_pilot_v1/raw/pair09/talk09/images/76/000045.jpg,pair09/talk09/images/76/000045.jpg,940,1280,940,False,True,0.044170545212765956,240.0248316410118,3497.646733710106,66.21788536698749,1420.7571058091287,person,66.21788536698749,1420.7571058091287,0.07298657718120805,False,True
Hi4D,/home/shangguanrz/project/pic-edit/datasets/Hi4D_pilot_v1/raw/pair22/hug22/images/4/000092.jpg,pair22/hug22/images/4/000092.jpg,940,1280,940,False,True,0.06627992021276596,189.67193618874143,3345.170399767287,69.71475547763652,1357.211815292578,person,69.71475547763652,1357.211815292578,0.07445469798657718,False,False
Hi4D,/home/shangguanrz/project/pic-edit/datasets/Hi4D_pilot_v1/raw/pair16/jump16/images/4/000059.jpg,pair16/jump16/images/4/000059.jpg,940,1280,940,False,True,0.050858543882978724,251.8650208181955,4831.284356299867,50.48080904383206,1776.8538619032076,person,50.48080904383206,1776.8538619032076,0.07466442953020135,False,False
Hi4D,/home/shangguanrz/project/pic-edit/datasets/Hi4D_pilot_v1/raw/pair09/talk09/images/76/000030.jpg,pair09/talk09/images/76/000030.jpg,940,1280,940,False,True,0.045577626329787235,257.58407397937214,3612.9266331449467,66.59613292577392,1437.2320331581675,person,66.59613292577392,1437.2320331581675,0.07550335570469799,False,True
Hi4D,/home/shangguanrz/project/pic-edit/datasets/Hi4D_pilot_v1/raw/pair01/talk01/images/16/000084.jpg,pair01/talk01/images/16/000084.jpg,940,1280,940,False,True,0.051373005319148936,180.49236549636046,3072.4537379488033,62.53430173891558,1625.147481049989,person,62.53430173891558,1625.147481049989,0.07571308724832215,False,True
Hi4D,/home/shangguanrz/project/pic-edit/datasets/Hi4D_pilot_v1/raw/pair01/talk01/images/16/000039.jpg,pair01/talk01/images/16/000039.jpg,940,1280,940,False,True,0.051082114361702124,185.59541231755384,3146.2811461103724,64.78309035317388,1534.9468589618657,person,64.78309035317388,1534.9468589618657,0.0759228187919463,False,True
Hi4D,/home/shangguanrz/project/pic-edit/datasets/Hi4D_pilot_v1/raw/pair09/talk09/images/76/000047.jpg,pair09/talk09/images/76/000047.jpg,940,1280,940,False,True,0.04317985372340426,246.44115445396923,3560.193452875665,66.45199919161573,1458.2106890577102,person,66.45199919161573,1458.2106890577102,0.07676174496644295,False,True
Hi4D,/home/shangguanrz/project/pic-edit/datasets/Hi4D_pilot_v1/raw/pair09/talk09/images/76/000046.jpg,pair09/talk09/images/76/000046.jpg,940,1280,940,False,True,0.04353889627659575,243.6340865681968,3524.689401180186,66.89953081862765,1440.2443848298353,person,66.89953081862765,1440.2443848298353,0.07739093959731544,False,True
Hi4D,/home/shangguanrz/project/pic-edit/datasets/Hi4D_pilot_v1/raw/pair16/hug16/images/4/000034.jpg,pair16/hug16/images/4/000034.jpg,940,1280,940,False,True,0.05479886968085106,307.5527752742017,5730.794402426862,51.252529522630155,1826.6999934180214,person,51.252529522630155,1826.6999934180214,0.07990771812080537,False,False
Hi4D,/home/shangguanrz/project/pic-edit/datasets/Hi4D_pilot_v1/raw/pair09/talk09/images/76/000029.jpg,pair09/talk09/images/76/000029.jpg,940,1280,940,False,True,0.045449634308510636,258.6004903071226,3663.993247174202,67.25459610264805,1485.9567447045708,person,67.25459610264805,1485.9567447045708,0.0813758389261745,False,True
Hi4D,/home/shangguanrz/project/pic-edit/datasets/Hi4D_pilot_v1/raw/pair22/hug22/images/4/000056.jpg,pair22/hug22/images/4/000056.jpg,940,1280,940,False,True,0.06634391622340426,188.90799929295366,3305.189193400931,66.53723656203677,1539.2884688667023,person,66.53723656203677,1539.2884688667023,0.08158557046979865,False,True
Hi4D,/home/shangguanrz/project/pic-edit/datasets/Hi4D_pilot_v1/raw/pair02/backhug02/images/64/000073.jpg,pair02/backhug02/images/64/000073.jpg,940,1280,940,False,True,0.06292470079787234,241.30597323775567,4181.688123337766,69.49458231541684,1443.5636862083509,person,69.49458231541684,1443.5636862083509,0.08305369127516779,False,True
Hi4D,/home/shangguanrz/project/pic-edit/datasets/Hi4D_pilot_v1/raw/pair01/talk01/images/16/000088.jpg,pair01/talk01/images/16/000088.jpg,940,1280,940,False,True,0.05234873670212766,184.0017092883074,3221.7810526097073,63.72768361096094,1686.3798583562511,person,63.72768361096094,1686.3798583562511,0.08389261744966443,False,True
Hi4D,/home/shangguanrz/project/pic-edit/datasets/Hi4D_pilot_v1/raw/pair10/dance10/images/4/000042.jpg,pair10/dance10/images/4/000042.jpg,940,1280,940,False,True,0.05291223404255319,197.29608853295574,3779.422311336436,48.37723396958881,1873.2407212453802,person,48.37723396958881,1873.2407212453802,0.08452181208053691,False,False
Hi4D,/home/shangguanrz/project/pic-edit/datasets/Hi4D_pilot_v1/raw/pair16/jump16/images/4/000031.jpg,pair16/jump16/images/4/000031.jpg,940,1280,940,False,True,0.055286735372340426,267.2906719534146,4984.860735954122,49.186921396144626,1873.356155321823,person,49.186921396144626,1873.356155321823,0.08536073825503357,False,False
Hi4D,/home/shangguanrz/project/pic-edit/datasets/Hi4D_pilot_v1/raw/pair01/fight01/images/52/000017.jpg,pair01/fight01/images/52/000017.jpg,940,1280,940,False,True,0.0673653590425532,222.79337834337807,3839.0657205784573,59.52160754953438,1817.6004728887754,person,59.52160754953438,1817.6004728887754,0.08578020134228187,False,False
Hi4D,/home/shangguanrz/project/pic-edit/datasets/Hi4D_pilot_v1/raw/pair01/fight01/images/52/000019.jpg,pair01/fight01/images/52/000019.jpg,940,1280,940,False,True,0.06810837765957446,230.56951647376303,3960.67041015625,58.58383885510648,1824.0550774526678,person,58.58383885510648,1824.0550774526678,0.08598993288590603,False,False
Hi4D,/home/shangguanrz/project/pic-edit/datasets/Hi4D_pilot_v1/raw/pair09/talk09/images/76/000027.jpg,pair09/talk09/images/76/000027.jpg,940,1280,940,False,True,0.04534740691489362,261.71762345624,3673.529057928856,69.02505119805603,1536.4603426868637,person,69.02505119805603,1536.4603426868637,0.08640939597315436,False,True
Hi4D,/home/shangguanrz/project/pic-edit/datasets/Hi4D_pilot_v1/raw/pair09/talk09/images/76/000026.jpg,pair09/talk09/images/76/000026.jpg,940,1280,940,False,True,0.04526595744680851,262.6354732277869,3683.7980177859044,68.15936923242056,1558.4477016307828,person,68.15936923242056,1558.4477016307828,0.08703859060402684,False,True
Hi4D,/home/shangguanrz/project/pic-edit/datasets/Hi4D_pilot_v1/raw/pair09/talk09/images/76/000025.jpg,pair09/talk09/images/76/000025.jpg,940,1280,940,False,True,0.04496343085106383,263.3429702878969,3686.94512549867,69.44581986229174,1560.920101301023,person,69.44581986229174,1560.920101301023,0.08934563758389262,False,True
Hi4D,/home/shangguanrz/project/pic-edit/datasets/Hi4D_pilot_v1/raw/pair00/yoga00/images/4/000054.jpg,pair00/yoga00/images/4/000054.jpg,940,1280,940,False,True,0.05604554521276596,615.7667911485237,5817.712080285904,65.74779820472726,1690.1248902902837,person,65.74779820472726,1690.1248902902837,0.08955536912751677,False,True
Hi4D,/home/shangguanrz/project/pic-edit/datasets/Hi4D_pilot_v1/raw/pair22/hug22/images/4/000055.jpg,pair22/hug22/images/4/000055.jpg,940,1280,940,False,True,0.06543716755319148,188.2065162794414,3292.4313497340427,69.3155322283704,1598.7576623176099,person,69.3155322283704,1598.7576623176099,0.09081375838926174,False,True
Hi4D,/home/shangguanrz/project/pic-edit/datasets/Hi4D_pilot_v1/raw/pair10/argue10/images/52/000117.jpg,pair10/argue10/images/52/000117.jpg,940,1280,940,False,True,0.049237865691489364,244.23494044595208,4049.6405522772607,72.35780816246437,1424.0875895058978,person,72.35780816246437,1424.0875895058978,0.0910234899328859,False,False
Hi4D,/home/shangguanrz/project/pic-edit/datasets/Hi4D_pilot_v1/raw/pair09/talk09/images/76/000028.jpg,pair09/talk09/images/76/000028.jpg,940,1280,940,False,True,0.0454155585106383,259.92860989418966,3665.1610704787236,70.23399956468128,1544.682296556154,person,70.23399956468128,1544.682296556154,0.09165268456375839,False,False
Hi4D,/home/shangguanrz/project/pic-edit/datasets/Hi4D_pilot_v1/raw/pair12/highfive12/images/4/000028.jpg,pair12/highfive12/images/4/000028.jpg,940,1280,940,False,True,0.04339926861702128,244.11553107477954,5143.37097947141,65.7947206991534,1728.444495849076,person,65.7947206991534,1728.444495849076,0.09186241610738255,False,False
Hi4D,/home/shangguanrz/project/pic-edit/datasets/Hi4D_pilot_v1/raw/pair14/dance14/images/16/000114.jpg,pair14/dance14/images/16/000114.jpg,940,1280,940,False,True,0.058260472074468085,272.5161256133673,4465.966142370346,61.45790375902101,1855.4522297723813,person,61.45790375902101,1855.4522297723813,0.09395973154362416,False,False
Hi4D,/home/shangguanrz/project/pic-edit/datasets/Hi4D_pilot_v1/raw/pair00/hug00/images/4/000039.jpg,pair00/hug00/images/4/000039.jpg,940,1280,940,False,True,0.0551030585106383,583.8651087537725,7262.519250748005,75.75252974123734,1370.9918035247845,person,75.75252974123734,1370.9918035247845,0.0947986577181208,False,False
Hi4D,/home/shangguanrz/project/pic-edit/datasets/Hi4D_pilot_v1/raw/pair01/talk01/images/16/000041.jpg,pair01/talk01/images/16/000041.jpg,940,1280,940,False,True,0.054434840425531913,183.14788638493116,3107.7784865359044,70.18264445804407,1634.5132557581574,person,70.18264445804407,1634.5132557581574,0.09689597315436241,False,False
Hi4D,/home/shangguanrz/project/pic-edit/datasets/Hi4D_pilot_v1/raw/pair02/backhug02/images/64/000076.jpg,pair02/backhug02/images/64/000076.jpg,940,1280,940,False,True,0.06509890292553192,245.8612020300653,4306.136490192819,72.70808734949539,1509.002159215603,person,72.70808734949539,1509.002159215603,0.09689597315436241,False,False
Hi4D,/home/shangguanrz/project/pic-edit/datasets/Hi4D_pilot_v1/raw/pair01/fight01/images/52/000022.jpg,pair01/fight01/images/52/000022.jpg,940,1280,940,False,True,0.06960688164893616,219.23965678249024,3808.019811751995,62.79869527683469,1860.6277527034804,person,62.79869527683469,1860.6277527034804,0.09689597315436242,False,False
Hi4D,/home/shangguanrz/project/pic-edit/datasets/Hi4D_pilot_v1/raw/pair00/hug00/images/4/000043.jpg,pair00/hug00/images/4/000043.jpg,940,1280,940,False,True,0.056395445478723404,581.5569549120353,7140.113821476064,73.4261878543761,1461.846446285901,person,73.4261878543761,1461.846446285901,0.09710570469798657,False,False
Hi4D,/home/shangguanrz/project/pic-edit/datasets/Hi4D_pilot_v1/raw/pair09/talk09/images/76/000024.jpg,pair09/talk09/images/76/000024.jpg,940,1280,940,False,True,0.04441821808510638,264.09040793748176,3695.1287088597073,70.88659403868971,1615.5294440699968,person,70.88659403868971,1615.5294440699968,0.0975251677852349,False,False
Hi4D,/home/shangguanrz/project/pic-edit/datasets/Hi4D_pilot_v1/raw/pair10/dance10/images/4/000039.jpg,pair10/dance10/images/4/000039.jpg,940,1280,940,False,True,0.049166389627659575,200.70405288860232,3855.117634225399,50.06478352409253,1939.710770413803,person,50.06478352409253,1939.710770413803,0.09794463087248322,False,False
Hi4D,/home/shangguanrz/project/pic-edit/datasets/Hi4D_pilot_v1/raw/pair22/hug22/images/4/000052.jpg,pair22/hug22/images/4/000052.jpg,940,1280,940,False,True,0.06302859042553191,187.8380872895676,3285.374283161569,71.07728385878556,1623.1436294056252,person,71.07728385878556,1623.1436294056252,0.09941275167785235,False,False
Hi4D,/home/shangguanrz/project/pic-edit/datasets/Hi4D_pilot_v1/raw/pair22/hug22/images/4/000054.jpg,pair22/hug22/images/4/000054.jpg,940,1280,940,False,True,0.06438081781914894,188.8966855447775,3300.9153818982713,70.95862469950156,1627.5769129772596,person,70.95862469950156,1627.5769129772596,0.09941275167785235,False,False
Hi4D,/home/shangguanrz/project/pic-edit/datasets/Hi4D_pilot_v1/raw/pair22/hug22/images/4/000051.jpg,pair22/hug22/images/4/000051.jpg,940,1280,940,False,True,0.06263962765957447,188.8989554958249,3293.5899164727393,71.13629721720982,1627.6603107533494,person,71.13629721720982,1627.6603107533494,0.10067114093959731,False,False
Hi4D,/home/shangguanrz/project/pic-edit/datasets/Hi4D_pilot_v1/raw/pair01/talk01/images/16/000091.jpg,pair01/talk01/images/16/000091.jpg,940,1280,940,False,True,0.05263048537234043,191.06788744563258,3366.408681017287,66.80171418722568,1825.682541219766,person,66.80171418722568,1825.682541219766,0.10255872483221476,False,False
Hi4D,/home/shangguanrz/project/pic-edit/datasets/Hi4D_pilot_v1/raw/pair22/game22/images/4/000133.jpg,pair22/game22/images/4/000133.jpg,940,1280,940,False,True,0.06584607712765958,199.51575060932814,3412.165984458112,75.09848491274526,1520.263804308889,person,75.09848491274526,1520.263804308889,0.1040268456375839,False,False
Hi4D,/home/shangguanrz/project/pic-edit/datasets/Hi4D_pilot_v1/raw/pair10/dance10/images/4/000044.jpg,pair10/dance10/images/4/000044.jpg,940,1280,940,False,True,0.053006150265957445,192.07277307773725,3699.356175199468,52.579206477914916,1961.8051157125458,person,52.579206477914916,1961.8051157125458,0.10444630872483221,False,False
Hi4D,/home/shangguanrz/project/pic-edit/datasets/Hi4D_pilot_v1/raw/pair10/argue10/images/52/000102.jpg,pair10/argue10/images/52/000102.jpg,940,1280,940,False,True,0.051530086436170214,215.12782019517056,3530.8007604720747,70.47489293929385,1741.7872739847842,person,70.47489293929385,1741.7872739847842,0.10486577181208054,False,False
Hi4D,/home/shangguanrz/project/pic-edit/datasets/Hi4D_pilot_v1/raw/pair22/game22/images/4/000059.jpg,pair22/game22/images/4/000059.jpg,940,1280,940,False,True,0.0677734375,182.48444085530753,3231.378334857048,70.97693927521235,1709.2728454309138,person,70.97693927521235,1709.2728454309138,0.10549496644295303,False,False
Hi4D,/home/shangguanrz/project/pic-edit/datasets/Hi4D_pilot_v1/raw/pair01/talk01/images/16/000023.jpg,pair01/talk01/images/16/000023.jpg,940,1280,940,False,True,0.04993184840425532,208.82665852563528,3482.0626558344416,71.90278810529968,1670.3245375408053,person,71.90278810529968,1670.3245375408053,0.10570469798657718,False,False
Hi4D,/home/shangguanrz/project/pic-edit/datasets/Hi4D_pilot_v1/raw/pair12/talk12/images/16/000042.jpg,pair12/talk12/images/16/000042.jpg,940,1280,940,False,True,0.048834773936170216,235.3244607296126,4401.768918301197,65.32929848201431,1878.7038110522913,person,65.32929848201431,1878.7038110522913,0.10654362416107382,False,False
Hi4D,/home/shangguanrz/project/pic-edit/datasets/Hi4D_pilot_v1/raw/pair12/highfive12/images/4/000132.jpg,pair12/highfive12/images/4/000132.jpg,940,1280,940,False,True,0.07835355718085106,244.38302251749198,5158.458953208112,60.997331170593846,1929.6063345906368,person,60.997331170593846,1929.6063345906368,0.10675335570469799,False,False
Hi4D,/home/shangguanrz/project/pic-edit/datasets/Hi4D_pilot_v1/raw/pair10/talk10/images/16/000041.jpg,pair10/talk10/images/16/000041.jpg,940,1280,940,False,True,0.05206532579787234,196.27639959081364,3217.618382230718,67.00094099475236,1855.9258100355985,person,67.00094099475236,1855.9258100355985,0.10801174496644295,False,False
Hi4D,/home/shangguanrz/project/pic-edit/datasets/Hi4D_pilot_v1/raw/pair22/hug22/images/4/000024.jpg,pair22/hug22/images/4/000024.jpg,940,1280,940,False,True,0.06665974069148936,194.05425347281883,3467.293997257314,67.09675720875516,1860.3983580224879,person,67.09675720875516,1860.3983580224879,0.10906040268456377,False,False
Hi4D,/home/shangguanrz/project/pic-edit/datasets/Hi4D_pilot_v1/raw/pair16/jump16/images/4/000030.jpg,pair16/jump16/images/4/000030.jpg,940,1280,940,False,True,0.05547789228723404,266.5158624686823,4919.762414810505,51.11592760826168,2007.0289116771419,person,51.11592760826168,2007.0289116771419,0.1098993288590604,False,False
Hi4D,/home/shangguanrz/project/pic-edit/datasets/Hi4D_pilot_v1/raw/pair22/game22/images/4/000056.jpg,pair22/game22/images/4/000056.jpg,940,1280,940,False,True,0.06634391622340426,181.2361757028637,3222.4204309341753,71.89188801999305,1743.8986865838478,person,71.89188801999305,1743.8986865838478,0.1098993288590604,False,False
Hi4D,/home/shangguanrz/project/pic-edit/datasets/Hi4D_pilot_v1/raw/pair22/game22/images/4/000048.jpg,pair22/game22/images/4/000048.jpg,940,1280,940,False,True,0.061477726063829785,182.32170847367246,3155.797768450798,74.93789171508129,1626.871736354498,person,74.93789171508129,1626.871736354498,0.11010906040268456,False,False
Hi4D,/home/shangguanrz/project/pic-edit/datasets/Hi4D_pilot_v1/raw/pair16/hug16/images/4/000033.jpg,pair16/hug16/images/4/000033.jpg,940,1280,940,False,True,0.05498753324468085,306.93104776336685,5719.867021276596,54.264300762483316,1999.5816846423609,person,54.264300762483316,1999.5816846423609,0.1109479865771812,False,False
Hi4D,/home/shangguanrz/project/pic-edit/datasets/Hi4D_pilot_v1/raw/pair12/talk12/images/16/000046.jpg,pair12/talk12/images/16/000046.jpg,940,1280,940,False,True,0.04898354388297872,223.73894203955794,4232.80419921875,67.09745155999929,1872.9780190355639,person,67.09745155999929,1872.9780190355639,0.11094798657718122,False,False
Hi4D,/home/shangguanrz/project/pic-edit/datasets/Hi4D_pilot_v1/raw/pair09/talk09/images/76/000023.jpg,pair09/talk09/images/76/000023.jpg,940,1280,940,False,True,0.04338680186170213,269.3524325462746,3753.8597593916224,73.18555254107295,1690.3673645476463,person,73.18555254107295,1690.3673645476463,0.11136744966442952,False,False
Hi4D,/home/shangguanrz/project/pic-edit/datasets/Hi4D_pilot_v1/raw/pair12/highfive12/images/4/000131.jpg,pair12/highfive12/images/4/000131.jpg,940,1280,940,False,True,0.0772689494680851,243.49785007678742,5177.818255485372,62.82927648100916,1939.7671109611383,person,62.82927648100916,1939.7671109611383,0.11136744966442952,False,False
Hi4D,/home/shangguanrz/project/pic-edit/datasets/Hi4D_pilot_v1/raw/pair14/dance14/images/16/000118.jpg,pair14/dance14/images/16/000118.jpg,940,1280,940,False,True,0.06341505984042553,261.7047098839968,4421.288491107048,67.83887481411935,1867.3798539721747,person,67.83887481411935,1867.3798539721747,0.1115771812080537,False,False
Hi4D,/home/shangguanrz/project/pic-edit/datasets/Hi4D_pilot_v1/raw/pair22/kiss22/images/4/000017.jpg,pair22/kiss22/images/4/000017.jpg,940,1280,940,False,True,0.06841589095744681,207.39502839180832,3605.5485060671544,77.46191641530572,1488.072262285332,person,77.46191641530572,1488.072262285332,0.11220637583892618,False,False
Hi4D,/home/shangguanrz/project/pic-edit/datasets/Hi4D_pilot_v1/raw/pair10/talk10/images/16/000060.jpg,pair10/talk10/images/16/000060.jpg,940,1280,940,False,True,0.05102310505319149,201.423149108455,3549.741564162234,69.86044489240658,1848.446449441354,person,69.86044489240658,1848.446449441354,0.11241610738255034,False,False
Hi4D,/home/shangguanrz/project/pic-edit/datasets/Hi4D_pilot_v1/raw/pair22/game22/images/4/000065.jpg,pair22/game22/images/4/000065.jpg,940,1280,940,False,True,0.06470412234042554,183.11630283172664,3216.841807263963,75.41269921790916,1628.9665217163515,person,75.41269921790916,1628.9665217163515,0.11241610738255034,False,False
Hi4D,/home/shangguanrz/project/pic-edit/datasets/Hi4D_pilot_v1/raw/pair22/game22/images/4/000135.jpg,pair22/game22/images/4/000135.jpg,940,1280,940,False,True,0.06407496675531915,213.83822213831715,3511.9612283909573,78.57324158437076,1436.3061510018488,person,78.57324158437076,1436.3061510018488,0.11304530201342283,False,False
Hi4D,/home/shangguanrz/project/pic-edit/datasets/Hi4D_pilot_v1/raw/pair02/backhug02/images/64/000037.jpg,pair02/backhug02/images/64/000037.jpg,940,1280,940,False,True,0.05409408244680851,222.80924919642922,3990.876506399601,66.66196959558559,1890.5073222741385,person,66.66196959558559,1890.5073222741385,0.1136744966442953,False,False
Hi4D,/home/shangguanrz/project/pic-edit/datasets/Hi4D_pilot_v1/raw/pair22/game22/images/4/000046.jpg,pair22/game22/images/4/000046.jpg,940,1280,940,False,True,0.060915059840425535,181.33415456871046,3171.0694502160904,75.58736370543323,1655.5369401451856,person,75.58736370543323,1655.5369401451856,0.11451342281879194,False,False
Hi4D,/home/shangguanrz/project/pic-edit/datasets/Hi4D_pilot_v1/raw/pair22/game22/images/4/000050.jpg,pair22/game22/images/4/000050.jpg,940,1280,940,False,True,0.06215508643617021,183.7800374941731,3200.175344913564,74.65087449092492,1717.8440705343924,person,74.65087449092492,1717.8440705343924,0.11514261744966442,False,False
Hi4D,/home/shangguanrz/project/pic-edit/datasets/Hi4D_pilot_v1/raw/pair10/talk10/images/16/000058.jpg,pair10/talk10/images/16/000058.jpg,940,1280,940,False,True,0.05116771941489362,200.05840047995608,3528.929209607713,68.03503653989041,1886.0966444201567,person,68.03503653989041,1886.0966444201567,0.11619127516778524,False,False
Hi4D,/home/shangguanrz/project/pic-edit/datasets/Hi4D_pilot_v1/raw/pair10/argue10/images/52/000140.jpg,pair10/argue10/images/52/000140.jpg,940,1280,940,False,True,0.050743849734042556,235.64386115863675,3737.892858626995,57.140394629513764,2020.4443026793601,person,57.140394629513764,2020.4443026793601,0.1164010067114094,False,False
Hi4D,/home/shangguanrz/project/pic-edit/datasets/Hi4D_pilot_v1/raw/pair10/dance10/images/4/000036.jpg,pair10/dance10/images/4/000036.jpg,940,1280,940,False,True,0.044898603723404255,206.6830922821195,3949.2188538896276,52.875902446209636,2045.6546066470341,person,52.875902446209636,2045.6546066470341,0.11661073825503356,False,False
Hi4D,/home/shangguanrz/project/pic-edit/datasets/Hi4D_pilot_v1/raw/pair10/talk10/images/16/000056.jpg,pair10/talk10/images/16/000056.jpg,940,1280,940,False,True,0.05108876329787234,198.78798294669096,3505.684310588431,67.58411555211279,1890.832853961774,person,67.58411555211279,1890.832853961774,0.11682046979865772,False,False
Hi4D,/home/shangguanrz/project/pic-edit/datasets/Hi4D_pilot_v1/raw/pair22/kiss22/images/4/000018.jpg,pair22/kiss22/images/4/000018.jpg,940,1280,940,False,True,0.06860954122340425,205.91965921252168,3559.968988946144,78.52589916542561,1517.0600826690286,person,78.52589916542561,1517.0600826690286,0.11703020134228187,False,False
Hi4D,/home/shangguanrz/project/pic-edit/datasets/Hi4D_pilot_v1/raw/pair10/talk10/images/16/000073.jpg,pair10/talk10/images/16/000073.jpg,940,1280,940,False,True,0.05151180186170213,201.00990208156404,3544.0716111203456,69.04852257625357,1887.3219709283426,person,69.04852257625357,1887.3219709283426,0.11786912751677853,False,False
Hi4D,/home/shangguanrz/project/pic-edit/datasets/Hi4D_pilot_v1/raw/pair22/hug22/images/4/000050.jpg,pair22/hug22/images/4/000050.jpg,940,1280,940,False,True,0.06215508643617021,188.75268464325342,3292.9460916722073,75.74476493394886,1689.0575312962715,person,75.74476493394886,1689.0575312962715,0.11786912751677853,False,False
Hi4D,/home/shangguanrz/project/pic-edit/datasets/Hi4D_pilot_v1/raw/pair10/talk10/images/16/000064.jpg,pair10/talk10/images/16/000064.jpg,940,1280,940,False,True,0.05118184840425532,200.7905434521683,3544.411080867686,70.58223570312441,1857.743664011586,person,70.58223570312441,1857.743664011586,0.11807885906040269,False,False
Hi4D,/home/shangguanrz/project/pic-edit/datasets/Hi4D_pilot_v1/raw/pair22/game22/images/4/000058.jpg,pair22/game22/images/4/000058.jpg,940,1280,940,False,True,0.06774185505319148,182.9731631021038,3225.1266310671544,74.11953376271771,1772.8496171210495,person,74.11953376271771,1772.8496171210495,0.11828859060402686,False,False
Hi4D,/home/shangguanrz/project/pic-edit/datasets/Hi4D_pilot_v1/raw/pair09/talk09/images/76/000022.jpg,pair09/talk09/images/76/000022.jpg,940,1280,940,False,True,0.04192902260638298,274.0138336506944,3814.0409429022607,73.11803706850773,1811.172718989978,person,73.11803706850773,1811.172718989978,0.118498322147651,False,False
Hi4D,/home/shangguanrz/project/pic-edit/datasets/Hi4D_pilot_v1/raw/pair28/fight28/images/4/000114.jpg,pair28/fight28/images/4/000114.jpg,940,1280,940,False,True,0.0306889960106383,244.83161479771658,4449.409501745346,77.22335843366798,1627.2041863741572,person,77.22335843366798,1627.2041863741572,0.11849832214765102,False,False
Hi4D,/home/shangguanrz/project/pic-edit/datasets/Hi4D_pilot_v1/raw/pair14/dance14/images/16/000116.jpg,pair14/dance14/images/16/000116.jpg,940,1280,940,False,True,0.06061502659574468,263.8200994424822,4362.34563040226,65.43096637492705,1946.3392345552045,person,65.43096637492705,1946.3392345552045,0.11891778523489932,False,False
Hi4D,/home/shangguanrz/project/pic-edit/datasets/Hi4D_pilot_v1/raw/pair22/hug22/images/4/000030.jpg,pair22/hug22/images/4/000030.jpg,940,1280,940,False,True,0.06136053856382979,191.41163957102802,3336.1473466589096,77.80091765877789,1589.4326708996455,person,77.80091765877789,1589.4326708996455,0.11891778523489933,False,False
Hi4D,/home/shangguanrz/project/pic-edit/datasets/Hi4D_pilot_v1/raw/pair01/talk01/images/16/000044.jpg,pair01/talk01/images/16/000044.jpg,940,1280,940,False,True,0.05418633643617021,180.47345781064564,3031.2125685671544,73.83840448102004,1790.4311886267037,person,73.83840448102004,1790.4311886267037,0.11933724832214765,False,False
Hi4D,/home/shangguanrz/project/pic-edit/datasets/Hi4D_pilot_v1/raw/pair10/talk10/images/16/000040.jpg,pair10/talk10/images/16/000040.jpg,940,1280,940,False,True,0.05086934840425532,196.1224953664973,3209.321517619681,66.60006268636515,1929.1776812469511,person,66.60006268636515,1929.1776812469511,0.11933724832214765,False,False
Hi4D,/home/shangguanrz/project/pic-edit/datasets/Hi4D_pilot_v1/raw/pair22/game22/images/4/000061.jpg,pair22/game22/images/4/000061.jpg,940,1280,940,False,True,0.06721742021276596,181.9618234081525,3211.8735143783247,75.83721234217177,1742.1944584129537,person,75.83721234217177,1742.1944584129537,0.1212248322147651,False,False
Hi4D,/home/shangguanrz/project/pic-edit/datasets/Hi4D_pilot_v1/raw/pair10/talk10/images/16/000042.jpg,pair10/talk10/images/16/000042.jpg,940,1280,940,False,True,0.05291223404255319,202.69708126062932,3319.190398520612,70.52501798179115,1883.5909956322096,person,70.52501798179115,1883.5909956322096,0.1222734899328859,False,False
Hi4D,/home/shangguanrz/project/pic-edit/datasets/Hi4D_pilot_v1/raw/pair12/talk12/images/16/000047.jpg,pair12/talk12/images/16/000047.jpg,940,1280,940,False,True,0.049053357712765956,221.16274236108234,4175.414592337101,67.16297960294295,1929.7194062184585,person,67.16297960294295,1929.7194062184585,0.1222734899328859,False,False
Hi4D,/home/shangguanrz/project/pic-edit/datasets/Hi4D_pilot_v1/raw/pair10/talk10/images/16/000092.jpg,pair10/talk10/images/16/000092.jpg,940,1280,940,False,True,0.052002992021276596,200.15335817442812,3545.6136968085107,70.03951169234085,1894.5428003880445,person,70.03951169234085,1894.5428003880445,0.12248322147651006,False,False
Hi4D,/home/shangguanrz/project/pic-edit/datasets/Hi4D_pilot_v1/raw/pair22/game22/images/4/000067.jpg,pair22/game22/images/4/000067.jpg,940,1280,940,False,True,0.06518533909574468,180.7981409506325,3207.651865857713,78.23028301723757,1621.1863430471553,person,78.23028301723757,1621.1863430471553,0.12248322147651006,False,False
Hi4D,/home/shangguanrz/project/pic-edit/datasets/Hi4D_pilot_v1/raw/pair10/talk10/images/16/000075.jpg,pair10/talk10/images/16/000075.jpg,940,1280,940,False,True,0.0516264960106383,200.65786257519767,3546.642100232713,70.46719108085833,1886.755903681666,person,70.46719108085833,1886.755903681666,0.12248322147651007,False,False
Hi4D,/home/shangguanrz/project/pic-edit/datasets/Hi4D_pilot_v1/raw/pair22/game22/images/4/000146.jpg,pair22/game22/images/4/000146.jpg,940,1280,940,False,True,0.06934923537234043,249.7753216066259,4150.933604138962,80.30663793329786,1459.199231197208,person,80.30663793329786,1459.199231197208,0.12248322147651007,False,False
Hi4D,/home/shangguanrz/project/pic-edit/datasets/Hi4D_pilot_v1/raw/pair10/talk10/images/16/000086.jpg,pair10/talk10/images/16/000086.jpg,940,1280,940,False,True,0.05191323138297872,200.7228936719215,3546.713285405585,69.71520099068317,1898.7288847841146,person,69.71520099068317,1898.7288847841146,0.12269295302013422,False,False
Hi4D,/home/shangguanrz/project/pic-edit/datasets/Hi4D_pilot_v1/raw/pair22/game22/images/4/000054.jpg,pair22/game22/images/4/000054.jpg,940,1280,940,False,True,0.06438081781914894,180.58970208400615,3210.897731050532,75.34129661814217,1786.0865500761515,person,75.34129661814217,1786.0865500761515,0.12269295302013422,False,False
Hi4D,/home/shangguanrz/project/pic-edit/datasets/Hi4D_pilot_v1/raw/pair10/argue10/images/52/000123.jpg,pair10/argue10/images/52/000123.jpg,940,1280,940,False,True,0.05516373005319149,242.63514916170453,3965.9168259640956,66.9729422208655,1941.7317796318002,person,66.9729422208655,1941.7317796318002,0.12332214765100671,False,False
Hi4D,/home/shangguanrz/project/pic-edit/datasets/Hi4D_pilot_v1/raw/pair10/talk10/images/16/000053.jpg,pair10/talk10/images/16/000053.jpg,940,1280,940,False,True,0.05096658909574468,199.36395149697216,3480.025120511968,73.76515089191743,1834.6869693354852,person,73.76515089191743,1834.6869693354852,0.12353187919463088,False,False
Hi4D,/home/shangguanrz/project/pic-edit/datasets/Hi4D_pilot_v1/raw/pair10/talk10/images/16/000066.jpg,pair10/talk10/images/16/000066.jpg,940,1280,940,False,True,0.051133643617021274,201.79536868909094,3542.5422830784573,71.37862351991124,1873.9452955578874,person,71.37862351991124,1873.9452955578874,0.12374161073825503,False,False
Hi4D,/home/shangguanrz/project/pic-edit/datasets/Hi4D_pilot_v1/raw/pair10/talk10/images/16/000069.jpg,pair10/talk10/images/16/000069.jpg,940,1280,940,False,True,0.05140874335106383,200.9820833145736,3550.357962101064,70.36993141361,1898.501781929142,person,70.36993141361,1898.501781929142,0.12458053691275167,False,False
Hi4D,/home/shangguanrz/project/pic-edit/datasets/Hi4D_pilot_v1/raw/pair10/talk10/images/16/000062.jpg,pair10/talk10/images/16/000062.jpg,940,1280,940,False,True,0.05104471409574468,200.5778611718718,3539.943089261968,72.24077529728412,1871.1489132974993,person,72.24077529728412,1871.1489132974993,0.12479026845637584,False,False
Hi4D,/home/shangguanrz/project/pic-edit/datasets/Hi4D_pilot_v1/raw/pair10/talk10/images/16/000071.jpg,pair10/talk10/images/16/000071.jpg,940,1280,940,False,True,0.05145777925531915,200.6763996449786,3540.47295752992,69.73203303917458,1903.184030117822,person,69.73203303917458,1903.184030117822,0.12479026845637584,False,False
Hi4D,/home/shangguanrz/project/pic-edit/datasets/Hi4D_pilot_v1/raw/pair10/talk10/images/16/000095.jpg,pair10/talk10/images/16/000095.jpg,940,1280,940,False,True,0.05203374335106383,200.62412171646614,3545.4264149767287,71.03146210704502,1886.0496628541182,person,71.03146210704502,1886.0496628541182,0.12479026845637584,False,False
Hi4D,/home/shangguanrz/project/pic-edit/datasets/Hi4D_pilot_v1/raw/pair10/talk10/images/16/000088.jpg,pair10/talk10/images/16/000088.jpg,940,1280,940,False,True,0.05191738696808511,201.0442092604311,3553.523520611702,70.18798841723635,1901.278506139784,person,70.18798841723635,1901.278506139784,0.12520973154362416,False,False
Hi4D,/home/shangguanrz/project/pic-edit/datasets/Hi4D_pilot_v1/raw/pair22/kiss22/images/4/000019.jpg,pair22/kiss22/images/4/000019.jpg,940,1280,940,False,True,0.06860289228723404,206.02386550438675,3534.240026595745,80.20350944658553,1534.7705088780874,person,80.20350944658553,1534.7705088780874,0.12520973154362416,False,False
Hi4D,/home/shangguanrz/project/pic-edit/datasets/Hi4D_pilot_v1/raw/pair10/talk10/images/16/000090.jpg,pair10/talk10/images/16/000090.jpg,940,1280,940,False,True,0.05197722739361702,201.02306624956938,3557.2244639295213,69.90896106709046,1905.7880269347845,person,69.90896106709046,1905.7880269347845,0.12541946308724833,False,False
Hi4D,/home/shangguanrz/project/pic-edit/datasets/Hi4D_pilot_v1/raw/pair22/kiss22/images/4/000016.jpg,pair22/kiss22/images/4/000016.jpg,940,1280,940,False,True,0.06781000664893617,207.77663998495356,3604.3866564162236,79.9399312084592,1556.1628397666625,person,79.9399312084592,1556.1628397666625,0.12541946308724833,False,False
Hi4D,/home/shangguanrz/project/pic-edit/datasets/Hi4D_pilot_v1/raw/pair10/argue10/images/52/000138.jpg,pair10/argue10/images/52/000138.jpg,940,1280,940,False,True,0.0512749335106383,236.487101596289,3747.439172623005,56.697664054868824,2086.050253942796,person,56.697664054868824,2086.050253942796,0.12646812080536912,False,False
Hi4D,/home/shangguanrz/project/pic-edit/datasets/Hi4D_pilot_v1/raw/pair10/talk10/images/16/000103.jpg,pair10/talk10/images/16/000103.jpg,940,1280,940,False,True,0.052374501329787236,200.44419185148743,3541.700101811835,70.56528821877251,1899.7120761451517,person,70.56528821877251,1899.7120761451517,0.1266778523489933,False,False
Hi4D,/home/shangguanrz/project/pic-edit/datasets/Hi4D_pilot_v1/raw/pair10/talk10/images/16/000097.jpg,pair10/talk10/images/16/000097.jpg,940,1280,940,False,True,0.05210023271276596,201.35947664701973,3548.7623213098404,70.98324403361089,1899.433219808542,person,70.98324403361089,1899.433219808542,0.12793624161073824,False,False
Hi4D,/home/shangguanrz/project/pic-edit/datasets/Hi4D_pilot_v1/raw/pair10/talk10/images/16/000101.jpg,pair10/talk10/images/16/000101.jpg,940,1280,940,False,True,0.05226978058510638,200.24867428088416,3534.479803856383,71.1579197992855,1897.571975164387,person,71.1579197992855,1897.571975164387,0.1281459731543624,False,False
Hi4D,/home/shangguanrz/project/pic-edit/datasets/Hi4D_pilot_v1/raw/pair22/game22/images/4/000139.jpg,pair22/game22/images/4/000139.jpg,940,1280,940,False,True,0.06412815824468085,229.33590490573022,3818.3243849734044,81.54675502075635,1516.6789566479983,person,81.54675502075635,1516.6789566479983,0.1287751677852349,False,False
Hi4D,/home/shangguanrz/project/pic-edit/datasets/Hi4D_pilot_v1/raw/pair01/talk01/images/16/000026.jpg,pair01/talk01/images/16/000026.jpg,940,1280,940,False,True,0.05040226063829787,208.35715273550167,3473.9523458277927,75.64038905526243,1836.5562547021407,person,75.64038905526243,1836.5562547021407,0.12898489932885907,False,False
Hi4D,/home/shangguanrz/project/pic-edit/datasets/Hi4D_pilot_v1/raw/pair22/hug22/images/4/000034.jpg,pair22/hug22/images/4/000034.jpg,940,1280,940,False,True,0.06026678856382979,188.05769399279322,3311.588784075798,78.0087505966916,1733.766952346389,person,78.0087505966916,1733.766952346389,0.12961409395973156,False,False
Hi4D,/home/shangguanrz/project/pic-edit/datasets/Hi4D_pilot_v1/raw/pair09/talk09/images/76/000021.jpg,pair09/talk09/images/76/000021.jpg,940,1280,940,False,True,0.040325797872340426,275.29928528099595,3817.6185484541224,75.67566369899278,1844.1700203114422,person,75.67566369899278,1844.1700203114422,0.1298238255033557,False,False
Hi4D,/home/shangguanrz/project/pic-edit/datasets/Hi4D_pilot_v1/raw/pair12/talk12/images/16/000051.jpg,pair12/talk12/images/16/000051.jpg,940,1280,940,False,True,0.049284408244680854,213.82610051172685,4004.4340612533247,69.67619931140237,1953.0531427162928,person,69.67619931140237,1953.0531427162928,0.13003355704697986,False,False
Hi4D,/home/shangguanrz/project/pic-edit/datasets/Hi4D_pilot_v1/raw/pair14/dance14/images/16/000121.jpg,pair14/dance14/images/16/000121.jpg,940,1280,940,False,True,0.0685654920212766,278.85740394555046,4608.034730302526,71.35123629993163,1901.2668080514939,person,71.35123629993163,1901.2668080514939,0.13003355704697986,False,False
Hi4D,/home/shangguanrz/project/pic-edit/datasets/Hi4D_pilot_v1/raw/pair10/talk10/images/16/000077.jpg,pair10/talk10/images/16/000077.jpg,940,1280,940,False,True,0.05168882978723404,199.83609313754917,3532.858626994681,71.16176830349794,1901.8288286198176,person,71.16176830349794,1901.8288286198176,0.13024328859060402,False,False
Hi4D,/home/shangguanrz/project/pic-edit/datasets/Hi4D_pilot_v1/raw/pair10/argue10/images/52/000121.jpg,pair10/argue10/images/52/000121.jpg,940,1280,940,False,True,0.05518783244680851,242.28499415253776,3983.995158743351,69.68250506963675,1954.5426310219482,person,69.68250506963675,1954.5426310219482,0.1304530201342282,False,False
Hi4D,/home/shangguanrz/project/pic-edit/datasets/Hi4D_pilot_v1/raw/pair22/hug22/images/4/000032.jpg,pair22/hug22/images/4/000032.jpg,940,1280,940,False,True,0.0603764960106383,189.78494173498805,3331.8961207613033,78.56020366955342,1726.8347303054775,person,78.56020366955342,1726.8347303054775,0.13129194630872482,False,False
Hi4D,/home/shangguanrz/project/pic-edit/datasets/Hi4D_pilot_v1/raw/pair10/talk10/images/16/000099.jpg,pair10/talk10/images/16/000099.jpg,940,1280,940,False,True,0.05218583776595745,201.92287741013922,3550.149860787899,71.33848295096352,1907.9941208892155,person,71.33848295096352,1907.9941208892155,0.13150167785234898,False,False
Hi4D,/home/shangguanrz/project/pic-edit/datasets/Hi4D_pilot_v1/raw/pair22/hug22/images/4/000049.jpg,pair22/hug22/images/4/000049.jpg,940,1280,940,False,True,0.061874168882978725,188.25078839379344,3282.6590550199467,78.17862237066082,1762.3562528593343,person,78.17862237066082,1762.3562528593343,0.13171140939597314,False,False
Hi4D,/home/shangguanrz/project/pic-edit/datasets/Hi4D_pilot_v1/raw/pair22/game22/images/4/000069.jpg,pair22/game22/images/4/000069.jpg,940,1280,940,False,True,0.06597490026595745,184.08586300892654,3248.803004488032,79.0759110065042,1708.756706609973,person,79.0759110065042,1708.756706609973,0.1319211409395973,False,False
Hi4D,/home/shangguanrz/project/pic-edit/datasets/Hi4D_pilot_v1/raw/pair22/game22/images/4/000137.jpg,pair22/game22/images/4/000137.jpg,940,1280,940,False,True,0.06361452792553192,223.12186652643206,3644.2770113031916,82.4180091958314,1504.337958200567,person,82.4180091958314,1504.337958200567,0.1319211409395973,False,False
Hi4D,/home/shangguanrz/project/pic-edit/datasets/Hi4D_pilot_v1/raw/pair16/hug16/images/4/000056.jpg,pair16/hug16/images/4/000056.jpg,940,1280,940,False,True,0.05521692154255319,256.8482948506294,4797.897221991357,57.59519408672228,2114.5952697027988,person,57.59519408672228,2114.5952697027988,0.13213087248322147,False,False
Hi4D,/home/shangguanrz/project/pic-edit/datasets/Hi4D_pilot_v1/raw/pair22/game22/images/4/000052.jpg,pair22/game22/images/4/000052.jpg,940,1280,940,False,True,0.06302859042553191,180.57546810995348,3215.1042012965427,77.30845532773537,1812.7613134583992,person,77.30845532773537,1812.7613134583992,0.13234060402684564,False,False
Hi4D,/home/shangguanrz/project/pic-edit/datasets/Hi4D_pilot_v1/raw/pair22/kiss22/images/4/000015.jpg,pair22/kiss22/images/4/000015.jpg,940,1280,940,False,True,0.06676529255319148,211.89090853546367,3639.3427526595747,81.7319309521126,1572.5564992520854,person,81.7319309521126,1572.5564992520854,0.13317953020134227,False,False
Hi4D,/home/shangguanrz/project/pic-edit/datasets/Hi4D_pilot_v1/raw/pair10/talk10/images/16/000079.jpg,pair10/talk10/images/16/000079.jpg,940,1280,940,False,True,0.05175033244680851,200.55559710400743,3539.781977227394,72.00334279750729,1911.1373719937485,person,72.00334279750729,1911.1373719937485,0.13380872483221476,False,False
Hi4D,/home/shangguanrz/project/pic-edit/datasets/Hi4D_pilot_v1/raw/pair10/argue10/images/52/000111.jpg,pair10/argue10/images/52/000111.jpg,940,1280,940,False,True,0.053500664893617024,230.32216166241133,3746.0941136136967,76.75809090572741,1831.9499912833412,person,76.75809090572741,1831.9499912833412,0.1342281879194631,False,False
Hi4D,/home/shangguanrz/project/pic-edit/datasets/Hi4D_pilot_v1/raw/pair22/game22/images/4/000148.jpg,pair22/game22/images/4/000148.jpg,940,1280,940,False,True,0.0696875,252.0537086052288,4140.468843500665,83.05257345681387,1485.5770452740271,person,83.05257345681387,1485.5770452740271,0.1342281879194631,False,False
Hi4D,/home/shangguanrz/project/pic-edit/datasets/Hi4D_pilot_v1/raw/pair22/hug22/images/4/000047.jpg,pair22/hug22/images/4/000047.jpg,940,1280,940,False,True,0.06112533244680851,189.15935984816468,3297.061783161569,78.59463894493821,1770.616409556314,person,78.59463894493821,1770.616409556314,0.1346476510067114,False,False
Hi4D,/home/shangguanrz/project/pic-edit/datasets/Hi4D_pilot_v1/raw/pair10/talk10/images/16/000082.jpg,pair10/talk10/images/16/000082.jpg,940,1280,940,False,True,0.05176529255319149,200.39097480568321,3544.080109291888,72.817903630853,1902.8769954356942,person,72.817903630853,1902.8769954356942,0.13464765100671142,False,False
Hi4D,/home/shangguanrz/project/pic-edit/datasets/Hi4D_pilot_v1/raw/pair10/argue10/images/52/000136.jpg,pair10/argue10/images/52/000136.jpg,940,1280,940,False,True,0.05173869680851064,234.63790161429404,3747.9789415724736,58.875321006305555,2145.6197736977974,person,58.875321006305555,2145.6197736977974,0.13611577181208054,False,False
Hi4D,/home/shangguanrz/project/pic-edit/datasets/Hi4D_pilot_v1/raw/pair10/talk10/images/16/000084.jpg,pair10/talk10/images/16/000084.jpg,940,1280,940,False,True,0.05186835106382979,201.2310549604132,3554.101385887633,72.11861756794765,1931.2219466400873,person,72.11861756794765,1931.2219466400873,0.13611577181208054,False,False
Hi4D,/home/shangguanrz/project/pic-edit/datasets/Hi4D_pilot_v1/raw/pair22/hug22/images/4/000029.jpg,pair22/hug22/images/4/000029.jpg,940,1280,940,False,True,0.06214594414893617,193.27214188247098,3379.90301903258,77.39916764514726,1833.9738719947304,person,77.39916764514726,1833.9738719947304,0.1363255033557047,False,False
Hi4D,/home/shangguanrz/project/pic-edit/datasets/Hi4D_pilot_v1/raw/pair12/talk12/images/16/000053.jpg,pair12/talk12/images/16/000053.jpg,940,1280,940,False,True,0.04931266622340426,216.0777365463036,4012.42792137633,70.47913930116206,1969.7698988049583,person,70.47913930116206,1969.7698988049583,0.13674496644295303,False,False
Hi4D,/home/shangguanrz/project/pic-edit/datasets/Hi4D_pilot_v1/raw/pair10/talk10/images/16/000044.jpg,pair10/talk10/images/16/000044.jpg,940,1280,940,False,True,0.053006150265957445,202.03840146382072,3404.920804936835,72.29755009204369,1934.4457978075518,person,72.29755009204369,1934.4457978075518,0.13695469798657717,False,False
Hi4D,/home/shangguanrz/project/pic-edit/datasets/Hi4D_pilot_v1/raw/pair22/game22/images/4/000131.jpg,pair22/game22/images/4/000131.jpg,940,1280,940,False,True,0.066875,189.5775572859415,3371.6089074966753,80.72385922410224,1677.309489012303,person,80.72385922410224,1677.309489012303,0.13716442953020136,False,False
Hi4D,/home/shangguanrz/project/pic-edit/datasets/Hi4D_pilot_v1/raw/pair10/argue10/images/52/000131.jpg,pair10/argue10/images/52/000131.jpg,940,1280,940,False,True,0.05345495345744681,238.6865372663982,3812.920358211436,63.0568689696174,2102.1799206163905,person,63.0568689696174,2102.1799206163905,0.1373741610738255,False,False
Hi4D,/home/shangguanrz/project/pic-edit/datasets/Hi4D_pilot_v1/raw/pair16/jump16/images/4/000027.jpg,pair16/jump16/images/4/000027.jpg,940,1280,940,False,True,0.056115359042553194,253.53269347479682,4923.168976479388,53.64006752261139,2178.6757441830237,person,53.64006752261139,2178.6757441830237,0.13779362416107382,False,False
Hi4D,/home/shangguanrz/project/pic-edit/datasets/Hi4D_pilot_v1/raw/pair01/talk01/images/16/000031.jpg,pair01/talk01/images/16/000031.jpg,940,1280,940,False,True,0.05293384308510638,194.5491938462566,3220.982858211436,72.36350292591095,1936.5371555980253,person,72.36350292591095,1936.5371555980253,0.138003355704698,False,False
Hi4D,/home/shangguanrz/project/pic-edit/datasets/Hi4D_pilot_v1/raw/pair10/talk10/images/16/000108.jpg,pair10/talk10/images/16/000108.jpg,940,1280,940,False,True,0.05318151595744681,201.8234321123446,3555.819564494681,72.21167847327297,1939.7939801487692,person,72.21167847327297,1939.7939801487692,0.138003355704698,False,False
Hi4D,/home/shangguanrz/project/pic-edit/datasets/Hi4D_pilot_v1/raw/pair22/kiss22/images/4/000013.jpg,pair22/kiss22/images/4/000013.jpg,940,1280,940,False,True,0.06430186170212766,213.50250165470047,3658.527696974734,82.44238869965093,1604.9837143834354,person,82.44238869965093,1604.9837143834354,0.13842281879194632,False,False
Hi4D,/home/shangguanrz/project/pic-edit/datasets/Hi4D_pilot_v1/raw/pair22/hug22/images/4/000045.jpg,pair22/hug22/images/4/000045.jpg,940,1280,940,False,True,0.0607313829787234,189.3216674706417,3293.3702314660904,79.52837213496561,1772.9729685136808,person,79.52837213496561,1772.9729685136808,0.13863255033557048,False,False
Hi4D,/home/shangguanrz/project/pic-edit/datasets/Hi4D_pilot_v1/raw/pair01/fight01/images/52/000021.jpg,pair01/fight01/images/52/000021.jpg,940,1280,940,False,True,0.06907164228723404,220.41076282569324,3836.10809715758,66.93657373282147,2051.570953064403,person,66.93657373282147,2051.570953064403,0.13926174496644295,False,False
Hi4D,/home/shangguanrz/project/pic-edit/datasets/Hi4D_pilot_v1/raw/pair16/jump16/images/4/000024.jpg,pair16/jump16/images/4/000024.jpg,940,1280,940,False,True,0.05653257978723404,260.50277800037077,5053.411683427526,52.45391624902984,2202.269677014738,person,52.45391624902984,2202.269677014738,0.1394714765100671,False,False
Hi4D,/home/shangguanrz/project/pic-edit/datasets/Hi4D_pilot_v1/raw/pair22/hug22/images/4/000046.jpg,pair22/hug22/images/4/000046.jpg,940,1280,940,False,True,0.060915059840425535,189.56006750525142,3291.320593001995,79.45730719942918,1787.4865360909464,person,79.45730719942918,1787.4865360909464,0.1394714765100671,False,False
Hi4D,/home/shangguanrz/project/pic-edit/datasets/Hi4D_pilot_v1/raw/pair22/hug22/images/4/000100.jpg,pair22/hug22/images/4/000100.jpg,940,1280,940,False,True,0.0662923869680851,189.48694413770855,3403.923786569149,79.90145291394508,1777.2345690831198,person,79.90145291394508,1777.2345690831198,0.14031040268456374,False,False
Hi4D,/home/shangguanrz/project/pic-edit/datasets/Hi4D_pilot_v1/raw/pair22/game22/images/4/000044.jpg,pair22/game22/images/4/000044.jpg,940,1280,940,False,True,0.060567652925531915,186.45165896631568,3283.366387549867,79.16226874282363,1817.567458674835,person,79.16226874282363,1817.567458674835,0.14031040268456377,False,False
Hi4D,/home/shangguanrz/project/pic-edit/datasets/Hi4D_pilot_v1/raw/pair22/kiss22/images/4/000020.jpg,pair22/kiss22/images/4/000020.jpg,940,1280,940,False,True,0.06847905585106383,197.10151231075736,3423.891819730718,83.16649246637424,1587.7798891528107,person,83.16649246637424,1587.7798891528107,0.14052013422818793,False,False
Hi4D,/home/shangguanrz/project/pic-edit/datasets/Hi4D_pilot_v1/raw/pair16/jump16/images/4/000025.jpg,pair16/jump16/images/4/000025.jpg,940,1280,940,False,True,0.05650598404255319,252.75496026667173,5007.530065658245,52.50162982502438,2213.300247827587,person,52.50162982502438,2213.300247827587,0.14093959731543623,False,False
Hi4D,/home/shangguanrz/project/pic-edit/datasets/Hi4D_pilot_v1/raw/pair10/argue10/images/52/000125.jpg,pair10/argue10/images/52/000125.jpg,940,1280,940,False,True,0.05502160904255319,242.20258758830602,3926.2075403091753,67.91979411975716,2046.6431023756309,person,67.91979411975716,2046.6431023756309,0.1411493288590604,False,False
Hi4D,/home/shangguanrz/project/pic-edit/datasets/Hi4D_pilot_v1/raw/pair12/talk12/images/16/000055.jpg,pair12/talk12/images/16/000055.jpg,940,1280,940,False,True,0.0492436835106383,215.52640014838286,4009.6558656083776,71.59160950279697,1977.507272907184,person,71.59160950279697,1977.507272907184,0.1417785234899329,False,False
Hi4D,/home/shangguanrz/project/pic-edit/datasets/Hi4D_pilot_v1/raw/pair10/argue10/images/52/000093.jpg,pair10/argue10/images/52/000093.jpg,940,1280,940,False,True,0.05712267287234043,234.5964556253836,3763.672010056516,76.00553969398052,1895.002745282319,person,76.00553969398052,1895.002745282319,0.14198825503355705,False,False
Hi4D,/home/shangguanrz/project/pic-edit/datasets/Hi4D_pilot_v1/raw/pair12/talk12/images/16/000044.jpg,pair12/talk12/images/16/000044.jpg,940,1280,940,False,True,0.048824800531914896,231.1575965864079,4349.641695063165,71.47288245417849,1979.3456628952713,person,71.47288245417849,1979.3456628952713,0.14198825503355705,False,False
Hi4D,/home/shangguanrz/project/pic-edit/datasets/Hi4D_pilot_v1/raw/pair22/game22/images/4/000071.jpg,pair22/game22/images/4/000071.jpg,940,1280,940,False,True,0.06583610372340426,182.895422141117,3275.064712849069,79.98699117133089,1808.7804667462353,person,79.98699117133089,1808.7804667462353,0.14240771812080538,False,False
Hi4D,/home/shangguanrz/project/pic-edit/datasets/Hi4D_pilot_v1/raw/pair22/hug22/images/4/000035.jpg,pair22/hug22/images/4/000035.jpg,940,1280,940,False,True,0.06003740026595745,189.20455175524873,3324.340913813165,80.48082762069367,1772.2646861737771,person,80.48082762069367,1772.2646861737771,0.14240771812080538,False,False
Hi4D,/home/shangguanrz/project/pic-edit/datasets/Hi4D_pilot_v1/raw/pair01/talk01/images/16/000121.jpg,pair01/talk01/images/16/000121.jpg,940,1280,940,False,True,0.07293966090425531,197.91295147543852,3386.5585729720747,80.97908120170278,1747.262366170958,person,80.97908120170278,1747.262366170958,0.14261744966442952,False,False
Hi4D,/home/shangguanrz/project/pic-edit/datasets/Hi4D_pilot_v1/raw/pair22/kiss22/images/4/000014.jpg,pair22/kiss22/images/4/000014.jpg,940,1280,940,False,True,0.06556931515957447,215.1577914668565,3717.345744680851,83.52568907889625,1591.0526966784344,person,83.52568907889625,1591.0526966784344,0.14303691275167785,False,False
Hi4D,/home/shangguanrz/project/pic-edit/datasets/Hi4D_pilot_v1/raw/pair09/talk09/images/76/000020.jpg,pair09/talk09/images/76/000020.jpg,940,1280,940,False,True,0.039009308510638295,271.59584846964464,3788.053887549867,76.55071175417613,1894.9163000532408,person,76.55071175417613,1894.9163000532408,0.14366610738255034,False,False
Hi4D,/home/shangguanrz/project/pic-edit/datasets/Hi4D_pilot_v1/raw/pair22/hug22/images/4/000031.jpg,pair22/hug22/images/4/000031.jpg,940,1280,940,False,True,0.06074717420212766,189.0693758069362,3339.824187583112,80.87080767839932,1768.9067556021057,person,80.87080767839932,1768.9067556021057,0.14366610738255034,False,False
Hi4D,/home/shangguanrz/project/pic-edit/datasets/Hi4D_pilot_v1/raw/pair22/kiss22/images/4/000022.jpg,pair22/kiss22/images/4/000022.jpg,940,1280,940,False,True,0.06811668882978723,190.29964996450033,3409.712360787899,83.7102372020486,1597.3703398917733,person,83.7102372020486,1597.3703398917733,0.1438758389261745,False,False
Hi4D,/home/shangguanrz/project/pic-edit/datasets/Hi4D_pilot_v1/raw/pair22/kiss22/images/4/000021.jpg,pair22/kiss22/images/4/000021.jpg,940,1280,940,False,True,0.06837433510638298,194.07112641394437,3381.212173786569,83.72142826453847,1593.3768629882206,person,83.72142826453847,1593.3768629882206,0.14408557046979867,False,False
Hi4D,/home/shangguanrz/project/pic-edit/datasets/Hi4D_pilot_v1/raw/pair22/hug22/images/4/000026.jpg,pair22/hug22/images/4/000026.jpg,940,1280,940,False,True,0.06515708111702127,196.68483914320902,3479.572005900931,70.60707874451128,2007.945474486865,person,70.60707874451128,2007.945474486865,0.14429530201342283,False,False
Hi4D,/home/shangguanrz/project/pic-edit/datasets/Hi4D_pilot_v1/raw/pair22/game22/images/4/000075.jpg,pair22/game22/images/4/000075.jpg,940,1280,940,False,True,0.06584773936170213,183.87879609735157,3300.2669340093084,77.7903159239843,1876.411509066387,person,77.7903159239843,1876.411509066387,0.14471476510067116,False,False
Hi4D,/home/shangguanrz/project/pic-edit/datasets/Hi4D_pilot_v1/raw/pair22/game22/images/4/000144.jpg,pair22/game22/images/4/000144.jpg,940,1280,940,False,True,0.06766040558510639,247.8153752817618,4168.033951130319,84.74221501583189,1522.8682002849152,person,84.74221501583189,1522.8682002849152,0.1449244966442953,False,False
Hi4D,/home/shangguanrz/project/pic-edit/datasets/Hi4D_pilot_v1/raw/pair10/argue10/images/52/000120.jpg,pair10/argue10/images/52/000120.jpg,940,1280,940,False,True,0.049365857712765956,244.60279297685668,4012.930123836436,83.71513882853051,1620.1635205001803,person,83.71513882853051,1620.1635205001803,0.1455536912751678,False,False
Hi4D,/home/shangguanrz/project/pic-edit/datasets/Hi4D_pilot_v1/raw/pair10/talk10/images/16/000110.jpg,pair10/talk10/images/16/000110.jpg,940,1280,940,False,True,0.05363946143617021,202.37389553286687,3554.674326795213,73.21047595918353,1971.6513519759649,person,73.21047595918353,1971.6513519759649,0.14576342281879195,False,False
Hi4D,/home/shangguanrz/project/pic-edit/datasets/Hi4D_pilot_v1/raw/pair10/argue10/images/52/000129.jpg,pair10/argue10/images/52/000129.jpg,940,1280,940,False,True,0.05407995345744681,242.19644425702134,3909.635711020612,64.05739549455522,2155.5201193640137,person,64.05739549455522,2155.5201193640137,0.14660234899328858,False,False
Hi4D,/home/shangguanrz/project/pic-edit/datasets/Hi4D_pilot_v1/raw/pair10/talk10/images/16/000105.jpg,pair10/talk10/images/16/000105.jpg,940,1280,940,False,True,0.05264045877659575,200.6909846801896,3552.11474609375,74.01179444848073,1967.2818165171213,person,74.01179444848073,1967.2818165171213,0.14660234899328858,False,False
Hi4D,/home/shangguanrz/project/pic-edit/datasets/Hi4D_pilot_v1/raw/pair22/kiss22/images/4/000011.jpg,pair22/kiss22/images/4/000011.jpg,940,1280,940,False,True,0.06222739361702127,206.27300937621504,3535.9351209275264,83.46879875069533,1645.2125524837777,person,83.46879875069533,1645.2125524837777,0.1470218120805369,False,False
Hi4D,/home/shangguanrz/project/pic-edit/datasets/Hi4D_pilot_v1/raw/pair22/kiss22/images/4/000078.jpg,pair22/kiss22/images/4/000078.jpg,940,1280,940,False,True,0.06660405585106383,205.663763838232,3572.012456366356,82.01463770850137,1765.2132009925558,person,82.01463770850137,1765.2132009925558,0.1470218120805369,False,False
Hi4D,/home/shangguanrz/project/pic-edit/datasets/Hi4D_pilot_v1/raw/pair22/hug22/images/4/000040.jpg,pair22/hug22/images/4/000040.jpg,940,1280,940,False,True,0.06032829122340425,189.7650626178455,3299.1707529920213,79.74428551984718,1853.5993040019885,person,79.74428551984718,1853.5993040019885,0.14744127516778524,False,False
Hi4D,/home/shangguanrz/project/pic-edit/datasets/Hi4D_pilot_v1/raw/pair12/talk12/images/16/000040.jpg,pair12/talk12/images/16/000040.jpg,940,1280,940,False,True,0.04881565824468085,238.8946474741195,4458.914987117686,70.07684437297783,2055.665336952673,person,70.07684437297783,2055.665336952673,0.1476510067114094,False,False
Hi4D,/home/shangguanrz/project/pic-edit/datasets/Hi4D_pilot_v1/raw/pair22/hug22/images/4/000044.jpg,pair22/hug22/images/4/000044.jpg,940,1280,940,False,True,0.060567652925531915,190.74900547394444,3300.645757147606,81.20792600361011,1808.9940116455557,person,81.20792600361011,1808.9940116455557,0.1476510067114094,False,False
Hi4D,/home/shangguanrz/project/pic-edit/datasets/Hi4D_pilot_v1/raw/pair16/jump16/images/4/000026.jpg,pair16/jump16/images/4/000026.jpg,940,1280,940,False,True,0.05351479388297872,251.80737195674953,5006.46882272274,69.28811572111904,2068.3271944510884,person,69.28811572111904,2068.3271944510884,0.14786073825503357,False,False
Hi4D,/home/shangguanrz/project/pic-edit/datasets/Hi4D_pilot_v1/raw/pair01/talk01/images/16/000036.jpg,pair01/talk01/images/16/000036.jpg,940,1280,940,False,True,0.05276928191489362,186.60481426172427,3124.7801176030584,76.59313520548501,1914.7890453349837,person,76.59313520548501,1914.7890453349837,0.14828020134228187,False,False
Hi4D,/home/shangguanrz/project/pic-edit/datasets/Hi4D_pilot_v1/raw/pair02/backhug02/images/64/000078.jpg,pair02/backhug02/images/64/000078.jpg,940,1280,940,False,True,0.06669132313829787,247.38432579161406,4383.769998753324,80.68570771002382,1827.4185548178593,person,80.68570771002382,1827.4185548178593,0.14828020134228187,False,False
Hi4D,/home/shangguanrz/project/pic-edit/datasets/Hi4D_pilot_v1/raw/pair00/yoga00/images/4/000056.jpg,pair00/yoga00/images/4/000056.jpg,940,1280,940,False,True,0.05582613031914894,578.6548307279538,5743.750083111702,80.10467748560603,1854.866829174418,person,80.10467748560603,1854.866829174418,0.14890939597315436,False,False
Hi4D,/home/shangguanrz/project/pic-edit/datasets/Hi4D_pilot_v1/raw/pair22/kiss22/images/4/000077.jpg,pair22/kiss22/images/4/000077.jpg,940,1280,940,False,True,0.06639295212765957,202.52388631900868,3470.7093687666224,81.6740898144301,1803.210018598884,person,81.6740898144301,1803.210018598884,0.14890939597315436,False,False
Hi4D,/home/shangguanrz/project/pic-edit/datasets/Hi4D_pilot_v1/raw/pair16/jump16/images/4/000011.jpg,pair16/jump16/images/4/000011.jpg,940,1280,940,False,True,0.05136635638297872,279.6238817216423,5042.564370013298,53.62217587083851,2256.2464367501793,person,53.62217587083851,2256.2464367501793,0.1493288590604027,False,False
Hi4D,/home/shangguanrz/project/pic-edit/datasets/Hi4D_pilot_v1/raw/pair22/kiss22/images/4/000009.jpg,pair22/kiss22/images/4/000009.jpg,940,1280,940,False,True,0.061571642287234045,202.39866311877162,3476.9795129654253,83.9514922072939,1647.5551688899936,person,83.9514922072939,1647.5551688899936,0.1493288590604027,False,False
Hi4D,/home/shangguanrz/project/pic-edit/datasets/Hi4D_pilot_v1/raw/pair10/talk10/images/16/000039.jpg,pair10/talk10/images/16/000039.jpg,940,1280,940,False,True,0.049166389627659575,198.4391928111714,3242.682180851064,70.44727836913432,2058.050175421733,person,70.44727836913432,2058.050175421733,0.14953859060402686,False,False
Hi4D,/home/shangguanrz/project/pic-edit/datasets/Hi4D_pilot_v1/raw/pair09/talk09/images/76/000019.jpg,pair09/talk09/images/76/000019.jpg,940,1280,940,False,True,0.037706117021276596,272.308830566431,3779.5580015791224,76.69002582965575,1928.646106622651,person,76.69002582965575,1928.646106622651,0.149748322147651,False,False
Hi4D,/home/shangguanrz/project/pic-edit/datasets/Hi4D_pilot_v1/raw/pair22/kiss22/images/4/000023.jpg,pair22/kiss22/images/4/000023.jpg,940,1280,940,False,True,0.06755900930851064,195.26001358194117,3451.312728557181,84.04505948361874,1646.1017856249687,person,84.04505948361874,1646.1017856249687,0.15037751677852348,False,False
Hi4D,/home/shangguanrz/project/pic-edit/datasets/Hi4D_pilot_v1/raw/pair22/game22/images/4/000142.jpg,pair22/game22/images/4/000142.jpg,940,1280,940,False,True,0.06589926861702128,242.55360562049088,4039.277696974734,85.65057848434103,1542.411029313345,person,85.65057848434103,1542.411029313345,0.1503775167785235,False,False
Hi4D,/home/shangguanrz/project/pic-edit/datasets/Hi4D_pilot_v1/raw/pair10/talk10/images/16/000043.jpg,pair10/talk10/images/16/000043.jpg,940,1280,940,False,True,0.0532139295212766,203.07315771217637,3385.2846056349736,76.15786836789849,1943.8097450905923,person,76.15786836789849,1943.8097450905923,0.15058724832214765,False,False
Hi4D,/home/shangguanrz/project/pic-edit/datasets/Hi4D_pilot_v1/raw/pair10/talk10/images/16/000121.jpg,pair10/talk10/images/16/000121.jpg,940,1280,940,False,True,0.05518783244680851,197.23939509573114,3447.527395694814,74.75704678199766,1993.4745318179728,person,74.75704678199766,1993.4745318179728,0.1507969798657718,False,False
Hi4D,/home/shangguanrz/project/pic-edit/datasets/Hi4D_pilot_v1/raw/pair22/kiss22/images/4/000010.jpg,pair22/kiss22/images/4/000010.jpg,940,1280,940,False,True,0.06162483377659574,205.3507908491486,3476.0955369015956,83.88206259266545,1675.195919608548,person,83.88206259266545,1675.195919608548,0.1507969798657718,False,False
Hi4D,/home/shangguanrz/project/pic-edit/datasets/Hi4D_pilot_v1/raw/pair01/talk01/images/16/000034.jpg,pair01/talk01/images/16/000034.jpg,940,1280,940,False,True,0.05331449468085107,187.0655869827814,3121.6348279587764,72.90968720714821,2014.4078800236796,person,72.90968720714821,2014.4078800236796,0.15100671140939598,False,False
Hi4D,/home/shangguanrz/project/pic-edit/datasets/Hi4D_pilot_v1/raw/pair22/game22/images/4/000078.jpg,pair22/game22/images/4/000078.jpg,940,1280,940,False,True,0.06660405585106383,184.3837913363538,3322.53838721742,78.40025049042849,1893.5809429280398,person,78.40025049042849,1893.5809429280398,0.15100671140939598,False,False
Hi4D,/home/shangguanrz/project/pic-edit/datasets/Hi4D_pilot_v1/raw/pair22/kiss22/images/4/000012.jpg,pair22/kiss22/images/4/000012.jpg,940,1280,940,False,True,0.06327709441489361,207.7324293255536,3567.5496800199467,84.4502654074435,1630.2252218338263,person,84.4502654074435,1630.2252218338263,0.15163590604026844,False,False
Hi4D,/home/shangguanrz/project/pic-edit/datasets/Hi4D_pilot_v1/raw/pair16/jump16/images/4/000013.jpg,pair16/jump16/images/4/000013.jpg,940,1280,940,False,True,0.05161319813829787,286.97428165962384,5134.133477393617,53.87081379597404,2273.114893035336,person,53.87081379597404,2273.114893035336,0.15163590604026847,False,False
Hi4D,/home/shangguanrz/project/pic-edit/datasets/Hi4D_pilot_v1/raw/pair22/hug22/images/4/000036.jpg,pair22/hug22/images/4/000036.jpg,940,1280,940,False,True,0.059933510638297875,190.00039772144964,3316.391154837101,81.98496505682267,1821.5238202058156,person,81.98496505682267,1821.5238202058156,0.15205536912751677,False,False
Hi4D,/home/shangguanrz/project/pic-edit/datasets/Hi4D_pilot_v1/raw/pair22/kiss22/images/4/000008.jpg,pair22/kiss22/images/4/000008.jpg,940,1280,940,False,True,0.062090259308510636,207.68367924111197,3543.047810006649,84.1691188199602,1665.476425980877,person,84.1691188199602,1665.476425980877,0.15226510067114093,False,False
Hi4D,/home/shangguanrz/project/pic-edit/datasets/Hi4D_pilot_v1/raw/pair22/game22/images/4/000073.jpg,pair22/game22/images/4/000073.jpg,940,1280,940,False,True,0.06537483377659574,184.00960992609234,3292.752264793883,79.28514049935434,1884.0304083405733,person,79.28514049935434,1884.0304083405733,0.15226510067114096,False,False
Hi4D,/home/shangguanrz/project/pic-edit/datasets/Hi4D_pilot_v1/raw/pair22/kiss22/images/4/000006.jpg,pair22/kiss22/images/4/000006.jpg,940,1280,940,False,True,0.06293384308510638,220.6441393474639,3728.6155668218084,84.39095482553742,1651.9605420054202,person,84.39095482553742,1651.9605420054202,0.1524748322147651,False,False
Hi4D,/home/shangguanrz/project/pic-edit/datasets/Hi4D_pilot_v1/raw/pair12/talk12/images/16/000049.jpg,pair12/talk12/images/16/000049.jpg,940,1280,940,False,True,0.049227892287234044,216.27799936609603,4044.811440325798,74.01263216779506,2006.4050496119462,person,74.01263216779506,2006.4050496119462,0.15289429530201343,False,False
Hi4D,/home/shangguanrz/project/pic-edit/datasets/Hi4D_pilot_v1/raw/pair22/game22/images/4/000080.jpg,pair22/game22/images/4/000080.jpg,940,1280,940,False,True,0.06689577792553192,185.50358337522792,3323.481175199468,80.27227190226988,1875.2828839565022,person,80.27227190226988,1875.2828839565022,0.15415268456375839,False,False
Hi4D,/home/shangguanrz/project/pic-edit/datasets/Hi4D_pilot_v1/raw/pair10/talk10/images/16/000045.jpg,pair10/talk10/images/16/000045.jpg,940,1280,940,False,True,0.052674534574468086,203.15361462917303,3449.805975731383,75.42761572473371,1999.6628581710224,person,75.42761572473371,1999.6628581710224,0.15478187919463088,False,False
Hi4D,/home/shangguanrz/project/pic-edit/datasets/Hi4D_pilot_v1/raw/pair28/fight28/images/4/000117.jpg,pair28/fight28/images/4/000117.jpg,940,1280,940,False,True,0.027371176861702127,242.03778896808302,4313.635503241357,75.95602810416096,1981.9572556022813,person,75.95602810416096,1981.9572556022813,0.15478187919463088,False,False
Hi4D,/home/shangguanrz/project/pic-edit/datasets/Hi4D_pilot_v1/raw/pair10/argue10/images/52/000134.jpg,pair10/argue10/images/52/000134.jpg,940,1280,940,False,True,0.05246592420212766,238.8809166264351,3793.184539145612,66.03879311326253,2168.663538778702,person,66.03879311326253,2168.663538778702,0.15499161073825501,False,False
Hi4D,/home/shangguanrz/project/pic-edit/datasets/Hi4D_pilot_v1/raw/pair22/kiss22/images/4/000070.jpg,pair22/kiss22/images/4/000070.jpg,940,1280,940,False,True,0.0662533244680851,193.2258065887413,3459.6719892785904,82.63942541040616,1816.3386095276874,person,82.63942541040616,1816.3386095276874,0.15520134228187918,False,False
Hi4D,/home/shangguanrz/project/pic-edit/datasets/Hi4D_pilot_v1/raw/pair22/kiss22/images/4/000001.jpg,pair22/kiss22/images/4/000001.jpg,940,1280,940,False,True,0.06358959441489362,224.78342417126706,3772.428191489362,85.34411161400529,1658.4717092866756,person,85.34411161400529,1658.4717092866756,0.15562080536912754,False,False
Hi4D,/home/shangguanrz/project/pic-edit/datasets/Hi4D_pilot_v1/raw/pair22/game22/images/4/000076.jpg,pair22/game22/images/4/000076.jpg,940,1280,940,False,True,0.06613696808510638,182.92243344430847,3306.870034075798,79.24332745609496,1900.3721879354966,person,79.24332745609496,1900.3721879354966,0.15604026845637584,False,False
Hi4D,/home/shangguanrz/project/pic-edit/datasets/Hi4D_pilot_v1/raw/pair10/talk10/images/16/000123.jpg,pair10/talk10/images/16/000123.jpg,940,1280,940,False,True,0.05516373005319149,198.8415897765436,3409.9861826795213,74.9304264038902,2020.3612585901767,person,74.9304264038902,2020.3612585901767,0.15645973154362416,False,False
Hi4D,/home/shangguanrz/project/pic-edit/datasets/Hi4D_pilot_v1/raw/pair22/kiss22/images/4/000005.jpg,pair22/kiss22/images/4/000005.jpg,940,1280,940,False,True,0.0632878989361702,222.35126994950247,3739.1729138962764,85.18798177016447,1679.9817312109828,person,85.18798177016447,1679.9817312109828,0.15708892617449666,False,False
Hi4D,/home/shangguanrz/project/pic-edit/datasets/Hi4D_pilot_v1/raw/pair10/argue10/images/52/000113.jpg,pair10/argue10/images/52/000113.jpg,940,1280,940,False,True,0.05281748670212766,232.51085103823618,3825.3330078125,77.28276233536177,1963.7478328212046,person,77.28276233536177,1963.7478328212046,0.1572986577181208,False,False
Hi4D,/home/shangguanrz/project/pic-edit/datasets/Hi4D_pilot_v1/raw/pair12/highfive12/images/4/000112.jpg,pair12/highfive12/images/4/000112.jpg,940,1280,940,False,True,0.07485954122340426,247.63369124461323,5193.906592835771,71.94149008319783,2068.1140245251026,person,71.94149008319783,2068.1140245251026,0.1572986577181208,False,False
Hi4D,/home/shangguanrz/project/pic-edit/datasets/Hi4D_pilot_v1/raw/pair22/kiss22/images/4/000004.jpg,pair22/kiss22/images/4/000004.jpg,940,1280,940,False,True,0.06339345079787234,223.58948165680178,3745.505017869016,85.49221357099152,1669.7901414534067,person,85.49221357099152,1669.7901414534067,0.15771812080536912,False,False
Hi4D,/home/shangguanrz/project/pic-edit/datasets/Hi4D_pilot_v1/raw/pair22/hug22/images/4/000025.jpg,pair22/hug22/images/4/000025.jpg,940,1280,940,False,True,0.06578125,194.1847906831219,3473.689172623005,73.02936270047807,2057.667999376915,person,73.02936270047807,2057.667999376915,0.1579278523489933,False,False
Hi4D,/home/shangguanrz/project/pic-edit/datasets/Hi4D_pilot_v1/raw/pair22/kiss22/images/4/000003.jpg,pair22/kiss22/images/4/000003.jpg,940,1280,940,False,True,0.06355634973404255,223.82206072379367,3743.1727061170213,85.73230269610292,1664.771510954216,person,85.73230269610292,1664.771510954216,0.15834731543624161,False,False
Hi4D,/home/shangguanrz/project/pic-edit/datasets/Hi4D_pilot_v1/raw/pair22/hug22/images/4/000041.jpg,pair22/hug22/images/4/000041.jpg,940,1280,940,False,True,0.06055934175531915,190.56651391911254,3313.6910218583776,81.64797599207759,1873.529813544851,person,81.64797599207759,1873.529813544851,0.15876677852348992,False,False
Hi4D,/home/shangguanrz/project/pic-edit/datasets/Hi4D_pilot_v1/raw/pair22/kiss22/images/4/000079.jpg,pair22/kiss22/images/4/000079.jpg,940,1280,940,False,True,0.06684424867021277,210.42552383518586,3652.2970412234044,83.88808021386387,1788.1565815178417,person,83.88808021386387,1788.1565815178417,0.15876677852348992,False,False
Hi4D,/home/shangguanrz/project/pic-edit/datasets/Hi4D_pilot_v1/raw/pair22/hug22/images/4/000042.jpg,pair22/hug22/images/4/000042.jpg,940,1280,940,False,True,0.060523603723404255,190.65128751573323,3300.4709005152927,82.35435623129896,1857.2267717403286,person,82.35435623129896,1857.2267717403286,0.1589765100671141,False,False
Hi4D,/home/shangguanrz/project/pic-edit/datasets/Hi4D_pilot_v1/raw/pair00/hug00/images/4/000086.jpg,pair00/hug00/images/4/000086.jpg,940,1280,940,False,True,0.04567237367021276,512.7463518411878,5561.40876412899,79.40326845908487,1915.39764252036,person,79.40326845908487,1915.39764252036,0.15918624161073824,False,False
Hi4D,/home/shangguanrz/project/pic-edit/datasets/Hi4D_pilot_v1/raw/pair10/talk10/images/16/000116.jpg,pair10/talk10/images/16/000116.jpg,940,1280,940,False,True,0.054747340425531914,200.89396990341208,3548.257043716755,74.99039729516788,2038.9578257659653,person,74.99039729516788,2038.9578257659653,0.1593959731543624,False,False
Hi4D,/home/shangguanrz/project/pic-edit/datasets/Hi4D_pilot_v1/raw/pair22/hug22/images/4/000037.jpg,pair22/hug22/images/4/000037.jpg,940,1280,940,False,True,0.06020777925531915,189.56407712605707,3314.153631981383,81.51520362984488,1880.3142888901239,person,81.51520362984488,1880.3142888901239,0.15960570469798657,False,False
Hi4D,/home/shangguanrz/project/pic-edit/datasets/Hi4D_pilot_v1/raw/pair10/talk10/images/16/000049.jpg,pair10/talk10/images/16/000049.jpg,940,1280,940,False,True,0.05199384973404255,200.48532125125809,3472.017079454787,78.17089808780706,1957.4896854225208,person,78.17089808780706,1957.4896854225208,0.15981543624161074,False,False
Hi4D,/home/shangguanrz/project/pic-edit/datasets/Hi4D_pilot_v1/raw/pair10/dance10/images/4/000104.jpg,pair10/dance10/images/4/000104.jpg,940,1280,940,False,True,0.05264544547872341,240.95721375969214,4576.71442819149,74.8480496366972,2049.6746816834025,person,74.8480496366972,2049.6746816834025,0.1600251677852349,False,False
Hi4D,/home/shangguanrz/project/pic-edit/datasets/Hi4D_pilot_v1/raw/pair10/talk10/images/16/000112.jpg,pair10/talk10/images/16/000112.jpg,940,1280,940,False,True,0.05387383643617021,202.23519819049395,3561.539685837766,74.92592436300446,2045.887640449438,person,74.92592436300446,2045.887640449438,0.1600251677852349,False,False
Hi4D,/home/shangguanrz/project/pic-edit/datasets/Hi4D_pilot_v1/raw/pair22/game22/images/4/000150.jpg,pair22/game22/images/4/000150.jpg,940,1280,940,False,True,0.06726063829787234,237.83891087344136,3923.3657849900264,87.12900266894242,1618.3176522029887,person,87.12900266894242,1618.3176522029887,0.16023489932885907,False,False
Hi4D,/home/shangguanrz/project/pic-edit/datasets/Hi4D_pilot_v1/raw/pair01/fight01/images/52/000016.jpg,pair01/fight01/images/52/000016.jpg,940,1280,940,False,True,0.06647855718085106,225.58782136961045,3910.3421293218084,66.9782083821853,2185.9435646790484,person,66.9782083821853,2185.9435646790484,0.16044463087248323,False,False
Hi4D,/home/shangguanrz/project/pic-edit/datasets/Hi4D_pilot_v1/raw/pair10/talk10/images/16/000118.jpg,pair10/talk10/images/16/000118.jpg,940,1280,940,False,True,0.05505900930851064,198.6317248635834,3524.967555269282,73.63893974510461,2067.8927150185173,person,73.63893974510461,2067.8927150185173,0.16128355704697986,False,False
Hi4D,/home/shangguanrz/project/pic-edit/datasets/Hi4D_pilot_v1/raw/pair00/hug00/images/4/000037.jpg,pair00/hug00/images/4/000037.jpg,940,1280,940,False,True,0.05405335771276596,579.524537913127,7213.845796625665,85.78119238245196,1698.720961362945,person,85.78119238245196,1698.720961362945,0.16149328859060402,False,False
Hi4D,/home/shangguanrz/project/pic-edit/datasets/Hi4D_pilot_v1/raw/pair22/kiss22/images/4/000076.jpg,pair22/kiss22/images/4/000076.jpg,940,1280,940,False,True,0.06613696808510638,199.44069814099183,3486.1436793550533,82.90958182793156,1857.1589687437786,person,82.90958182793156,1857.1589687437786,0.16170302013422821,False,False
Hi4D,/home/shangguanrz/project/pic-edit/datasets/Hi4D_pilot_v1/raw/pair22/kiss22/images/4/000007.jpg,pair22/kiss22/images/4/000007.jpg,940,1280,940,False,True,0.06259973404255319,212.91339583804887,3658.8253511469416,86.32744253963605,1679.183373414954,person,86.32744253963605,1679.183373414954,0.16191275167785235,False,False
Hi4D,/home/shangguanrz/project/pic-edit/datasets/Hi4D_pilot_v1/raw/pair10/argue10/images/52/000127.jpg,pair10/argue10/images/52/000127.jpg,940,1280,940,False,True,0.054661735372340425,242.06089786168621,3932.84209815492,68.45375329712782,2181.8323342205763,person,68.45375329712782,2181.8323342205763,0.16254194630872482,False,False
Hi4D,/home/shangguanrz/project/pic-edit/datasets/Hi4D_pilot_v1/raw/pair22/kiss22/images/4/000069.jpg,pair22/kiss22/images/4/000069.jpg,940,1280,940,False,True,0.06597490026595745,195.84007499160242,3512.2330556017287,84.8500169426718,1780.5153459605722,person,84.8500169426718,1780.5153459605722,0.16275167785234898,False,False
Hi4D,/home/shangguanrz/project/pic-edit/datasets/Hi4D_pilot_v1/raw/pair22/kiss22/images/4/000002.jpg,pair22/kiss22/images/4/000002.jpg,940,1280,940,False,True,0.06358793218085107,224.8704055848301,3758.757563164894,86.81893494272148,1665.9624579803685,person,86.81893494272148,1665.9624579803685,0.162751677852349,False,False
Hi4D,/home/shangguanrz/project/pic-edit/datasets/Hi4D_pilot_v1/raw/pair01/talk01/images/16/000028.jpg,pair01/talk01/images/16/000028.jpg,940,1280,940,False,True,0.05112533244680851,203.50471081219416,3340.7823408410904,76.01188976907477,2035.6704568391308,person,76.01188976907477,2035.6704568391308,0.16296140939597314,False,False
Hi4D,/home/shangguanrz/project/pic-edit/datasets/Hi4D_pilot_v1/raw/pair22/kiss22/images/4/000026.jpg,pair22/kiss22/images/4/000026.jpg,940,1280,940,False,True,0.06515708111702127,214.85544968900658,3777.246623587101,85.46372579312724,1768.7165091136992,person,85.46372579312724,1768.7165091136992,0.1631711409395973,False,False
Hi4D,/home/shangguanrz/project/pic-edit/datasets/Hi4D_pilot_v1/raw/pair22/hug22/images/4/000039.jpg,pair22/hug22/images/4/000039.jpg,940,1280,940,False,True,0.060311668882978724,190.13401509313468,3313.9530522772607,81.83782854423474,1888.110957081069,person,81.83782854423474,1888.110957081069,0.16338087248322147,False,False
Hi4D,/home/shangguanrz/project/pic-edit/datasets/Hi4D_pilot_v1/raw/pair22/kiss22/images/4/000024.jpg,pair22/kiss22/images/4/000024.jpg,940,1280,940,False,True,0.06665974069148936,204.48001383804203,3547.413044381649,86.36443250443173,1716.628285867265,person,86.36443250443173,1716.628285867265,0.16401006711409397,False,False
Hi4D,/home/shangguanrz/project/pic-edit/datasets/Hi4D_pilot_v1/raw/pair22/kiss22/images/4/000025.jpg,pair22/kiss22/images/4/000025.jpg,940,1280,940,False,True,0.06578125,213.7609794741035,3714.6111307347073,85.95727866865033,1733.8995274936394,person,85.95727866865033,1733.8995274936394,0.16401006711409397,False,False
Hi4D,/home/shangguanrz/project/pic-edit/datasets/Hi4D_pilot_v1/raw/pair10/talk10/images/16/000047.jpg,pair10/talk10/images/16/000047.jpg,940,1280,940,False,True,0.052332114361702126,201.3728329306439,3444.694367104388,76.09271984842295,2042.1360707260271,person,76.09271984842295,2042.1360707260271,0.16421979865771813,False,False
Hi4D,/home/shangguanrz/project/pic-edit/datasets/Hi4D_pilot_v1/raw/pair22/game22/images/4/000141.jpg,pair22/game22/images/4/000141.jpg,940,1280,940,False,True,0.06509973404255319,239.60767323010754,3994.026543799867,90.02763801732031,1583.0353136907636,person,90.02763801732031,1583.0353136907636,0.1648489932885906,False,False
Hi4D,/home/shangguanrz/project/pic-edit/datasets/Hi4D_pilot_v1/raw/pair12/highfive12/images/4/000030.jpg,pair12/highfive12/images/4/000030.jpg,940,1280,940,False,True,0.044566988031914896,244.5788411482959,5138.23640084774,83.32979632166555,1865.3550872422388,person,83.32979632166555,1865.3550872422388,0.16568791946308725,False,False
Hi4D,/home/shangguanrz/project/pic-edit/datasets/Hi4D_pilot_v1/raw/pair16/jump16/images/4/000016.jpg,pair16/jump16/images/4/000016.jpg,940,1280,940,False,True,0.052969581117021276,294.5403027797566,5489.943858045212,58.14169179663248,2377.2053919591235,person,58.14169179663248,2377.2053919591235,0.16610738255033555,False,False
Hi4D,/home/shangguanrz/project/pic-edit/datasets/Hi4D_pilot_v1/raw/pair10/talk10/images/16/000125.jpg,pair10/talk10/images/16/000125.jpg,940,1280,940,False,True,0.05502160904255319,197.98709016258545,3397.8928690159573,76.56163402242112,2043.3258830848638,person,76.56163402242112,2043.3258830848638,0.16610738255033558,False,False
Hi4D,/home/shangguanrz/project/pic-edit/datasets/Hi4D_pilot_v1/raw/pair14/talk14/images/4/000021.jpg,pair14/talk14/images/4/000021.jpg,940,1280,940,False,True,0.06221409574468085,290.79415816146894,5351.842191655585,84.00772324414491,1852.2186522419186,person,84.00772324414491,1852.2186522419186,0.16631711409395972,False,False
Hi4D,/home/shangguanrz/project/pic-edit/datasets/Hi4D_pilot_v1/raw/pair22/kiss22/images/4/000071.jpg,pair22/kiss22/images/4/000071.jpg,940,1280,940,False,True,0.06583610372340426,193.27325126732458,3402.2819356715427,83.39142204358565,1871.9303181898981,person,83.39142204358565,1871.9303181898981,0.1669463087248322,False,False
Hi4D,/home/shangguanrz/project/pic-edit/datasets/Hi4D_pilot_v1/raw/pair16/jump16/images/4/000022.jpg,pair16/jump16/images/4/000022.jpg,940,1280,940,False,True,0.05573221409574468,280.5408847578892,5192.029566988032,57.60086948480393,2391.6172591102168,person,57.60086948480393,2391.6172591102168,0.1673657718120805,False,False
Hi4D,/home/shangguanrz/project/pic-edit/datasets/Hi4D_pilot_v1/raw/pair10/talk10/images/16/000051.jpg,pair10/talk10/images/16/000051.jpg,940,1280,940,False,True,0.0515093085106383,199.543893915083,3473.952647107713,82.73565287500267,1887.1006204354496,person,82.73565287500267,1887.1006204354496,0.1675755033557047,False,False
Hi4D,/home/shangguanrz/project/pic-edit/datasets/Hi4D_pilot_v1/raw/pair10/argue10/images/52/000128.jpg,pair10/argue10/images/52/000128.jpg,940,1280,940,False,True,0.05157912234042553,240.84301227992236,3915.265448387633,90.62586305032079,1602.0141765679923,person,90.62586305032079,1602.0141765679923,0.16799496644295303,False,False
Hi4D,/home/shangguanrz/project/pic-edit/datasets/Hi4D_pilot_v1/raw/pair22/kiss22/images/4/000068.jpg,pair22/kiss22/images/4/000068.jpg,940,1280,940,False,True,0.06555934175531915,198.56538486394373,3574.164093666888,85.51189069345222,1815.5139102147039,person,85.51189069345222,1815.5139102147039,0.16799496644295303,False,False
Hi4D,/home/shangguanrz/project/pic-edit/datasets/Hi4D_pilot_v1/raw/pair10/talk10/images/16/000046.jpg,pair10/talk10/images/16/000046.jpg,940,1280,940,False,True,0.05244431515957447,202.4194157960027,3456.3099131482713,76.51583826377197,2056.386469726012,person,76.51583826377197,2056.386469726012,0.16841442953020136,False,False
Hi4D,/home/shangguanrz/project/pic-edit/datasets/Hi4D_pilot_v1/raw/pair10/dance10/images/4/000034.jpg,pair10/dance10/images/4/000034.jpg,940,1280,940,False,True,0.0433203125,210.8477152405199,4026.7624044215427,65.9703853788775,2261.59496869164,person,65.9703853788775,2261.59496869164,0.1686241610738255,False,False
Hi4D,/home/shangguanrz/project/pic-edit/datasets/Hi4D_pilot_v1/raw/pair22/kiss22/images/4/000080.jpg,pair22/kiss22/images/4/000080.jpg,940,1280,940,False,True,0.06689577792553192,211.03660229869746,3698.945447556516,85.32123872570416,1839.9199066487909,person,85.32123872570416,1839.9199066487909,0.16967281879194632,False,False
Hi4D,/home/shangguanrz/project/pic-edit/datasets/Hi4D_pilot_v1/raw/pair10/talk10/images/16/000129.jpg,pair10/talk10/images/16/000129.jpg,940,1280,940,False,True,0.05407995345744681,190.96308722391885,3312.052485039894,76.591867377388,2059.5109805567213,person,76.591867377388,2059.5109805567213,0.16988255033557048,False,False
Hi4D,/home/shangguanrz/project/pic-edit/datasets/Hi4D_pilot_v1/raw/pair22/hug22/images/4/000027.jpg,pair22/hug22/images/4/000027.jpg,940,1280,940,False,True,0.0639918550531915,195.13562106824452,3426.4656748670213,77.98287825503978,2032.0528746615703,person,77.98287825503978,2032.0528746615703,0.17009228187919462,False,False
Hi4D,/home/shangguanrz/project/pic-edit/datasets/Hi4D_pilot_v1/raw/pair22/game22/images/4/000003.jpg,pair22/game22/images/4/000003.jpg,940,1280,940,False,True,0.06355634973404255,185.48554723928711,3264.1946787732713,86.22642825093781,1812.9476946293353,person,86.22642825093781,1812.9476946293353,0.17051174496644295,False,False
Hi4D,/home/shangguanrz/project/pic-edit/datasets/Hi4D_pilot_v1/raw/pair16/hug16/images/4/000031.jpg,pair16/hug16/images/4/000031.jpg,940,1280,940,False,True,0.055286735372340426,291.7992842027968,5468.566177692819,63.42258948589789,2346.014487001389,person,63.42258948589789,2346.014487001389,0.1707214765100671,False,False
Hi4D,/home/shangguanrz/project/pic-edit/datasets/Hi4D_pilot_v1/raw/pair10/talk10/images/16/000127.jpg,pair10/talk10/images/16/000127.jpg,940,1280,940,False,True,0.054661735372340425,194.51642982643506,3347.1806432845747,76.71988581604205,2064.252054160398,person,76.71988581604205,2064.252054160398,0.17156040268456374,False,False
Hi4D,/home/shangguanrz/project/pic-edit/datasets/Hi4D_pilot_v1/raw/pair12/talk12/images/16/000088.jpg,pair12/talk12/images/16/000088.jpg,940,1280,940,False,True,0.06027426861702127,233.96583311562628,4373.395674035904,74.4948550801173,2126.974158032645,person,74.4948550801173,2126.974158032645,0.17156040268456374,False,False
Hi4D,/home/shangguanrz/project/pic-edit/datasets/Hi4D_pilot_v1/raw/pair12/highfive12/images/4/000110.jpg,pair12/highfive12/images/4/000110.jpg,940,1280,940,False,True,0.07405169547872341,242.8482757323789,5174.115930435505,75.92353563510218,2086.2543114159334,person,75.92353563510218,2086.2543114159334,0.17156040268456377,False,False
Hi4D,/home/shangguanrz/project/pic-edit/datasets/Hi4D_pilot_v1/raw/pair22/game22/images/4/000129.jpg,pair22/game22/images/4/000129.jpg,940,1280,940,False,True,0.06949135638297872,183.86449937679586,3287.3768804022607,86.20644134538732,1830.0407270106066,person,86.20644134538732,1830.0407270106066,0.17281879194630873,False,False
Hi4D,/home/shangguanrz/project/pic-edit/datasets/Hi4D_pilot_v1/raw/pair14/dance14/images/16/000123.jpg,pair14/dance14/images/16/000123.jpg,940,1280,940,False,True,0.07076213430851064,285.89300714242296,4777.022055767952,77.75216496596106,2054.1556267287815,person,77.75216496596106,2054.1556267287815,0.17302852348993286,False,False
Hi4D,/home/shangguanrz/project/pic-edit/datasets/Hi4D_pilot_v1/raw/pair12/highfive12/images/4/000121.jpg,pair12/highfive12/images/4/000121.jpg,940,1280,940,False,True,0.07576296542553192,247.96879867710862,5128.108637383643,76.62332398095967,2071.202671118531,person,76.62332398095967,2071.202671118531,0.1730285234899329,False,False
Hi4D,/home/shangguanrz/project/pic-edit/datasets/Hi4D_pilot_v1/raw/pair10/talk10/images/16/000114.jpg,pair10/talk10/images/16/000114.jpg,940,1280,940,False,True,0.05429604388297872,202.24622656390812,3570.673329454787,76.41526976379038,2087.275898962646,person,76.41526976379038,2087.275898962646,0.17386744966442952,False,False
Hi4D,/home/shangguanrz/project/pic-edit/datasets/Hi4D_pilot_v1/raw/pair09/talk09/images/76/000018.jpg,pair09/talk09/images/76/000018.jpg,940,1280,940,False,True,0.0365483710106383,276.52874207129673,3781.884557845745,82.00464083969842,1958.599498177908,person,82.00464083969842,1958.599498177908,0.1751258389261745,False,False
Hi4D,/home/shangguanrz/project/pic-edit/datasets/Hi4D_pilot_v1/raw/pair28/fight28/images/4/000112.jpg,pair28/fight28/images/4/000112.jpg,940,1280,940,False,True,0.03266954787234042,237.46747124405567,4372.350533992686,93.9495864565228,1532.8314323111445,person,93.9495864565228,1532.8314323111445,0.17596476510067116,False,False
Hi4D,/home/shangguanrz/project/pic-edit/datasets/Hi4D_pilot_v1/raw/pair22/game22/images/4/000001.jpg,pair22/game22/images/4/000001.jpg,940,1280,940,False,True,0.06358959441489362,187.9196236892058,3293.799368351064,86.84339483560336,1840.078869448183,person,86.84339483560336,1840.078869448183,0.17701342281879195,False,False
Hi4D,/home/shangguanrz/project/pic-edit/datasets/Hi4D_pilot_v1/raw/pair10/argue10/images/52/000146.jpg,pair10/argue10/images/52/000146.jpg,940,1280,940,False,True,0.06337516622340425,234.7050197615296,3725.0115213597073,90.2832528715377,1749.2354377397976,person,90.2832528715377,1749.2354377397976,0.17743288590604028,False,False
Hi4D,/home/shangguanrz/project/pic-edit/datasets/Hi4D_pilot_v1/raw/pair22/kiss22/images/4/000062.jpg,pair22/kiss22/images/4/000062.jpg,940,1280,940,False,True,0.06611619015957447,225.51755882763877,3988.1524164727393,87.10690831727355,1853.4881713801342,person,87.10690831727355,1853.4881713801342,0.1793204697986577,False,False
Hi4D,/home/shangguanrz/project/pic-edit/datasets/Hi4D_pilot_v1/raw/pair09/talk09/images/76/000009.jpg,pair09/talk09/images/76/000009.jpg,940,1280,940,False,True,0.03694065824468085,274.218760663727,3912.6082841589096,80.26354341249993,2036.0391199482322,person,80.26354341249993,2036.0391199482322,0.17973993288590606,False,False
Hi4D,/home/shangguanrz/project/pic-edit/datasets/Hi4D_pilot_v1/raw/pair16/jump16/images/4/000017.jpg,pair16/jump16/images/4/000017.jpg,940,1280,940,False,True,0.053360206117021275,297.8812891265665,5549.305456283245,60.003474402471994,2521.415820149875,person,60.003474402471994,2521.415820149875,0.18099832214765102,False,False
Hi4D,/home/shangguanrz/project/pic-edit/datasets/Hi4D_pilot_v1/raw/pair09/talk09/images/76/000010.jpg,pair09/talk09/images/76/000010.jpg,940,1280,940,False,True,0.03687084441489362,271.812423003103,3895.6165433843084,80.78620101079667,2029.4759807254559,person,80.78620101079667,2029.4759807254559,0.18120805369127518,False,False
Hi4D,/home/shangguanrz/project/pic-edit/datasets/Hi4D_pilot_v1/raw/pair16/jump16/images/4/000020.jpg,pair16/jump16/images/4/000020.jpg,940,1280,940,False,True,0.0547124335106383,297.70385643752144,5531.93122506649,60.768494354579126,2521.6165531691986,person,60.768494354579126,2521.6165531691986,0.18183724832214765,False,False
Hi4D,/home/shangguanrz/project/pic-edit/datasets/Hi4D_pilot_v1/raw/pair22/kiss22/images/4/000060.jpg,pair22/kiss22/images/4/000060.jpg,940,1280,940,False,True,0.06768367686170212,227.96964014542485,3985.106092087766,86.69460516384072,1877.9301865531488,person,86.69460516384072,1877.9301865531488,0.18225671140939598,False,False
Hi4D,/home/shangguanrz/project/pic-edit/datasets/Hi4D_pilot_v1/raw/pair22/kiss22/images/4/000061.jpg,pair22/kiss22/images/4/000061.jpg,940,1280,940,False,True,0.06721742021276596,230.40145845011705,4044.5765978224736,87.35532701590658,1861.6530222266922,person,87.35532701590658,1861.6530222266922,0.1826761744966443,False,False
Hi4D,/home/shangguanrz/project/pic-edit/datasets/Hi4D_pilot_v1/raw/pair10/argue10/images/52/000149.jpg,pair10/argue10/images/52/000149.jpg,940,1280,940,False,True,0.06610954122340426,234.5077945364444,3719.321600731383,89.8371620949442,1828.069895157264,person,89.8371620949442,1828.069895157264,0.18330536912751677,False,False
Hi4D,/home/shangguanrz/project/pic-edit/datasets/Hi4D_pilot_v1/raw/pair09/talk09/images/76/000002.jpg,pair09/talk09/images/76/000002.jpg,940,1280,940,False,True,0.03694564494680851,276.1923382465739,3944.879134807181,80.46293251234525,2053.5728952772074,person,80.46293251234525,2053.5728952772074,0.1837248322147651,False,False
Hi4D,/home/shangguanrz/project/pic-edit/datasets/Hi4D_pilot_v1/raw/pair22/game22/images/4/000063.jpg,pair22/game22/images/4/000063.jpg,940,1280,940,False,True,0.06496758643617022,181.88058092991872,3187.424368351064,85.27259975931948,1911.2948216582242,person,85.27259975931948,1911.2948216582242,0.1837248322147651,False,False
Hi4D,/home/shangguanrz/project/pic-edit/datasets/Hi4D_pilot_v1/raw/pair22/game22/images/4/000005.jpg,pair22/game22/images/4/000005.jpg,940,1280,940,False,True,0.0632878989361702,190.14650780432035,3324.579672955452,89.4188041480715,1850.6055184714753,person,89.4188041480715,1850.6055184714753,0.18393456375838926,False,False
Hi4D,/home/shangguanrz/project/pic-edit/datasets/Hi4D_pilot_v1/raw/pair12/talk12/images/16/000073.jpg,pair12/talk12/images/16/000073.jpg,940,1280,940,False,True,0.05411236702127659,245.38778657511705,4617.585667386968,75.10746271934683,2199.102697238432,person,75.10746271934683,2199.102697238432,0.18414429530201343,False,False
Hi4D,/home/shangguanrz/project/pic-edit/datasets/Hi4D_pilot_v1/raw/pair16/jump16/images/4/000019.jpg,pair16/jump16/images/4/000019.jpg,940,1280,940,False,True,0.05422290558510638,298.95583418701074,5609.265271775266,63.667773054175285,2499.7666832092636,person,63.667773054175285,2499.7666832092636,0.18456375838926176,False,False
Hi4D,/home/shangguanrz/project/pic-edit/datasets/Hi4D_pilot_v1/raw/pair09/talk09/images/76/000005.jpg,pair09/talk09/images/76/000005.jpg,940,1280,940,False,True,0.03693234707446808,273.86392717158543,3937.121987200798,80.12239103850146,2067.138000880669,person,80.12239103850146,2067.138000880669,0.1847734899328859,False,False
Hi4D,/home/shangguanrz/project/pic-edit/datasets/Hi4D_pilot_v1/raw/pair09/talk09/images/76/000016.jpg,pair09/talk09/images/76/000016.jpg,940,1280,940,False,True,0.03547373670212766,277.0803914328893,3866.815512799202,82.63218083729863,2001.7802540945966,person,82.63218083729863,2001.7802540945966,0.1847734899328859,False,False
Hi4D,/home/shangguanrz/project/pic-edit/datasets/Hi4D_pilot_v1/raw/pair09/talk09/images/76/000001.jpg,pair09/talk09/images/76/000001.jpg,940,1280,940,False,True,0.03699301861702128,275.3307927563591,3936.5152406083776,81.00268429090681,2050.1297202285045,person,81.00268429090681,2050.1297202285045,0.18540268456375839,False,False
Hi4D,/home/shangguanrz/project/pic-edit/datasets/Hi4D_pilot_v1/raw/pair12/talk12/images/16/000114.jpg,pair12/talk12/images/16/000114.jpg,940,1280,940,False,True,0.0753939494680851,230.22807117345485,4269.357546542553,79.79101886414445,2081.667683745454,person,79.79101886414445,2081.667683745454,0.18603187919463088,False,False
Hi4D,/home/shangguanrz/project/pic-edit/datasets/Hi4D_pilot_v1/raw/pair00/yoga00/images/4/000075.jpg,pair00/yoga00/images/4/000075.jpg,940,1280,940,False,True,0.05501994680851064,478.2917576094944,5274.114340924202,94.6044479618467,1651.6445788598216,person,94.6044479618467,1651.6445788598216,0.18624161073825501,False,False
Hi4D,/home/shangguanrz/project/pic-edit/datasets/Hi4D_pilot_v1/raw/pair09/talk09/images/76/000003.jpg,pair09/talk09/images/76/000003.jpg,940,1280,940,False,True,0.03692569813829787,274.7199611481416,3930.652655418883,80.730524639467,2058.2474637893624,person,80.730524639467,2058.2474637893624,0.18624161073825501,False,False
Hi4D,/home/shangguanrz/project/pic-edit/datasets/Hi4D_pilot_v1/raw/pair22/kiss22/images/4/000059.jpg,pair22/kiss22/images/4/000059.jpg,940,1280,940,False,True,0.0677734375,233.0878626120312,4029.576140708112,87.43509603168349,1883.7362527494502,person,87.43509603168349,1883.7362527494502,0.18708053691275167,False,False
Hi4D,/home/shangguanrz/project/pic-edit/datasets/Hi4D_pilot_v1/raw/pair01/fight01/images/52/000029.jpg,pair01/fight01/images/52/000029.jpg,940,1280,940,False,True,0.07186751994680851,223.40577651319484,3858.8016850897607,77.76125926703283,2153.070836845624,person,77.76125926703283,2153.070836845624,0.18729026845637584,False,False
Hi4D,/home/shangguanrz/project/pic-edit/datasets/Hi4D_pilot_v1/raw/pair12/talk12/images/16/000090.jpg,pair12/talk12/images/16/000090.jpg,940,1280,940,False,True,0.06155003324468085,242.03469710988983,4512.366834275266,76.72196929652362,2178.478356775219,person,76.72196929652362,2178.478356775219,0.18812919463087246,False,False
Hi4D,/home/shangguanrz/project/pic-edit/datasets/Hi4D_pilot_v1/raw/pair22/kiss22/images/4/000072.jpg,pair22/kiss22/images/4/000072.jpg,940,1280,940,False,True,0.06536569148936171,193.40126028779733,3391.793425864362,85.53858966757271,1934.6491093366094,person,85.53858966757271,1934.6491093366094,0.18812919463087246,False,False
Hi4D,/home/shangguanrz/project/pic-edit/datasets/Hi4D_pilot_v1/raw/pair09/talk09/images/76/000006.jpg,pair09/talk09/images/76/000006.jpg,940,1280,940,False,True,0.03690824468085106,272.3867076203908,3918.9000685671544,81.12152706827939,2060.2351938895417,person,81.12152706827939,2060.2351938895417,0.1881291946308725,False,False
Hi4D,/home/shangguanrz/project/pic-edit/datasets/Hi4D_pilot_v1/raw/pair09/talk09/images/76/000007.jpg,pair09/talk09/images/76/000007.jpg,940,1280,940,False,True,0.03693317819148936,272.7959077261918,3925.7056287400264,80.84850468701751,2067.137530508425,person,80.84850468701751,2067.137530508425,0.1881291946308725,False,False
Hi4D,/home/shangguanrz/project/pic-edit/datasets/Hi4D_pilot_v1/raw/pair09/talk09/images/76/000004.jpg,pair09/talk09/images/76/000004.jpg,940,1280,940,False,True,0.03692154255319149,274.6111675308214,3933.703530169548,80.2772216107077,2079.0226339861615,person,80.2772216107077,2079.0226339861615,0.18833892617449666,False,False
Hi4D,/home/shangguanrz/project/pic-edit/datasets/Hi4D_pilot_v1/raw/pair10/talk10/images/16/000038.jpg,pair10/talk10/images/16/000038.jpg,940,1280,940,False,True,0.04735206117021277,202.8803383486743,3304.258352726064,77.57926184827552,2159.504223375191,person,77.57926184827552,2159.504223375191,0.1885486577181208,False,False
Hi4D,/home/shangguanrz/project/pic-edit/datasets/Hi4D_pilot_v1/raw/pair22/kiss22/images/4/000067.jpg,pair22/kiss22/images/4/000067.jpg,940,1280,940,False,True,0.06518533909574468,202.7700935726578,3545.4969040890956,88.66028874075847,1882.2802607807714,person,88.66028874075847,1882.2802607807714,0.18875838926174499,False,False
Hi4D,/home/shangguanrz/project/pic-edit/datasets/Hi4D_pilot_v1/raw/pair10/argue10/images/52/000080.jpg,pair10/argue10/images/52/000080.jpg,940,1280,940,False,True,0.05524268617021277,233.28823653210222,3794.9524704953456,73.71917574014236,2272.5811184939093,person,73.71917574014236,2272.5811184939093,0.1902265100671141,False,False
Hi4D,/home/shangguanrz/project/pic-edit/datasets/Hi4D_pilot_v1/raw/pair10/argue10/images/52/000130.jpg,pair10/argue10/images/52/000130.jpg,940,1280,940,False,True,0.051995511968085106,239.40555748779232,3834.107162150931,94.97433570627477,1678.0306350889596,person,94.97433570627477,1678.0306350889596,0.1902265100671141,False,False
Hi4D,/home/shangguanrz/project/pic-edit/datasets/Hi4D_pilot_v1/raw/pair10/dance10/images/4/000102.jpg,pair10/dance10/images/4/000102.jpg,940,1280,940,False,True,0.051530086436170214,244.92058125595642,4643.353764960107,77.26992891191468,2183.87338207687,person,77.26992891191468,2183.87338207687,0.19043624161073824,False,False
Hi4D,/home/shangguanrz/project/pic-edit/datasets/Hi4D_pilot_v1/raw/pair01/fight01/images/52/000014.jpg,pair01/fight01/images/52/000014.jpg,940,1280,940,False,True,0.06488198138297872,233.26084430879362,4089.8726832613033,71.96821998017106,2310.259260498578,person,71.96821998017106,2310.259260498578,0.1912751677852349,False,False
Hi4D,/home/shangguanrz/project/pic-edit/datasets/Hi4D_pilot_v1/raw/pair10/talk10/images/16/000131.jpg,pair10/talk10/images/16/000131.jpg,940,1280,940,False,True,0.05345495345744681,192.40939443604665,3307.5012674534573,77.37119539705678,2190.476675227644,person,77.37119539705678,2190.476675227644,0.19169463087248323,False,False
Hi4D,/home/shangguanrz/project/pic-edit/datasets/Hi4D_pilot_v1/raw/pair09/talk09/images/76/000017.jpg,pair09/talk09/images/76/000017.jpg,940,1280,940,False,True,0.03579039228723404,275.48464918115013,3811.025785405585,84.10624034150823,2001.5769944341373,person,84.10624034150823,2001.5769944341373,0.19253355704697986,False,False
Hi4D,/home/shangguanrz/project/pic-edit/datasets/Hi4D_pilot_v1/raw/pair12/talk12/images/16/000112.jpg,pair12/talk12/images/16/000112.jpg,940,1280,940,False,True,0.07485954122340426,235.9288529633073,4355.387238198138,80.76389310098953,2095.226304278377,person,80.76389310098953,2095.226304278377,0.19253355704697986,False,False
Hi4D,/home/shangguanrz/project/pic-edit/datasets/Hi4D_pilot_v1/raw/pair22/kiss22/images/4/000075.jpg,pair22/kiss22/images/4/000075.jpg,940,1280,940,False,True,0.06584773936170213,196.4110636112916,3484.640593833112,87.11519993864863,1919.208501923173,person,87.11519993864863,1919.208501923173,0.1929530201342282,False,False
Hi4D,/home/shangguanrz/project/pic-edit/datasets/Hi4D_pilot_v1/raw/pair22/kiss22/images/4/000027.jpg,pair22/kiss22/images/4/000027.jpg,940,1280,940,False,True,0.0639918550531915,214.50666115733495,3811.454143118351,88.10396364785218,1901.8016669321016,person,88.10396364785218,1901.8016669321016,0.19316275167785235,False,False
Hi4D,/home/shangguanrz/project/pic-edit/datasets/Hi4D_pilot_v1/raw/pair09/talk09/images/76/000008.jpg,pair09/talk09/images/76/000008.jpg,940,1280,940,False,True,0.03694065824468085,275.04098340986326,3934.379872423537,82.02875020941785,2069.2323374753973,person,82.02875020941785,2069.2323374753973,0.19379194630872482,False,False
Hi4D,/home/shangguanrz/project/pic-edit/datasets/Hi4D_pilot_v1/raw/pair12/talk12/images/16/000092.jpg,pair12/talk12/images/16/000092.jpg,940,1280,940,False,True,0.06304355053191489,250.79251369255167,4650.079247007979,79.22047029750293,2157.2708522054213,person,79.22047029750293,2157.2708522054213,0.194001677852349,False,False
Hi4D,/home/shangguanrz/project/pic-edit/datasets/Hi4D_pilot_v1/raw/pair10/dance10/images/4/000107.jpg,pair10/dance10/images/4/000107.jpg,940,1280,940,False,True,0.05413730053191489,237.95531586617994,4625.419953041888,78.97715346047835,2168.1804954183867,person,78.97715346047835,2168.1804954183867,0.19421140939597314,False,False
Hi4D,/home/shangguanrz/project/pic-edit/datasets/Hi4D_pilot_v1/raw/pair22/kiss22/images/4/000073.jpg,pair22/kiss22/images/4/000073.jpg,940,1280,940,False,True,0.06537483377659574,194.53391215916182,3418.4459670046544,86.69998385329082,1943.8880257576532,person,86.69998385329082,1943.8880257576532,0.1944211409395973,False,False
Hi4D,/home/shangguanrz/project/pic-edit/datasets/Hi4D_pilot_v1/raw/pair01/fight01/images/52/000030.jpg,pair01/fight01/images/52/000030.jpg,940,1280,940,False,True,0.07195894281914894,222.23333380307585,3839.1131254155584,76.15266634236225,2243.4153358316516,person,76.15266634236225,2243.4153358316516,0.19442114093959734,False,False
Hi4D,/home/shangguanrz/project/pic-edit/datasets/Hi4D_pilot_v1/raw/pair02/backhug02/images/64/000050.jpg,pair02/backhug02/images/64/000050.jpg,940,1280,940,False,True,0.05318484042553191,228.25841774426195,4064.8956220910904,78.16063144556024,2203.6302477521185,person,78.16063144556024,2203.6302477521185,0.19651845637583892,False,False
Hi4D,/home/shangguanrz/project/pic-edit/datasets/Hi4D_pilot_v1/raw/pair22/kiss22/images/4/000074.jpg,pair22/kiss22/images/4/000074.jpg,940,1280,940,False,True,0.0654903590425532,193.84681712342586,3427.979481798537,86.9856451910022,1949.3021624485882,person,86.9856451910022,1949.3021624485882,0.19651845637583892,False,False
Hi4D,/home/shangguanrz/project/pic-edit/datasets/Hi4D_pilot_v1/raw/pair12/talk12/images/16/000057.jpg,pair12/talk12/images/16/000057.jpg,940,1280,940,False,True,0.05008228058510638,218.9043819322312,4079.057835355718,77.65222957142495,2224.229274992642,person,77.65222957142495,2224.229274992642,0.19756711409395972,False,False
Hi4D,/home/shangguanrz/project/pic-edit/datasets/Hi4D_pilot_v1/raw/pair22/game22/images/4/000007.jpg,pair22/game22/images/4/000007.jpg,940,1280,940,False,True,0.06259973404255319,187.47631057186214,3291.42547997008,90.91697421049547,1891.8178290336687,person,90.91697421049547,1891.8178290336687,0.19798657718120807,False,False
Hi4D,/home/shangguanrz/project/pic-edit/datasets/Hi4D_pilot_v1/raw/pair10/dance10/images/4/000012.jpg,pair10/dance10/images/4/000012.jpg,940,1280,940,False,True,0.04446226728723404,237.75727545742862,4473.694595661569,66.62552145269575,2544.3838766171402,person,66.62552145269575,2544.3838766171402,0.1981963087248322,False,False
Hi4D,/home/shangguanrz/project/pic-edit/datasets/Hi4D_pilot_v1/raw/pair02/pose02/images/52/000134.jpg,pair02/pose02/images/52/000134.jpg,940,1280,940,False,True,0.05031831781914894,218.48529368860255,3944.029338430851,74.70884438175273,2322.076586133735,person,74.70884438175273,2322.076586133735,0.19840604026845637,False,False
Hi4D,/home/shangguanrz/project/pic-edit/datasets/Hi4D_pilot_v1/raw/pair09/talk09/images/76/000011.jpg,pair09/talk09/images/76/000011.jpg,940,1280,940,False,True,0.036704621010638296,274.3527404685645,3897.655314993351,82.99762688122641,2078.7036246069883,person,82.99762688122641,2078.7036246069883,0.19924496644295303,False,False
Hi4D,/home/shangguanrz/project/pic-edit/datasets/Hi4D_pilot_v1/raw/pair00/yoga00/images/4/000057.jpg,pair00/yoga00/images/4/000057.jpg,940,1280,940,False,True,0.05570063164893617,551.4601462792898,5760.076535488697,87.94126868334415,1952.1318161477977,person,87.94126868334415,1952.1318161477977,0.19945469798657717,False,False
Hi4D,/home/shangguanrz/project/pic-edit/datasets/Hi4D_pilot_v1/raw/pair00/hug00/images/4/000032.jpg,pair00/hug00/images/4/000032.jpg,940,1280,940,False,True,0.05381648936170213,583.2493972312061,7206.632937167553,95.40336719033056,1788.3743091512013,person,95.40336719033056,1788.3743091512013,0.1994546979865772,False,False
Hi4D,/home/shangguanrz/project/pic-edit/datasets/Hi4D_pilot_v1/raw/pair16/hug16/images/4/000030.jpg,pair16/hug16/images/4/000030.jpg,940,1280,940,False,True,0.05547789228723404,290.19876646075437,5369.219300615026,68.81756620130001,2520.7097585180286,person,68.81756620130001,2520.7097585180286,0.1994546979865772,False,False
Hi4D,/home/shangguanrz/project/pic-edit/datasets/Hi4D_pilot_v1/raw/pair10/argue10/images/52/000100.jpg,pair10/argue10/images/52/000100.jpg,940,1280,940,False,True,0.0560796210106383,215.2501764034135,3519.9827127659573,89.60905177168694,1936.0625018531148,person,89.60905177168694,1936.0625018531148,0.20029362416107382,False,False
Hi4D,/home/shangguanrz/project/pic-edit/datasets/Hi4D_pilot_v1/raw/pair09/talk09/images/76/000014.jpg,pair09/talk09/images/76/000014.jpg,940,1280,940,False,True,0.03584773936170213,275.83509706336486,3873.926279920213,82.64206069969934,2098.205392231531,person,82.64206069969934,2098.205392231531,0.20113255033557048,False,False
Hi4D,/home/shangguanrz/project/pic-edit/datasets/Hi4D_pilot_v1/raw/pair12/talk12/images/16/000086.jpg,pair12/talk12/images/16/000086.jpg,940,1280,940,False,True,0.058875498670212766,233.12942005463887,4322.904629321809,78.23776513384367,2229.8697556082884,person,78.23776513384367,2229.8697556082884,0.20113255033557048,False,False
Hi4D,/home/shangguanrz/project/pic-edit/datasets/Hi4D_pilot_v1/raw/pair22/kiss22/images/4/000058.jpg,pair22/kiss22/images/4/000058.jpg,940,1280,940,False,True,0.06774185505319148,230.04882525739325,4064.9591505984044,89.82017126895234,1936.8313087725426,person,89.82017126895234,1936.8313087725426,0.20134228187919462,False,False
Hi4D,/home/shangguanrz/project/pic-edit/datasets/Hi4D_pilot_v1/raw/pair12/talk12/images/16/000116.jpg,pair12/talk12/images/16/000116.jpg,940,1280,940,False,True,0.07605053191489362,230.3332336066589,4254.805716007314,81.3593266459948,2154.8208231861695,person,81.3593266459948,2154.8208231861695,0.20155201342281878,False,False
Hi4D,/home/shangguanrz/project/pic-edit/datasets/Hi4D_pilot_v1/raw/pair22/hug22/images/4/000095.jpg,pair22/hug22/images/4/000095.jpg,940,1280,940,False,True,0.06571060505319148,200.24870095127795,3497.18115234375,94.6635274261944,1849.1138110854256,person,94.6635274261944,1849.1138110854256,0.20218120805369127,False,False
Hi4D,/home/shangguanrz/project/pic-edit/datasets/Hi4D_pilot_v1/raw/pair12/talk12/images/16/000118.jpg,pair12/talk12/images/16/000118.jpg,940,1280,940,False,True,0.07665641622340426,229.82556137489806,4248.390115940824,82.0357927838485,2134.554844914643,person,82.0357927838485,2134.554844914643,0.20239093959731544,False,False
Hi4D,/home/shangguanrz/project/pic-edit/datasets/Hi4D_pilot_v1/raw/pair02/pose02/images/52/000136.jpg,pair02/pose02/images/52/000136.jpg,940,1280,940,False,True,0.0504296875,219.72907091317646,3943.762601811835,75.76642048520605,2328.391866028708,person,75.76642048520605,2328.391866028708,0.2030201342281879,False,False
Hi4D,/home/shangguanrz/project/pic-edit/datasets/Hi4D_pilot_v1/raw/pair12/talk12/images/16/000039.jpg,pair12/talk12/images/16/000039.jpg,940,1280,940,False,True,0.04867353723404255,239.16967544945834,4498.947982463431,77.46004234710892,2261.1378394263547,person,77.46004234710892,2261.1378394263547,0.2030201342281879,False,False
Hi4D,/home/shangguanrz/project/pic-edit/datasets/Hi4D_pilot_v1/raw/pair10/argue10/images/52/000143.jpg,pair10/argue10/images/52/000143.jpg,940,1280,940,False,True,0.05981382978723404,234.62785158439584,3730.0367457613033,95.60997649495228,1819.4702504020215,person,95.60997649495228,1819.4702504020215,0.20302013422818793,False,False
Hi4D,/home/shangguanrz/project/pic-edit/datasets/Hi4D_pilot_v1/raw/pair16/hug16/images/4/000025.jpg,pair16/hug16/images/4/000025.jpg,940,1280,940,False,True,0.05650598404255319,273.8455564206194,4934.814162234043,65.75827840882836,2616.3472723280106,person,65.75827840882836,2616.3472723280106,0.20302013422818793,False,False
Hi4D,/home/shangguanrz/project/pic-edit/datasets/Hi4D_pilot_v1/raw/pair10/argue10/images/52/000118.jpg,pair10/argue10/images/52/000118.jpg,940,1280,940,False,True,0.05505900930851064,243.91454543499128,4048.994223736702,82.413481023912,2130.1860925171945,person,82.413481023912,2130.1860925171945,0.20322986577181207,False,False
Hi4D,/home/shangguanrz/project/pic-edit/datasets/Hi4D_pilot_v1/raw/pair10/argue10/images/52/000081.jpg,pair10/argue10/images/52/000081.jpg,940,1280,940,False,True,0.04254903590425532,233.57177204217453,3841.2130464594416,93.60386365107397,1877.8424288782326,person,93.60386365107397,1877.8424288782326,0.20385906040268453,False,False
Hi4D,/home/shangguanrz/project/pic-edit/datasets/Hi4D_pilot_v1/raw/pair10/dance10/images/4/000013.jpg,pair10/dance10/images/4/000013.jpg,940,1280,940,False,True,0.04441988031914894,235.89436190740287,4422.92626953125,69.28228287509451,2554.155808166497,person,69.28228287509451,2554.155808166497,0.20406879194630873,False,False
Hi4D,/home/shangguanrz/project/pic-edit/datasets/Hi4D_pilot_v1/raw/pair12/highfive12/images/4/000134.jpg,pair12/highfive12/images/4/000134.jpg,940,1280,940,False,True,0.08131898271276596,246.23040858257832,5181.891154837101,79.19718037342732,2228.816371443908,person,79.19718037342732,2228.816371443908,0.20427852348993286,False,False
Hi4D,/home/shangguanrz/project/pic-edit/datasets/Hi4D_pilot_v1/raw/pair22/kiss22/images/4/000028.jpg,pair22/kiss22/images/4/000028.jpg,940,1280,940,False,True,0.06313829787234043,214.53074440817426,3796.5033036901596,89.35131898432851,1968.5623029248668,person,89.35131898432851,1968.5623029248668,0.20448825503355705,False,False
Hi4D,/home/shangguanrz/project/pic-edit/datasets/Hi4D_pilot_v1/raw/pair12/talk12/images/16/000110.jpg,pair12/talk12/images/16/000110.jpg,940,1280,940,False,True,0.07405169547872341,237.32074733361117,4404.037088597074,81.75882523043623,2158.5495253715026,person,81.75882523043623,2158.5495253715026,0.2046979865771812,False,False
Hi4D,/home/shangguanrz/project/pic-edit/datasets/Hi4D_pilot_v1/raw/pair12/talk12/images/16/000071.jpg,pair12/talk12/images/16/000071.jpg,940,1280,940,False,True,0.0535654920212766,247.75251082361638,4596.00432180851,77.65133712277952,2279.452439533912,person,77.65133712277952,2279.452439533912,0.20490771812080538,False,False
Hi4D,/home/shangguanrz/project/pic-edit/datasets/Hi4D_pilot_v1/raw/pair10/dance10/images/4/000096.jpg,pair10/dance10/images/4/000096.jpg,940,1280,940,False,True,0.04624002659574468,248.83695138704192,4573.57966256649,79.01052560063579,2244.4026409726507,person,79.01052560063579,2244.4026409726507,0.20511744966442952,False,False
Hi4D,/home/shangguanrz/project/pic-edit/datasets/Hi4D_pilot_v1/raw/pair12/talk12/images/16/000037.jpg,pair12/talk12/images/16/000037.jpg,940,1280,940,False,True,0.048513962765957444,240.1794499539044,4467.951909491357,76.38674802868377,2333.341773932616,person,76.38674802868377,2333.341773932616,0.20616610738255034,False,False
Hi4D,/home/shangguanrz/project/pic-edit/datasets/Hi4D_pilot_v1/raw/pair10/dance10/images/4/000011.jpg,pair10/dance10/images/4/000011.jpg,940,1280,940,False,True,0.04444730718085106,244.03052525562956,4608.985185339096,69.09704227211031,2587.747666723231,person,69.09704227211031,2587.747666723231,0.2076342281879195,False,False
Hi4D,/home/shangguanrz/project/pic-edit/datasets/Hi4D_pilot_v1/raw/pair12/talk12/images/16/000066.jpg,pair12/talk12/images/16/000066.jpg,940,1280,940,False,True,0.052430186170212764,232.66185476845777,4284.235112616357,79.43256962779118,2247.068748195901,person,79.43256962779118,2247.068748195901,0.20784395973154363,False,False
Hi4D,/home/shangguanrz/project/pic-edit/datasets/Hi4D_pilot_v1/raw/pair12/talk12/images/16/000070.jpg,pair12/talk12/images/16/000070.jpg,940,1280,940,False,True,0.053308676861702126,245.50813117648968,4560.282766788564,77.37959548001363,2313.414010057303,person,77.37959548001363,2313.414010057303,0.20868288590604028,False,False
Hi4D,/home/shangguanrz/project/pic-edit/datasets/Hi4D_pilot_v1/raw/pair12/talk12/images/16/000094.jpg,pair12/talk12/images/16/000094.jpg,940,1280,940,False,True,0.06449052526595744,251.9350610424513,4627.936326047207,82.47594975636254,2163.7188088228195,person,82.47594975636254,2163.7188088228195,0.20889261744966442,False,False
Hi4D,/home/shangguanrz/project/pic-edit/datasets/Hi4D_pilot_v1/raw/pair16/hug16/images/4/000024.jpg,pair16/hug16/images/4/000024.jpg,940,1280,940,False,True,0.05653257978723404,270.7623094934962,4972.350835272607,65.97002707940563,2650.8671683913453,person,65.97002707940563,2650.8671683913453,0.20994127516778524,False,False
Hi4D,/home/shangguanrz/project/pic-edit/datasets/Hi4D_pilot_v1/raw/pair22/kiss22/images/4/000063.jpg,pair22/kiss22/images/4/000063.jpg,940,1280,940,False,True,0.06496758643617022,224.002751572308,3896.531998005319,91.56368449492481,1961.3468412902548,person,91.56368449492481,1961.3468412902548,0.21036073825503354,False,False
Hi4D,/home/shangguanrz/project/pic-edit/datasets/Hi4D_pilot_v1/raw/pair10/dance10/images/4/000016.jpg,pair10/dance10/images/4/000016.jpg,940,1280,940,False,True,0.0443999335106383,226.28763523334933,4312.820343666888,70.49301879968148,2566.3717388870227,person,70.49301879968148,2566.3717388870227,0.21078020134228187,False,False
Hi4D,/home/shangguanrz/project/pic-edit/datasets/Hi4D_pilot_v1/raw/pair12/talk12/images/16/000038.jpg,pair12/talk12/images/16/000038.jpg,940,1280,940,False,True,0.04861702127659574,240.7077496881505,4505.042251911569,78.26335825761142,2306.609024854798,person,78.26335825761142,2306.609024854798,0.21161912751677853,False,False
Hi4D,/home/shangguanrz/project/pic-edit/datasets/Hi4D_pilot_v1/raw/pair22/game22/images/4/000042.jpg,pair22/game22/images/4/000042.jpg,940,1280,940,False,True,0.060523603723404255,193.36310335531016,3414.437053274601,87.07204978250005,2051.6358426099414,person,87.07204978250005,2051.6358426099414,0.21203859060402686,False,False
Hi4D,/home/shangguanrz/project/pic-edit/datasets/Hi4D_pilot_v1/raw/pair22/game22/images/4/000127.jpg,pair22/game22/images/4/000127.jpg,940,1280,940,False,True,0.07398603723404255,190.7017311925746,3471.334389544548,89.82862589590303,2005.283958190784,person,89.82862589590303,2005.283958190784,0.21203859060402686,False,False
Hi4D,/home/shangguanrz/project/pic-edit/datasets/Hi4D_pilot_v1/raw/pair02/pose02/images/52/000132.jpg,pair02/pose02/images/52/000132.jpg,940,1280,940,False,True,0.050467087765957444,221.4048110347303,3981.8052485039893,74.88528188088456,2456.5207595970596,person,74.88528188088456,2456.5207595970596,0.212248322147651,False,False
Hi4D,/home/shangguanrz/project/pic-edit/datasets/Hi4D_pilot_v1/raw/pair12/talk12/images/16/000036.jpg,pair12/talk12/images/16/000036.jpg,940,1280,940,False,True,0.04833277925531915,232.3662712749932,4340.617540724734,75.8458347103692,2400.0896253059686,person,75.8458347103692,2400.0896253059686,0.21224832214765102,False,False
Hi4D,/home/shangguanrz/project/pic-edit/datasets/Hi4D_pilot_v1/raw/pair10/dance10/images/4/000014.jpg,pair10/dance10/images/4/000014.jpg,940,1280,940,False,True,0.04441988031914894,233.31815270718653,4387.030169547872,71.91559334114781,2537.843665158371,person,71.91559334114781,2537.843665158371,0.21245805369127516,False,False
Hi4D,/home/shangguanrz/project/pic-edit/datasets/Hi4D_pilot_v1/raw/pair12/talk12/images/16/000064.jpg,pair12/talk12/images/16/000064.jpg,940,1280,940,False,True,0.05154920212765957,224.25684705129723,4135.660239361702,79.12965189482094,2294.7875134764286,person,79.12965189482094,2294.7875134764286,0.21245805369127516,False,False
Hi4D,/home/shangguanrz/project/pic-edit/datasets/Hi4D_pilot_v1/raw/pair22/kiss22/images/4/000055.jpg,pair22/kiss22/images/4/000055.jpg,940,1280,940,False,True,0.06543716755319148,234.20709237106902,4151.83361037234,91.65536515030142,1977.3548470109884,person,91.65536515030142,1977.3548470109884,0.21329697986577179,False,False
Hi4D,/home/shangguanrz/project/pic-edit/datasets/Hi4D_pilot_v1/raw/pair12/talk12/images/16/000084.jpg,pair12/talk12/images/16/000084.jpg,940,1280,940,False,True,0.05679105718085106,230.97476186618482,4189.043623254654,79.69941653313164,2288.5760962593768,person,79.69941653313164,2288.5760962593768,0.2139261744966443,False,False
Hi4D,/home/shangguanrz/project/pic-edit/datasets/Hi4D_pilot_v1/raw/pair22/game22/images/4/000009.jpg,pair22/game22/images/4/000009.jpg,940,1280,940,False,True,0.061571642287234045,183.56650702043484,3262.0790807845747,92.79272946328277,1956.69224183169,person,92.79272946328277,1956.69224183169,0.2139261744966443,False,False
Hi4D,/home/shangguanrz/project/pic-edit/datasets/Hi4D_pilot_v1/raw/pair10/dance10/images/4/000015.jpg,pair10/dance10/images/4/000015.jpg,940,1280,940,False,True,0.04442320478723404,228.50471357902077,4325.330483294548,72.93256081360676,2533.7314563545906,person,72.93256081360676,2533.7314563545906,0.2149748322147651,False,False
Hi4D,/home/shangguanrz/project/pic-edit/datasets/Hi4D_pilot_v1/raw/pair00/hug00/images/4/000046.jpg,pair00/hug00/images/4/000046.jpg,940,1280,940,False,True,0.05674119015957447,583.5246208051902,7098.159262799202,96.22767749622652,1883.0566001778682,person,96.22767749622652,1883.0566001778682,0.21518456375838926,False,False
Hi4D,/home/shangguanrz/project/pic-edit/datasets/Hi4D_pilot_v1/raw/pair22/kiss22/images/4/000029.jpg,pair22/kiss22/images/4/000029.jpg,940,1280,940,False,True,0.06214594414893617,216.78661301404225,3773.679916057181,91.84339033975643,1990.6549566362937,person,91.84339033975643,1990.6549566362937,0.2156040268456376,False,False
Hi4D,/home/shangguanrz/project/pic-edit/datasets/Hi4D_pilot_v1/raw/pair09/talk09/images/76/000015.jpg,pair09/talk09/images/76/000015.jpg,940,1280,940,False,True,0.03554438164893617,276.5420402769267,3840.770757147606,85.79710730146914,2101.706891788181,person,85.79710730146914,2101.706891788181,0.21581375838926176,False,False
Hi4D,/home/shangguanrz/project/pic-edit/datasets/Hi4D_pilot_v1/raw/pair10/argue10/images/52/000096.jpg,pair10/argue10/images/52/000096.jpg,940,1280,940,False,True,0.04624002659574468,235.2304842518217,3833.701483543883,90.6455494039621,2007.6606457500202,person,90.6455494039621,2007.6606457500202,0.21581375838926176,False,False
Hi4D,/home/shangguanrz/project/pic-edit/datasets/Hi4D_pilot_v1/raw/pair02/backhug02/images/64/000080.jpg,pair02/backhug02/images/64/000080.jpg,940,1280,940,False,True,0.06786735372340426,251.7179665964834,4429.932326296543,86.3683017455093,2089.9120547464468,person,86.3683017455093,2089.9120547464468,0.21644295302013422,False,False
Hi4D,/home/shangguanrz/project/pic-edit/datasets/Hi4D_pilot_v1/raw/pair10/argue10/images/52/000119.jpg,pair10/argue10/images/52/000119.jpg,940,1280,940,False,True,0.05035987367021277,243.80352283517075,4035.456771525931,81.98779218306046,2237.5594133205095,person,81.98779218306046,2237.5594133205095,0.21644295302013422,False,False
Hi4D,/home/shangguanrz/project/pic-edit/datasets/Hi4D_pilot_v1/raw/pair10/dance10/images/4/000017.jpg,pair10/dance10/images/4/000017.jpg,940,1280,940,False,True,0.044391622340425534,226.11959917977592,4345.290880568484,69.68910613392067,2643.9865489701556,person,69.68910613392067,2643.9865489701556,0.21644295302013422,False,False
Hi4D,/home/shangguanrz/project/pic-edit/datasets/Hi4D_pilot_v1/raw/pair22/hug22/images/4/000094.jpg,pair22/hug22/images/4/000094.jpg,940,1280,940,False,True,0.06211186835106383,198.6471165215176,3494.0629155585107,93.72225588733652,1947.6103643890224,person,93.72225588733652,1947.6103643890224,0.21686241610738255,False,False
Hi4D,/home/shangguanrz/project/pic-edit/datasets/Hi4D_pilot_v1/raw/pair22/kiss22/images/4/000057.jpg,pair22/kiss22/images/4/000057.jpg,940,1280,940,False,True,0.06725897606382979,235.22379584288694,4121.795815325798,92.40416486260906,1992.009217750466,person,92.40416486260906,1992.009217750466,0.21707214765100669,False,False
Hi4D,/home/shangguanrz/project/pic-edit/datasets/Hi4D_pilot_v1/raw/pair22/kiss22/images/4/000064.jpg,pair22/kiss22/images/4/000064.jpg,940,1280,940,False,True,0.06456283244680851,216.85581290443974,3772.4659761469416,91.74493998988454,2000.7814088215932,person,91.74493998988454,2000.7814088215932,0.2170721476510067,False,False
Hi4D,/home/shangguanrz/project/pic-edit/datasets/Hi4D_pilot_v1/raw/pair10/talk10/images/16/000134.jpg,pair10/talk10/images/16/000134.jpg,940,1280,940,False,True,0.05246592420212766,193.92196378615068,3323.6346201795213,80.54196246817553,2285.271107319732,person,80.54196246817553,2285.271107319732,0.21728187919463088,False,False
Hi4D,/home/shangguanrz/project/pic-edit/datasets/Hi4D_pilot_v1/raw/pair10/dance10/images/4/000109.jpg,pair10/dance10/images/4/000109.jpg,940,1280,940,False,True,0.05462682845744681,238.02158363991165,4635.40617727726,79.859981394405,2306.697453035597,person,79.859981394405,2306.697453035597,0.21749161073825501,False,False
Hi4D,/home/shangguanrz/project/pic-edit/datasets/Hi4D_pilot_v1/raw/pair12/talk12/images/16/000034.jpg,pair12/talk12/images/16/000034.jpg,940,1280,940,False,True,0.04799119015957447,232.04988935941915,4278.468417553191,75.3132036208754,2505.3909977281332,person,75.3132036208754,2505.3909977281332,0.21791107382550334,False,False
Hi4D,/home/shangguanrz/project/pic-edit/datasets/Hi4D_pilot_v1/raw/pair22/kiss22/images/4/000056.jpg,pair22/kiss22/images/4/000056.jpg,940,1280,940,False,True,0.06634391622340426,234.42009134039503,4156.224713264628,92.53262244895,1996.1603028224474,person,92.53262244895,1996.1603028224474,0.21833053691275167,False,False
Hi4D,/home/shangguanrz/project/pic-edit/datasets/Hi4D_pilot_v1/raw/pair10/dance10/images/4/000123.jpg,pair10/dance10/images/4/000123.jpg,940,1280,940,False,True,0.05516373005319149,236.17395998849864,4511.809975482048,81.44125618267525,2264.878163138661,person,81.44125618267525,2264.878163138661,0.21854026845637584,False,False
Hi4D,/home/shangguanrz/project/pic-edit/datasets/Hi4D_pilot_v1/raw/pair16/hug16/images/4/000027.jpg,pair16/hug16/images/4/000027.jpg,940,1280,940,False,True,0.056115359042553194,282.5514512882075,5121.059102809176,70.72949191234689,2627.958728714416,person,70.72949191234689,2627.958728714416,0.21875,False,False
Hi4D,/home/shangguanrz/project/pic-edit/datasets/Hi4D_pilot_v1/raw/pair22/hug22/images/4/000089.jpg,pair22/hug22/images/4/000089.jpg,940,1280,940,False,True,0.06020029920212766,186.0963302174268,3319.3559778091753,93.82570821444196,1960.5824019401095,person,93.82570821444196,1960.5824019401095,0.21916946308724833,False,False
Hi4D,/home/shangguanrz/project/pic-edit/datasets/Hi4D_pilot_v1/raw/pair22/hug22/images/4/000096.jpg,pair22/hug22/images/4/000096.jpg,940,1280,940,False,True,0.06326047207446808,200.04824969948226,3509.390084773936,93.15760606884317,1978.1437426960013,person,93.15760606884317,1978.1437426960013,0.21916946308724833,False,False
Hi4D,/home/shangguanrz/project/pic-edit/datasets/Hi4D_pilot_v1/raw/pair09/bend09/images/88/000130.jpg,pair09/bend09/images/88/000130.jpg,940,1280,940,False,True,0.04547872340425532,352.5947475800043,5034.089334690824,77.25209639075999,2428.854873898246,person,77.25209639075999,2428.854873898246,0.2193791946308725,False,False
Hi4D,/home/shangguanrz/project/pic-edit/datasets/Hi4D_pilot_v1/raw/pair01/fight01/images/52/000033.jpg,pair01/fight01/images/52/000033.jpg,940,1280,940,False,True,0.07204953457446808,225.34899434087063,3860.225191156915,83.11859801874337,2222.3178359612325,person,83.11859801874337,2222.3178359612325,0.2197986577181208,False,False
Hi4D,/home/shangguanrz/project/pic-edit/datasets/Hi4D_pilot_v1/raw/pair12/talk12/images/16/000095.jpg,pair12/talk12/images/16/000095.jpg,940,1280,940,False,True,0.0650531914893617,251.13082439341443,4588.39336768617,84.2828089847142,2183.2639666881473,person,84.2828089847142,2183.2639666881473,0.22126677852348992,False,False
Hi4D,/home/shangguanrz/project/pic-edit/datasets/Hi4D_pilot_v1/raw/pair10/dance10/images/4/000049.jpg,pair10/dance10/images/4/000049.jpg,940,1280,940,False,True,0.05199384973404255,188.95373535577178,3612.807347074468,67.19048121301901,2706.6409887373493,person,67.19048121301901,2706.6409887373493,0.22126677852348994,False,False
Hi4D,/home/shangguanrz/project/pic-edit/datasets/Hi4D_pilot_v1/raw/pair12/talk12/images/16/000035.jpg,pair12/talk12/images/16/000035.jpg,940,1280,940,False,True,0.048198969414893614,233.445824405493,4326.911039311835,76.64620798889271,2473.967834740367,person,76.64620798889271,2473.967834740367,0.22126677852348994,False,False
Hi4D,/home/shangguanrz/project/pic-edit/datasets/Hi4D_pilot_v1/raw/pair16/hug16/images/4/000022.jpg,pair16/hug16/images/4/000022.jpg,940,1280,940,False,True,0.05573221409574468,276.9253900442635,5172.334981715426,67.49462935558758,2707.7317236753856,person,67.49462935558758,2707.7317236753856,0.2221057046979866,False,False
Hi4D,/home/shangguanrz/project/pic-edit/datasets/Hi4D_pilot_v1/raw/pair09/talk09/images/76/000013.jpg,pair09/talk09/images/76/000013.jpg,940,1280,940,False,True,0.036212599734042554,278.0341197678869,3893.85077293883,85.64708971906767,2157.7748664231594,person,85.64708971906767,2157.7748664231594,0.22231543624161074,False,False
Hi4D,/home/shangguanrz/project/pic-edit/datasets/Hi4D_pilot_v1/raw/pair12/talk12/images/16/000068.jpg,pair12/talk12/images/16/000068.jpg,940,1280,940,False,True,0.05291057180851064,241.02995261607964,4450.008996841755,81.45802107952869,2299.712272543949,person,81.45802107952869,2299.712272543949,0.22273489932885907,False,False
Hi4D,/home/shangguanrz/project/pic-edit/datasets/Hi4D_pilot_v1/raw/pair12/talk12/images/16/000131.jpg,pair12/talk12/images/16/000131.jpg,940,1280,940,False,True,0.0772689494680851,226.57037689069,4284.315481632314,86.5482695005836,2154.8221697317363,person,86.5482695005836,2154.8221697317363,0.2246224832214765,False,False
Hi4D,/home/shangguanrz/project/pic-edit/datasets/Hi4D_pilot_v1/raw/pair22/game22/images/4/000125.jpg,pair22/game22/images/4/000125.jpg,940,1280,940,False,True,0.07204953457446808,181.96211365519633,3321.4832945478724,94.1731470390474,1994.550638277257,person,94.1731470390474,1994.550638277257,0.2246224832214765,False,False
Hi4D,/home/shangguanrz/project/pic-edit/datasets/Hi4D_pilot_v1/raw/pair22/kiss22/images/4/000066.jpg,pair22/kiss22/images/4/000066.jpg,940,1280,940,False,True,0.06487865691489361,200.1449690268503,3533.307606798537,93.81123047458851,2000.964190356526,person,93.81123047458851,2000.964190356526,0.22462248322147652,False,False
Hi4D,/home/shangguanrz/project/pic-edit/datasets/Hi4D_pilot_v1/raw/pair02/pose02/images/52/000138.jpg,pair02/pose02/images/52/000138.jpg,940,1280,940,False,True,0.05048869680851064,221.6704932592097,3953.524424451463,80.18428775052425,2375.723743666986,person,80.18428775052425,2375.723743666986,0.2260906040268456,False,False
Hi4D,/home/shangguanrz/project/pic-edit/datasets/Hi4D_pilot_v1/raw/pair09/talk09/images/76/000012.jpg,pair09/talk09/images/76/000012.jpg,940,1280,940,False,True,0.036493517287234045,274.00548618459874,3882.584420711436,87.18218361185997,2146.623183204737,person,87.18218361185997,2146.623183204737,0.22651006711409397,False,False
Hi4D,/home/shangguanrz/project/pic-edit/datasets/Hi4D_pilot_v1/raw/pair10/talk10/images/16/000136.jpg,pair10/talk10/images/16/000136.jpg,940,1280,940,False,True,0.05173869680851064,194.6289534350767,3332.9526574966753,81.54547027778644,2335.5606649135084,person,81.54547027778644,2335.5606649135084,0.22713926174496646,False,False
Hi4D,/home/shangguanrz/project/pic-edit/datasets/Hi4D_pilot_v1/raw/pair22/game22/images/4/000124.jpg,pair22/game22/images/4/000124.jpg,940,1280,940,False,True,0.0701919880319149,184.4649623967286,3274.6498815658247,94.34286742325374,2003.8623283434367,person,94.34286742325374,2003.8623283434367,0.2273489932885906,False,False
Hi4D,/home/shangguanrz/project/pic-edit/datasets/Hi4D_pilot_v1/raw/pair12/talk12/images/16/000032.jpg,pair12/talk12/images/16/000032.jpg,940,1280,940,False,True,0.04673038563829787,233.13782860068184,4198.446237117686,77.38119977154484,2520.4897683397685,person,77.38119977154484,2520.4897683397685,0.2275587248322148,False,False
Hi4D,/home/shangguanrz/project/pic-edit/datasets/Hi4D_pilot_v1/raw/pair22/hug22/images/4/000087.jpg,pair22/hug22/images/4/000087.jpg,940,1280,940,False,True,0.05790059840425532,185.6777280243396,3314.824208361037,95.35948307379334,1983.1000279720279,person,95.35948307379334,1983.1000279720279,0.22818791946308725,False,False
Hi4D,/home/shangguanrz/project/pic-edit/datasets/Hi4D_pilot_v1/raw/pair12/talk12/images/16/000097.jpg,pair12/talk12/images/16/000097.jpg,940,1280,940,False,True,0.06644281914893617,246.14922059610342,4549.504217918883,85.65292265251155,2200.545532667762,person,85.65292265251155,2200.545532667762,0.22860738255033558,False,False
Hi4D,/home/shangguanrz/project/pic-edit/datasets/Hi4D_pilot_v1/raw/pair10/argue10/images/52/000098.jpg,pair10/argue10/images/52/000098.jpg,940,1280,940,False,True,0.05768783244680851,222.13164356465577,3650.703218500665,96.17849882202485,1963.893604452321,person,96.17849882202485,1963.893604452321,0.2290268456375839,False,False
Hi4D,/home/shangguanrz/project/pic-edit/datasets/Hi4D_pilot_v1/raw/pair12/highfive12/images/4/000127.jpg,pair12/highfive12/images/4/000127.jpg,940,1280,940,False,True,0.0752983710106383,244.8768466087745,5153.089822972074,78.88601130543178,2475.1243868057513,person,78.88601130543178,2475.1243868057513,0.22923657718120805,False,False
Hi4D,/home/shangguanrz/project/pic-edit/datasets/Hi4D_pilot_v1/raw/pair22/game22/images/4/000016.jpg,pair22/game22/images/4/000016.jpg,940,1280,940,False,True,0.06781000664893617,188.28973581554558,3313.814764793883,95.50847627558204,1991.1105374208762,person,95.50847627558204,1991.1105374208762,0.22923657718120807,False,False
Hi4D,/home/shangguanrz/project/pic-edit/datasets/Hi4D_pilot_v1/raw/pair22/kiss22/images/4/000053.jpg,pair22/kiss22/images/4/000053.jpg,940,1280,940,False,True,0.06363863031914893,237.5895819104922,4142.262903091755,93.3389240286213,2044.7632103291623,person,93.3389240286213,2044.7632103291623,0.22986577181208054,False,False
Hi4D,/home/shangguanrz/project/pic-edit/datasets/Hi4D_pilot_v1/raw/pair12/talk12/images/16/000031.jpg,pair12/talk12/images/16/000031.jpg,940,1280,940,False,True,0.04567902260638298,231.26799640074313,4143.006742436835,75.98051768125596,2592.370705555419,person,75.98051768125596,2592.370705555419,0.23070469798657717,False,False
Hi4D,/home/shangguanrz/project/pic-edit/datasets/Hi4D_pilot_v1/raw/pair10/argue10/images/52/000141.jpg,pair10/argue10/images/52/000141.jpg,940,1280,940,False,True,0.057579787234042556,236.75601994087384,3747.5475295046544,98.92474314296707,1921.834638874137,person,98.92474314296707,1921.834638874137,0.23091442953020133,False,False
Hi4D,/home/shangguanrz/project/pic-edit/datasets/Hi4D_pilot_v1/raw/pair14/talk14/images/4/000023.jpg,pair14/talk14/images/4/000023.jpg,940,1280,940,False,True,0.06256815159574468,294.97495815202416,5424.527468417553,92.5711910546072,2070.3883613499293,person,92.5711910546072,2070.3883613499293,0.231753355704698,False,False
Hi4D,/home/shangguanrz/project/pic-edit/datasets/Hi4D_pilot_v1/raw/pair10/argue10/images/52/000122.jpg,pair10/argue10/images/52/000122.jpg,940,1280,940,False,True,0.048310339095744684,240.59705279638672,3962.991969331782,82.63605059257107,2333.566218714093,person,82.63605059257107,2333.566218714093,0.23196308724832215,False,False
Hi4D,/home/shangguanrz/project/pic-edit/datasets/Hi4D_pilot_v1/raw/pair12/talk12/images/16/000077.jpg,pair12/talk12/images/16/000077.jpg,940,1280,940,False,True,0.05400681515957447,241.74243964947632,4531.003251745346,80.16797293048502,2434.3756665414944,person,80.16797293048502,2434.3756665414944,0.23196308724832215,False,False
Hi4D,/home/shangguanrz/project/pic-edit/datasets/Hi4D_pilot_v1/raw/pair12/talk12/images/16/000103.jpg,pair12/talk12/images/16/000103.jpg,940,1280,940,False,True,0.07008228058510638,243.08339905717247,4440.979284408245,85.85549064350944,2218.0656514382404,person,85.85549064350944,2218.0656514382404,0.23196308724832215,False,False
Hi4D,/home/shangguanrz/project/pic-edit/datasets/Hi4D_pilot_v1/raw/pair12/talk12/images/16/000132.jpg,pair12/talk12/images/16/000132.jpg,940,1280,940,False,True,0.07835355718085106,226.04303499420823,4268.492779670878,86.85943288766619,2186.148546705125,person,86.85943288766619,2186.148546705125,0.2321728187919463,False,False
Hi4D,/home/shangguanrz/project/pic-edit/datasets/Hi4D_pilot_v1/raw/pair12/talk12/images/16/000075.jpg,pair12/talk12/images/16/000075.jpg,940,1280,940,False,True,0.05446808510638298,238.97115226456245,4475.43994140625,82.6173353925414,2337.0759561692485,person,82.6173353925414,2337.0759561692485,0.23217281879194632,False,False
Hi4D,/home/shangguanrz/project/pic-edit/datasets/Hi4D_pilot_v1/raw/pair12/talk12/images/16/000081.jpg,pair12/talk12/images/16/000081.jpg,940,1280,940,False,True,0.05440408909574468,241.68900898429484,4515.311928607048,82.80204092435504,2330.466446873134,person,82.80204092435504,2330.466446873134,0.23238255033557048,False,False
Hi4D,/home/shangguanrz/project/pic-edit/datasets/Hi4D_pilot_v1/raw/pair28/fight28/images/4/000111.jpg,pair28/fight28/images/4/000111.jpg,940,1280,940,False,True,0.033597905585106384,237.15685183411549,4376.392785904255,102.51594148365837,1861.5993666591269,person,102.51594148365837,1861.5993666591269,0.23259228187919462,False,False
Hi4D,/home/shangguanrz/project/pic-edit/datasets/Hi4D_pilot_v1/raw/pair12/talk12/images/16/000082.jpg,pair12/talk12/images/16/000082.jpg,940,1280,940,False,True,0.05511220079787234,240.22860596966777,4414.00890334109,83.37830167577384,2300.8934343564947,person,83.37830167577384,2300.8934343564947,0.2328020134228188,False,False
Hi4D,/home/shangguanrz/project/pic-edit/datasets/Hi4D_pilot_v1/raw/pair14/dance14/images/16/000126.jpg,pair14/dance14/images/16/000126.jpg,940,1280,940,False,True,0.07424950132978723,285.32380307406095,4768.258446226729,85.82728021219282,2228.611156967946,person,85.82728021219282,2228.611156967946,0.23343120805369127,False,False
Hi4D,/home/shangguanrz/project/pic-edit/datasets/Hi4D_pilot_v1/raw/pair02/backhug02/images/64/000039.jpg,pair02/backhug02/images/64/000039.jpg,940,1280,940,False,True,0.05460106382978724,228.18464443528737,4048.031218833112,82.21882114429879,2370.0089479898093,person,82.21882114429879,2370.0089479898093,0.2338506711409396,False,False
Hi4D,/home/shangguanrz/project/pic-edit/datasets/Hi4D_pilot_v1/raw/pair16/hug16/images/4/000028.jpg,pair16/hug16/images/4/000028.jpg,940,1280,940,False,True,0.05585688164893617,285.51284456207185,5197.820156665559,75.04094234031709,2648.526790416008,person,75.04094234031709,2648.526790416008,0.2338506711409396,False,False
Hi4D,/home/shangguanrz/project/pic-edit/datasets/Hi4D_pilot_v1/raw/pair10/dance10/images/4/000125.jpg,pair10/dance10/images/4/000125.jpg,940,1280,940,False,True,0.05502160904255319,235.91419516034983,4532.309424867021,83.65095035827908,2309.0323279338236,person,83.65095035827908,2309.0323279338236,0.23447986577181207,False,False
Hi4D,/home/shangguanrz/project/pic-edit/datasets/Hi4D_pilot_v1/raw/pair01/hug01/images/4/000042.jpg,pair01/hug01/images/4/000042.jpg,940,1280,940,False,True,0.06842503324468086,203.1069580760408,4111.232598487367,92.67849728253,2088.5437459693517,person,92.67849728253,2088.5437459693517,0.2348993288590604,False,False
Hi4D,/home/shangguanrz/project/pic-edit/datasets/Hi4D_pilot_v1/raw/pair02/pose02/images/52/000131.jpg,pair02/pose02/images/52/000131.jpg,940,1280,940,False,True,0.050733045212765955,221.67529296831825,3974.301279920213,78.31152224022978,2562.5325512003255,person,78.31152224022978,2562.5325512003255,0.23636744966442952,False,False
Hi4D,/home/shangguanrz/project/pic-edit/datasets/Hi4D_pilot_v1/raw/pair22/game22/images/4/000014.jpg,pair22/game22/images/4/000014.jpg,940,1280,940,False,True,0.06556931515957447,190.24143155441934,3320.238187749335,96.5553559779336,2006.7762517071662,person,96.5553559779336,2006.7762517071662,0.23678691275167785,False,False
Hi4D,/home/shangguanrz/project/pic-edit/datasets/Hi4D_pilot_v1/raw/pair16/jump16/images/4/000029.jpg,pair16/jump16/images/4/000029.jpg,940,1280,940,False,True,0.05772440159574468,261.4190223457426,4884.943909990026,91.80523578911269,2119.5459945315692,person,91.80523578911269,2119.5459945315692,0.23720637583892618,False,False
Hi4D,/home/shangguanrz/project/pic-edit/datasets/Hi4D_pilot_v1/raw/pair10/argue10/images/52/000094.jpg,pair10/argue10/images/52/000094.jpg,940,1280,940,False,True,0.04421625664893617,235.41391138274403,3817.249335106383,99.11839438154274,1958.6286707990912,person,99.11839438154274,1958.6286707990912,0.23741610738255034,False,False
Hi4D,/home/shangguanrz/project/pic-edit/datasets/Hi4D_pilot_v1/raw/pair22/kiss22/images/4/000065.jpg,pair22/kiss22/images/4/000065.jpg,940,1280,940,False,True,0.06470412234042554,207.5496773255686,3620.0442881482713,94.97984319450369,2055.2960129931366,person,94.97984319450369,2055.2960129931366,0.2380453020134228,False,False
Hi4D,/home/shangguanrz/project/pic-edit/datasets/Hi4D_pilot_v1/raw/pair22/game22/images/4/000010.jpg,pair22/game22/images/4/000010.jpg,940,1280,940,False,True,0.06162483377659574,185.80132889089242,3309.910997755984,95.63386352318963,2041.4854725900534,person,95.63386352318963,2041.4854725900534,0.23804530201342283,False,False
Hi4D,/home/shangguanrz/project/pic-edit/datasets/Hi4D_pilot_v1/raw/pair22/game22/images/4/000018.jpg,pair22/game22/images/4/000018.jpg,940,1280,940,False,True,0.06860954122340425,186.1319726330223,3295.086695894282,97.69993370186025,2006.1378309221534,person,97.69993370186025,2006.1378309221534,0.23888422818791946,False,False
Hi4D,/home/shangguanrz/project/pic-edit/datasets/Hi4D_pilot_v1/raw/pair22/game22/images/4/000041.jpg,pair22/game22/images/4/000041.jpg,940,1280,940,False,True,0.06055934175531915,199.7497183750959,3563.0766809341753,91.33908111917913,2157.348481092842,person,91.33908111917913,2157.348481092842,0.2393036912751678,False,False
Hi4D,/home/shangguanrz/project/pic-edit/datasets/Hi4D_pilot_v1/raw/pair00/hug00/images/4/000034.jpg,pair00/hug00/images/4/000034.jpg,940,1280,940,False,True,0.0545811170212766,582.059055443612,7211.696154005984,101.57814931608206,1906.816095990635,person,101.57814931608206,1906.816095990635,0.23993288590604028,False,False
Hi4D,/home/shangguanrz/project/pic-edit/datasets/Hi4D_pilot_v1/raw/pair12/talk12/images/16/000108.jpg,pair12/talk12/images/16/000108.jpg,940,1280,940,False,True,0.07320146276595745,237.1306655595561,4379.97344581117,89.01530977718294,2214.370972190877,person,89.01530977718294,2214.370972190877,0.23993288590604028,False,False
Hi4D,/home/shangguanrz/project/pic-edit/datasets/Hi4D_pilot_v1/raw/pair22/kiss22/images/4/000032.jpg,pair22/kiss22/images/4/000032.jpg,940,1280,940,False,True,0.0603764960106383,224.43174579228253,3932.872807928856,94.55330465393229,2071.7170226393027,person,94.55330465393229,2071.7170226393027,0.23993288590604028,False,False
Hi4D,/home/shangguanrz/project/pic-edit/datasets/Hi4D_pilot_v1/raw/pair12/talk12/images/16/000079.jpg,pair12/talk12/images/16/000079.jpg,940,1280,940,False,True,0.0533735039893617,237.03653031031757,4501.14006399601,83.08724268943769,2387.167723767666,person,83.08724268943769,2387.167723767666,0.2403523489932886,False,False
Hi4D,/home/shangguanrz/project/pic-edit/datasets/Hi4D_pilot_v1/raw/pair12/talk12/images/16/000033.jpg,pair12/talk12/images/16/000033.jpg,940,1280,940,False,True,0.047618849734042554,234.01844871254625,4241.328592503324,79.07178268704845,2582.6333760136577,person,79.07178268704845,2582.6333760136577,0.24056208053691275,False,False
Hi4D,/home/shangguanrz/project/pic-edit/datasets/Hi4D_pilot_v1/raw/pair10/talk10/images/16/000037.jpg,pair10/talk10/images/16/000037.jpg,940,1280,940,False,True,0.045845246010638295,206.715915758694,3358.0664270279253,84.62696003583989,2329.9050777202074,person,84.62696003583989,2329.9050777202074,0.2411912751677852,False,False
Hi4D,/home/shangguanrz/project/pic-edit/datasets/Hi4D_pilot_v1/raw/pair10/dance10/images/4/000180.jpg,pair10/dance10/images/4/000180.jpg,940,1280,940,False,True,0.07718500664893617,224.22482491662026,4312.827480884309,90.38088092561499,2190.5766466360315,person,90.38088092561499,2190.5766466360315,0.24161073825503357,False,False
Hi4D,/home/shangguanrz/project/pic-edit/datasets/Hi4D_pilot_v1/raw/pair22/kiss22/images/4/000054.jpg,pair22/kiss22/images/4/000054.jpg,940,1280,940,False,True,0.06438081781914894,236.28137744975987,4147.28620553524,95.21134246378045,2068.4912031931094,person,95.21134246378045,2068.4912031931094,0.24223993288590606,False,False
Hi4D,/home/shangguanrz/project/pic-edit/datasets/Hi4D_pilot_v1/raw/pair10/dance10/images/4/000047.jpg,pair10/dance10/images/4/000047.jpg,940,1280,940,False,True,0.052332114361702126,190.46800426853463,3636.412421043883,72.38288827886942,2753.279354240622,person,72.38288827886942,2753.279354240622,0.2424496644295302,False,False
Hi4D,/home/shangguanrz/project/pic-edit/datasets/Hi4D_pilot_v1/raw/pair12/highfive12/images/4/000136.jpg,pair12/highfive12/images/4/000136.jpg,940,1280,940,False,True,0.08247922207446809,246.9831825431357,5185.105489527926,85.38806303901436,2314.1138414845186,person,85.38806303901436,2314.1138414845186,0.2424496644295302,False,False
Hi4D,/home/shangguanrz/project/pic-edit/datasets/Hi4D_pilot_v1/raw/pair12/talk12/images/16/000062.jpg,pair12/talk12/images/16/000062.jpg,940,1280,940,False,True,0.050866023936170214,223.19727669476163,4082.732878989362,84.35508887664267,2341.340359364202,person,84.35508887664267,2341.340359364202,0.2424496644295302,False,False
Hi4D,/home/shangguanrz/project/pic-edit/datasets/Hi4D_pilot_v1/raw/pair10/dance10/images/4/000094.jpg,pair10/dance10/images/4/000094.jpg,940,1280,940,False,True,0.04421625664893617,245.5715491530743,4491.91368849734,84.00913576066093,2363.8618349087033,person,84.00913576066093,2363.8618349087033,0.24265939597315436,False,False
Hi4D,/home/shangguanrz/project/pic-edit/datasets/Hi4D_pilot_v1/raw/pair22/hug22/images/4/000097.jpg,pair22/hug22/images/4/000097.jpg,940,1280,940,False,True,0.06527509973404255,197.5342561897243,3502.448294132314,98.85980316667805,2004.237345971564,person,98.85980316667805,2004.237345971564,0.24265939597315436,False,False
Hi4D,/home/shangguanrz/project/pic-edit/datasets/Hi4D_pilot_v1/raw/pair10/argue10/images/52/000124.jpg,pair10/argue10/images/52/000124.jpg,940,1280,940,False,True,0.04841755319148936,239.9687025343039,3927.897221991356,84.26137518666981,2348.0304614915976,person,84.26137518666981,2348.0304614915976,0.2426593959731544,False,False
Hi4D,/home/shangguanrz/project/pic-edit/datasets/Hi4D_pilot_v1/raw/pair01/hug01/images/4/000043.jpg,pair01/hug01/images/4/000043.jpg,940,1280,940,False,True,0.06811170212765957,193.98259266124904,3943.160997755984,92.80489704522955,2153.124616329036,person,92.80489704522955,2153.124616329036,0.24328859060402686,False,False
Hi4D,/home/shangguanrz/project/pic-edit/datasets/Hi4D_pilot_v1/raw/pair10/talk10/images/16/000035.jpg,pair10/talk10/images/16/000035.jpg,940,1280,940,False,True,0.04408577127659574,216.01534585747152,3393.7301778590427,84.0427404212902,2372.353596512473,person,84.0427404212902,2372.353596512473,0.24370805369127518,False,False
Hi4D,/home/shangguanrz/project/pic-edit/datasets/Hi4D_pilot_v1/raw/pair12/talk12/images/16/000105.jpg,pair12/talk12/images/16/000105.jpg,940,1280,940,False,True,0.071484375,240.38821325781333,4381.987356632314,88.10469739756947,2245.5869285751014,person,88.10469739756947,2245.5869285751014,0.24370805369127518,False,False
Hi4D,/home/shangguanrz/project/pic-edit/datasets/Hi4D_pilot_v1/raw/pair10/argue10/images/52/000091.jpg,pair10/argue10/images/52/000091.jpg,940,1280,940,False,True,0.0404579454787234,234.55136818103847,3807.0738447473404,99.74024837510268,1995.1101832232332,person,99.74024837510268,1995.1101832232332,0.24391778523489932,False,False
Hi4D,/home/shangguanrz/project/pic-edit/datasets/Hi4D_pilot_v1/raw/pair10/argue10/images/52/000083.jpg,pair10/argue10/images/52/000083.jpg,940,1280,940,False,True,0.041663896276595745,240.2989317659557,3930.269250748005,99.4104285679885,2002.3788948393378,person,99.4104285679885,2002.3788948393378,0.2451761744966443,False,False
Hi4D,/home/shangguanrz/project/pic-edit/datasets/Hi4D_pilot_v1/raw/pair12/talk12/images/16/000060.jpg,pair12/talk12/images/16/000060.jpg,940,1280,940,False,True,0.05052277260638298,224.98739611457623,4084.351323553856,84.97148210770145,2348.76379680067,person,84.97148210770145,2348.76379680067,0.2451761744966443,False,False
Hi4D,/home/shangguanrz/project/pic-edit/datasets/Hi4D_pilot_v1/raw/pair10/dance10/images/4/000177.jpg,pair10/dance10/images/4/000177.jpg,940,1280,940,False,True,0.07939910239361703,242.79438377902653,4686.807004238697,89.77610489802392,2235.2334138505194,person,89.77610489802392,2235.2334138505194,0.24538590604026844,False,False
Hi4D,/home/shangguanrz/project/pic-edit/datasets/Hi4D_pilot_v1/raw/pair02/backhug02/images/64/000048.jpg,pair02/backhug02/images/64/000048.jpg,940,1280,940,False,True,0.0537109375,227.49388763579697,4054.5375768783247,82.97901175523914,2462.574330385749,person,82.97901175523914,2462.574330385749,0.2455956375838926,False,False
Hi4D,/home/shangguanrz/project/pic-edit/datasets/Hi4D_pilot_v1/raw/pair12/talk12/images/16/000099.jpg,pair12/talk12/images/16/000099.jpg,940,1280,940,False,True,0.06774684175531914,246.53298760817674,4523.098975648271,88.58845599197551,2257.4483697707847,person,88.58845599197551,2257.4483697707847,0.24685402684563756,False,False
Hi4D,/home/shangguanrz/project/pic-edit/datasets/Hi4D_pilot_v1/raw/pair12/talk12/images/16/000119.jpg,pair12/talk12/images/16/000119.jpg,940,1280,940,False,True,0.07675947473404256,229.91511322565344,4287.061274102393,89.45655122745576,2252.8439488921854,person,89.45655122745576,2252.8439488921854,0.2468540268456376,False,False
Hi4D,/home/shangguanrz/project/pic-edit/datasets/Hi4D_pilot_v1/raw/pair14/talk14/images/4/000022.jpg,pair14/talk14/images/4/000022.jpg,940,1280,940,False,True,0.0621484375,297.6811794065792,5470.274891954788,95.11536565022483,2104.4290281949425,person,95.11536565022483,2104.4290281949425,0.2472734899328859,False,False
Hi4D,/home/shangguanrz/project/pic-edit/datasets/Hi4D_pilot_v1/raw/pair22/kiss22/images/4/000052.jpg,pair22/kiss22/images/4/000052.jpg,940,1280,940,False,True,0.06302859042553191,237.406241813441,4144.488676030585,94.39602232422774,2137.1118901704713,person,94.39602232422774,2137.1118901704713,0.24748322147651008,False,False
Hi4D,/home/shangguanrz/project/pic-edit/datasets/Hi4D_pilot_v1/raw/pair22/hug22/images/4/000085.jpg,pair22/hug22/images/4/000085.jpg,940,1280,940,False,True,0.05712433510638298,188.32499692751952,3350.5752160904253,95.14026702583087,2104.664726857795,person,95.14026702583087,2104.664726857795,0.24769295302013422,False,False
Hi4D,/home/shangguanrz/project/pic-edit/datasets/Hi4D_pilot_v1/raw/pair22/kiss22/images/4/000030.jpg,pair22/kiss22/images/4/000030.jpg,940,1280,940,False,True,0.06136053856382979,214.76866132695517,3797.239309757314,94.82282404085694,2116.573266265358,person,94.82282404085694,2116.573266265358,0.24769295302013422,False,False
Hi4D,/home/shangguanrz/project/pic-edit/datasets/Hi4D_pilot_v1/raw/pair10/dance10/images/4/000018.jpg,pair10/dance10/images/4/000018.jpg,940,1280,940,False,True,0.04438996010638298,228.30458532730452,4376.341973487367,73.86393770361497,2773.5511623342027,person,73.86393770361497,2773.5511623342027,0.24790268456375839,False,False
Hi4D,/home/shangguanrz/project/pic-edit/datasets/Hi4D_pilot_v1/raw/pair12/talk12/images/16/000058.jpg,pair12/talk12/images/16/000058.jpg,940,1280,940,False,True,0.05027177526595745,219.89433000432035,4096.180456283245,84.39834985836283,2393.3126206947127,person,84.39834985836283,2393.3126206947127,0.24790268456375839,False,False
Hi4D,/home/shangguanrz/project/pic-edit/datasets/Hi4D_pilot_v1/raw/pair10/talk10/images/16/000034.jpg,pair10/talk10/images/16/000034.jpg,940,1280,940,False,True,0.0433203125,220.43061284252082,3454.780366938165,84.81003932194382,2384.1119411183126,person,84.81003932194382,2384.1119411183126,0.24811241610738255,False,False
Hi4D,/home/shangguanrz/project/pic-edit/datasets/Hi4D_pilot_v1/raw/pair22/game22/images/4/000101.jpg,pair22/game22/images/4/000101.jpg,940,1280,940,False,True,0.0644173869680851,189.0175605305669,3327.080784574468,99.16001907561397,2031.3276125929165,person,99.16001907561397,2031.3276125929165,0.24811241610738255,False,False
Hi4D,/home/shangguanrz/project/pic-edit/datasets/Hi4D_pilot_v1/raw/pair10/dance10/images/4/000021.jpg,pair10/dance10/images/4/000021.jpg,940,1280,940,False,True,0.04455036569148936,226.1247343660858,4337.464220412234,70.24904516049449,2881.28056028349,person,70.24904516049449,2881.28056028349,0.24958053691275167,False,False
Hi4D,/home/shangguanrz/project/pic-edit/datasets/Hi4D_pilot_v1/raw/pair12/highfive12/images/4/000129.jpg,pair12/highfive12/images/4/000129.jpg,940,1280,940,False,True,0.07609873670212766,245.04624347567506,5161.685858543883,82.45073294872847,2537.2066171696356,person,82.45073294872847,2537.2066171696356,0.25041946308724833,False,False
Hi4D,/home/shangguanrz/project/pic-edit/datasets/Hi4D_pilot_v1/raw/pair09/bend09/images/88/000128.jpg,pair09/bend09/images/88/000128.jpg,940,1280,940,False,True,0.04010721409574468,352.0287628509493,4984.317216589096,82.19581099555656,2555.066372555475,person,82.19581099555656,2555.066372555475,0.25062919463087246,False,False
Hi4D,/home/shangguanrz/project/pic-edit/datasets/Hi4D_pilot_v1/raw/pair10/argue10/images/52/000116.jpg,pair10/argue10/images/52/000116.jpg,940,1280,940,False,True,0.054747340425531914,242.73569421684005,3997.771796043883,92.77157154873522,2203.140273163529,person,92.77157154873522,2203.140273163529,0.25062919463087246,False,False
Hi4D,/home/shangguanrz/project/pic-edit/datasets/Hi4D_pilot_v1/raw/pair22/game22/images/4/000103.jpg,pair22/game22/images/4/000103.jpg,940,1280,940,False,True,0.06446808510638298,188.40420652825455,3326.46454247008,100.35301631606445,2024.0749644069654,person,100.35301631606445,2024.0749644069654,0.2510486577181208,False,False
Hi4D,/home/shangguanrz/project/pic-edit/datasets/Hi4D_pilot_v1/raw/pair10/talk10/images/16/000138.jpg,pair10/talk10/images/16/000138.jpg,940,1280,940,False,True,0.0512749335106383,196.54794515185685,3344.6918218085107,83.98154851457753,2463.085805934242,person,83.98154851457753,2463.085805934242,0.251258389261745,False,False
Hi4D,/home/shangguanrz/project/pic-edit/datasets/Hi4D_pilot_v1/raw/pair09/bend09/images/88/000104.jpg,pair09/bend09/images/88/000104.jpg,940,1280,940,False,True,0.026238364361702127,347.204375927024,4779.715539810505,83.21401653812451,2518.188046808668,person,83.21401653812451,2518.188046808668,0.2516778523489933,False,False
Hi4D,/home/shangguanrz/project/pic-edit/datasets/Hi4D_pilot_v1/raw/pair12/talk12/images/16/000101.jpg,pair12/talk12/images/16/000101.jpg,940,1280,940,False,True,0.06886220079787234,244.38106388655007,4476.207685754654,90.79192104909818,2253.438230405319,person,90.79192104909818,2253.438230405319,0.25188758389261745,False,False
Hi4D,/home/shangguanrz/project/pic-edit/datasets/Hi4D_pilot_v1/raw/pair22/game22/images/4/000039.jpg,pair22/game22/images/4/000039.jpg,940,1280,940,False,True,0.060311668882978724,201.2092056071235,3603.151336020612,95.10266344525944,2153.016967949429,person,95.10266344525944,2153.016967949429,0.25188758389261745,False,False
Hi4D,/home/shangguanrz/project/pic-edit/datasets/Hi4D_pilot_v1/raw/pair10/argue10/images/52/000114.jpg,pair10/argue10/images/52/000114.jpg,940,1280,940,False,True,0.05429604388297872,237.674357547216,3923.1351292386967,93.8782896435033,2179.4075917569894,person,93.8782896435033,2179.4075917569894,0.2523070469798658,False,False
Hi4D,/home/shangguanrz/project/pic-edit/datasets/Hi4D_pilot_v1/raw/pair10/talk10/images/16/000036.jpg,pair10/talk10/images/16/000036.jpg,940,1280,940,False,True,0.044898603723404255,210.3899117507995,3351.726468999335,86.57084992827154,2357.7850757257047,person,86.57084992827154,2357.7850757257047,0.2523070469798658,False,False
Hi4D,/home/shangguanrz/project/pic-edit/datasets/Hi4D_pilot_v1/raw/pair22/game22/images/4/000020.jpg,pair22/game22/images/4/000020.jpg,940,1280,940,False,True,0.06847905585106383,185.55894566877447,3283.319689162234,100.37065570068025,2037.256482581156,person,100.37065570068025,2037.256482581156,0.2527265100671141,False,False
Hi4D,/home/shangguanrz/project/pic-edit/datasets/Hi4D_pilot_v1/raw/pair10/dance10/images/4/000052.jpg,pair10/dance10/images/4/000052.jpg,940,1280,940,False,True,0.05726063829787234,186.48159871850422,3626.0917760970747,90.1066310055233,2295.66575712397,person,90.1066310055233,2295.66575712397,0.25503355704697983,False,False
Hi4D,/home/shangguanrz/project/pic-edit/datasets/Hi4D_pilot_v1/raw/pair14/talk14/images/4/000024.jpg,pair14/talk14/images/4/000024.jpg,940,1280,940,False,True,0.06230053191489362,292.4522016599687,5358.860143783245,92.60982329073236,2244.149123087244,person,92.60982329073236,2244.149123087244,0.25566275167785235,False,False
Hi4D,/home/shangguanrz/project/pic-edit/datasets/Hi4D_pilot_v1/raw/pair22/game22/images/4/000012.jpg,pair22/game22/images/4/000012.jpg,940,1280,940,False,True,0.06327709441489361,187.76830350019745,3329.660956200133,99.9361281613042,2065.65662812584,person,99.9361281613042,2065.65662812584,0.256501677852349,False,False
Hi4D,/home/shangguanrz/project/pic-edit/datasets/Hi4D_pilot_v1/raw/pair22/game22/images/4/000099.jpg,pair22/game22/images/4/000099.jpg,940,1280,940,False,True,0.06476811835106383,187.31037967752258,3308.7391954787236,100.0021131279984,2063.254070427868,person,100.0021131279984,2063.254070427868,0.25671140939597314,False,False
Hi4D,/home/shangguanrz/project/pic-edit/datasets/Hi4D_pilot_v1/raw/pair12/talk12/images/16/000107.jpg,pair12/talk12/images/16/000107.jpg,940,1280,940,False,True,0.07261136968085107,238.56138012211156,4381.61677194149,90.41802397890838,2304.1917080085045,person,90.41802397890838,2304.1917080085045,0.25713087248322153,False,False
Hi4D,/home/shangguanrz/project/pic-edit/datasets/Hi4D_pilot_v1/raw/pair22/kiss22/images/4/000035.jpg,pair22/kiss22/images/4/000035.jpg,940,1280,940,False,True,0.06003740026595745,237.73343609705836,4153.826753656915,98.16246449087757,2117.057236989055,person,98.16246449087757,2117.057236989055,0.25838926174496646,False,False
Hi4D,/home/shangguanrz/project/pic-edit/datasets/Hi4D_pilot_v1/raw/pair02/pose02/images/52/000139.jpg,pair02/pose02/images/52/000139.jpg,940,1280,940,False,True,0.05052609707446808,221.587204483312,3945.549087849069,85.1688237466115,2501.711466903356,person,85.1688237466115,2501.711466903356,0.2585989932885906,False,False
Hi4D,/home/shangguanrz/project/pic-edit/datasets/Hi4D_pilot_v1/raw/pair09/hug09/images/28/000079.jpg,pair09/hug09/images/28/000079.jpg,940,1280,940,False,True,0.0574891954787234,274.43472388123644,4214.881430767952,98.6561866320662,2111.329329259825,person,98.6561866320662,2111.329329259825,0.25880872483221473,False,False
Hi4D,/home/shangguanrz/project/pic-edit/datasets/Hi4D_pilot_v1/raw/pair01/talk01/images/16/000147.jpg,pair01/talk01/images/16/000147.jpg,940,1280,940,False,True,0.08988364361702128,232.22226869080507,4108.791410405585,94.4524128513336,2216.2960605671756,person,94.4524128513336,2216.2960605671756,0.2588087248322148,False,False
Hi4D,/home/shangguanrz/project/pic-edit/datasets/Hi4D_pilot_v1/raw/pair12/fight12/images/16/000056.jpg,pair12/fight12/images/16/000056.jpg,940,1280,940,False,True,0.06948636968085106,214.56813336883863,4118.68671043883,82.24650453570887,2627.8517716900624,person,82.24650453570887,2627.8517716900624,0.2590184563758389,False,False
Hi4D,/home/shangguanrz/project/pic-edit/datasets/Hi4D_pilot_v1/raw/pair22/hug22/images/4/000091.jpg,pair22/hug22/images/4/000091.jpg,940,1280,940,False,True,0.06072722739361702,185.92142159000358,3292.985632064495,99.99966622421856,2074.946792354019,person,99.99966622421856,2074.946792354019,0.25922818791946306,False,False
Hi4D,/home/shangguanrz/project/pic-edit/datasets/Hi4D_pilot_v1/raw/pair09/hug09/images/28/000080.jpg,pair09/hug09/images/28/000080.jpg,940,1280,940,False,True,0.05744348404255319,274.9254197309113,4224.848154920212,99.33870027943715,2097.1806339254617,person,99.33870027943715,2097.1806339254617,0.2600671140939597,False,False
Hi4D,/home/shangguanrz/project/pic-edit/datasets/Hi4D_pilot_v1/raw/pair28/basketball28/images/4/000027.jpg,pair28/basketball28/images/4/000027.jpg,940,1280,940,False,True,0.06137134308510638,260.2515106904609,4479.355676529255,90.72135979673905,2317.2134571302877,person,90.72135979673905,2317.2134571302877,0.2600671140939598,False,False
Hi4D,/home/shangguanrz/project/pic-edit/datasets/Hi4D_pilot_v1/raw/pair10/talk10/images/16/000140.jpg,pair10/talk10/images/16/000140.jpg,940,1280,940,False,True,0.050743849734042556,197.5771850042616,3336.4432035405584,86.57018850919025,2446.2346157620964,person,86.57018850919025,2446.2346157620964,0.2602768456375839,False,False
Hi4D,/home/shangguanrz/project/pic-edit/datasets/Hi4D_pilot_v1/raw/pair10/argue10/images/52/000089.jpg,pair10/argue10/images/52/000089.jpg,940,1280,940,False,True,0.03924202127659574,251.39465046919221,4133.784771858378,102.69377726440113,2033.0897784687136,person,102.69377726440113,2033.0897784687136,0.26153523489932884,False,False
Hi4D,/home/shangguanrz/project/pic-edit/datasets/Hi4D_pilot_v1/raw/pair10/dance10/images/4/000128.jpg,pair10/dance10/images/4/000128.jpg,940,1280,940,False,True,0.05157912234042553,235.43761766304968,4564.000197390293,86.83644797377411,2445.159283037504,person,86.83644797377411,2445.159283037504,0.26153523489932884,False,False
Hi4D,/home/shangguanrz/project/pic-edit/datasets/Hi4D_pilot_v1/raw/pair10/argue10/images/52/000112.jpg,pair10/argue10/images/52/000112.jpg,940,1280,940,False,True,0.05387383643617021,230.795451297216,3785.8375685671544,95.64802076209686,2196.407198470791,person,95.64802076209686,2196.407198470791,0.26195469798657717,False,False
Hi4D,/home/shangguanrz/project/pic-edit/datasets/Hi4D_pilot_v1/raw/pair12/talk12/images/16/000134.jpg,pair12/talk12/images/16/000134.jpg,940,1280,940,False,True,0.08131898271276596,227.60118545110868,4240.120698969415,92.72243015884952,2294.4010735373054,person,92.72243015884952,2294.4010735373054,0.2627936241610738,False,False
Hi4D,/home/shangguanrz/project/pic-edit/datasets/Hi4D_pilot_v1/raw/pair10/dance10/images/4/000130.jpg,pair10/dance10/images/4/000130.jpg,940,1280,940,False,True,0.051995511968085106,236.63733488229565,4559.727144281915,87.19443419859529,2455.96418051137,person,87.19443419859529,2455.96418051137,0.26426174496644295,False,False
Hi4D,/home/shangguanrz/project/pic-edit/datasets/Hi4D_pilot_v1/raw/pair12/highfive12/images/4/000032.jpg,pair12/highfive12/images/4/000032.jpg,940,1280,940,False,True,0.04673038563829787,241.85630041441803,5138.757635887633,89.25841981091423,2405.128523166023,person,89.25841981091423,2405.128523166023,0.26426174496644295,False,False
Hi4D,/home/shangguanrz/project/pic-edit/datasets/Hi4D_pilot_v1/raw/pair22/game22/images/4/000105.jpg,pair22/game22/images/4/000105.jpg,940,1280,940,False,True,0.06502244015957447,186.54250844262094,3270.093843500665,104.37995356207897,2017.1312338837988,person,104.37995356207897,2017.1312338837988,0.26426174496644295,False,False
Hi4D,/home/shangguanrz/project/pic-edit/datasets/Hi4D_pilot_v1/raw/pair22/game22/images/4/000112.jpg,pair22/game22/images/4/000112.jpg,940,1280,940,False,True,0.06900099734042553,186.42216474592223,3243.2139295212764,101.24539001014341,2088.0085478941096,person,101.24539001014341,2088.0085478941096,0.26531040268456374,False,False
Hi4D,/home/shangguanrz/project/pic-edit/datasets/Hi4D_pilot_v1/raw/pair22/game22/images/4/000088.jpg,pair22/game22/images/4/000088.jpg,940,1280,940,False,True,0.06568484042553191,183.9791218892057,3269.2671625664893,101.28636422291841,2092.4604221997097,person,101.28636422291841,2092.4604221997097,0.2661493288590604,False,False
Hi4D,/home/shangguanrz/project/pic-edit/datasets/Hi4D_pilot_v1/raw/pair22/game22/images/4/000109.jpg,pair22/game22/images/4/000109.jpg,940,1280,940,False,True,0.06757895611702128,188.08803904242728,3221.2886469414893,104.85289332727261,2021.029473009771,person,104.85289332727261,2021.029473009771,0.2665687919463087,False,False
Hi4D,/home/shangguanrz/project/pic-edit/datasets/Hi4D_pilot_v1/raw/pair10/dance10/images/4/000010.jpg,pair10/dance10/images/4/000010.jpg,940,1280,940,False,True,0.0663779920212766,249.07019899006394,4623.979149351729,93.21143219190999,2300.181413007593,person,93.21143219190999,2300.181413007593,0.2667785234899329,False,False
Hi4D,/home/shangguanrz/project/pic-edit/datasets/Hi4D_pilot_v1/raw/pair10/argue10/images/52/000148.jpg,pair10/argue10/images/52/000148.jpg,940,1280,940,False,True,0.035506150265957444,233.86919926485362,3719.9741938164893,86.07469503251679,2539.517003156453,person,86.07469503251679,2539.517003156453,0.2674077181208054,False,False
Hi4D,/home/shangguanrz/project/pic-edit/datasets/Hi4D_pilot_v1/raw/pair12/talk12/images/16/000030.jpg,pair12/talk12/images/16/000030.jpg,940,1280,940,False,True,0.044566988031914896,232.5893679146261,4148.855146692154,80.41574095940199,2734.642193519148,person,80.41574095940199,2734.642193519148,0.2674077181208054,False,False
Hi4D,/home/shangguanrz/project/pic-edit/datasets/Hi4D_pilot_v1/raw/pair10/talk10/images/16/000033.jpg,pair10/talk10/images/16/000033.jpg,940,1280,940,False,True,0.042748503989361704,227.32292615811497,3542.7761697972073,89.75649826267431,2429.0824302866536,person,89.75649826267431,2429.0824302866536,0.2678271812080537,False,False
Hi4D,/home/shangguanrz/project/pic-edit/datasets/Hi4D_pilot_v1/raw/pair22/game22/images/4/000095.jpg,pair22/game22/images/4/000095.jpg,940,1280,940,False,True,0.06571060505319148,183.8143431569128,3235.526626911569,100.77695080544886,2112.113112198269,person,100.77695080544886,2112.113112198269,0.26803691275167785,False,False
Hi4D,/home/shangguanrz/project/pic-edit/datasets/Hi4D_pilot_v1/raw/pair01/talk01/images/16/000145.jpg,pair01/talk01/images/16/000145.jpg,940,1280,940,False,True,0.08706532579787234,227.827287141205,4005.71258934508,95.94870461756693,2238.1248168766483,person,95.94870461756693,2238.1248168766483,0.2684563758389262,False,False
Hi4D,/home/shangguanrz/project/pic-edit/datasets/Hi4D_pilot_v1/raw/pair09/hug09/images/28/000077.jpg,pair09/hug09/images/28/000077.jpg,940,1280,940,False,True,0.05754404920212766,273.0872864580468,4205.534792636303,100.5485802195329,2147.219098180294,person,100.5485802195329,2147.219098180294,0.26950503355704697,False,False
Hi4D,/home/shangguanrz/project/pic-edit/datasets/Hi4D_pilot_v1/raw/pair10/dance10/images/4/000055.jpg,pair10/dance10/images/4/000055.jpg,940,1280,940,False,True,0.05661402925531915,190.1065836399321,3716.06805809508,91.60311105054406,2386.2422945928447,person,91.60311105054406,2386.2422945928447,0.269505033557047,False,False
Hi4D,/home/shangguanrz/project/pic-edit/datasets/Hi4D_pilot_v1/raw/pair10/argue10/images/52/000126.jpg,pair10/argue10/images/52/000126.jpg,940,1280,940,False,True,0.04740691489361702,241.6549130947193,3943.3897107712764,87.63921604984652,2512.009668579701,person,87.63921604984652,2512.009668579701,0.2699244966442953,False,False
Hi4D,/home/shangguanrz/project/pic-edit/datasets/Hi4D_pilot_v1/raw/pair22/kiss22/images/4/000036.jpg,pair22/kiss22/images/4/000036.jpg,940,1280,940,False,True,0.059933510638297875,235.56150607187965,4162.167002576462,98.16491076076309,2204.9102431091046,person,98.16491076076309,2204.9102431091046,0.27013422818791943,False,False
Hi4D,/home/shangguanrz/project/pic-edit/datasets/Hi4D_pilot_v1/raw/pair09/hug09/images/28/000081.jpg,pair09/hug09/images/28/000081.jpg,940,1280,940,False,True,0.057312998670212764,275.1964198220849,4247.035810754654,101.23759243951986,2127.090596491228,person,101.23759243951986,2127.090596491228,0.2703439597315436,False,False
Hi4D,/home/shangguanrz/project/pic-edit/datasets/Hi4D_pilot_v1/raw/pair01/hug01/images/4/000049.jpg,pair01/hug01/images/4/000049.jpg,940,1280,940,False,True,0.06164893617021277,180.1167803047037,3618.895455867686,99.39611102036588,2170.6768831859586,person,99.39611102036588,2170.6768831859586,0.27055369127516776,False,False
Hi4D,/home/shangguanrz/project/pic-edit/datasets/Hi4D_pilot_v1/raw/pair01/talk01/images/16/000149.jpg,pair01/talk01/images/16/000149.jpg,940,1280,940,False,True,0.09355884308510638,230.21622843675453,4116.941738696809,96.12908400085921,2254.8481508694586,person,96.12908400085921,2254.8481508694586,0.2713926174496644,False,False
Hi4D,/home/shangguanrz/project/pic-edit/datasets/Hi4D_pilot_v1/raw/pair22/game22/images/4/000107.jpg,pair22/game22/images/4/000107.jpg,940,1280,940,False,True,0.06619015957446808,187.2976629547319,3266.0032517453456,106.93048994578685,2022.913296667745,person,106.93048994578685,2022.913296667745,0.2713926174496644,False,False
Hi4D,/home/shangguanrz/project/pic-edit/datasets/Hi4D_pilot_v1/raw/pair22/kiss22/images/4/000050.jpg,pair22/kiss22/images/4/000050.jpg,940,1280,940,False,True,0.06215508643617021,234.3146681740253,4111.304209607712,97.9022328104449,2225.7280926100416,person,97.9022328104449,2225.7280926100416,0.27202181208053694,False,False
Hi4D,/home/shangguanrz/project/pic-edit/datasets/Hi4D_pilot_v1/raw/pair01/fight01/images/52/000032.jpg,pair01/fight01/images/52/000032.jpg,940,1280,940,False,True,0.07181848404255319,224.13006919042292,3855.522855718085,88.02676675693702,2527.2415780525057,person,88.02676675693702,2527.2415780525057,0.2722315436241611,False,False
Hi4D,/home/shangguanrz/project/pic-edit/datasets/Hi4D_pilot_v1/raw/pair22/game22/images/4/000097.jpg,pair22/game22/images/4/000097.jpg,940,1280,940,False,True,0.06527509973404255,189.71088782903996,3314.29706200133,102.3615184865294,2111.06356127285,person,102.3615184865294,2111.06356127285,0.2726510067114094,False,False
Hi4D,/home/shangguanrz/project/pic-edit/datasets/Hi4D_pilot_v1/raw/pair10/argue10/images/52/000085.jpg,pair10/argue10/images/52/000085.jpg,940,1280,940,False,True,0.055630817819148935,238.37892168965365,3921.2911818484044,83.30337445754539,2679.575746743817,person,83.30337445754539,2679.575746743817,0.27286073825503354,False,False
Hi4D,/home/shangguanrz/project/pic-edit/datasets/Hi4D_pilot_v1/raw/pair00/hug00/images/4/000087.jpg,pair00/hug00/images/4/000087.jpg,940,1280,940,False,True,0.04618101728723404,510.3817782151371,5558.003542636303,95.82217519680007,2283.522333238593,person,95.82217519680007,2283.522333238593,0.2736996644295302,False,False
Hi4D,/home/shangguanrz/project/pic-edit/datasets/Hi4D_pilot_v1/raw/pair22/game22/images/4/000090.jpg,pair22/game22/images/4/000090.jpg,940,1280,940,False,True,0.06620595079787234,184.50602194430766,3258.8541077958776,102.65109514852168,2103.154660275227,person,102.65109514852168,2103.154660275227,0.2736996644295302,False,False
Hi4D,/home/shangguanrz/project/pic-edit/datasets/Hi4D_pilot_v1/raw/pair22/game22/images/4/000082.jpg,pair22/game22/images/4/000082.jpg,940,1280,940,False,True,0.06538231382978724,184.885011729853,3298.837838680186,102.2641410647463,2119.193213485602,person,102.2641410647463,2119.193213485602,0.27390939597315433,False,False
Hi4D,/home/shangguanrz/project/pic-edit/datasets/Hi4D_pilot_v1/raw/pair09/hug09/images/28/000083.jpg,pair09/hug09/images/28/000083.jpg,940,1280,940,False,True,0.05662150930851064,278.9844396520168,4267.772845329122,101.80994905136458,2144.9367567760596,person,101.80994905136458,2144.9367567760596,0.2743288590604027,False,False
Hi4D,/home/shangguanrz/project/pic-edit/datasets/Hi4D_pilot_v1/raw/pair22/game22/images/4/000114.jpg,pair22/game22/images/4/000114.jpg,940,1280,940,False,True,0.06913314494680851,186.13572456349397,3253.7770216921544,103.1323497962406,2100.31434869534,person,103.1323497962406,2100.31434869534,0.27453859060402686,False,False
Hi4D,/home/shangguanrz/project/pic-edit/datasets/Hi4D_pilot_v1/raw/pair16/jump16/images/4/000061.jpg,pair16/jump16/images/4/000061.jpg,940,1280,940,False,True,0.04711436170212766,260.2815131363743,4983.853484458112,74.81476852176043,3019.903465900016,person,74.81476852176043,3019.903465900016,0.2753775167785235,False,False
Hi4D,/home/shangguanrz/project/pic-edit/datasets/Hi4D_pilot_v1/raw/pair22/game22/images/4/000118.jpg,pair22/game22/images/4/000118.jpg,940,1280,940,False,True,0.06816323138297872,186.30036323056498,3283.2716090425533,100.55479391197878,2180.9661914460285,person,100.55479391197878,2180.9661914460285,0.27558724832214765,False,False
Hi4D,/home/shangguanrz/project/pic-edit/datasets/Hi4D_pilot_v1/raw/pair12/talk12/images/16/000129.jpg,pair12/talk12/images/16/000129.jpg,940,1280,940,False,True,0.07609873670212766,231.66972803300513,4421.801414976729,94.31769357123488,2347.661914575276,person,94.31769357123488,2347.661914575276,0.2757969798657718,False,False
Hi4D,/home/shangguanrz/project/pic-edit/datasets/Hi4D_pilot_v1/raw/pair10/dance10/images/4/000023.jpg,pair10/dance10/images/4/000023.jpg,940,1280,940,False,True,0.04470578457446808,229.92805387316497,4361.310889710771,73.5819975974334,3091.883113280817,person,73.5819975974334,3091.883113280817,0.27621644295302017,False,False
Hi4D,/home/shangguanrz/project/pic-edit/datasets/Hi4D_pilot_v1/raw/pair22/game22/images/4/000033.jpg,pair22/game22/images/4/000033.jpg,940,1280,940,False,True,0.06044880319148936,196.46975593331604,3551.9389440658247,100.73277987624503,2180.604776301556,person,100.73277987624503,2180.604776301556,0.2764261744966443,False,False
Hi4D,/home/shangguanrz/project/pic-edit/datasets/Hi4D_pilot_v1/raw/pair01/talk01/images/16/000108.jpg,pair01/talk01/images/16/000108.jpg,940,1280,940,False,True,0.06755485372340425,202.26573493622075,3425.462973736702,91.21447854198271,2496.242030786397,person,91.21447854198271,2496.242030786397,0.27726510067114096,False,False
Hi4D,/home/shangguanrz/project/pic-edit/datasets/Hi4D_pilot_v1/raw/pair22/game22/images/4/000093.jpg,pair22/game22/images/4/000093.jpg,940,1280,940,False,True,0.06615608377659575,184.2822294720647,3252.257635887633,103.82565210319726,2103.1151485788114,person,103.82565210319726,2103.1151485788114,0.2774748322147651,False,False
Hi4D,/home/shangguanrz/project/pic-edit/datasets/Hi4D_pilot_v1/raw/pair10/dance10/images/4/000031.jpg,pair10/dance10/images/4/000031.jpg,940,1280,940,False,True,0.042426030585106383,217.34420448776385,4157.947972074468,76.10189637872804,2997.0277951457965,person,76.10189637872804,2997.0277951457965,0.2785234899328859,False,False
Hi4D,/home/shangguanrz/project/pic-edit/datasets/Hi4D_pilot_v1/raw/pair09/bend09/images/88/000122.jpg,pair09/bend09/images/88/000122.jpg,940,1280,940,False,True,0.02061253324468085,349.7466631284285,4828.727809175532,85.4869210362246,2651.4230480697097,person,85.4869210362246,2651.4230480697097,0.27873322147651003,False,False
Hi4D,/home/shangguanrz/project/pic-edit/datasets/Hi4D_pilot_v1/raw/pair02/backhug02/images/64/000041.jpg,pair02/backhug02/images/64/000041.jpg,940,1280,940,False,True,0.05514045877659574,229.406790592569,4080.8973882147607,86.88863739318582,2615.0423794113112,person,86.88863739318582,2615.0423794113112,0.2787332214765101,False,False
Hi4D,/home/shangguanrz/project/pic-edit/datasets/Hi4D_pilot_v1/raw/pair22/game22/images/4/000092.jpg,pair22/game22/images/4/000092.jpg,940,1280,940,False,True,0.06627992021276596,184.69814168233142,3256.6794901097073,103.72182640759358,2113.858558342013,person,103.72182640759358,2113.858558342013,0.2787332214765101,False,False
Hi4D,/home/shangguanrz/project/pic-edit/datasets/Hi4D_pilot_v1/raw/pair22/game22/images/4/000116.jpg,pair22/game22/images/4/000116.jpg,940,1280,940,False,True,0.06898936170212766,187.93070238809764,3301.441499750665,102.62225757069277,2154.304582963057,person,102.62225757069277,2154.304582963057,0.2787332214765101,False,False
Hi4D,/home/shangguanrz/project/pic-edit/datasets/Hi4D_pilot_v1/raw/pair00/hug00/images/4/000054.jpg,pair00/hug00/images/4/000054.jpg,940,1280,940,False,True,0.05604554521276596,569.1792441590602,7062.64960106383,102.23084897849505,2166.894061047362,person,102.23084897849505,2166.894061047362,0.27936241610738255,False,False
Hi4D,/home/shangguanrz/project/pic-edit/datasets/Hi4D_pilot_v1/raw/pair09/hug09/images/28/000084.jpg,pair09/hug09/images/28/000084.jpg,940,1280,940,False,True,0.05650432180851064,277.6202327711866,4261.160021193484,101.92938111008353,2170.071359484148,person,101.92938111008353,2170.071359484148,0.27936241610738255,False,False
Hi4D,/home/shangguanrz/project/pic-edit/datasets/Hi4D_pilot_v1/raw/pair22/game22/images/4/000122.jpg,pair22/game22/images/4/000122.jpg,940,1280,940,False,True,0.06709358377659574,185.40304820318465,3283.2041223404253,102.24635055593394,2163.993141219225,person,102.24635055593394,2163.993141219225,0.27936241610738255,False,False
Hi4D,/home/shangguanrz/project/pic-edit/datasets/Hi4D_pilot_v1/raw/pair10/argue10/images/52/000106.jpg,pair10/argue10/images/52/000106.jpg,940,1280,940,False,True,0.05418134973404255,222.2075557922173,3731.125935006649,88.16333007404047,2589.134786488209,person,88.16333007404047,2589.134786488209,0.279991610738255,False,False
Hi4D,/home/shangguanrz/project/pic-edit/datasets/Hi4D_pilot_v1/raw/pair10/dance10/images/4/000009.jpg,pair10/dance10/images/4/000009.jpg,940,1280,940,False,True,0.06473819813829787,240.36071081569483,4512.750103889628,93.96811977959257,2396.450042265427,person,93.96811977959257,2396.450042265427,0.28041107382550334,False,False
Hi4D,/home/shangguanrz/project/pic-edit/datasets/Hi4D_pilot_v1/raw/pair10/talk10/images/16/000032.jpg,pair10/talk10/images/16/000032.jpg,940,1280,940,False,True,0.042399434840425534,227.92524747548458,3562.467316323138,90.98671032015108,2532.714029952542,person,90.98671032015108,2532.714029952542,0.2806208053691275,False,False
Hi4D,/home/shangguanrz/project/pic-edit/datasets/Hi4D_pilot_v1/raw/pair09/bend09/images/88/000126.jpg,pair09/bend09/images/88/000126.jpg,940,1280,940,False,True,0.037514128989361704,354.63398567914635,5006.150328291224,84.21197405034796,2706.004041530207,person,84.21197405034796,2706.004041530207,0.28083053691275167,False,False
Hi4D,/home/shangguanrz/project/pic-edit/datasets/Hi4D_pilot_v1/raw/pair22/game22/images/4/000110.jpg,pair22/game22/images/4/000110.jpg,940,1280,940,False,True,0.06842420212765958,188.50166547603337,3229.219279837101,106.79481402715585,2083.9800919636327,person,106.79481402715585,2083.9800919636327,0.28104026845637586,False,False
Hi4D,/home/shangguanrz/project/pic-edit/datasets/Hi4D_pilot_v1/raw/pair09/hug09/images/28/000076.jpg,pair09/hug09/images/28/000076.jpg,940,1280,940,False,True,0.0574858710106383,273.55563040864905,4219.711685505319,102.30052023449534,2174.140932570152,person,102.30052023449534,2174.140932570152,0.28125,False,False
Hi4D,/home/shangguanrz/project/pic-edit/datasets/Hi4D_pilot_v1/raw/pair22/game22/images/4/000084.jpg,pair22/game22/images/4/000084.jpg,940,1280,940,False,True,0.06521858377659574,184.11397846382417,3275.304905668218,104.15414403755584,2140.811098901099,person,104.15414403755584,2140.811098901099,0.28187919463087246,False,False
Hi4D,/home/shangguanrz/project/pic-edit/datasets/Hi4D_pilot_v1/raw/pair22/game22/images/4/000035.jpg,pair22/game22/images/4/000035.jpg,940,1280,940,False,True,0.06003740026595745,202.23868355194114,3655.272907662899,100.30808613390265,2247.431315613134,person,100.30808613390265,2247.431315613134,0.2837667785234899,False,False
Hi4D,/home/shangguanrz/project/pic-edit/datasets/Hi4D_pilot_v1/raw/pair01/talk01/images/16/000047.jpg,pair01/talk01/images/16/000047.jpg,940,1280,940,False,True,0.0537109375,177.65219667085748,3055.50030127992,87.90842467017627,2635.0197633101343,person,87.90842467017627,2635.0197633101343,0.28418624161073824,False,False
Hi4D,/home/shangguanrz/project/pic-edit/datasets/Hi4D_pilot_v1/raw/pair16/jump16/images/4/000082.jpg,pair16/jump16/images/4/000082.jpg,940,1280,940,False,True,0.056361369680851064,231.62098401763313,4333.388027759309,83.06487479171486,2780.3605430048647,person,83.06487479171486,2780.3605430048647,0.2843959731543624,False,False
Hi4D,/home/shangguanrz/project/pic-edit/datasets/Hi4D_pilot_v1/raw/pair22/kiss22/images/4/000031.jpg,pair22/kiss22/images/4/000031.jpg,940,1280,940,False,True,0.06074717420212766,221.65201354142826,3889.784210854388,100.73930221264793,2236.3515338606985,person,100.73930221264793,2236.3515338606985,0.28439597315436244,False,False
Hi4D,/home/shangguanrz/project/pic-edit/datasets/Hi4D_pilot_v1/raw/pair22/kiss22/images/4/000048.jpg,pair22/kiss22/images/4/000048.jpg,940,1280,940,False,True,0.061477726063829785,234.60016810974957,4088.762165475399,98.87699608979332,2291.1787431738526,person,98.87699608979332,2291.1787431738526,0.28439597315436244,False,False
Hi4D,/home/shangguanrz/project/pic-edit/datasets/Hi4D_pilot_v1/raw/pair22/game22/images/4/000086.jpg,pair22/game22/images/4/000086.jpg,940,1280,940,False,True,0.06531831781914893,184.16092850059445,3286.7372007978724,104.818376941566,2151.8405968020625,person,104.818376941566,2151.8405968020625,0.2846057046979866,False,False
Hi4D,/home/shangguanrz/project/pic-edit/datasets/Hi4D_pilot_v1/raw/pair22/kiss22/images/4/000034.jpg,pair22/kiss22/images/4/000034.jpg,940,1280,940,False,True,0.06026678856382979,237.86866643707802,4114.073678523936,99.94452120438129,2256.7183495714803,person,99.94452120438129,2256.7183495714803,0.2850251677852349,False,False
Hi4D,/home/shangguanrz/project/pic-edit/datasets/Hi4D_pilot_v1/raw/pair10/talk10/images/16/000020.jpg,pair10/talk10/images/16/000020.jpg,940,1280,940,False,True,0.044483045212765956,229.47062249632106,3826.1937853224736,90.16450324162531,2596.4480785867777,person,90.16450324162531,2596.4480785867777,0.28544463087248323,False,False
Hi4D,/home/shangguanrz/project/pic-edit/datasets/Hi4D_pilot_v1/raw/pair22/kiss22/images/4/000051.jpg,pair22/kiss22/images/4/000051.jpg,940,1280,940,False,True,0.06263962765957447,234.07836789335263,4120.399434840426,99.02032833790047,2293.5483111812373,person,99.02032833790047,2293.5483111812373,0.2856543624161074,False,False
Hi4D,/home/shangguanrz/project/pic-edit/datasets/Hi4D_pilot_v1/raw/pair10/argue10/images/52/000147.jpg,pair10/argue10/images/52/000147.jpg,940,1280,940,False,True,0.0350922539893617,234.28468097586503,3727.235434674202,89.60053982947137,2627.2099040284,person,89.60053982947137,2627.2099040284,0.28586409395973156,False,False
Hi4D,/home/shangguanrz/project/pic-edit/datasets/Hi4D_pilot_v1/raw/pair02/pose02/images/52/000129.jpg,pair02/pose02/images/52/000129.jpg,940,1280,940,False,True,0.05171625664893617,219.41937472732317,3974.9054396609044,83.19656667336866,2782.2398480962056,person,83.19656667336866,2782.2398480962056,0.28628355704697983,False,False
Hi4D,/home/shangguanrz/project/pic-edit/datasets/Hi4D_pilot_v1/raw/pair10/argue10/images/52/000103.jpg,pair10/argue10/images/52/000103.jpg,940,1280,940,False,True,0.052374501329787236,214.9508232295163,3557.04022606383,116.94925983534972,1969.9452706722188,person,116.94925983534972,1969.9452706722188,0.28628355704697983,False,False
Hi4D,/home/shangguanrz/project/pic-edit/datasets/Hi4D_pilot_v1/raw/pair09/bend09/images/88/000103.jpg,pair09/bend09/images/88/000103.jpg,940,1280,940,False,True,0.027716090425531914,346.8681877976146,4772.022512882314,92.97039550114418,2522.7846769101243,person,92.97039550114418,2522.7846769101243,0.286493288590604,False,False
Hi4D,/home/shangguanrz/project/pic-edit/datasets/Hi4D_pilot_v1/raw/pair09/hug09/images/28/000082.jpg,pair09/hug09/images/28/000082.jpg,940,1280,940,False,True,0.05724318484042553,277.69647499960763,4276.841547539893,103.80565098727509,2173.569411268793,person,103.80565098727509,2173.569411268793,0.2867030201342282,False,False
Hi4D,/home/shangguanrz/project/pic-edit/datasets/Hi4D_pilot_v1/raw/pair10/dance10/images/4/000057.jpg,pair10/dance10/images/4/000057.jpg,940,1280,940,False,True,0.05571060505319149,188.80768139147017,3734.47900390625,93.99501726925467,2483.1562092614636,person,93.99501726925467,2483.1562092614636,0.2867030201342282,False,False
Hi4D,/home/shangguanrz/project/pic-edit/datasets/Hi4D_pilot_v1/raw/pair09/hug09/images/28/000085.jpg,pair09/hug09/images/28/000085.jpg,940,1280,940,False,True,0.05639128989361702,280.9962478681029,4280.185235206117,103.00682214363549,2193.3494737598335,person,103.00682214363549,2193.3494737598335,0.28691275167785235,False,False
Hi4D,/home/shangguanrz/project/pic-edit/datasets/Hi4D_pilot_v1/raw/pair01/hug01/images/4/000048.jpg,pair01/hug01/images/4/000048.jpg,940,1280,940,False,True,0.06159158909574468,181.32184390816124,3631.429739444814,101.43583110362331,2235.0745621351125,person,101.43583110362331,2235.0745621351125,0.2871224832214765,False,False
Hi4D,/home/shangguanrz/project/pic-edit/datasets/Hi4D_pilot_v1/raw/pair10/dance10/images/4/000175.jpg,pair10/dance10/images/4/000175.jpg,940,1280,940,False,True,0.08011469414893617,252.83324757090193,4799.33112741024,97.92393346187208,2341.0556537727175,person,97.92393346187208,2341.0556537727175,0.2873322147651007,False,False
Hi4D,/home/shangguanrz/project/pic-edit/datasets/Hi4D_pilot_v1/raw/pair16/hug16/images/4/000020.jpg,pair16/hug16/images/4/000020.jpg,940,1280,940,False,True,0.0547124335106383,290.96033917079416,5481.306910738032,79.17038497164289,2960.631678889471,person,79.17038497164289,2960.631678889471,0.2873322147651007,False,False
Hi4D,/home/shangguanrz/project/pic-edit/datasets/Hi4D_pilot_v1/raw/pair10/talk10/images/16/000025.jpg,pair10/talk10/images/16/000025.jpg,940,1280,940,False,True,0.04464594414893617,232.44236310392333,3768.2869431515956,90.55143108518503,2610.5540570296157,person,90.55143108518503,2610.5540570296157,0.287751677852349,False,False
Hi4D,/home/shangguanrz/project/pic-edit/datasets/Hi4D_pilot_v1/raw/pair00/hug00/images/4/000084.jpg,pair00/hug00/images/4/000084.jpg,940,1280,940,False,True,0.04506150265957447,530.822066325524,5720.102757230718,102.89468812880325,2206.865834567379,person,102.89468812880325,2206.865834567379,0.2881711409395973,False,False
Hi4D,/home/shangguanrz/project/pic-edit/datasets/Hi4D_pilot_v1/raw/pair12/talk12/images/16/000121.jpg,pair12/talk12/images/16/000121.jpg,940,1280,940,False,True,0.07576296542553192,229.10398587815195,4315.14494680851,97.58679310113207,2367.5660973417234,person,97.58679310113207,2367.5660973417234,0.28859060402684567,False,False
Hi4D,/home/shangguanrz/project/pic-edit/datasets/Hi4D_pilot_v1/raw/pair22/hug22/images/4/000099.jpg,pair22/hug22/images/4/000099.jpg,940,1280,940,False,True,0.06476811835106383,196.71564195932118,3500.7828395113033,99.89760367545033,2296.6868069454213,person,99.89760367545033,2296.6868069454213,0.2888003355704698,False,False
Hi4D,/home/shangguanrz/project/pic-edit/datasets/Hi4D_pilot_v1/raw/pair22/kiss22/images/4/000045.jpg,pair22/kiss22/images/4/000045.jpg,940,1280,940,False,True,0.0607313829787234,234.7664859540973,4075.1070894281916,100.53919650871612,2286.7392822769148,person,100.53919650871612,2286.7392822769148,0.28901006711409394,False,False
Hi4D,/home/shangguanrz/project/pic-edit/datasets/Hi4D_pilot_v1/raw/pair10/dance10/images/4/000091.jpg,pair10/dance10/images/4/000091.jpg,940,1280,940,False,True,0.0404579454787234,241.22271998382467,4417.451296542553,90.76059376391838,2623.9576841580456,person,90.76059376391838,2623.9576841580456,0.2898489932885906,False,False
Hi4D,/home/shangguanrz/project/pic-edit/datasets/Hi4D_pilot_v1/raw/pair22/kiss22/images/4/000044.jpg,pair22/kiss22/images/4/000044.jpg,940,1280,940,False,True,0.060567652925531915,234.49852346132758,4081.2460314162236,100.58276317740422,2289.2411623478765,person,100.58276317740422,2289.2411623478765,0.2902684563758389,False,False
Hi4D,/home/shangguanrz/project/pic-edit/datasets/Hi4D_pilot_v1/raw/pair22/kiss22/images/4/000047.jpg,pair22/kiss22/images/4/000047.jpg,940,1280,940,False,True,0.06112533244680851,235.39712643526215,4081.48456200133,100.69942548167133,2287.8277679180887,person,100.69942548167133,2287.8277679180887,0.2902684563758389,False,False
Hi4D,/home/shangguanrz/project/pic-edit/datasets/Hi4D_pilot_v1/raw/pair09/hug09/images/28/000089.jpg,pair09/hug09/images/28/000089.jpg,940,1280,940,False,True,0.05601811835106383,282.8787250275956,4298.291472739362,103.1070435776861,2219.365152344463,person,103.1070435776861,2219.365152344463,0.2904781879194631,False,False
Hi4D,/home/shangguanrz/project/pic-edit/datasets/Hi4D_pilot_v1/raw/pair12/talk12/images/16/000029.jpg,pair12/talk12/images/16/000029.jpg,940,1280,940,False,True,0.04390126329787234,234.8707115966143,4169.085106382979,83.1765146050746,2824.099589923843,person,83.1765146050746,2824.099589923843,0.2904781879194631,False,False
Hi4D,/home/shangguanrz/project/pic-edit/datasets/Hi4D_pilot_v1/raw/pair10/dance10/images/4/000115.jpg,pair10/dance10/images/4/000115.jpg,940,1280,940,False,True,0.04998337765957447,244.53039002534538,4665.290537732712,93.09623558037194,2559.832620398661,person,93.09623558037194,2559.832620398661,0.29068791946308725,False,False
Hi4D,/home/shangguanrz/project/pic-edit/datasets/Hi4D_pilot_v1/raw/pair10/argue10/images/52/000101.jpg,pair10/argue10/images/52/000101.jpg,940,1280,940,False,True,0.05226978058510638,215.272766780265,3506.83368309508,118.86849541488787,1966.5557770293492,person,118.86849541488787,1966.5557770293492,0.2911073825503356,False,False
Hi4D,/home/shangguanrz/project/pic-edit/datasets/Hi4D_pilot_v1/raw/pair12/talk12/images/16/000136.jpg,pair12/talk12/images/16/000136.jpg,940,1280,940,False,True,0.08247922207446809,228.07337765606775,4236.396120761303,98.38913733597006,2363.893666302814,person,98.38913733597006,2363.893666302814,0.2913171140939598,False,False
Hi4D,/home/shangguanrz/project/pic-edit/datasets/Hi4D_pilot_v1/raw/pair10/talk10/images/16/000026.jpg,pair10/talk10/images/16/000026.jpg,940,1280,940,False,True,0.044375,233.4270899654946,3782.091578706782,91.64472667026212,2624.9495262895452,person,91.64472667026212,2624.9495262895452,0.2923657718120805,False,False
Hi4D,/home/shangguanrz/project/pic-edit/datasets/Hi4D_pilot_v1/raw/pair09/hug09/images/28/000087.jpg,pair09/hug09/images/28/000087.jpg,940,1280,940,False,True,0.056171875,279.94081949030124,4265.191801030585,103.06200722512476,2230.4166184553083,person,103.06200722512476,2230.4166184553083,0.29236577181208057,False,False
Hi4D,/home/shangguanrz/project/pic-edit/datasets/Hi4D_pilot_v1/raw/pair10/talk10/images/16/000017.jpg,pair10/talk10/images/16/000017.jpg,940,1280,940,False,True,0.044391622340425534,225.87051912679453,3800.1401159408247,91.2082694024036,2631.1285974499087,person,91.2082694024036,2631.1285974499087,0.29236577181208057,False,False
Hi4D,/home/shangguanrz/project/pic-edit/datasets/Hi4D_pilot_v1/raw/pair10/dance10/images/4/000089.jpg,pair10/dance10/images/4/000089.jpg,940,1280,940,False,True,0.03924202127659574,237.98206526890982,4368.016466505984,93.10017056302388,2578.8521181500196,person,93.10017056302388,2578.8521181500196,0.29278523489932884,False,False
Hi4D,/home/shangguanrz/project/pic-edit/datasets/Hi4D_pilot_v1/raw/pair14/talk14/images/4/000025.jpg,pair14/talk14/images/4/000025.jpg,940,1280,940,False,True,0.060644115691489364,287.6267827129191,5300.3505859375,98.30216303922951,2383.893578224978,person,98.30216303922951,2383.893578224978,0.29278523489932884,False,False
Hi4D,/home/shangguanrz/project/pic-edit/datasets/Hi4D_pilot_v1/raw/pair12/talk12/images/16/000123.jpg,pair12/talk12/images/16/000123.jpg,940,1280,940,False,True,0.0747689494680851,233.93376694269563,4443.912826213431,96.66436916351039,2431.1333097691618,person,96.66436916351039,2431.1333097691618,0.29341442953020136,False,False
Hi4D,/home/shangguanrz/project/pic-edit/datasets/Hi4D_pilot_v1/raw/pair00/yoga00/images/4/000059.jpg,pair00/yoga00/images/4/000059.jpg,940,1280,940,False,True,0.05534657579787234,499.5931466603613,5675.464615192819,104.75800946842209,2208.967320261438,person,104.75800946842209,2208.967320261438,0.2936241610738255,False,False
Hi4D,/home/shangguanrz/project/pic-edit/datasets/Hi4D_pilot_v1/raw/pair10/talk10/images/16/000019.jpg,pair10/talk10/images/16/000019.jpg,940,1280,940,False,True,0.04441156914893617,228.58545222156673,3837.6386926529253,91.63678946823435,2637.7256617317184,person,91.63678946823435,2637.7256617317184,0.294253355704698,False,False
Hi4D,/home/shangguanrz/project/pic-edit/datasets/Hi4D_pilot_v1/raw/pair00/hug00/images/4/000048.jpg,pair00/hug00/images/4/000048.jpg,940,1280,940,False,True,0.056717918882978724,586.6111242929537,7072.63029837101,108.35934559683655,2161.1994498816607,person,108.35934559683655,2161.1994498816607,0.2946728187919463,False,False
Hi4D,/home/shangguanrz/project/pic-edit/datasets/Hi4D_pilot_v1/raw/pair22/kiss22/images/4/000046.jpg,pair22/kiss22/images/4/000046.jpg,940,1280,940,False,True,0.060915059840425535,235.21592821798043,4085.7374501329787,99.92860244390536,2350.8480482125738,person,99.92860244390536,2350.8480482125738,0.2957214765100671,False,False
Hi4D,/home/shangguanrz/project/pic-edit/datasets/Hi4D_pilot_v1/raw/pair22/kiss22/images/4/000033.jpg,pair22/kiss22/images/4/000033.jpg,940,1280,940,False,True,0.06044880319148936,229.61355989979853,3975.000758394282,101.30072447966862,2310.984106731756,person,101.30072447966862,2310.984106731756,0.2963506711409396,False,False
Hi4D,/home/shangguanrz/project/pic-edit/datasets/Hi4D_pilot_v1/raw/pair09/bend09/images/88/000101.jpg,pair09/bend09/images/88/000101.jpg,940,1280,940,False,True,0.029791389627659575,345.0381487578275,4734.296490608378,93.16219644561498,2603.743813584931,person,93.16219644561498,2603.743813584931,0.29656040268456374,False,False
Hi4D,/home/shangguanrz/project/pic-edit/datasets/Hi4D_pilot_v1/raw/pair10/talk10/images/16/000024.jpg,pair10/talk10/images/16/000024.jpg,940,1280,940,False,True,0.044709109042553194,230.20164985597916,3752.8818567154253,92.35526004744892,2640.275429326288,person,92.35526004744892,2640.275429326288,0.29656040268456374,False,False
Hi4D,/home/shangguanrz/project/pic-edit/datasets/Hi4D_pilot_v1/raw/pair09/hug09/images/28/000088.jpg,pair09/hug09/images/28/000088.jpg,940,1280,940,False,True,0.0558735039893617,283.2859385163604,4294.306661402926,105.13611403046504,2224.293421293751,person,105.13611403046504,2224.293421293751,0.29677013422818793,False,False
Hi4D,/home/shangguanrz/project/pic-edit/datasets/Hi4D_pilot_v1/raw/pair10/talk10/images/16/000023.jpg,pair10/talk10/images/16/000023.jpg,940,1280,940,False,True,0.04470578457446808,229.9235710523257,3782.3150972406916,91.65685429966669,2649.3311882835906,person,91.65685429966669,2649.3311882835906,0.29718959731543626,False,False
Hi4D,/home/shangguanrz/project/pic-edit/datasets/Hi4D_pilot_v1/raw/pair00/hug00/images/4/000053.jpg,pair00/hug00/images/4/000053.jpg,940,1280,940,False,True,0.05619847074468085,573.8575978639601,7048.36902634641,106.06433748611667,2217.7689305230288,person,106.06433748611667,2217.7689305230288,0.2973993288590604,False,False
Hi4D,/home/shangguanrz/project/pic-edit/datasets/Hi4D_pilot_v1/raw/pair10/talk10/images/16/000021.jpg,pair10/talk10/images/16/000021.jpg,940,1280,940,False,True,0.04455036569148936,230.3728712044079,3813.280709773936,92.10491302806382,2645.0596835849215,person,92.10491302806382,2645.0596835849215,0.2973993288590604,False,False
Hi4D,/home/shangguanrz/project/pic-edit/datasets/Hi4D_pilot_v1/raw/pair12/talk12/images/16/000125.jpg,pair12/talk12/images/16/000125.jpg,940,1280,940,False,True,0.07469913563829787,235.08644611836016,4510.829267785904,97.30947688931779,2486.804241159551,person,97.30947688931779,2486.804241159551,0.29760906040268453,False,False
Hi4D,/home/shangguanrz/project/pic-edit/datasets/Hi4D_pilot_v1/raw/pair22/game22/images/4/000022.jpg,pair22/game22/images/4/000022.jpg,940,1280,940,False,True,0.06811668882978723,185.49255900903216,3274.0212869847073,105.66403863436017,2225.0099498765617,person,105.66403863436017,2225.0099498765617,0.2976090604026846,False,False
Hi4D,/home/shangguanrz/project/pic-edit/datasets/Hi4D_pilot_v1/raw/pair09/bend09/images/88/000112.jpg,pair09/bend09/images/88/000112.jpg,940,1280,940,False,True,0.01586436170212766,356.85915520116714,4911.061211768617,90.66574587506655,2674.8784471218205,person,90.66574587506655,2674.8784471218205,0.2984479865771812,False,False
Hi4D,/home/shangguanrz/project/pic-edit/datasets/Hi4D_pilot_v1/raw/pair10/talk10/images/16/000011.jpg,pair10/talk10/images/16/000011.jpg,940,1280,940,False,True,0.04444730718085106,227.36822338620155,3813.8767869015956,91.72011069207338,2652.096781492166,person,91.72011069207338,2652.096781492166,0.2986577181208053,False,False
Hi4D,/home/shangguanrz/project/pic-edit/datasets/Hi4D_pilot_v1/raw/pair22/game22/images/4/000120.jpg,pair22/game22/images/4/000120.jpg,940,1280,940,False,True,0.06691489361702127,184.36766787531045,3255.118932845745,104.46226947930029,2249.1346587415455,person,104.46226947930029,2249.1346587415455,0.2986577181208054,False,False
Hi4D,/home/shangguanrz/project/pic-edit/datasets/Hi4D_pilot_v1/raw/pair12/highfive12/images/4/000125.jpg,pair12/highfive12/images/4/000125.jpg,940,1280,940,False,True,0.07469913563829787,248.40832529892575,5199.086820561835,91.45784258931265,2673.8988776718743,person,91.45784258931265,2673.8988776718743,0.29991610738255037,False,False
Hi4D,/home/shangguanrz/project/pic-edit/datasets/Hi4D_pilot_v1/raw/pair12/talk12/images/16/000138.jpg,pair12/talk12/images/16/000138.jpg,940,1280,940,False,True,0.08299950132978723,235.0005685604228,4328.069346326462,98.87012281757126,2443.6911947852354,person,98.87012281757126,2443.6911947852354,0.3001258389261745,False,False
Hi4D,/home/shangguanrz/project/pic-edit/datasets/Hi4D_pilot_v1/raw/pair22/kiss22/images/4/000038.jpg,pair22/kiss22/images/4/000038.jpg,940,1280,940,False,True,0.06046043882978724,240.17472554610399,4146.265957446809,101.35419682228328,2340.2885311093314,person,101.35419682228328,2340.2885311093314,0.30033557046979864,False,False
Hi4D,/home/shangguanrz/project/pic-edit/datasets/Hi4D_pilot_v1/raw/pair10/talk10/images/16/000013.jpg,pair10/talk10/images/16/000013.jpg,940,1280,940,False,True,0.04441988031914894,227.08625709692134,3815.4881773603724,91.87317942407637,2660.9850130075783,person,91.87317942407637,2660.9850130075783,0.300755033557047,False,False
Hi4D,/home/shangguanrz/project/pic-edit/datasets/Hi4D_pilot_v1/raw/pair22/game22/images/4/000024.jpg,pair22/game22/images/4/000024.jpg,940,1280,940,False,True,0.06665974069148936,186.52738792400334,3262.025847739362,107.82044165584848,2220.201983631218,person,107.82044165584848,2220.201983631218,0.3011744966442953,False,False
Hi4D,/home/shangguanrz/project/pic-edit/datasets/Hi4D_pilot_v1/raw/pair10/talk10/images/16/000014.jpg,pair10/talk10/images/16/000014.jpg,940,1280,940,False,True,0.04441988031914894,226.6294482700584,3810.208890874335,92.40339994830163,2661.6680429864255,person,92.40339994830163,2661.6680429864255,0.3015939597315436,False,False
Hi4D,/home/shangguanrz/project/pic-edit/datasets/Hi4D_pilot_v1/raw/pair10/talk10/images/16/000018.jpg,pair10/talk10/images/16/000018.jpg,940,1280,940,False,True,0.04438996010638298,228.20920452609116,3825.9189660904253,92.53176837432655,2658.1275342811473,person,92.53176837432655,2658.1275342811473,0.3015939597315436,False,False
Hi4D,/home/shangguanrz/project/pic-edit/datasets/Hi4D_pilot_v1/raw/pair12/fight12/images/16/000023.jpg,pair12/fight12/images/16/000023.jpg,940,1280,940,False,True,0.039093251329787235,221.75839588163444,4327.161704205452,79.60071209162855,3132.843400256301,person,79.60071209162855,3132.843400256301,0.3015939597315436,False,False
Hi4D,/home/shangguanrz/project/pic-edit/datasets/Hi4D_pilot_v1/raw/pair22/kiss22/images/4/000049.jpg,pair22/kiss22/images/4/000049.jpg,940,1280,940,False,True,0.061874168882978725,234.8603485883659,4115.430601728724,100.71874066823572,2379.3302295540784,person,100.71874066823572,2379.3302295540784,0.3015939597315436,False,False
Hi4D,/home/shangguanrz/project/pic-edit/datasets/Hi4D_pilot_v1/raw/pair10/dance10/images/4/000008.jpg,pair10/dance10/images/4/000008.jpg,940,1280,940,False,True,0.06263214760638298,234.97182178972207,4428.342524102393,96.79372420908153,2532.763284460897,person,96.79372420908153,2532.763284460897,0.3018036912751678,False,False
Hi4D,/home/shangguanrz/project/pic-edit/datasets/Hi4D_pilot_v1/raw/pair10/dance10/images/4/000120.jpg,pair10/dance10/images/4/000120.jpg,940,1280,940,False,True,0.049365857712765956,239.6542918859105,4581.036527593085,97.76533062515648,2518.720271732596,person,97.76533062515648,2518.720271732596,0.3018036912751678,False,False
Hi4D,/home/shangguanrz/project/pic-edit/datasets/Hi4D_pilot_v1/raw/pair10/talk10/images/16/000022.jpg,pair10/talk10/images/16/000022.jpg,940,1280,940,False,True,0.04459773936170213,229.83566728613397,3790.011500581782,92.96467115393006,2650.225988700565,person,92.96467115393006,2650.225988700565,0.30201342281879195,False,False
Hi4D,/home/shangguanrz/project/pic-edit/datasets/Hi4D_pilot_v1/raw/pair00/hug00/images/4/000051.jpg,pair00/hug00/images/4/000051.jpg,940,1280,940,False,True,0.056230884308510636,572.5145588372022,6916.42443068484,105.85115019013244,2255.498419114052,person,105.85115019013244,2255.498419114052,0.3026426174496644,False,False
Hi4D,/home/shangguanrz/project/pic-edit/datasets/Hi4D_pilot_v1/raw/pair12/talk12/images/16/000140.jpg,pair12/talk12/images/16/000140.jpg,940,1280,940,False,True,0.08335605053191489,241.6613789545892,4369.948491522607,99.91074456300036,2428.1769206077465,person,99.91074456300036,2428.1769206077465,0.3026426174496645,False,False
Hi4D,/home/shangguanrz/project/pic-edit/datasets/Hi4D_pilot_v1/raw/pair10/talk10/images/16/000016.jpg,pair10/talk10/images/16/000016.jpg,940,1280,940,False,True,0.0443999335106383,227.04394108119078,3817.603598736702,93.36458756345583,2647.702216996977,person,93.36458756345583,2647.702216996977,0.3032718120805369,False,False
Hi4D,/home/shangguanrz/project/pic-edit/datasets/Hi4D_pilot_v1/raw/pair02/backhug02/images/64/000046.jpg,pair02/backhug02/images/64/000046.jpg,940,1280,940,False,True,0.05434341755319149,229.42299392537439,4064.6905439660904,88.63458556921286,2761.329826340474,person,88.63458556921286,2761.329826340474,0.3034815436241611,False,False
Hi4D,/home/shangguanrz/project/pic-edit/datasets/Hi4D_pilot_v1/raw/pair09/hug09/images/28/000090.jpg,pair09/hug09/images/28/000090.jpg,940,1280,940,False,True,0.05599152260638298,281.80621842832903,4288.813154504654,106.18730193478065,2255.7799253239623,person,106.18730193478065,2255.7799253239623,0.3039010067114094,False,False
Hi4D,/home/shangguanrz/project/pic-edit/datasets/Hi4D_pilot_v1/raw/pair00/hug00/images/4/000031.jpg,pair00/hug00/images/4/000031.jpg,940,1280,940,False,True,0.05375498670212766,587.1838729460352,7215.811648105053,114.96850238846179,2111.386372091692,person,114.96850238846179,2111.386372091692,0.30432046979865773,False,False
Hi4D,/home/shangguanrz/project/pic-edit/datasets/Hi4D_pilot_v1/raw/pair10/talk10/images/16/000015.jpg,pair10/talk10/images/16/000015.jpg,940,1280,940,False,True,0.04442320478723404,227.28718392994134,3825.7838160738033,92.91330589095224,2669.1412256897333,person,92.91330589095224,2669.1412256897333,0.30453020134228187,False,False
Hi4D,/home/shangguanrz/project/pic-edit/datasets/Hi4D_pilot_v1/raw/pair22/kiss22/images/4/000043.jpg,pair22/kiss22/images/4/000043.jpg,940,1280,940,False,True,0.06053191489361702,235.28193927272622,4096.472936751995,102.64749874325116,2339.3253872349774,person,102.64749874325116,2339.3253872349774,0.3045302013422819,False,False
Hi4D,/home/shangguanrz/project/pic-edit/datasets/Hi4D_pilot_v1/raw/pair01/hug01/images/4/000040.jpg,pair01/hug01/images/4/000040.jpg,940,1280,940,False,True,0.06851146941489361,213.28702360291777,4156.63727975399,101.75597248633368,2378.979893260519,person,101.75597248633368,2378.979893260519,0.3055788590604027,False,False
Hi4D,/home/shangguanrz/project/pic-edit/datasets/Hi4D_pilot_v1/raw/pair10/talk10/images/16/000012.jpg,pair10/talk10/images/16/000012.jpg,940,1280,940,False,True,0.04446226728723404,227.9372269840681,3826.8553544714096,93.03073317139071,2671.8522117394496,person,93.03073317139071,2671.8522117394496,0.3055788590604027,False,False
Hi4D,/home/shangguanrz/project/pic-edit/datasets/Hi4D_pilot_v1/raw/pair10/dance10/images/4/000133.jpg,pair10/dance10/images/4/000133.jpg,940,1280,940,False,True,0.05331449468085107,235.8730438287682,4555.021463597074,96.05454130222539,2602.088433117177,person,96.05454130222539,2602.088433117177,0.3072567114093959,False,False
Hi4D,/home/shangguanrz/project/pic-edit/datasets/Hi4D_pilot_v1/raw/pair10/talk10/images/16/000031.jpg,pair10/talk10/images/16/000031.jpg,940,1280,940,False,True,0.042426030585106383,226.6715175439568,3597.432076961436,95.60150521261826,2627.5617575171946,person,95.60150521261826,2627.5617575171946,0.30788590604026844,False,False
Hi4D,/home/shangguanrz/project/pic-edit/datasets/Hi4D_pilot_v1/raw/pair22/game22/images/4/000037.jpg,pair22/game22/images/4/000037.jpg,940,1280,940,False,True,0.06020777925531915,203.61319081324052,3653.429781000665,102.19699341647616,2393.963763685878,person,102.19699341647616,2393.963763685878,0.3080956375838926,False,False
Hi4D,/home/shangguanrz/project/pic-edit/datasets/Hi4D_pilot_v1/raw/pair10/dance10/images/4/000149.jpg,pair10/dance10/images/4/000149.jpg,940,1280,940,False,True,0.06610954122340426,238.82599243010372,4594.940481632314,101.36046709625403,2418.9447703444835,person,101.36046709625403,2418.9447703444835,0.30851510067114096,False,False
Hi4D,/home/shangguanrz/project/pic-edit/datasets/Hi4D_pilot_v1/raw/pair01/talk01/images/16/000127.jpg,pair01/talk01/images/16/000127.jpg,940,1280,940,False,True,0.06998503989361703,199.29474310960745,3482.9713056848404,98.21295985735442,2564.6805252203408,person,98.21295985735442,2564.6805252203408,0.30893456375838924,False,False
Hi4D,/home/shangguanrz/project/pic-edit/datasets/Hi4D_pilot_v1/raw/pair10/dance10/images/4/000117.jpg,pair10/dance10/images/4/000117.jpg,940,1280,940,False,True,0.049237865691489364,244.4089439833472,4644.097105634974,98.04622919103247,2569.7507799269097,person,98.04622919103247,2569.7507799269097,0.30893456375838924,False,False
Hi4D,/home/shangguanrz/project/pic-edit/datasets/Hi4D_pilot_v1/raw/pair01/fight01/images/52/000060.jpg,pair01/fight01/images/52/000060.jpg,940,1280,940,False,True,0.0440483710106383,183.8059979497226,3241.7971970578456,94.96625362445505,2648.7396790563707,person,94.96625362445505,2648.7396790563707,0.3091442953020134,False,False
Hi4D,/home/shangguanrz/project/pic-edit/datasets/Hi4D_pilot_v1/raw/pair12/fight12/images/16/000020.jpg,pair12/fight12/images/16/000020.jpg,940,1280,940,False,True,0.03757729388297872,215.7458127577578,4137.506243766622,89.94626866528682,2779.2920323022654,person,89.94626866528682,2779.2920323022654,0.3091442953020134,False,False
Hi4D,/home/shangguanrz/project/pic-edit/datasets/Hi4D_pilot_v1/raw/pair00/yoga00/images/4/000061.jpg,pair00/yoga00/images/4/000061.jpg,940,1280,940,False,True,0.055008311170212765,478.58083072575903,5558.984811336436,103.46896841917474,2354.5096847930704,person,103.46896841917474,2354.5096847930704,0.3097734899328859,False,False
Hi4D,/home/shangguanrz/project/pic-edit/datasets/Hi4D_pilot_v1/raw/pair22/kiss22/images/4/000037.jpg,pair22/kiss22/images/4/000037.jpg,940,1280,940,False,True,0.06020777925531915,237.02242756353994,4158.8837890625,102.97208174140997,2378.0254543433557,person,102.97208174140997,2378.0254543433557,0.3097734899328859,False,False
Hi4D,/home/shangguanrz/project/pic-edit/datasets/Hi4D_pilot_v1/raw/pair22/game22/images/4/000026.jpg,pair22/game22/images/4/000026.jpg,940,1280,940,False,True,0.06515708111702127,184.19578741815315,3265.5979990857713,104.92360517331761,2334.927194860814,person,104.92360517331761,2334.927194860814,0.3108221476510067,False,False
Hi4D,/home/shangguanrz/project/pic-edit/datasets/Hi4D_pilot_v1/raw/pair00/hug00/images/4/000056.jpg,pair00/hug00/images/4/000056.jpg,940,1280,940,False,True,0.05582613031914894,574.3698198778859,7142.826888713431,109.75971711451318,2255.6886907434728,person,109.75971711451318,2255.6886907434728,0.3114513422818792,False,False
Hi4D,/home/shangguanrz/project/pic-edit/datasets/Hi4D_pilot_v1/raw/pair10/dance10/images/4/000172.jpg,pair10/dance10/images/4/000172.jpg,940,1280,940,False,True,0.07997257313829788,264.25773757018885,4912.954724900266,101.35006374618939,2462.679526309364,person,101.35006374618939,2462.679526309364,0.3114513422818792,False,False
Hi4D,/home/shangguanrz/project/pic-edit/datasets/Hi4D_pilot_v1/raw/pair02/pose02/images/52/000141.jpg,pair02/pose02/images/52/000141.jpg,940,1280,940,False,True,0.05135222739361702,221.83106979364825,3947.540703956117,93.2499966290079,2716.6937508345572,person,93.2499966290079,2716.6937508345572,0.31208053691275167,False,False
Hi4D,/home/shangguanrz/project/pic-edit/datasets/Hi4D_pilot_v1/raw/pair01/hug01/images/4/000038.jpg,pair01/hug01/images/4/000038.jpg,940,1280,940,False,True,0.06968500664893618,218.2041273211774,4150.758664394947,101.42117718095183,2464.760798658741,person,101.42117718095183,2464.760798658741,0.3125,False,False
Hi4D,/home/shangguanrz/project/pic-edit/datasets/Hi4D_pilot_v1/raw/pair09/bend09/images/88/000091.jpg,pair09/bend09/images/88/000091.jpg,940,1280,940,False,True,0.03043716755319149,351.5396625299484,4819.993870511968,97.85105274339082,2612.7921904435693,person,97.85105274339082,2612.7921904435693,0.31291946308724833,False,False
Hi4D,/home/shangguanrz/project/pic-edit/datasets/Hi4D_pilot_v1/raw/pair12/highfive12/images/4/000138.jpg,pair12/highfive12/images/4/000138.jpg,940,1280,940,False,True,0.08299950132978723,251.92687384666172,5261.234717835771,93.50042242727932,2721.6291369670635,person,93.50042242727932,2721.6291369670635,0.31333892617449666,False,False
Hi4D,/home/shangguanrz/project/pic-edit/datasets/Hi4D_pilot_v1/raw/pair10/argue10/images/52/000133.jpg,pair10/argue10/images/52/000133.jpg,940,1280,940,False,True,0.05331449468085107,239.14552257912572,3795.972219913564,109.40543945336017,2282.176504297994,person,109.40543945336017,2282.176504297994,0.3135486577181208,False,False
Hi4D,/home/shangguanrz/project/pic-edit/datasets/Hi4D_pilot_v1/raw/pair22/game22/images/4/000031.jpg,pair22/game22/images/4/000031.jpg,940,1280,940,False,True,0.06074717420212766,188.27959707561473,3367.7418966090427,103.32836109081066,2395.9814779085473,person,103.32836109081066,2395.9814779085473,0.3135486577181208,False,False
Hi4D,/home/shangguanrz/project/pic-edit/datasets/Hi4D_pilot_v1/raw/pair12/talk12/images/16/000028.jpg,pair12/talk12/images/16/000028.jpg,940,1280,940,False,True,0.04339926861702128,235.23256350578146,4184.420264710771,87.4134302870108,2872.2976842213484,person,87.4134302870108,2872.2976842213484,0.3141778523489933,False,False
Hi4D,/home/shangguanrz/project/pic-edit/datasets/Hi4D_pilot_v1/raw/pair22/kiss22/images/4/000041.jpg,pair22/kiss22/images/4/000041.jpg,940,1280,940,False,True,0.06055934175531915,233.93122741092972,4098.999241605718,103.32568470750454,2420.5568867223,person,103.32568470750454,2420.5568867223,0.3156459731543624,False,False
Hi4D,/home/shangguanrz/project/pic-edit/datasets/Hi4D_pilot_v1/raw/pair22/kiss22/images/4/000039.jpg,pair22/kiss22/images/4/000039.jpg,940,1280,940,False,True,0.060311668882978724,235.47522411779778,4127.855406416224,103.49131994574246,2411.9763779527557,person,103.49131994574246,2411.9763779527557,0.3158557046979866,False,False
Hi4D,/home/shangguanrz/project/pic-edit/datasets/Hi4D_pilot_v1/raw/pair01/hug01/images/4/000051.jpg,pair01/hug01/images/4/000051.jpg,940,1280,940,False,True,0.062134308510638295,184.1137580844599,3749.675428025266,106.19201604525055,2362.1852839506173,person,106.19201604525055,2362.1852839506173,0.31648489932885904,False,False
Hi4D,/home/shangguanrz/project/pic-edit/datasets/Hi4D_pilot_v1/raw/pair12/fight12/images/16/000022.jpg,pair12/fight12/images/16/000022.jpg,940,1280,940,False,True,0.03862034574468085,213.85781848778714,4135.690512799202,85.41537260278581,2991.7361393074657,person,85.41537260278581,2991.7361393074657,0.31669463087248323,False,False
Hi4D,/home/shangguanrz/project/pic-edit/datasets/Hi4D_pilot_v1/raw/pair22/kiss22/images/4/000042.jpg,pair22/kiss22/images/4/000042.jpg,940,1280,940,False,True,0.060523603723404255,233.8974070546853,4085.751007729388,104.49322074163165,2396.9664939931668,person,104.49322074163165,2396.9664939931668,0.3169043624161074,False,False
Hi4D,/home/shangguanrz/project/pic-edit/datasets/Hi4D_pilot_v1/raw/pair12/fight12/images/16/000061.jpg,pair12/fight12/images/16/000061.jpg,940,1280,940,False,True,0.0624609375,220.69384030075622,4231.567413979388,95.55445217572394,2695.939269733921,person,95.55445217572394,2695.939269733921,0.317743288590604,False,False
Hi4D,/home/shangguanrz/project/pic-edit/datasets/Hi4D_pilot_v1/raw/pair22/kiss22/images/4/000040.jpg,pair22/kiss22/images/4/000040.jpg,940,1280,940,False,True,0.06032829122340425,235.09689043870384,4117.547415226064,104.62313481177603,2402.7196950865855,person,104.62313481177603,2402.7196950865855,0.3177432885906041,False,False
Hi4D,/home/shangguanrz/project/pic-edit/datasets/Hi4D_pilot_v1/raw/pair12/fight12/images/16/000024.jpg,pair12/fight12/images/16/000024.jpg,940,1280,940,False,True,0.039777260638297875,216.6724042972055,4308.121062583112,82.43488167394011,3215.309623779996,person,82.43488167394011,3215.309623779996,0.3179530201342282,False,False
Hi4D,/home/shangguanrz/project/pic-edit/datasets/Hi4D_pilot_v1/raw/pair22/game22/images/4/000029.jpg,pair22/game22/images/4/000029.jpg,940,1280,940,False,True,0.06214594414893617,185.26812126062853,3297.849339261968,111.77449480984866,2274.192995938083,person,111.77449480984866,2274.192995938083,0.3179530201342282,False,False
Hi4D,/home/shangguanrz/project/pic-edit/datasets/Hi4D_pilot_v1/raw/pair10/argue10/images/52/000099.jpg,pair10/argue10/images/52/000099.jpg,940,1280,940,False,True,0.05218583776595745,219.46264125870175,3571.942330867686,122.33673891689766,2082.1443597280913,person,122.33673891689766,2082.1443597280913,0.3185822147651006,False,False
Hi4D,/home/shangguanrz/project/pic-edit/datasets/Hi4D_pilot_v1/raw/pair12/fight12/images/16/000021.jpg,pair12/fight12/images/16/000021.jpg,940,1280,940,False,True,0.038140791223404254,215.46408133541308,4145.588950299202,84.52763034934998,3086.327456940223,person,84.52763034934998,3086.327456940223,0.3200503355704698,False,False
Hi4D,/home/shangguanrz/project/pic-edit/datasets/Hi4D_pilot_v1/raw/pair12/talk12/images/16/000145.jpg,pair12/talk12/images/16/000145.jpg,940,1280,940,False,True,0.0858095079787234,240.55077377060192,4502.495210688165,105.69090842318118,2415.9652403475966,person,105.69090842318118,2415.9652403475966,0.32067953020134227,False,False
Hi4D,/home/shangguanrz/project/pic-edit/datasets/Hi4D_pilot_v1/raw/pair12/talk12/images/16/000142.jpg,pair12/talk12/images/16/000142.jpg,940,1280,940,False,True,0.08414311835106383,241.8441513548506,4500.731455701462,105.43412290931177,2422.4003940047387,person,105.43412290931177,2422.4003940047387,0.3206795302013423,False,False
Hi4D,/home/shangguanrz/project/pic-edit/datasets/Hi4D_pilot_v1/raw/pair10/talk10/images/16/000028.jpg,pair10/talk10/images/16/000028.jpg,940,1280,940,False,True,0.04360039893617021,232.5428634434331,3730.1691427027927,93.64892210094477,2770.2952574067817,person,93.64892210094477,2770.2952574067817,0.32088926174496646,False,False
Hi4D,/home/shangguanrz/project/pic-edit/datasets/Hi4D_pilot_v1/raw/pair01/fight01/images/52/000063.jpg,pair01/fight01/images/52/000063.jpg,940,1280,940,False,True,0.04063497340425532,181.77242916350238,3102.775702293883,101.31788387815487,2584.7683075742248,person,101.31788387815487,2584.7683075742248,0.3227768456375839,False,False
Hi4D,/home/shangguanrz/project/pic-edit/datasets/Hi4D_pilot_v1/raw/pair12/talk12/images/16/000143.jpg,pair12/talk12/images/16/000143.jpg,940,1280,940,False,True,0.08455452127659574,239.8207390840208,4498.540755900931,105.6434940494965,2449.447170463305,person,105.6434940494965,2449.447170463305,0.3227768456375839,False,False
Hi4D,/home/shangguanrz/project/pic-edit/datasets/Hi4D_pilot_v1/raw/pair10/talk10/images/16/000027.jpg,pair10/talk10/images/16/000027.jpg,940,1280,940,False,True,0.04403922872340425,235.87715002504504,3786.67119971742,96.35469934580736,2722.5846780948127,person,96.35469934580736,2722.5846780948127,0.32424496644295303,False,False
Hi4D,/home/shangguanrz/project/pic-edit/datasets/Hi4D_pilot_v1/raw/pair12/highfive12/images/4/000108.jpg,pair12/highfive12/images/4/000108.jpg,940,1280,940,False,True,0.07320146276595745,254.1173609931742,5352.683323636968,90.48459544056425,2900.170114596655,person,90.48459544056425,2900.170114596655,0.32466442953020136,False,False
Hi4D,/home/shangguanrz/project/pic-edit/datasets/Hi4D_pilot_v1/raw/pair22/game22/images/4/000027.jpg,pair22/game22/images/4/000027.jpg,940,1280,940,False,True,0.0639918550531915,184.59989750293542,3265.82470703125,108.40518519876905,2396.0938047459786,person,108.40518519876905,2396.0938047459786,0.3248741610738255,False,False
Hi4D,/home/shangguanrz/project/pic-edit/datasets/Hi4D_pilot_v1/raw/pair12/fight12/images/16/000026.jpg,pair12/fight12/images/16/000026.jpg,940,1280,940,False,True,0.04145861037234042,219.84451882487886,4356.348549700798,83.92200083302887,3222.66882259412,person,83.92200083302887,3222.66882259412,0.32571308724832215,False,False
Hi4D,/home/shangguanrz/project/pic-edit/datasets/Hi4D_pilot_v1/raw/pair10/argue10/images/52/000105.jpg,pair10/argue10/images/52/000105.jpg,940,1280,940,False,True,0.05264045877659575,217.3079856263129,3672.066624418218,115.90844546590729,2255.8335469694193,person,115.90844546590729,2255.8335469694193,0.3263422818791947,False,False
Hi4D,/home/shangguanrz/project/pic-edit/datasets/Hi4D_pilot_v1/raw/pair10/talk10/images/16/000030.jpg,pair10/talk10/images/16/000030.jpg,940,1280,940,False,True,0.04277094414893617,227.9832842944434,3620.2454392453456,96.01230514196654,2748.660888965162,person,96.01230514196654,2748.660888965162,0.32676174496644295,False,False
Hi4D,/home/shangguanrz/project/pic-edit/datasets/Hi4D_pilot_v1/raw/pair16/hug16/images/4/000013.jpg,pair16/hug16/images/4/000013.jpg,940,1280,940,False,True,0.05161319813829787,303.6564241839297,5565.210833610372,83.35835527970254,3254.3949832547332,person,83.35835527970254,3254.3949832547332,0.3269714765100671,False,False
Hi4D,/home/shangguanrz/project/pic-edit/datasets/Hi4D_pilot_v1/raw/pair01/hug01/images/4/000037.jpg,pair01/hug01/images/4/000037.jpg,940,1280,940,False,True,0.07053108377659574,207.0799304414735,3996.418934923537,102.79165381394412,2576.5955630373355,person,102.79165381394412,2576.5955630373355,0.3276006711409396,False,False
Hi4D,/home/shangguanrz/project/pic-edit/datasets/Hi4D_pilot_v1/raw/pair10/argue10/images/52/000132.jpg,pair10/argue10/images/52/000132.jpg,940,1280,940,False,True,0.04175864361702128,239.81843947662708,3819.7601084607713,98.93195284561004,2684.0551167382973,person,98.93195284561004,2684.0551167382973,0.3280201342281879,False,False
Hi4D,/home/shangguanrz/project/pic-edit/datasets/Hi4D_pilot_v1/raw/pair10/talk10/images/16/000029.jpg,pair10/talk10/images/16/000029.jpg,940,1280,940,False,True,0.043196476063829786,229.6055144260997,3659.536870428856,97.31085254991162,2734.3324380106874,person,97.31085254991162,2734.3324380106874,0.32843959731543626,False,False
Hi4D,/home/shangguanrz/project/pic-edit/datasets/Hi4D_pilot_v1/raw/pair12/highfive12/images/4/000123.jpg,pair12/highfive12/images/4/000123.jpg,940,1280,940,False,True,0.0747689494680851,250.2496547357914,5202.471087516622,98.1400321301292,2724.0992957937956,person,98.1400321301292,2724.0992957937956,0.32948825503355705,False,False
Hi4D,/home/shangguanrz/project/pic-edit/datasets/Hi4D_pilot_v1/raw/pair16/hug16/images/4/000011.jpg,pair16/hug16/images/4/000011.jpg,940,1280,940,False,True,0.05136635638297872,297.98129395563814,5489.60370262633,83.98280680307587,3249.6129473288443,person,83.98280680307587,3249.6129473288443,0.32948825503355705,False,False
Hi4D,/home/shangguanrz/project/pic-edit/datasets/Hi4D_pilot_v1/raw/pair01/fight01/images/52/000053.jpg,pair01/fight01/images/52/000053.jpg,940,1280,940,False,True,0.055660738031914896,232.44748812314882,4069.261053856383,96.96533773067571,2751.228327861298,person,96.96533773067571,2751.228327861298,0.3301174496644296,False,False
Hi4D,/home/shangguanrz/project/pic-edit/datasets/Hi4D_pilot_v1/raw/pair10/argue10/images/52/000144.jpg,pair10/argue10/images/52/000144.jpg,940,1280,940,False,True,0.03547789228723404,235.82740712500419,3742.1558344414893,94.8722818774355,2800.799146967831,person,94.8722818774355,2800.799146967831,0.3301174496644296,False,False
Hi4D,/home/shangguanrz/project/pic-edit/datasets/Hi4D_pilot_v1/raw/pair09/bend09/images/88/000095.jpg,pair09/bend09/images/88/000095.jpg,940,1280,940,False,True,0.03105053191489362,343.4482691674385,4710.219321392952,98.68812863066722,2717.1303702203772,person,98.68812863066722,2717.1303702203772,0.3303271812080537,False,False
Hi4D,/home/shangguanrz/project/pic-edit/datasets/Hi4D_pilot_v1/raw/pair12/talk12/images/16/000027.jpg,pair12/talk12/images/16/000027.jpg,940,1280,940,False,True,0.04248670212765957,235.6314445692201,4255.082779255319,89.39288475411763,3000.8453239303194,person,89.39288475411763,3000.8453239303194,0.3303271812080537,False,False
Hi4D,/home/shangguanrz/project/pic-edit/datasets/Hi4D_pilot_v1/raw/pair09/bend09/images/88/000097.jpg,pair09/bend09/images/88/000097.jpg,940,1280,940,False,True,0.03059840425531915,343.6005038910454,4722.057565242686,98.31238308343642,2724.457639051866,person,98.31238308343642,2724.457639051866,0.330746644295302,False,False
Hi4D,/home/shangguanrz/project/pic-edit/datasets/Hi4D_pilot_v1/raw/pair10/argue10/images/52/000142.jpg,pair10/argue10/images/52/000142.jpg,940,1280,940,False,True,0.03584773936170213,235.9407041110352,3738.092950049867,94.75291072367894,2832.0803334822094,person,94.75291072367894,2832.0803334822094,0.33221476510067116,False,False
Hi4D,/home/shangguanrz/project/pic-edit/datasets/Hi4D_pilot_v1/raw/pair12/fight12/images/16/000041.jpg,pair12/fight12/images/16/000041.jpg,940,1280,940,False,True,0.07030668218085107,218.19439518867225,4135.004145196143,98.77368980796983,2734.140828632562,person,98.77368980796983,2734.140828632562,0.3330536912751678,False,False
Hi4D,/home/shangguanrz/project/pic-edit/datasets/Hi4D_pilot_v1/raw/pair12/fight12/images/16/000059.jpg,pair12/fight12/images/16/000059.jpg,940,1280,940,False,True,0.06469414893617022,216.0245526135643,4097.024808843085,95.39218261092772,2808.189516392906,person,95.39218261092772,2808.189516392906,0.3330536912751678,False,False
Hi4D,/home/shangguanrz/project/pic-edit/datasets/Hi4D_pilot_v1/raw/pair10/dance10/images/4/000170.jpg,pair10/dance10/images/4/000170.jpg,940,1280,940,False,True,0.07869182180851064,264.70603191329104,4926.852549451462,101.31947186421665,2657.1121626358217,person,101.31947186421665,2657.1121626358217,0.3334731543624161,False,False
Hi4D,/home/shangguanrz/project/pic-edit/datasets/Hi4D_pilot_v1/raw/pair22/hug22/images/4/000081.jpg,pair22/hug22/images/4/000081.jpg,940,1280,940,False,True,0.05616522606382979,190.36714446668773,3342.608616605718,110.18828504702574,2457.504653448176,person,110.18828504702574,2457.504653448176,0.3341023489932886,False,False
Hi4D,/home/shangguanrz/project/pic-edit/datasets/Hi4D_pilot_v1/raw/pair01/fight01/images/52/000012.jpg,pair01/fight01/images/52/000012.jpg,940,1280,940,False,True,0.06445478723404255,234.0983313041988,4110.574436918218,86.64150589691955,3169.850330005077,person,86.64150589691955,3169.850330005077,0.33452181208053694,False,False
Hi4D,/home/shangguanrz/project/pic-edit/datasets/Hi4D_pilot_v1/raw/pair10/dance10/images/4/000156.jpg,pair10/dance10/images/4/000156.jpg,940,1280,940,False,True,0.06543716755319148,244.15887632225372,4764.016508061835,109.95748982665012,2487.6172135979564,person,109.95748982665012,2487.6172135979564,0.33536073825503354,False,False
Hi4D,/home/shangguanrz/project/pic-edit/datasets/Hi4D_pilot_v1/raw/pair10/dance10/images/4/000167.jpg,pair10/dance10/images/4/000167.jpg,940,1280,940,False,True,0.07418384308510638,257.14299712344604,4893.87567528258,106.41141753688736,2565.842578381934,person,106.41141753688736,2565.842578381934,0.33557046979865773,False,False
Hi4D,/home/shangguanrz/project/pic-edit/datasets/Hi4D_pilot_v1/raw/pair10/dance10/images/4/000151.jpg,pair10/dance10/images/4/000151.jpg,940,1280,940,False,True,0.06663480718085106,241.30797939853144,4674.064858294548,109.82439803457261,2498.494168412495,person,109.82439803457261,2498.494168412495,0.33598993288590606,False,False
Hi4D,/home/shangguanrz/project/pic-edit/datasets/Hi4D_pilot_v1/raw/pair00/yoga00/images/4/000019.jpg,pair00/yoga00/images/4/000019.jpg,940,1280,940,False,True,0.05753324468085107,723.7654356980227,7831.613405917553,99.72118312636275,2745.7641425333027,person,99.72118312636275,2745.7641425333027,0.33808724832214765,False,False
Hi4D,/home/shangguanrz/project/pic-edit/datasets/Hi4D_pilot_v1/raw/pair16/jump16/images/4/000096.jpg,pair16/jump16/images/4/000096.jpg,940,1280,940,False,True,0.05452875664893617,248.86903126564098,4744.64006399601,99.1494236832895,2757.2034808016006,person,99.1494236832895,2757.2034808016006,0.33871644295302017,False,False
Hi4D,/home/shangguanrz/project/pic-edit/datasets/Hi4D_pilot_v1/raw/pair10/dance10/images/4/000146.jpg,pair10/dance10/images/4/000146.jpg,940,1280,940,False,True,0.06337516622340425,238.32567905796876,4588.487273520612,107.98933619142005,2568.388939975267,person,107.98933619142005,2568.388939975267,0.33913590604026844,False,False
Hi4D,/home/shangguanrz/project/pic-edit/datasets/Hi4D_pilot_v1/raw/pair16/hug16/images/4/000019.jpg,pair16/hug16/images/4/000019.jpg,940,1280,940,False,True,0.05422290558510638,294.21742469034564,5558.555051113697,85.4325499979818,3304.6805624483045,person,85.4325499979818,3304.6805624483045,0.33913590604026844,False,False
Hi4D,/home/shangguanrz/project/pic-edit/datasets/Hi4D_pilot_v1/raw/pair10/dance10/images/4/000159.jpg,pair10/dance10/images/4/000159.jpg,940,1280,940,False,True,0.06497672872340425,246.29688266037056,4784.351583277926,110.88184991860527,2509.084584617402,person,110.88184991860527,2509.084584617402,0.3393456375838926,False,False
Hi4D,/home/shangguanrz/project/pic-edit/datasets/Hi4D_pilot_v1/raw/pair00/yoga00/images/4/000063.jpg,pair00/yoga00/images/4/000063.jpg,940,1280,940,False,True,0.054691655585106386,457.18708809469564,5379.381513879654,111.66873766076763,2501.1905041375667,person,111.66873766076763,2501.1905041375667,0.3399748322147651,False,False
Hi4D,/home/shangguanrz/project/pic-edit/datasets/Hi4D_pilot_v1/raw/pair16/jump16/images/4/000084.jpg,pair16/jump16/images/4/000084.jpg,940,1280,940,False,True,0.05493683510638298,239.12594276901388,4402.644988364362,96.5266089436778,2846.955900243309,person,96.5266089436778,2846.955900243309,0.3399748322147651,False,False
Hi4D,/home/shangguanrz/project/pic-edit/datasets/Hi4D_pilot_v1/raw/pair00/yoga00/images/4/000049.jpg,pair00/yoga00/images/4/000049.jpg,940,1280,940,False,True,0.05662150930851064,674.950848672119,6516.253085521941,110.54288700321688,2532.0938465499485,person,110.54288700321688,2532.0938465499485,0.34081375838926176,False,False
Hi4D,/home/shangguanrz/project/pic-edit/datasets/Hi4D_pilot_v1/raw/pair10/dance10/images/4/000162.jpg,pair10/dance10/images/4/000162.jpg,940,1280,940,False,True,0.06652260638297873,250.55882935288705,4830.096170628324,112.73689632317952,2495.2934265555664,person,112.73689632317952,2495.2934265555664,0.34123322147651003,False,False
Hi4D,/home/shangguanrz/project/pic-edit/datasets/Hi4D_pilot_v1/raw/pair09/bend09/images/88/000099.jpg,pair09/bend09/images/88/000099.jpg,940,1280,940,False,True,0.03047872340425532,350.3545330527844,4744.324852476729,102.49456554473555,2701.4116656563615,person,102.49456554473555,2701.4116656563615,0.3422818791946308,False,False
Hi4D,/home/shangguanrz/project/pic-edit/datasets/Hi4D_pilot_v1/raw/pair00/hug00/images/4/000057.jpg,pair00/hug00/images/4/000057.jpg,940,1280,940,False,True,0.05570063164893617,579.3810278008079,7149.669942652926,120.01155064634992,2295.9555711819985,person,120.01155064634992,2295.9555711819985,0.34249161073825507,False,False
Hi4D,/home/shangguanrz/project/pic-edit/datasets/Hi4D_pilot_v1/raw/pair10/dance10/images/4/000005.jpg,pair10/dance10/images/4/000005.jpg,940,1280,940,False,True,0.05913314494680851,233.8461264120933,4348.663231382979,106.04048968573109,2633.7833474669433,person,106.04048968573109,2633.7833474669433,0.3427013422818792,False,False
Hi4D,/home/shangguanrz/project/pic-edit/datasets/Hi4D_pilot_v1/raw/pair10/argue10/images/52/000082.jpg,pair10/argue10/images/52/000082.jpg,940,1280,940,False,True,0.05176529255319149,237.42060744282136,3901.2195291722073,118.24039071444031,2339.459326706981,person,118.24039071444031,2339.459326706981,0.34291107382550334,False,False
Hi4D,/home/shangguanrz/project/pic-edit/datasets/Hi4D_pilot_v1/raw/pair10/argue10/images/52/000145.jpg,pair10/argue10/images/52/000145.jpg,940,1280,940,False,True,0.03521692154255319,235.06761003986858,3736.102300116356,97.4105446106392,2848.5515779271914,person,97.4105446106392,2848.5515779271914,0.34291107382550334,False,False
Hi4D,/home/shangguanrz/project/pic-edit/datasets/Hi4D_pilot_v1/raw/pair01/hug01/images/4/000052.jpg,pair01/hug01/images/4/000052.jpg,940,1280,940,False,True,0.06185339095744681,181.3526567810259,3708.2679417386967,108.99774941960902,2580.9582632221454,person,108.99774941960902,2580.9582632221454,0.34333053691275167,False,False
Hi4D,/home/shangguanrz/project/pic-edit/datasets/Hi4D_pilot_v1/raw/pair12/talk12/images/16/000127.jpg,pair12/talk12/images/16/000127.jpg,940,1280,940,False,True,0.0752983710106383,232.82389668651487,4494.258103390957,108.88976394557947,2590.585396109388,person,108.88976394557947,2590.585396109388,0.34437919463087246,False,False
Hi4D,/home/shangguanrz/project/pic-edit/datasets/Hi4D_pilot_v1/raw/pair10/argue10/images/52/000139.jpg,pair10/argue10/images/52/000139.jpg,940,1280,940,False,True,0.03548537234042553,235.58611907347554,3741.4816115359044,97.24339748216862,2870.04820613981,person,97.24339748216862,2870.04820613981,0.34458892617449666,False,False
Hi4D,/home/shangguanrz/project/pic-edit/datasets/Hi4D_pilot_v1/raw/pair10/dance10/images/4/000164.jpg,pair10/dance10/images/4/000164.jpg,940,1280,940,False,True,0.06843500664893618,253.44042188323095,4876.322400681516,111.99093972273582,2540.7567733047604,person,111.99093972273582,2540.7567733047604,0.3454278523489933,False,False
Hi4D,/home/shangguanrz/project/pic-edit/datasets/Hi4D_pilot_v1/raw/pair12/fight12/images/16/000025.jpg,pair12/fight12/images/16/000025.jpg,940,1280,940,False,True,0.04054770611702128,218.94072876034852,4327.922456781915,89.37156045143539,3235.661837861477,person,89.37156045143539,3235.661837861477,0.34563758389261745,False,False
Hi4D,/home/shangguanrz/project/pic-edit/datasets/Hi4D_pilot_v1/raw/pair12/fight12/images/16/000063.jpg,pair12/fight12/images/16/000063.jpg,940,1280,940,False,True,0.06388713430851063,225.08424581600136,4329.521380485372,100.21143463752597,2783.318663461864,person,100.21143463752597,2783.318663461864,0.34563758389261745,False,False
Hi4D,/home/shangguanrz/project/pic-edit/datasets/Hi4D_pilot_v1/raw/pair12/talk12/images/16/000147.jpg,pair12/talk12/images/16/000147.jpg,940,1280,940,False,True,0.08753158244680852,236.31980980948236,4453.721087516622,114.38916013654068,2494.9783112115224,person,114.38916013654068,2494.9783112115224,0.34563758389261745,False,False
Hi4D,/home/shangguanrz/project/pic-edit/datasets/Hi4D_pilot_v1/raw/pair12/talk12/images/16/000149.jpg,pair12/talk12/images/16/000149.jpg,940,1280,940,False,True,0.09004654255319149,236.49366981630249,4447.621737865691,112.320214820262,2539.0998043052837,person,112.320214820262,2539.0998043052837,0.34563758389261745,False,False
Hi4D,/home/shangguanrz/project/pic-edit/datasets/Hi4D_pilot_v1/raw/pair14/dance14/images/16/000128.jpg,pair14/dance14/images/16/000128.jpg,940,1280,940,False,True,0.07757064494680851,289.083179473769,4827.319948886303,103.60887311810173,2686.5333724416632,person,103.60887311810173,2686.5333724416632,0.34563758389261745,False,False
Hi4D,/home/shangguanrz/project/pic-edit/datasets/Hi4D_pilot_v1/raw/pair01/talk01/images/16/000043.jpg,pair01/talk01/images/16/000043.jpg,940,1280,940,False,True,0.06811170212765957,181.57335586532204,3072.1305684840427,96.58498920822373,2899.5014119091466,person,96.58498920822373,2899.5014119091466,0.3468959731543624,False,False
Hi4D,/home/shangguanrz/project/pic-edit/datasets/Hi4D_pilot_v1/raw/pair01/hug01/images/4/000066.jpg,pair01/hug01/images/4/000066.jpg,940,1280,940,False,True,0.05606549202127659,181.9100412098516,3538.7470703125,113.32505707395134,2554.850608415188,person,113.32505707395134,2554.850608415188,0.3487835570469799,False,False
Hi4D,/home/shangguanrz/project/pic-edit/datasets/Hi4D_pilot_v1/raw/pair10/argue10/images/52/000087.jpg,pair10/argue10/images/52/000087.jpg,940,1280,940,False,True,0.05523354388297872,249.3345232228987,4035.046698387633,93.18511755224665,3106.6022727272725,person,93.18511755224665,3106.6022727272725,0.34941275167785235,False,False
Hi4D,/home/shangguanrz/project/pic-edit/datasets/Hi4D_pilot_v1/raw/pair01/hug01/images/4/000045.jpg,pair01/hug01/images/4/000045.jpg,940,1280,940,False,True,0.0661685505319149,186.49823848774332,3767.9949613530584,113.86691256172574,2546.2869180013013,person,113.86691256172574,2546.2869180013013,0.3506711409395973,False,False
Hi4D,/home/shangguanrz/project/pic-edit/datasets/Hi4D_pilot_v1/raw/pair16/talk16/images/16/000099.jpg,pair16/talk16/images/16/000099.jpg,940,1280,940,False,True,0.05752825797872341,288.83181221045857,4803.23651512633,96.57589463388425,2950.8142804743857,person,96.57589463388425,2950.8142804743857,0.3508808724832215,False,False
Hi4D,/home/shangguanrz/project/pic-edit/datasets/Hi4D_pilot_v1/raw/pair16/talk16/images/16/000101.jpg,pair16/talk16/images/16/000101.jpg,940,1280,940,False,True,0.05812167553191489,294.0518820915032,4837.668498587101,97.7672252678819,2924.6313077297036,person,97.7672252678819,2924.6313077297036,0.3508808724832215,False,False
Hi4D,/home/shangguanrz/project/pic-edit/datasets/Hi4D_pilot_v1/raw/pair00/yoga00/images/4/000071.jpg,pair00/yoga00/images/4/000071.jpg,940,1280,940,False,True,0.051975565159574466,467.30520549582474,5326.366938164893,118.45331929480659,2405.9400233744154,person,118.45331929480659,2405.9400233744154,0.35109060402684567,False,False
Hi4D,/home/shangguanrz/project/pic-edit/datasets/Hi4D_pilot_v1/raw/pair10/dance10/images/4/000003.jpg,pair10/dance10/images/4/000003.jpg,940,1280,940,False,True,0.05845744680851064,235.26686352480584,4318.480686918218,108.94005279499258,2647.4907439971867,person,108.94005279499258,2647.4907439971867,0.3513003355704698,False,False
Hi4D,/home/shangguanrz/project/pic-edit/datasets/Hi4D_pilot_v1/raw/pair01/hug01/images/4/000099.jpg,pair01/hug01/images/4/000099.jpg,940,1280,940,False,True,0.05983543882978724,189.74528233159876,3805.1810276761967,112.63413802818366,2591.062174032391,person,112.63413802818366,2591.062174032391,0.35192953020134227,False,False
Hi4D,/home/shangguanrz/project/pic-edit/datasets/Hi4D_pilot_v1/raw/pair02/pose02/images/52/000127.jpg,pair02/pose02/images/52/000127.jpg,940,1280,940,False,True,0.053351063829787236,220.8611134513302,3993.510690242686,94.58903874264612,3051.0677943437854,person,94.58903874264612,3051.0677943437854,0.3523489932885906,False,False
Hi4D,/home/shangguanrz/project/pic-edit/datasets/Hi4D_pilot_v1/raw/pair10/dance10/images/4/000004.jpg,pair10/dance10/images/4/000004.jpg,940,1280,940,False,True,0.05870179521276596,234.29737897683398,4333.067445146276,110.9736022167049,2641.8990860624526,person,110.9736022167049,2641.8990860624526,0.3546560402684564,False,False
Hi4D,/home/shangguanrz/project/pic-edit/datasets/Hi4D_pilot_v1/raw/pair01/hug01/images/4/000065.jpg,pair01/hug01/images/4/000065.jpg,940,1280,940,False,True,0.05712267287234043,179.41832661744752,3511.144884474734,113.40113670964584,2605.1457676273335,person,113.40113670964584,2605.1457676273335,0.3550755033557047,False,False
Hi4D,/home/shangguanrz/project/pic-edit/datasets/Hi4D_pilot_v1/raw/pair10/dance10/images/4/000006.jpg,pair10/dance10/images/4/000006.jpg,940,1280,940,False,True,0.059876163563829785,233.6043030707314,4354.832000083112,110.26307159766866,2649.4682098861203,person,110.26307159766866,2649.4682098861203,0.35528523489932884,False,False
Hi4D,/home/shangguanrz/project/pic-edit/datasets/Hi4D_pilot_v1/raw/pair10/dance10/images/4/000154.jpg,pair10/dance10/images/4/000154.jpg,940,1280,940,False,True,0.06588347739361702,243.74404554412394,4769.512009640957,114.05783619447513,2588.8478933127176,person,114.05783619447513,2588.8478933127176,0.35591442953020136,False,False
Hi4D,/home/shangguanrz/project/pic-edit/datasets/Hi4D_pilot_v1/raw/pair01/hug01/images/4/000064.jpg,pair01/hug01/images/4/000064.jpg,940,1280,940,False,True,0.057844913563829786,179.26823657686325,3481.3123026097073,113.40485812596357,2623.583196399228,person,113.40485812596357,2623.583196399228,0.35633389261744963,False,False
Hi4D,/home/shangguanrz/project/pic-edit/datasets/Hi4D_pilot_v1/raw/pair16/talk16/images/16/000146.jpg,pair16/talk16/images/16/000146.jpg,940,1280,940,False,True,0.08501745345744681,282.71027552889944,4763.118496509309,114.50900819223644,2588.3368814495816,person,114.50900819223644,2588.3368814495816,0.3565436241610739,False,False
Hi4D,/home/shangguanrz/project/pic-edit/datasets/Hi4D_pilot_v1/raw/pair12/fight12/images/16/000045.jpg,pair12/fight12/images/16/000045.jpg,940,1280,940,False,True,0.07116522606382979,218.12672884316402,4133.038740442154,103.42618201850505,2775.104487859684,person,103.42618201850505,2775.104487859684,0.356753355704698,False,False
Hi4D,/home/shangguanrz/project/pic-edit/datasets/Hi4D_pilot_v1/raw/pair01/hug01/images/4/000110.jpg,pair01/hug01/images/4/000110.jpg,940,1280,940,False,True,0.07647107712765958,198.21474450308583,3887.4396089594416,109.95265743203818,2666.864057783527,person,109.95265743203818,2666.864057783527,0.3571728187919463,False,False
Hi4D,/home/shangguanrz/project/pic-edit/datasets/Hi4D_pilot_v1/raw/pair10/argue10/images/52/000110.jpg,pair10/argue10/images/52/000110.jpg,940,1280,940,False,True,0.05363946143617021,229.47553309891327,3700.0105759640956,117.2458124201614,2532.8612433556737,person,117.2458124201614,2532.8612433556737,0.35801174496644295,False,False
Hi4D,/home/shangguanrz/project/pic-edit/datasets/Hi4D_pilot_v1/raw/pair10/argue10/images/52/000137.jpg,pair10/argue10/images/52/000137.jpg,940,1280,940,False,True,0.03525515292553191,235.17513669222507,3736.254301030585,102.15369248184449,2837.879332477535,person,102.15369248184449,2837.879332477535,0.35801174496644295,False,False
Hi4D,/home/shangguanrz/project/pic-edit/datasets/Hi4D_pilot_v1/raw/pair10/dance10/images/4/000065.jpg,pair10/dance10/images/4/000065.jpg,940,1280,940,False,True,0.05215425531914893,193.36651416294927,3817.8596970578456,102.5213946735556,2830.5628632970406,person,102.5213946735556,2830.5628632970406,0.3592701342281879,False,False
Hi4D,/home/shangguanrz/project/pic-edit/datasets/Hi4D_pilot_v1/raw/pair01/talk01/images/16/000101.jpg,pair01/talk01/images/16/000101.jpg,940,1280,940,False,True,0.05777842420212766,189.55987142135038,3264.8624605219416,103.30587804350313,2796.9258835606392,person,103.30587804350313,2796.9258835606392,0.35927013422818793,False,False
Hi4D,/home/shangguanrz/project/pic-edit/datasets/Hi4D_pilot_v1/raw/pair01/hug01/images/4/000059.jpg,pair01/hug01/images/4/000059.jpg,940,1280,940,False,True,0.05922124335106383,180.87435515858348,3539.3767972905584,114.91489878645311,2599.114395259672,person,114.91489878645311,2599.114395259672,0.3594798657718121,False,False
Hi4D,/home/shangguanrz/project/pic-edit/datasets/Hi4D_pilot_v1/raw/pair01/fight01/images/52/000028.jpg,pair01/fight01/images/52/000028.jpg,940,1280,940,False,True,0.05112533244680851,228.44961189770387,3880.9132417719416,101.49832550671631,2856.7903518805088,person,101.49832550671631,2856.7903518805088,0.3598993288590604,False,False
Hi4D,/home/shangguanrz/project/pic-edit/datasets/Hi4D_pilot_v1/raw/pair10/dance10/images/4/000007.jpg,pair10/dance10/images/4/000007.jpg,940,1280,940,False,True,0.060995678191489364,236.65639742835177,4410.005194481383,109.6014737439358,2702.4105148789763,person,109.6014737439358,2702.4105148789763,0.3603187919463087,False,False
Hi4D,/home/shangguanrz/project/pic-edit/datasets/Hi4D_pilot_v1/raw/pair01/fight01/images/52/000057.jpg,pair01/fight01/images/52/000057.jpg,940,1280,940,False,True,0.05173537234042553,212.36761741777957,3755.698636968085,103.22860943937748,2809.9566583113874,person,103.22860943937748,2809.9566583113874,0.3609479865771812,False,False
Hi4D,/home/shangguanrz/project/pic-edit/datasets/Hi4D_pilot_v1/raw/pair12/highfive12/images/4/000034.jpg,pair12/highfive12/images/4/000034.jpg,940,1280,940,False,True,0.04799119015957447,239.2740196939667,5064.805861452793,108.2509233042829,2733.1859144263535,person,108.2509233042829,2733.1859144263535,0.3611577181208054,False,False
Hi4D,/home/shangguanrz/project/pic-edit/datasets/Hi4D_pilot_v1/raw/pair01/hug01/images/4/000055.jpg,pair01/hug01/images/4/000055.jpg,940,1280,940,False,True,0.06070894281914894,180.8868370668928,3635.187105219415,111.23476640805039,2681.659748236644,person,111.23476640805039,2681.659748236644,0.3615771812080537,False,False
Hi4D,/home/shangguanrz/project/pic-edit/datasets/Hi4D_pilot_v1/raw/pair12/highfive12/images/4/000033.jpg,pair12/highfive12/images/4/000033.jpg,940,1280,940,False,True,0.047618849734042554,240.769277726217,5097.842420212766,111.82289739997745,2669.3585147247118,person,111.82289739997745,2669.3585147247118,0.3615771812080537,False,False
Hi4D,/home/shangguanrz/project/pic-edit/datasets/Hi4D_pilot_v1/raw/pair09/bend09/images/88/000124.jpg,pair09/bend09/images/88/000124.jpg,940,1280,940,False,True,0.027505817819148935,352.75915035242514,4925.446943567154,95.60663479664211,3134.3074157717656,person,95.60663479664211,3134.3074157717656,0.36178691275167785,False,False
Hi4D,/home/shangguanrz/project/pic-edit/datasets/Hi4D_pilot_v1/raw/pair16/jump16/images/4/000057.jpg,pair16/jump16/images/4/000057.jpg,940,1280,940,False,True,0.051422041223404255,245.31581312544802,4679.109697057846,98.93201133004966,2975.011847743887,person,98.93201133004966,2975.011847743887,0.36178691275167785,False,False
Hi4D,/home/shangguanrz/project/pic-edit/datasets/Hi4D_pilot_v1/raw/pair16/jump16/images/4/000086.jpg,pair16/jump16/images/4/000086.jpg,940,1280,940,False,True,0.05359790558510638,238.93231014578848,4489.704039228724,98.50190231232334,3007.1050905953407,person,98.50190231232334,3007.1050905953407,0.361996644295302,False,False
Hi4D,/home/shangguanrz/project/pic-edit/datasets/Hi4D_pilot_v1/raw/pair01/hug01/images/4/000058.jpg,pair01/hug01/images/4/000058.jpg,940,1280,940,False,True,0.05970910904255319,182.60283396931032,3550.0166223404253,114.67817829088085,2630.1069876526176,person,114.67817829088085,2630.1069876526176,0.3622063758389262,False,False
Hi4D,/home/shangguanrz/project/pic-edit/datasets/Hi4D_pilot_v1/raw/pair01/hug01/images/4/000106.jpg,pair01/hug01/images/4/000106.jpg,940,1280,940,False,True,0.06855551861702128,194.44657319179754,3841.849858710106,113.104269862213,2657.8080719122963,person,113.104269862213,2657.8080719122963,0.36241610738255037,False,False
Hi4D,/home/shangguanrz/project/pic-edit/datasets/Hi4D_pilot_v1/raw/pair01/hug01/images/4/000100.jpg,pair01/hug01/images/4/000100.jpg,940,1280,940,False,True,0.0603798204787234,189.15433145419348,3806.573491522606,116.20573450184192,2598.0428316885964,person,116.20573450184192,2598.0428316885964,0.3626258389261745,False,False
Hi4D,/home/shangguanrz/project/pic-edit/datasets/Hi4D_pilot_v1/raw/pair02/pose02/images/52/000143.jpg,pair02/pose02/images/52/000143.jpg,940,1280,940,False,True,0.05252327127659574,221.63665094649215,3963.3541493517287,106.75277817258726,2765.4332878403848,person,106.75277817258726,2765.4332878403848,0.3626258389261745,False,False
Hi4D,/home/shangguanrz/project/pic-edit/datasets/Hi4D_pilot_v1/raw/pair01/fight01/images/52/000026.jpg,pair01/fight01/images/52/000026.jpg,940,1280,940,False,True,0.05040226063829787,223.81097094189155,3845.7910883477393,104.5226309636556,2814.693044251419,person,104.5226309636556,2814.693044251419,0.3647231543624161,False,False
Hi4D,/home/shangguanrz/project/pic-edit/datasets/Hi4D_pilot_v1/raw/pair12/talk12/images/16/000026.jpg,pair12/talk12/images/16/000026.jpg,940,1280,940,False,True,0.04145861037234042,244.7053309274562,4372.786683427526,96.07441756153477,3160.1298407308595,person,96.07441756153477,3160.1298407308595,0.3653523489932886,False,False
Hi4D,/home/shangguanrz/project/pic-edit/datasets/Hi4D_pilot_v1/raw/pair16/jump16/images/4/000080.jpg,pair16/jump16/images/4/000080.jpg,940,1280,940,False,True,0.05472157579787234,235.61243268317253,4415.009807180851,94.25167485998485,3264.538211818692,person,94.25167485998485,3264.538211818692,0.3653523489932886,False,False
Hi4D,/home/shangguanrz/project/pic-edit/datasets/Hi4D_pilot_v1/raw/pair00/yoga00/images/4/000064.jpg,pair00/yoga00/images/4/000064.jpg,940,1280,940,False,True,0.05470661569148936,451.5553988114965,5325.428264212101,119.24588321048624,2555.9219882837424,person,119.24588321048624,2555.9219882837424,0.3657718120805369,False,False
Hi4D,/home/shangguanrz/project/pic-edit/datasets/Hi4D_pilot_v1/raw/pair10/dance10/images/4/000028.jpg,pair10/dance10/images/4/000028.jpg,940,1280,940,False,True,0.04360039893617021,221.30108006899582,4221.252825797872,86.77002376054156,3527.609214824828,person,86.77002376054156,3527.609214824828,0.3657718120805369,False,False
Hi4D,/home/shangguanrz/project/pic-edit/datasets/Hi4D_pilot_v1/raw/pair02/backhug02/images/64/000044.jpg,pair02/backhug02/images/64/000044.jpg,940,1280,940,False,True,0.05521193484042553,229.91812764834688,4074.359104886968,99.01706212931984,3041.6396022428053,person,99.01706212931984,3041.6396022428053,0.36703020134228187,False,False
Hi4D,/home/shangguanrz/project/pic-edit/datasets/Hi4D_pilot_v1/raw/pair01/hug01/images/4/000095.jpg,pair01/hug01/images/4/000095.jpg,940,1280,940,False,True,0.05869265292553191,185.7847500649337,3668.7613966921544,114.76759423382755,2656.427065336201,person,114.76759423382755,2656.427065336201,0.3674496644295302,False,False
Hi4D,/home/shangguanrz/project/pic-edit/datasets/Hi4D_pilot_v1/raw/pair01/hug01/images/4/000069.jpg,pair01/hug01/images/4/000069.jpg,940,1280,940,False,True,0.057096908244680854,179.82737628654846,3548.3163335272607,114.9693255795097,2655.424249004705,person,114.9693255795097,2655.424249004705,0.36807885906040266,False,False
Hi4D,/home/shangguanrz/project/pic-edit/datasets/Hi4D_pilot_v1/raw/pair12/highfive12/images/4/000035.jpg,pair12/highfive12/images/4/000035.jpg,940,1280,940,False,True,0.048198969414893614,238.7241241576554,5049.430954953457,109.09816772079121,2770.4368249775976,person,109.09816772079121,2770.4368249775976,0.36933724832214765,False,False
Hi4D,/home/shangguanrz/project/pic-edit/datasets/Hi4D_pilot_v1/raw/pair10/dance10/images/4/000002.jpg,pair10/dance10/images/4/000002.jpg,940,1280,940,False,True,0.05837765957446808,234.25471886294955,4334.631939827128,112.8922813292306,2732.7983064875534,person,112.8922813292306,2732.7983064875534,0.37080536912751677,False,False
Hi4D,/home/shangguanrz/project/pic-edit/datasets/Hi4D_pilot_v1/raw/pair01/hug01/images/4/000107.jpg,pair01/hug01/images/4/000107.jpg,940,1280,940,False,True,0.07042719414893617,198.06244076034935,3919.177723986037,115.04627677514793,2674.7921893491125,person,115.04627677514793,2674.7921893491125,0.37101510067114096,False,False
Hi4D,/home/shangguanrz/project/pic-edit/datasets/Hi4D_pilot_v1/raw/pair01/fight01/images/52/000050.jpg,pair01/fight01/images/52/000050.jpg,940,1280,940,False,True,0.05723819813829787,234.6817028550554,4093.560100149601,100.93468011328088,3003.4307866346603,person,100.93468011328088,3003.4307866346603,0.3712248322147651,False,False
Hi4D,/home/shangguanrz/project/pic-edit/datasets/Hi4D_pilot_v1/raw/pair01/talk01/images/16/000125.jpg,pair01/talk01/images/16/000125.jpg,940,1280,940,False,True,0.06691572473404256,198.61582355102078,3459.212007563165,102.38734530620764,2955.053198022987,person,102.38734530620764,2955.053198022987,0.37143456375838924,False,False
Hi4D,/home/shangguanrz/project/pic-edit/datasets/Hi4D_pilot_v1/raw/pair16/talk16/images/16/000144.jpg,pair16/talk16/images/16/000144.jpg,940,1280,940,False,True,0.08236369680851063,276.9910346091792,4628.065782912234,117.47734770148071,2641.6593289643197,person,117.47734770148071,2641.6593289643197,0.37143456375838924,False,False
Hi4D,/home/shangguanrz/project/pic-edit/datasets/Hi4D_pilot_v1/raw/pair01/hug01/images/4/000054.jpg,pair01/hug01/images/4/000054.jpg,940,1280,940,False,True,0.061156083776595746,180.1887556863295,3650.1010118849736,111.32318216396627,2756.659643273879,person,111.32318216396627,2756.659643273879,0.3716442953020134,False,False
Hi4D,/home/shangguanrz/project/pic-edit/datasets/Hi4D_pilot_v1/raw/pair10/dance10/images/4/000078.jpg,pair10/dance10/images/4/000078.jpg,940,1280,940,False,True,0.04377659574468085,225.1946961315254,4316.410312084441,107.56445743761395,2836.445473660283,person,107.56445743761395,2836.445473660283,0.37248322147651003,False,False
Hi4D,/home/shangguanrz/project/pic-edit/datasets/Hi4D_pilot_v1/raw/pair10/dance10/images/4/000083.jpg,pair10/dance10/images/4/000083.jpg,940,1280,940,False,True,0.041663896276595745,231.4477016676223,4317.70233543883,108.53941525556418,2804.730830087634,person,108.53941525556418,2804.730830087634,0.37248322147651003,False,False
Hi4D,/home/shangguanrz/project/pic-edit/datasets/Hi4D_pilot_v1/raw/pair01/hug01/images/4/000096.jpg,pair01/hug01/images/4/000096.jpg,940,1280,940,False,True,0.0592578125,187.51482904305445,3690.9047124335107,117.65420531021516,2642.4541475614838,person,117.65420531021516,2642.4541475614838,0.3724832214765101,False,False
Hi4D,/home/shangguanrz/project/pic-edit/datasets/Hi4D_pilot_v1/raw/pair01/hug01/images/4/000035.jpg,pair01/hug01/images/4/000035.jpg,940,1280,940,False,True,0.0717012965425532,214.68317585921815,4123.337890625,108.84602336407353,2802.940201961071,person,108.84602336407353,2802.940201961071,0.3729026845637584,False,False
Hi4D,/home/shangguanrz/project/pic-edit/datasets/Hi4D_pilot_v1/raw/pair01/fight01/images/52/000031.jpg,pair01/fight01/images/52/000031.jpg,940,1280,940,False,True,0.05293384308510638,223.6006523538305,3841.1358668550533,106.70898985870714,2853.9791686574295,person,106.70898985870714,2853.9791686574295,0.3735318791946308,False,False
Hi4D,/home/shangguanrz/project/pic-edit/datasets/Hi4D_pilot_v1/raw/pair10/dance10/images/4/000081.jpg,pair10/dance10/images/4/000081.jpg,940,1280,940,False,True,0.04254903590425532,226.69438468929656,4305.42687209109,107.94849309684025,2844.354799799947,person,107.94849309684025,2844.354799799947,0.37374161073825507,False,False
Hi4D,/home/shangguanrz/project/pic-edit/datasets/Hi4D_pilot_v1/raw/pair10/argue10/images/52/000135.jpg,pair10/argue10/images/52/000135.jpg,940,1280,940,False,True,0.03665226063829787,236.47094088120923,3781.7774684175533,108.76847462087892,2826.426543944904,person,108.76847462087892,2826.426543944904,0.37437080536912754,False,False
Hi4D,/home/shangguanrz/project/pic-edit/datasets/Hi4D_pilot_v1/raw/pair10/dance10/images/4/000026.jpg,pair10/dance10/images/4/000026.jpg,940,1280,940,False,True,0.044375,229.30573923394064,4297.464584025931,89.85511244681737,3530.258906310599,person,89.85511244681737,3530.258906310599,0.37458053691275167,False,False
Hi4D,/home/shangguanrz/project/pic-edit/datasets/Hi4D_pilot_v1/raw/pair16/talk16/images/16/000142.jpg,pair16/talk16/images/16/000142.jpg,940,1280,940,False,True,0.07869597739361703,271.02637558749166,4567.319086602393,114.91648290309506,2710.3703595011007,person,114.91648290309506,2710.3703595011007,0.37479026845637586,False,False
Hi4D,/home/shangguanrz/project/pic-edit/datasets/Hi4D_pilot_v1/raw/pair01/hug01/images/4/000109.jpg,pair01/hug01/images/4/000109.jpg,940,1280,940,False,True,0.07492686170212766,196.99821208288577,3904.9647190824467,116.03428003528582,2698.1258825791915,person,116.03428003528582,2698.1258825791915,0.375,False,False
Hi4D,/home/shangguanrz/project/pic-edit/datasets/Hi4D_pilot_v1/raw/pair12/highfive12/images/4/000103.jpg,pair12/highfive12/images/4/000103.jpg,940,1280,940,False,True,0.07008228058510638,245.52198502808585,5150.834129820479,111.19759035268548,2787.9828192112454,person,111.19759035268548,2787.9828192112454,0.3756291946308725,False,False
Hi4D,/home/shangguanrz/project/pic-edit/datasets/Hi4D_pilot_v1/raw/pair01/hug01/images/4/000097.jpg,pair01/hug01/images/4/000097.jpg,940,1280,940,False,True,0.05934923537234042,184.87404197737774,3694.0722864029253,117.08545730699454,2695.88168877498,person,117.08545730699454,2695.88168877498,0.37688758389261745,False,False
Hi4D,/home/shangguanrz/project/pic-edit/datasets/Hi4D_pilot_v1/raw/pair09/bend09/images/88/000093.jpg,pair09/bend09/images/88/000093.jpg,940,1280,940,False,True,0.03133809840425532,348.87369654714496,4756.566198470745,106.91834555796424,2884.372366685828,person,106.91834555796424,2884.372366685828,0.37751677852348997,False,False
Hi4D,/home/shangguanrz/project/pic-edit/datasets/Hi4D_pilot_v1/raw/pair01/hug01/images/4/000102.jpg,pair01/hug01/images/4/000102.jpg,940,1280,940,False,True,0.06259640957446809,193.1674581879995,3872.304458942819,117.20250510081988,2700.1849041533546,person,117.20250510081988,2700.1849041533546,0.37835570469798663,False,False
Hi4D,/home/shangguanrz/project/pic-edit/datasets/Hi4D_pilot_v1/raw/pair01/hug01/images/4/000073.jpg,pair01/hug01/images/4/000073.jpg,940,1280,940,False,True,0.05773520611702128,181.6978201872356,3551.37237159242,116.7389414272185,2722.7129751918615,person,116.7389414272185,2722.7129751918615,0.37961409395973156,False,False
Hi4D,/home/shangguanrz/project/pic-edit/datasets/Hi4D_pilot_v1/raw/pair10/dance10/images/4/000070.jpg,pair10/dance10/images/4/000070.jpg,940,1280,940,False,True,0.04910654920212766,216.61118900640997,4221.964500914229,106.67397807385227,2932.125634632139,person,106.67397807385227,2932.125634632139,0.380243288590604,False,False
Hi4D,/home/shangguanrz/project/pic-edit/datasets/Hi4D_pilot_v1/raw/pair02/dance02/images/4/000143.jpg,pair02/dance02/images/4/000143.jpg,940,1280,940,False,True,0.05252327127659574,236.01819573184278,4345.322265625,113.66166357955012,2781.269383245597,person,113.66166357955012,2781.269383245597,0.38066275167785235,False,False
Hi4D,/home/shangguanrz/project/pic-edit/datasets/Hi4D_pilot_v1/raw/pair01/hug01/images/4/000061.jpg,pair01/hug01/images/4/000061.jpg,940,1280,940,False,True,0.05875332446808511,177.92937440373555,3491.504488031915,119.01020547852416,2682.740699064632,person,119.01020547852416,2682.740699064632,0.3812919463087248,False,False
Hi4D,/home/shangguanrz/project/pic-edit/datasets/Hi4D_pilot_v1/raw/pair01/hug01/images/4/000046.jpg,pair01/hug01/images/4/000046.jpg,940,1280,940,False,True,0.06454621010638298,187.40333534417624,3742.163054770612,118.291279518247,2702.2924996816505,person,118.291279518247,2702.2924996816505,0.3819211409395973,False,False
Hi4D,/home/shangguanrz/project/pic-edit/datasets/Hi4D_pilot_v1/raw/pair10/dance10/images/4/000143.jpg,pair10/dance10/images/4/000143.jpg,940,1280,940,False,True,0.05981382978723404,241.28409300070643,4612.060162483378,116.967003592696,2737.6475337205866,person,116.967003592696,2737.6475337205866,0.38276006711409394,False,False
Hi4D,/home/shangguanrz/project/pic-edit/datasets/Hi4D_pilot_v1/raw/pair10/argue10/images/52/000084.jpg,pair10/argue10/images/52/000084.jpg,940,1280,940,False,True,0.05186835106382979,242.5518822614939,3967.213617852394,125.26586622040296,2572.26772675645,person,125.26586622040296,2572.26772675645,0.3829697986577181,False,False
Hi4D,/home/shangguanrz/project/pic-edit/datasets/Hi4D_pilot_v1/raw/pair16/hug16/images/4/000017.jpg,pair16/hug16/images/4/000017.jpg,940,1280,940,False,True,0.053360206117021275,298.9293384646711,5636.186845495346,87.52688661308473,3716.672373022481,person,87.52688661308473,3716.672373022481,0.3829697986577181,False,False
Hi4D,/home/shangguanrz/project/pic-edit/datasets/Hi4D_pilot_v1/raw/pair01/talk01/images/16/000050.jpg,pair01/talk01/images/16/000050.jpg,940,1280,940,False,True,0.05723819813829787,173.7749352897384,3025.8356154421544,110.5847932026791,2862.7668239384157,person,110.5847932026791,2862.7668239384157,0.38317953020134227,False,False
Hi4D,/home/shangguanrz/project/pic-edit/datasets/Hi4D_pilot_v1/raw/pair10/argue10/images/52/000086.jpg,pair10/argue10/images/52/000086.jpg,940,1280,940,False,True,0.05191323138297872,243.11314576510773,3924.9224360039893,121.62087803419645,2649.5192796120987,person,121.62087803419645,2649.5192796120987,0.3831795302013423,False,False
Hi4D,/home/shangguanrz/project/pic-edit/datasets/Hi4D_pilot_v1/raw/pair00/yoga00/images/4/000073.jpg,pair00/yoga00/images/4/000073.jpg,940,1280,940,False,True,0.05030252659574468,475.14919543827534,5303.157943400931,129.59005361099548,2498.2068330134357,person,129.59005361099548,2498.2068330134357,0.38338926174496646,False,False
Hi4D,/home/shangguanrz/project/pic-edit/datasets/Hi4D_pilot_v1/raw/pair01/talk01/images/16/000117.jpg,pair01/talk01/images/16/000117.jpg,940,1280,940,False,True,0.07147357047872341,203.92591633563015,3406.381067154255,111.74686694843774,2848.8718801996674,person,111.74686694843774,2848.8718801996674,0.38338926174496646,False,False
Hi4D,/home/shangguanrz/project/pic-edit/datasets/Hi4D_pilot_v1/raw/pair12/talk12/images/16/000025.jpg,pair12/talk12/images/16/000025.jpg,940,1280,940,False,True,0.04054770611702128,243.1881206091738,4390.555425116357,98.6127023778757,3315.9913628163777,person,98.6127023778757,3315.9913628163777,0.3842281879194631,False,False
Hi4D,/home/shangguanrz/project/pic-edit/datasets/Hi4D_pilot_v1/raw/pair00/hug00/images/4/000078.jpg,pair00/hug00/images/4/000078.jpg,940,1280,940,False,True,0.04656748670212766,604.3487564007477,6633.241803108378,122.17581609463727,2666.596233786884,person,122.17581609463727,2666.596233786884,0.386744966442953,False,False
Hi4D,/home/shangguanrz/project/pic-edit/datasets/Hi4D_pilot_v1/raw/pair01/talk01/images/16/000053.jpg,pair01/talk01/images/16/000053.jpg,940,1280,940,False,True,0.055660738031914896,177.80493299785164,3102.981164810505,102.64744662369986,3140.540867461552,person,102.64744662369986,3140.540867461552,0.38674496644295303,False,False
Hi4D,/home/shangguanrz/project/pic-edit/datasets/Hi4D_pilot_v1/raw/pair01/hug01/images/4/000068.jpg,pair01/hug01/images/4/000068.jpg,940,1280,940,False,True,0.0567860704787234,180.7664807715692,3555.188715508644,116.15948097413376,2787.0056194032554,person,116.15948097413376,2787.0056194032554,0.3877936241610738,False,False
Hi4D,/home/shangguanrz/project/pic-edit/datasets/Hi4D_pilot_v1/raw/pair09/bend09/images/88/000114.jpg,pair09/bend09/images/88/000114.jpg,940,1280,940,False,True,0.014237865691489361,354.3153629753859,4907.520487034574,109.0489862495892,2959.458774758176,person,109.0489862495892,2959.458774758176,0.3894714765100671,False,False
Hi4D,/home/shangguanrz/project/pic-edit/datasets/Hi4D_pilot_v1/raw/pair16/jump16/images/4/000094.jpg,pair16/jump16/images/4/000094.jpg,940,1280,940,False,True,0.05976313164893617,245.54915426539958,4849.529328041888,101.170114880866,3264.6357544038806,person,101.170114880866,3264.6357544038806,0.3894714765100671,False,False
Hi4D,/home/shangguanrz/project/pic-edit/datasets/Hi4D_pilot_v1/raw/pair16/jump16/images/4/000098.jpg,pair16/jump16/images/4/000098.jpg,940,1280,940,False,True,0.051835106382978724,258.9508647689618,4629.533442071143,110.3193820997987,2954.0101959024014,person,110.3193820997987,2954.0101959024014,0.3911493288590604,False,False
Hi4D,/home/shangguanrz/project/pic-edit/datasets/Hi4D_pilot_v1/raw/pair12/highfive12/images/4/000122.jpg,pair12/highfive12/images/4/000122.jpg,940,1280,940,False,True,0.06925947473404255,247.13868235265468,5165.875581781915,114.65245137449723,2849.852245750641,person,114.65245137449723,2849.852245750641,0.39135906040268453,False,False
Hi4D,/home/shangguanrz/project/pic-edit/datasets/Hi4D_pilot_v1/raw/pair12/highfive12/images/4/000036.jpg,pair12/highfive12/images/4/000036.jpg,940,1280,940,False,True,0.04833277925531915,237.15553532792416,5051.78166555851,113.68595716458412,2872.8534645076256,person,113.68595716458412,2872.8534645076256,0.3913590604026846,False,False
Hi4D,/home/shangguanrz/project/pic-edit/datasets/Hi4D_pilot_v1/raw/pair01/hug01/images/4/000093.jpg,pair01/hug01/images/4/000093.jpg,940,1280,940,False,True,0.057303025265957444,184.20916932090043,3664.8764025099736,115.60218514158163,2838.4099285714287,person,115.60218514158163,2838.4099285714287,0.39198825503355705,False,False
Hi4D,/home/shangguanrz/project/pic-edit/datasets/Hi4D_pilot_v1/raw/pair01/hug01/images/4/000062.jpg,pair01/hug01/images/4/000062.jpg,940,1280,940,False,True,0.05874667553191489,178.4548538388198,3487.1197016289893,119.07024859862865,2767.767798466594,person,119.07024859862865,2767.767798466594,0.3928271812080537,False,False
Hi4D,/home/shangguanrz/project/pic-edit/datasets/Hi4D_pilot_v1/raw/pair01/talk01/images/16/000048.jpg,pair01/talk01/images/16/000048.jpg,940,1280,940,False,True,0.06159158909574468,176.00795785824386,3046.9689473902927,96.19456420077616,3489.638432026689,person,96.19456420077616,3489.638432026689,0.3928271812080537,False,False
Hi4D,/home/shangguanrz/project/pic-edit/datasets/Hi4D_pilot_v1/raw/pair12/fight12/images/16/000028.jpg,pair12/fight12/images/16/000028.jpg,940,1280,940,False,True,0.04339926861702128,223.10273975241833,4364.919225814495,94.71395787865225,3555.662014547511,person,94.71395787865225,3555.662014547511,0.393246644295302,False,False
Hi4D,/home/shangguanrz/project/pic-edit/datasets/Hi4D_pilot_v1/raw/pair00/yoga00/images/4/000017.jpg,pair00/yoga00/images/4/000017.jpg,940,1280,940,False,True,0.05799285239361702,677.3320562380534,7253.680217337101,114.58228002048502,2873.832579299886,person,114.58228002048502,2873.832579299886,0.3938758389261745,False,False
Hi4D,/home/shangguanrz/project/pic-edit/datasets/Hi4D_pilot_v1/raw/pair12/talk12/images/16/000024.jpg,pair12/talk12/images/16/000024.jpg,940,1280,940,False,True,0.039777260638297875,240.07657527621367,4378.713233460771,98.72352644749105,3420.543947946501,person,98.72352644749105,3420.543947946501,0.3938758389261745,False,False
Hi4D,/home/shangguanrz/project/pic-edit/datasets/Hi4D_pilot_v1/raw/pair10/argue10/images/52/000090.jpg,pair10/argue10/images/52/000090.jpg,940,1280,940,False,True,0.05197722739361702,241.9354012011402,3939.1744618517287,119.65972036101135,2769.578544414722,person,119.65972036101135,2769.578544414722,0.3942953020134228,False,False
Hi4D,/home/shangguanrz/project/pic-edit/datasets/Hi4D_pilot_v1/raw/pair12/highfive12/images/4/000140.jpg,pair12/highfive12/images/4/000140.jpg,940,1280,940,False,True,0.08335605053191489,243.0698673743207,5176.094009724069,106.7365867006471,3121.2278514872673,person,106.7365867006471,3121.2278514872673,0.39471476510067116,False,False
Hi4D,/home/shangguanrz/project/pic-edit/datasets/Hi4D_pilot_v1/raw/pair14/talk14/images/4/000026.jpg,pair14/talk14/images/4/000026.jpg,940,1280,940,False,True,0.058560505319148935,288.4593245503912,5264.309746924867,117.49880928005298,2806.7282732841863,person,117.49880928005298,2806.7282732841863,0.39513422818791943,False,False
Hi4D,/home/shangguanrz/project/pic-edit/datasets/Hi4D_pilot_v1/raw/pair02/pose02/images/52/000145.jpg,pair02/pose02/images/52/000145.jpg,940,1280,940,False,True,0.05434840425531915,223.07822809137332,3994.019271525931,116.87949479834961,2847.1939510478114,person,116.87949479834961,2847.1939510478114,0.3953439597315436,False,False
Hi4D,/home/shangguanrz/project/pic-edit/datasets/Hi4D_pilot_v1/raw/pair01/hug01/images/4/000071.jpg,pair01/hug01/images/4/000071.jpg,940,1280,940,False,True,0.058188996010638296,179.15765467632838,3528.243299119016,120.97291513187186,2760.8789672633907,person,120.97291513187186,2760.8789672633907,0.3966023489932886,False,False
Hi4D,/home/shangguanrz/project/pic-edit/datasets/Hi4D_pilot_v1/raw/pair01/talk01/images/16/000042.jpg,pair01/talk01/images/16/000042.jpg,940,1280,940,False,True,0.06842503324468086,183.7017536300402,3098.0086747839096,107.20272476070092,3124.4814052759266,person,107.20272476070092,3124.4814052759266,0.3966023489932886,False,False
Hi4D,/home/shangguanrz/project/pic-edit/datasets/Hi4D_pilot_v1/raw/pair10/argue10/images/52/000088.jpg,pair10/argue10/images/52/000088.jpg,940,1280,940,False,True,0.05191738696808511,256.7527839721949,4168.976531333112,122.55944166175715,2728.5244668082355,person,122.55944166175715,2728.5244668082355,0.3966023489932886,False,False
Hi4D,/home/shangguanrz/project/pic-edit/datasets/Hi4D_pilot_v1/raw/pair10/argue10/images/52/000092.jpg,pair10/argue10/images/52/000092.jpg,940,1280,940,False,True,0.052002992021276596,232.64838491526592,3772.40362159242,119.01838470098447,2798.9247008823395,person,119.01838470098447,2798.9247008823395,0.3972315436241611,False,False
Hi4D,/home/shangguanrz/project/pic-edit/datasets/Hi4D_pilot_v1/raw/pair16/talk16/images/16/000097.jpg,pair16/talk16/images/16/000097.jpg,940,1280,940,False,True,0.05649268617021277,295.2839285564293,4887.424908577128,104.32636317475537,3229.1521380972285,person,104.32636317475537,3229.1521380972285,0.3972315436241611,False,False
Hi4D,/home/shangguanrz/project/pic-edit/datasets/Hi4D_pilot_v1/raw/pair16/hug16/images/4/000014.jpg,pair16/hug16/images/4/000014.jpg,940,1280,940,False,True,0.052039561170212766,305.2673021353387,5630.705327460107,93.30909292799664,3664.8555331717143,person,93.30909292799664,3664.8555331717143,0.3974412751677852,False,False
Hi4D,/home/shangguanrz/project/pic-edit/datasets/Hi4D_pilot_v1/raw/pair16/talk16/images/16/000053.jpg,pair16/talk16/images/16/000053.jpg,940,1280,940,False,True,0.05648105053191489,292.2589394159855,4939.747683261303,115.93347919939916,2878.9630023955283,person,115.93347919939916,2878.9630023955283,0.3976510067114094,False,False
Hi4D,/home/shangguanrz/project/pic-edit/datasets/Hi4D_pilot_v1/raw/pair01/fight01/images/52/000023.jpg,pair01/fight01/images/52/000023.jpg,940,1280,940,False,True,0.04993184840425532,223.6128224492235,3848.4083693484044,108.53818096306098,3112.805427094668,person,108.53818096306098,3112.805427094668,0.39828020134228187,False,False
Hi4D,/home/shangguanrz/project/pic-edit/datasets/Hi4D_pilot_v1/raw/pair01/hug01/images/4/000075.jpg,pair01/hug01/images/4/000075.jpg,940,1280,940,False,True,0.056988031914893614,180.84668425034482,3574.444793051862,119.46091893710253,2798.621825669183,person,119.46091893710253,2798.621825669183,0.39828020134228187,False,False
Hi4D,/home/shangguanrz/project/pic-edit/datasets/Hi4D_pilot_v1/raw/pair01/talk01/images/16/000114.jpg,pair01/talk01/images/16/000114.jpg,940,1280,940,False,True,0.07113779920212766,204.15220461951063,3460.5646193484044,108.13082627906508,3124.8273573547117,person,108.13082627906508,3124.8273573547117,0.39848993288590606,False,False
Hi4D,/home/shangguanrz/project/pic-edit/datasets/Hi4D_pilot_v1/raw/pair16/talk16/images/16/000055.jpg,pair16/talk16/images/16/000055.jpg,940,1280,940,False,True,0.05600814494680851,292.0100962032069,4914.218552609707,114.457836579332,2941.383711257212,person,114.457836579332,2941.383711257212,0.39890939597315433,False,False
Hi4D,/home/shangguanrz/project/pic-edit/datasets/Hi4D_pilot_v1/raw/pair16/talk16/images/16/000058.jpg,pair16/talk16/images/16/000058.jpg,940,1280,940,False,True,0.05279587765957447,289.9236692304037,4750.632002160904,114.31889330869346,2950.723579326305,person,114.31889330869346,2950.723579326305,0.3993288590604027,False,False
Hi4D,/home/shangguanrz/project/pic-edit/datasets/Hi4D_pilot_v1/raw/pair16/talk16/images/16/000050.jpg,pair16/talk16/images/16/000050.jpg,940,1280,940,False,True,0.05750664893617021,293.6410888386237,4995.988239694149,113.50289894987516,2967.363478539569,person,113.50289894987516,2967.363478539569,0.39953859060402686,False,False
Hi4D,/home/shangguanrz/project/pic-edit/datasets/Hi4D_pilot_v1/raw/pair16/talk16/images/16/000148.jpg,pair16/talk16/images/16/000148.jpg,940,1280,940,False,True,0.08791223404255319,292.3389007540892,5004.001610289229,120.46348994626872,2789.4052638470603,person,120.46348994626872,2789.4052638470603,0.3999580536912752,False,False
Hi4D,/home/shangguanrz/project/pic-edit/datasets/Hi4D_pilot_v1/raw/pair01/hug01/images/4/000090.jpg,pair01/hug01/images/4/000090.jpg,940,1280,940,False,True,0.05644032579787234,186.52138465383894,3653.2867769281916,116.16696660962698,2894.3354735734756,person,116.16696660962698,2894.3354735734756,0.4001677852348993,False,False
Hi4D,/home/shangguanrz/project/pic-edit/datasets/Hi4D_pilot_v1/raw/pair01/fight01/images/52/000035.jpg,pair01/fight01/images/52/000035.jpg,940,1280,940,False,True,0.0717012965425532,228.09610173407052,3884.12578956117,117.59353058217808,2851.4530074637787,person,117.59353058217808,2851.4530074637787,0.4001677852348994,False,False
Hi4D,/home/shangguanrz/project/pic-edit/datasets/Hi4D_pilot_v1/raw/pair00/hug00/images/4/000059.jpg,pair00/hug00/images/4/000059.jpg,940,1280,940,False,True,0.05534657579787234,573.9280440768488,7211.18896484375,132.6027849929304,2579.8064475387578,person,132.6027849929304,2579.8064475387578,0.4003775167785235,False,False
Hi4D,/home/shangguanrz/project/pic-edit/datasets/Hi4D_pilot_v1/raw/pair01/hug01/images/4/000092.jpg,pair01/hug01/images/4/000092.jpg,940,1280,940,False,True,0.056899933510638295,184.43784199995713,3656.812998670213,117.38234928305239,2869.793678760203,person,117.38234928305239,2869.793678760203,0.40058724832214765,False,False
Hi4D,/home/shangguanrz/project/pic-edit/datasets/Hi4D_pilot_v1/raw/pair16/talk16/images/16/000103.jpg,pair16/talk16/images/16/000103.jpg,940,1280,940,False,True,0.05869265292553191,296.99487355951806,4985.053118766622,105.81220030003608,3233.047182929753,person,105.81220030003608,3233.047182929753,0.4010067114093959,False,False
Hi4D,/home/shangguanrz/project/pic-edit/datasets/Hi4D_pilot_v1/raw/pair28/basketball28/images/4/000025.jpg,pair28/basketball28/images/4/000025.jpg,940,1280,940,False,True,0.05981715425531915,267.7309510842498,4589.326140708112,119.78950519612683,2822.6088640173784,person,119.78950519612683,2822.6088640173784,0.401006711409396,False,False
Hi4D,/home/shangguanrz/project/pic-edit/datasets/Hi4D_pilot_v1/raw/pair12/highfive12/images/4/000080.jpg,pair12/highfive12/images/4/000080.jpg,940,1280,940,False,True,0.07063497340425531,240.4891247759852,5160.262684923538,113.5114381850186,2997.473453749316,person,113.5114381850186,2997.473453749316,0.40205536912751677,False,False
Hi4D,/home/shangguanrz/project/pic-edit/datasets/Hi4D_pilot_v1/raw/pair00/yoga00/images/4/000068.jpg,pair00/yoga00/images/4/000068.jpg,940,1280,940,False,True,0.053765791223404254,457.6384671898707,5300.82842627992,130.9706734311887,2630.9449988786723,person,130.9706734311887,2630.9449988786723,0.4020553691275168,False,False
Hi4D,/home/shangguanrz/project/pic-edit/datasets/Hi4D_pilot_v1/raw/pair01/hug01/images/4/000089.jpg,pair01/hug01/images/4/000089.jpg,940,1280,940,False,True,0.05633809840425532,184.35923404958564,3636.545888048537,115.62725497105858,2947.572142935358,person,115.62725497105858,2947.572142935358,0.40268456375838924,False,False
Hi4D,/home/shangguanrz/project/pic-edit/datasets/Hi4D_pilot_v1/raw/pair16/talk16/images/16/000052.jpg,pair16/talk16/images/16/000052.jpg,940,1280,940,False,True,0.056661402925531915,296.159231311868,4984.550978640293,115.31650253807614,2952.497565129461,person,115.31650253807614,2952.497565129461,0.4028942953020134,False,False
Hi4D,/home/shangguanrz/project/pic-edit/datasets/Hi4D_pilot_v1/raw/pair16/talk16/images/16/000049.jpg,pair16/talk16/images/16/000049.jpg,940,1280,940,False,True,0.05804521276595745,297.4388313479098,5032.409543301197,114.04290783006039,3000.075921382546,person,114.04290783006039,3000.075921382546,0.4041526845637584,False,False
Hi4D,/home/shangguanrz/project/pic-edit/datasets/Hi4D_pilot_v1/raw/pair12/highfive12/images/4/000087.jpg,pair12/highfive12/images/4/000087.jpg,940,1280,940,False,True,0.07131898271276596,240.21100624398773,5138.838347739362,117.93594255598589,2887.909913317573,person,117.93594255598589,2887.909913317573,0.4045721476510067,False,False
Hi4D,/home/shangguanrz/project/pic-edit/datasets/Hi4D_pilot_v1/raw/pair01/fight01/images/52/000036.jpg,pair01/fight01/images/52/000036.jpg,940,1280,940,False,True,0.05276928191489362,223.02599197213286,3824.6231195977393,108.45732602841024,3226.3419464644903,person,108.45732602841024,3226.3419464644903,0.40604026845637586,False,False
Hi4D,/home/shangguanrz/project/pic-edit/datasets/Hi4D_pilot_v1/raw/pair02/backhug02/images/64/000033.jpg,pair02/backhug02/images/64/000033.jpg,940,1280,940,False,True,0.0645204454787234,221.50110976681987,3890.807793799867,128.5684496404598,2703.0692785475394,person,128.5684496404598,2703.0692785475394,0.40604026845637586,False,False
Hi4D,/home/shangguanrz/project/pic-edit/datasets/Hi4D_pilot_v1/raw/pair01/hug01/images/4/000104.jpg,pair01/hug01/images/4/000104.jpg,940,1280,940,False,True,0.06523853058510638,192.39896603114144,3807.36053856383,121.43699836497423,2832.335252393524,person,121.43699836497423,2832.335252393524,0.40625,False,False
Hi4D,/home/shangguanrz/project/pic-edit/datasets/Hi4D_pilot_v1/raw/pair01/talk01/images/16/000045.jpg,pair01/talk01/images/16/000045.jpg,940,1280,940,False,True,0.0661685505319149,182.46765155603904,3067.424576130319,104.03364310345158,3342.788327499148,person,104.03364310345158,3342.788327499148,0.40645973154362414,False,False
Hi4D,/home/shangguanrz/project/pic-edit/datasets/Hi4D_pilot_v1/raw/pair16/talk16/images/16/000059.jpg,pair16/talk16/images/16/000059.jpg,940,1280,940,False,True,0.050858543882978724,287.4801458904462,4695.864870761303,116.87753349361621,2958.51725468087,person,116.87753349361621,2958.51725468087,0.40666946308724833,False,False
Hi4D,/home/shangguanrz/project/pic-edit/datasets/Hi4D_pilot_v1/raw/pair02/backhug02/images/64/000052.jpg,pair02/backhug02/images/64/000052.jpg,940,1280,940,False,True,0.06134059175531915,228.18569089309727,4070.954672955452,123.61780146459688,2780.632190339168,person,123.61780146459688,2780.632190339168,0.40687919463087246,False,False
Hi4D,/home/shangguanrz/project/pic-edit/datasets/Hi4D_pilot_v1/raw/pair01/fight01/images/52/000034.jpg,pair01/fight01/images/52/000034.jpg,940,1280,940,False,True,0.05331449468085107,228.57309516181016,3889.8593126662236,112.64211535902969,3121.7192001578637,person,112.64211535902969,3121.7192001578637,0.40750838926174493,False,False
Hi4D,/home/shangguanrz/project/pic-edit/datasets/Hi4D_pilot_v1/raw/pair02/dance02/images/4/000127.jpg,pair02/dance02/images/4/000127.jpg,940,1280,940,False,True,0.053351063829787236,236.65652472444546,4433.703758726729,117.34763887271792,2949.7459383566224,person,117.34763887271792,2949.7459383566224,0.40750838926174493,False,False
Hi4D,/home/shangguanrz/project/pic-edit/datasets/Hi4D_pilot_v1/raw/pair01/talk01/images/16/000046.jpg,pair01/talk01/images/16/000046.jpg,940,1280,940,False,True,0.06454621010638298,180.47481212857733,3071.4703810671544,100.77637371999553,3489.2388259263976,person,100.77637371999553,3489.2388259263976,0.4079278523489933,False,False
Hi4D,/home/shangguanrz/project/pic-edit/datasets/Hi4D_pilot_v1/raw/pair12/highfive12/images/4/000037.jpg,pair12/highfive12/images/4/000037.jpg,940,1280,940,False,True,0.048513962765957444,237.4468133869404,5042.871322307181,113.50406578680821,3108.041077583175,person,113.50406578680821,3108.041077583175,0.4085570469798658,False,False
Hi4D,/home/shangguanrz/project/pic-edit/datasets/Hi4D_pilot_v1/raw/pair16/talk16/images/16/000056.jpg,pair16/talk16/images/16/000056.jpg,940,1280,940,False,True,0.05521692154255319,291.20920256005525,4846.909096575798,118.21665523686181,2934.535287583647,person,118.21665523686181,2934.535287583647,0.4085570469798658,False,False
Hi4D,/home/shangguanrz/project/pic-edit/datasets/Hi4D_pilot_v1/raw/pair16/talk16/images/16/000140.jpg,pair16/talk16/images/16/000140.jpg,940,1280,940,False,True,0.07517869015957447,271.4451372883286,4584.044184258643,120.08563560276058,2878.3542716656425,person,120.08563560276058,2878.3542716656425,0.4087667785234899,False,False
Hi4D,/home/shangguanrz/project/pic-edit/datasets/Hi4D_pilot_v1/raw/pair12/fight12/images/16/000029.jpg,pair12/fight12/images/16/000029.jpg,940,1280,940,False,True,0.04390126329787234,224.2726191513514,4382.093407164229,97.39683618609186,3649.652122971906,person,97.39683618609186,3649.652122971906,0.40918624161073824,False,False
Hi4D,/home/shangguanrz/project/pic-edit/datasets/Hi4D_pilot_v1/raw/pair02/dance02/images/4/000129.jpg,pair02/dance02/images/4/000129.jpg,940,1280,940,False,True,0.05171625664893617,239.89814055001048,4466.032849900266,118.29166964146222,2935.686465238682,person,118.29166964146222,2935.686465238682,0.4093959731543624,False,False
Hi4D,/home/shangguanrz/project/pic-edit/datasets/Hi4D_pilot_v1/raw/pair02/backhug02/images/64/000035.jpg,pair02/backhug02/images/64/000035.jpg,940,1280,940,False,True,0.06432762632978724,225.60200606940182,3976.675324135638,127.69652590886557,2735.054888855132,person,127.69652590886557,2735.054888855132,0.40939597315436244,False,False
Hi4D,/home/shangguanrz/project/pic-edit/datasets/Hi4D_pilot_v1/raw/pair02/backhug02/images/64/000024.jpg,pair02/backhug02/images/64/000024.jpg,940,1280,940,False,True,0.06483377659574469,224.83588833739284,3905.893637799202,130.7093895311135,2694.605205315216,person,130.7093895311135,2694.605205315216,0.41044463087248323,False,False
Hi4D,/home/shangguanrz/project/pic-edit/datasets/Hi4D_pilot_v1/raw/pair01/hug01/images/4/000076.jpg,pair01/hug01/images/4/000076.jpg,940,1280,940,False,True,0.05718001994680851,179.87162280730283,3569.4127431017287,119.80741735329889,2920.0681957296656,person,119.80741735329889,2920.0681957296656,0.4110738255033557,False,False
Hi4D,/home/shangguanrz/project/pic-edit/datasets/Hi4D_pilot_v1/raw/pair02/backhug02/images/64/000026.jpg,pair02/backhug02/images/64/000026.jpg,940,1280,940,False,True,0.06489195478723404,223.12421970488313,3875.544038813165,130.46813372265956,2705.1174859305743,person,130.46813372265956,2705.1174859305743,0.41191275167785235,False,False
Hi4D,/home/shangguanrz/project/pic-edit/datasets/Hi4D_pilot_v1/raw/pair02/backhug02/images/64/000031.jpg,pair02/backhug02/images/64/000031.jpg,940,1280,940,False,True,0.06508228058510639,219.77839439470551,3839.3722365359044,130.3212316781278,2707.149998753956,person,130.3212316781278,2707.149998753956,0.4123322147651007,False,False
Hi4D,/home/shangguanrz/project/pic-edit/datasets/Hi4D_pilot_v1/raw/pair10/dance10/images/4/000141.jpg,pair10/dance10/images/4/000141.jpg,940,1280,940,False,True,0.057579787234042556,242.9934257320982,4643.9794921875,120.36515453057044,2909.688462559745,person,120.36515453057044,2909.688462559745,0.4123322147651007,False,False
Hi4D,/home/shangguanrz/project/pic-edit/datasets/Hi4D_pilot_v1/raw/pair12/highfive12/images/4/000083.jpg,pair12/highfive12/images/4/000083.jpg,940,1280,940,False,True,0.07177692819148936,244.07298508158308,5173.581667636303,117.38773715168271,2984.101156982993,person,117.38773715168271,2984.101156982993,0.4123322147651007,False,False
Hi4D,/home/shangguanrz/project/pic-edit/datasets/Hi4D_pilot_v1/raw/pair02/dance02/images/4/000141.jpg,pair02/dance02/images/4/000141.jpg,940,1280,940,False,True,0.05135222739361702,242.74700689941795,4520.321320229388,121.16282875631133,2892.515889971959,person,121.16282875631133,2892.515889971959,0.4125419463087248,False,False
Hi4D,/home/shangguanrz/project/pic-edit/datasets/Hi4D_pilot_v1/raw/pair16/talk16/images/16/000061.jpg,pair16/talk16/images/16/000061.jpg,940,1280,940,False,True,0.04711436170212766,283.6757463564588,4646.308832696143,117.04482774020008,3018.536080498323,person,117.04482774020008,3018.536080498323,0.4131711409395973,False,False
Hi4D,/home/shangguanrz/project/pic-edit/datasets/Hi4D_pilot_v1/raw/pair02/pose02/images/52/000125.jpg,pair02/pose02/images/52/000125.jpg,940,1280,940,False,True,0.05591505984042553,221.46128552957808,3994.2974671708776,105.96491394166645,3382.2537742150967,person,105.96491394166645,3382.2537742150967,0.41359060402684567,False,False
Hi4D,/home/shangguanrz/project/pic-edit/datasets/Hi4D_pilot_v1/raw/pair00/hug00/images/4/000083.jpg,pair00/hug00/images/4/000083.jpg,940,1280,940,False,True,0.04505651595744681,538.3627247410751,5863.960843999335,129.29088055004047,2752.0035996358015,person,129.29088055004047,2752.0035996358015,0.41442953020134227,False,False
Hi4D,/home/shangguanrz/project/pic-edit/datasets/Hi4D_pilot_v1/raw/pair02/dance02/images/4/000136.jpg,pair02/dance02/images/4/000136.jpg,940,1280,940,False,True,0.0504296875,238.3980316905319,4453.913117104388,121.06482833100273,2931.731237183869,person,121.06482833100273,2931.731237183869,0.4152684563758389,False,False
Hi4D,/home/shangguanrz/project/pic-edit/datasets/Hi4D_pilot_v1/raw/pair02/dance02/images/4/000139.jpg,pair02/dance02/images/4/000139.jpg,940,1280,940,False,True,0.05052609707446808,239.7587939480572,4496.696621509309,121.79727897094574,2914.988632096405,person,121.79727897094574,2914.988632096405,0.41547818791946306,False,False
Hi4D,/home/shangguanrz/project/pic-edit/datasets/Hi4D_pilot_v1/raw/pair01/fight01/images/52/000011.jpg,pair01/fight01/images/52/000011.jpg,940,1280,940,False,True,0.06439079122340426,238.29651109445896,4190.59949509641,99.19380382164483,3635.7582672070293,person,99.19380382164483,3635.7582672070293,0.4154781879194631,False,False
Hi4D,/home/shangguanrz/project/pic-edit/datasets/Hi4D_pilot_v1/raw/pair10/dance10/images/4/000068.jpg,pair10/dance10/images/4/000068.jpg,940,1280,940,False,True,0.04980219414893617,207.49480764870736,4100.284906914893,115.31087668790235,3124.912113130311,person,115.31087668790235,3124.912113130311,0.4158976510067114,False,False
Hi4D,/home/shangguanrz/project/pic-edit/datasets/Hi4D_pilot_v1/raw/pair16/hug16/images/4/000016.jpg,pair16/hug16/images/4/000016.jpg,940,1280,940,False,True,0.052969581117021276,301.37099991086484,5653.704984624335,94.68607564353623,3927.9435256151673,person,94.68607564353623,3927.9435256151673,0.4158976510067114,False,False
Hi4D,/home/shangguanrz/project/pic-edit/datasets/Hi4D_pilot_v1/raw/pair01/hug01/images/4/000072.jpg,pair01/hug01/images/4/000072.jpg,940,1280,940,False,True,0.05832862367021276,180.90306503039346,3542.910332862367,123.87689382138593,2853.7020279149056,person,123.87689382138593,2853.7020279149056,0.4165268456375839,False,False
Hi4D,/home/shangguanrz/project/pic-edit/datasets/Hi4D_pilot_v1/raw/pair02/backhug02/images/64/000010.jpg,pair02/backhug02/images/64/000010.jpg,940,1280,940,False,True,0.06478972739361702,238.38350058570603,4277.067133477393,131.54029069293446,2723.8716745695033,person,131.54029069293446,2723.8716745695033,0.41673657718120805,False,False
Hi4D,/home/shangguanrz/project/pic-edit/datasets/Hi4D_pilot_v1/raw/pair02/backhug02/images/64/000012.jpg,pair02/backhug02/images/64/000012.jpg,940,1280,940,False,True,0.06472490026595745,235.82071665402938,4185.596544630984,131.55469331598266,2722.6986225895316,person,131.55469331598266,2722.6986225895316,0.41673657718120805,False,False
Hi4D,/home/shangguanrz/project/pic-edit/datasets/Hi4D_pilot_v1/raw/pair02/dance02/images/4/000138.jpg,pair02/dance02/images/4/000138.jpg,940,1280,940,False,True,0.05048869680851064,239.78707218728707,4482.589345079788,122.33107658783568,2927.145556620567,person,122.33107658783568,2927.145556620567,0.41799496644295303,False,False
Hi4D,/home/shangguanrz/project/pic-edit/datasets/Hi4D_pilot_v1/raw/pair01/hug01/images/4/000079.jpg,pair01/hug01/images/4/000079.jpg,940,1280,940,False,True,0.057854886968085106,182.03728387192828,3579.021619431516,122.99960230769707,2891.5528694404593,person,122.99960230769707,2891.5528694404593,0.41841442953020136,False,False
Hi4D,/home/shangguanrz/project/pic-edit/datasets/Hi4D_pilot_v1/raw/pair10/dance10/images/4/000138.jpg,pair10/dance10/images/4/000138.jpg,940,1280,940,False,True,0.0512749335106383,241.97070587482756,4602.992623836436,114.60053710453606,3193.7750236932275,person,114.60053710453606,3193.7750236932275,0.4186241610738255,False,False
Hi4D,/home/shangguanrz/project/pic-edit/datasets/Hi4D_pilot_v1/raw/pair16/talk16/images/16/000064.jpg,pair16/talk16/images/16/000064.jpg,940,1280,940,False,True,0.045546043882978726,277.56053841324507,4467.486089178857,117.18746531452278,3108.545211290586,person,117.18746531452278,3108.545211290586,0.4186241610738255,False,False
Hi4D,/home/shangguanrz/project/pic-edit/datasets/Hi4D_pilot_v1/raw/pair10/argue10/images/52/000097.jpg,pair10/argue10/images/52/000097.jpg,940,1280,940,False,True,0.05210023271276596,228.35399340676625,3734.6625249335107,130.1508998115135,2767.3617452135495,person,130.1508998115135,2767.3617452135495,0.4188338926174497,False,False
Hi4D,/home/shangguanrz/project/pic-edit/datasets/Hi4D_pilot_v1/raw/pair01/hug01/images/4/000078.jpg,pair01/hug01/images/4/000078.jpg,940,1280,940,False,True,0.057578125,182.24836719203398,3581.04296875,123.19733709238068,2892.5539303984438,person,123.19733709238068,2892.5539303984438,0.4190436241610738,False,False
Hi4D,/home/shangguanrz/project/pic-edit/datasets/Hi4D_pilot_v1/raw/pair02/pose02/images/52/000146.jpg,pair02/pose02/images/52/000146.jpg,940,1280,940,False,True,0.05558095079787234,220.95816820978632,4004.726313164894,122.8437935794178,2912.840609270652,person,122.8437935794178,2912.840609270652,0.419253355704698,False,False
Hi4D,/home/shangguanrz/project/pic-edit/datasets/Hi4D_pilot_v1/raw/pair02/dance02/images/4/000145.jpg,pair02/dance02/images/4/000145.jpg,940,1280,940,False,True,0.05434840425531915,236.37905611930898,4340.690741356383,122.29996191743194,2955.580353941922,person,122.29996191743194,2955.580353941922,0.4203020134228188,False,False
Hi4D,/home/shangguanrz/project/pic-edit/datasets/Hi4D_pilot_v1/raw/pair12/highfive12/images/4/000085.jpg,pair12/highfive12/images/4/000085.jpg,940,1280,940,False,True,0.07245511968085107,247.51959912190878,5222.238904587766,122.99780070443293,2925.6631197928045,person,122.99780070443293,2925.6631197928045,0.4207214765100671,False,False
Hi4D,/home/shangguanrz/project/pic-edit/datasets/Hi4D_pilot_v1/raw/pair02/backhug02/images/64/000109.jpg,pair02/backhug02/images/64/000109.jpg,940,1280,940,False,True,0.044896110372340425,249.01987976021982,4438.63641747008,118.54701935276046,3062.3464159113582,person,118.54701935276046,3062.3464159113582,0.42072147651006714,False,False
Hi4D,/home/shangguanrz/project/pic-edit/datasets/Hi4D_pilot_v1/raw/pair01/talk01/images/16/000049.jpg,pair01/talk01/images/16/000049.jpg,940,1280,940,False,True,0.06164893617021277,172.7981176984801,3025.663127493351,100.62709859367573,3650.1636194401967,person,100.62709859367573,3650.1636194401967,0.4209312080536913,False,False
Hi4D,/home/shangguanrz/project/pic-edit/datasets/Hi4D_pilot_v1/raw/pair16/talk16/images/16/000105.jpg,pair16/talk16/images/16/000105.jpg,940,1280,940,False,True,0.059296043882978725,296.94145982928706,5098.277281416224,108.04794157813737,3412.7762742328923,person,108.04794157813737,3412.7762742328923,0.42114093959731547,False,False
Hi4D,/home/shangguanrz/project/pic-edit/datasets/Hi4D_pilot_v1/raw/pair00/hug00/images/4/000079.jpg,pair00/hug00/images/4/000079.jpg,940,1280,940,False,True,0.04611535904255319,588.4447666844021,6551.814577792553,130.01704880435668,2791.8501341255237,person,130.01704880435668,2791.8501341255237,0.42197986577181207,False,False
Hi4D,/home/shangguanrz/project/pic-edit/datasets/Hi4D_pilot_v1/raw/pair10/dance10/images/4/000136.jpg,pair10/dance10/images/4/000136.jpg,940,1280,940,False,True,0.05173869680851064,239.9178874322924,4589.915922124335,113.63680366065859,3269.352988009361,person,113.63680366065859,3269.352988009361,0.4219798657718121,False,False
Hi4D,/home/shangguanrz/project/pic-edit/datasets/Hi4D_pilot_v1/raw/pair01/hug01/images/4/000103.jpg,pair01/hug01/images/4/000103.jpg,940,1280,940,False,True,0.06402509973404255,190.28669785479175,3780.818099650931,125.65073734061369,2873.7571103156524,person,125.65073734061369,2873.7571103156524,0.4223993288590604,False,False
Hi4D,/home/shangguanrz/project/pic-edit/datasets/Hi4D_pilot_v1/raw/pair02/backhug02/images/64/000007.jpg,pair02/backhug02/images/64/000007.jpg,940,1280,940,False,True,0.06472323803191489,240.270241220999,4322.939390791224,132.7801500814771,2740.5735496977754,person,132.7801500814771,2740.5735496977754,0.4228187919463087,False,False
Hi4D,/home/shangguanrz/project/pic-edit/datasets/Hi4D_pilot_v1/raw/pair02/backhug02/images/64/000114.jpg,pair02/backhug02/images/64/000114.jpg,940,1280,940,False,True,0.04981715425531915,244.7389178547777,4320.89490525266,123.50495739704299,2944.6773484134465,person,123.50495739704299,2944.6773484134465,0.4234479865771812,False,False
Hi4D,/home/shangguanrz/project/pic-edit/datasets/Hi4D_pilot_v1/raw/pair02/backhug02/images/64/000056.jpg,pair02/backhug02/images/64/000056.jpg,940,1280,940,False,True,0.06058344414893617,230.66940213304773,4105.678648603724,129.98152833373894,2807.900518079081,person,129.98152833373894,2807.900518079081,0.4236577181208053,False,False
Hi4D,/home/shangguanrz/project/pic-edit/datasets/Hi4D_pilot_v1/raw/pair16/jump16/images/4/000018.jpg,pair16/jump16/images/4/000018.jpg,940,1280,940,False,True,0.06323803191489362,301.702235278823,5602.945676113697,112.89685583518109,3321.5821879174705,person,112.89685583518109,3321.5821879174705,0.4238674496644295,False,False
Hi4D,/home/shangguanrz/project/pic-edit/datasets/Hi4D_pilot_v1/raw/pair12/highfive12/images/4/000078.jpg,pair12/highfive12/images/4/000078.jpg,940,1280,940,False,True,0.07003573803191489,242.563581688553,5170.719362948803,119.92442135575375,3054.1472297056057,person,119.92442135575375,3054.1472297056057,0.4238674496644296,False,False
Hi4D,/home/shangguanrz/project/pic-edit/datasets/Hi4D_pilot_v1/raw/pair00/hug00/images/4/000081.jpg,pair00/hug00/images/4/000081.jpg,940,1280,940,False,True,0.04541140292553191,548.0724037454215,6154.506856715426,131.32919405753302,2781.9050494667867,person,131.32919405753302,2781.9050494667867,0.42428691275167785,False,False
Hi4D,/home/shangguanrz/project/pic-edit/datasets/Hi4D_pilot_v1/raw/pair02/backhug02/images/64/000014.jpg,pair02/backhug02/images/64/000014.jpg,940,1280,940,False,True,0.06471658909574468,233.0319345922371,4110.324945977393,132.99756155610316,2742.455793217452,person,132.99756155610316,2742.455793217452,0.42428691275167785,False,False
Hi4D,/home/shangguanrz/project/pic-edit/datasets/Hi4D_pilot_v1/raw/pair02/backhug02/images/64/000042.jpg,pair02/backhug02/images/64/000042.jpg,940,1280,940,False,True,0.06378324468085106,229.47334437024384,4085.1414457280584,129.0529713328179,2846.799620668444,person,129.0529713328179,2846.799620668444,0.42428691275167785,False,False
Hi4D,/home/shangguanrz/project/pic-edit/datasets/Hi4D_pilot_v1/raw/pair10/dance10/images/4/000001.jpg,pair10/dance10/images/4/000001.jpg,940,1280,940,False,True,0.05811170212765957,235.20900643058033,4344.000457114362,122.57021515586064,2969.963474416071,person,122.57021515586064,2969.963474416071,0.42428691275167785,False,False
Hi4D,/home/shangguanrz/project/pic-edit/datasets/Hi4D_pilot_v1/raw/pair12/highfive12/images/4/000124.jpg,pair12/highfive12/images/4/000124.jpg,940,1280,940,False,True,0.0715018284574468,247.12293494084994,5186.183427526596,119.12370537746993,3110.8936637773168,person,119.12370537746993,3110.8936637773168,0.42428691275167785,False,False
Hi4D,/home/shangguanrz/project/pic-edit/datasets/Hi4D_pilot_v1/raw/pair01/fight01/images/52/000038.jpg,pair01/fight01/images/52/000038.jpg,940,1280,940,False,True,0.06968500664893618,227.6549867771772,3896.098362699468,124.37428771032293,2928.494924554184,person,124.37428771032293,2928.494924554184,0.42491610738255037,False,False
Hi4D,/home/shangguanrz/project/pic-edit/datasets/Hi4D_pilot_v1/raw/pair02/backhug02/images/64/000005.jpg,pair02/backhug02/images/64/000005.jpg,940,1280,940,False,True,0.06475066489361703,241.55932475687857,4350.626423287899,133.021335870715,2746.2574054648085,person,133.021335870715,2746.2574054648085,0.42491610738255037,False,False
Hi4D,/home/shangguanrz/project/pic-edit/datasets/Hi4D_pilot_v1/raw/pair12/highfive12/images/4/000076.jpg,pair12/highfive12/images/4/000076.jpg,940,1280,940,False,True,0.06901761968085106,243.11141659005722,5133.941427027926,119.31688956101928,3126.3519909966567,person,119.31688956101928,3126.3519909966567,0.4265939597315436,False,False
Hi4D,/home/shangguanrz/project/pic-edit/datasets/Hi4D_pilot_v1/raw/pair01/hug01/images/4/000033.jpg,pair01/hug01/images/4/000033.jpg,940,1280,940,False,True,0.07204953457446808,226.34824234241808,4338.685453374335,117.76949836396307,3180.468392882974,person,117.76949836396307,3180.468392882974,0.42701342281879195,False,False
Hi4D,/home/shangguanrz/project/pic-edit/datasets/Hi4D_pilot_v1/raw/pair16/talk16/images/16/000063.jpg,pair16/talk16/images/16/000063.jpg,940,1280,940,False,True,0.046000664893617024,273.49418137914284,4426.185370262633,120.93548078668053,3087.311741935484,person,120.93548078668053,3087.311741935484,0.42701342281879195,False,False
Hi4D,/home/shangguanrz/project/pic-edit/datasets/Hi4D_pilot_v1/raw/pair12/highfive12/images/4/000056.jpg,pair12/highfive12/images/4/000056.jpg,940,1280,940,False,True,0.06948636968085106,255.56136199239688,5425.927391539229,117.1225860807674,3231.2305979840453,person,117.1225860807674,3231.2305979840453,0.4274328859060403,False,False
Hi4D,/home/shangguanrz/project/pic-edit/datasets/Hi4D_pilot_v1/raw/pair12/fight12/images/16/000094.jpg,pair12/fight12/images/16/000094.jpg,940,1280,940,False,True,0.06449052526595744,237.05599871171228,4585.35791015625,110.02912778319356,3428.9857618610936,person,110.02912778319356,3428.9857618610936,0.4278523489932886,False,False
Hi4D,/home/shangguanrz/project/pic-edit/datasets/Hi4D_pilot_v1/raw/pair02/dance02/images/4/000134.jpg,pair02/dance02/images/4/000134.jpg,940,1280,940,False,True,0.05031831781914894,238.88370975489104,4452.746831366357,123.96169813845214,2966.6022859489426,person,123.96169813845214,2966.6022859489426,0.4282718120805369,False,False
Hi4D,/home/shangguanrz/project/pic-edit/datasets/Hi4D_pilot_v1/raw/pair02/backhug02/images/64/000001.jpg,pair02/backhug02/images/64/000001.jpg,940,1280,940,False,True,0.06471077127659575,242.98976463362774,4340.609333444149,134.1106894429408,2741.7256091446907,person,134.1106894429408,2741.7256091446907,0.42869127516778527,False,False
Hi4D,/home/shangguanrz/project/pic-edit/datasets/Hi4D_pilot_v1/raw/pair01/hug01/images/4/000087.jpg,pair01/hug01/images/4/000087.jpg,940,1280,940,False,True,0.05652260638297872,182.04254750524942,3623.525255568484,122.3235365964092,3044.634894111664,person,122.3235365964092,3044.634894111664,0.4289010067114094,False,False
Hi4D,/home/shangguanrz/project/pic-edit/datasets/Hi4D_pilot_v1/raw/pair12/fight12/images/16/000095.jpg,pair12/fight12/images/16/000095.jpg,940,1280,940,False,True,0.0650531914893617,236.88483526513494,4554.272990774601,110.05842610000799,3448.3683140831804,person,110.05842610000799,3448.3683140831804,0.42973993288590606,False,False
Hi4D,/home/shangguanrz/project/pic-edit/datasets/Hi4D_pilot_v1/raw/pair02/dance02/images/4/000131.jpg,pair02/dance02/images/4/000131.jpg,940,1280,940,False,True,0.050733045212765955,236.93181101687088,4439.471471908245,123.81067633823426,3000.382883493829,person,123.81067633823426,3000.382883493829,0.43015939597315433,False,False
Hi4D,/home/shangguanrz/project/pic-edit/datasets/Hi4D_pilot_v1/raw/pair01/fight01/images/52/000013.jpg,pair01/fight01/images/52/000013.jpg,940,1280,940,False,True,0.04881565824468085,231.99274194351193,4057.6547228224736,107.85773749953476,3517.7140285457117,person,107.85773749953476,3517.7140285457117,0.4305788590604027,False,False
Hi4D,/home/shangguanrz/project/pic-edit/datasets/Hi4D_pilot_v1/raw/pair01/hug01/images/4/000080.jpg,pair01/hug01/images/4/000080.jpg,940,1280,940,False,True,0.05780418882978723,183.5764513191674,3599.1695998171544,124.48507787064784,2981.5455192034137,person,124.48507787064784,2981.5455192034137,0.43078859060402686,False,False
Hi4D,/home/shangguanrz/project/pic-edit/datasets/Hi4D_pilot_v1/raw/pair02/dance02/images/4/000064.jpg,pair02/dance02/images/4/000064.jpg,940,1280,940,False,True,0.05675698138297872,200.10738940215208,3971.643076795213,120.13181191607482,3155.5675912921347,person,120.13181191607482,3155.5675912921347,0.430998322147651,False,False
Hi4D,/home/shangguanrz/project/pic-edit/datasets/Hi4D_pilot_v1/raw/pair16/talk16/images/16/000095.jpg,pair16/talk16/images/16/000095.jpg,940,1280,940,False,True,0.054729886968085104,284.26910055528236,4753.083672706117,112.00658153477822,3424.6085838856825,person,112.00658153477822,3424.6085838856825,0.43120805369127513,False,False
Hi4D,/home/shangguanrz/project/pic-edit/datasets/Hi4D_pilot_v1/raw/pair02/backhug02/images/64/000009.jpg,pair02/backhug02/images/64/000009.jpg,940,1280,940,False,True,0.06475731382978724,240.133346116586,4315.849515874335,134.53716441063978,2749.595517396296,person,134.53716441063978,2749.595517396296,0.4316275167785235,False,False
Hi4D,/home/shangguanrz/project/pic-edit/datasets/Hi4D_pilot_v1/raw/pair16/talk16/images/16/000045.jpg,pair16/talk16/images/16/000045.jpg,940,1280,940,False,True,0.057578125,299.45117828734277,5009.928565492021,126.71315362094911,2957.0829948092983,person,126.71315362094911,2957.0829948092983,0.4316275167785235,False,False
Hi4D,/home/shangguanrz/project/pic-edit/datasets/Hi4D_pilot_v1/raw/pair16/jump16/images/4/000100.jpg,pair16/jump16/images/4/000100.jpg,940,1280,940,False,True,0.054533743351063826,258.55856185738674,4667.035249750665,117.12185345259866,3298.9876134412557,person,117.12185345259866,3298.9876134412557,0.43246644295302017,False,False
Hi4D,/home/shangguanrz/project/pic-edit/datasets/Hi4D_pilot_v1/raw/pair01/hug01/images/4/000056.jpg,pair01/hug01/images/4/000056.jpg,940,1280,940,False,True,0.06045877659574468,182.2391614442284,3613.390573055186,123.7239470157197,3034.6659854213503,person,123.7239470157197,3034.6659854213503,0.43288590604026844,False,False
Hi4D,/home/shangguanrz/project/pic-edit/datasets/Hi4D_pilot_v1/raw/pair02/dance02/images/4/000132.jpg,pair02/dance02/images/4/000132.jpg,940,1280,940,False,True,0.050467087765957444,237.78463095912252,4455.462838680186,124.14552668940554,3021.717941737,person,124.14552668940554,3021.717941737,0.43351510067114096,False,False
Hi4D,/home/shangguanrz/project/pic-edit/datasets/Hi4D_pilot_v1/raw/pair01/talk01/images/16/000119.jpg,pair01/talk01/images/16/000119.jpg,940,1280,940,False,True,0.07164976728723405,198.85072429539554,3336.0108980219416,120.25869138269617,3203.608494387224,person,120.25869138269617,3203.608494387224,0.43393456375838924,False,False
Hi4D,/home/shangguanrz/project/pic-edit/datasets/Hi4D_pilot_v1/raw/pair12/talk12/images/16/000023.jpg,pair12/talk12/images/16/000023.jpg,940,1280,940,False,True,0.039093251329787235,240.16468890167135,4374.837153008643,107.2032522630784,3574.679310835825,person,107.2032522630784,3574.679310835825,0.43414429530201337,False,False
Hi4D,/home/shangguanrz/project/pic-edit/datasets/Hi4D_pilot_v1/raw/pair02/backhug02/images/64/000116.jpg,pair02/backhug02/images/64/000116.jpg,940,1280,940,False,True,0.051729554521276595,239.84722598530468,4265.718988946143,126.28137366553909,2998.649033263772,person,126.28137366553909,2998.649033263772,0.4347734899328859,False,False
Hi4D,/home/shangguanrz/project/pic-edit/datasets/Hi4D_pilot_v1/raw/pair02/backhug02/images/64/000112.jpg,pair02/backhug02/images/64/000112.jpg,940,1280,940,False,True,0.04779255319148936,246.91127452401346,4336.54462059508,127.19377777692401,2981.7149457149458,person,127.19377777692401,2981.7149457149458,0.4354026845637584,False,False
Hi4D,/home/shangguanrz/project/pic-edit/datasets/Hi4D_pilot_v1/raw/pair01/talk01/images/16/000112.jpg,pair01/talk01/images/16/000112.jpg,940,1280,940,False,True,0.07488447473404256,206.6683767005943,3552.796147772606,115.93951849275179,3374.896058722029,person,115.93951849275179,3374.896058722029,0.4360318791946308,False,False
Hi4D,/home/shangguanrz/project/pic-edit/datasets/Hi4D_pilot_v1/raw/pair02/backhug02/images/64/000003.jpg,pair02/backhug02/images/64/000003.jpg,940,1280,940,False,True,0.06470079787234043,242.86321162138663,4361.52880859375,136.5705877716663,2752.529616724739,person,136.5705877716663,2752.529616724739,0.4360318791946309,False,False
Hi4D,/home/shangguanrz/project/pic-edit/datasets/Hi4D_pilot_v1/raw/pair12/fight12/images/16/000092.jpg,pair12/fight12/images/16/000092.jpg,940,1280,940,False,True,0.06304355053191489,237.58157668665766,4583.485247672872,108.80238518573468,3554.1870252944045,person,108.80238518573468,3554.1870252944045,0.43603187919463093,False,False
Hi4D,/home/shangguanrz/project/pic-edit/datasets/Hi4D_pilot_v1/raw/pair00/yoga00/images/4/000041.jpg,pair00/yoga00/images/4/000041.jpg,940,1280,940,False,True,0.05582363696808511,802.2493958072781,7979.061284491357,125.39334703260762,3034.405358840304,person,125.39334703260762,3034.405358840304,0.4364513422818792,False,False
Hi4D,/home/shangguanrz/project/pic-edit/datasets/Hi4D_pilot_v1/raw/pair12/highfive12/images/4/000043.jpg,pair12/highfive12/images/4/000043.jpg,940,1280,940,False,True,0.0721517619680851,244.8156545507579,5082.251849235372,122.52602638933718,3164.0402154848407,person,122.52602638933718,3164.0402154848407,0.43770973154362414,False,False
Hi4D,/home/shangguanrz/project/pic-edit/datasets/Hi4D_pilot_v1/raw/pair01/hug01/images/4/000032.jpg,pair01/hug01/images/4/000032.jpg,940,1280,940,False,True,0.07181848404255319,231.0686805586083,4413.843614943484,119.49443038065026,3274.7748479870897,person,119.49443038065026,3274.7748479870897,0.43812919463087246,False,False
Hi4D,/home/shangguanrz/project/pic-edit/datasets/Hi4D_pilot_v1/raw/pair02/backhug02/images/64/000054.jpg,pair02/backhug02/images/64/000054.jpg,940,1280,940,False,True,0.06094747340425532,229.30877263622082,4094.710314162234,133.18002975122553,2850.386002461341,person,133.18002975122553,2850.386002461341,0.4385486577181208,False,False
Hi4D,/home/shangguanrz/project/pic-edit/datasets/Hi4D_pilot_v1/raw/pair01/fight01/images/52/000037.jpg,pair01/fight01/images/52/000037.jpg,940,1280,940,False,True,0.07053108377659574,221.19533177510058,3784.6751683011967,131.8121824265742,2906.15427162869,person,131.8121824265742,2906.15427162869,0.4391778523489933,False,False
Hi4D,/home/shangguanrz/project/pic-edit/datasets/Hi4D_pilot_v1/raw/pair02/dance02/images/4/000062.jpg,pair02/dance02/images/4/000062.jpg,940,1280,940,False,True,0.05545046542553191,196.42278699067558,3928.709420711436,122.33904669351467,3219.836130607263,person,122.33904669351467,3219.836130607263,0.4398070469798657,False,False
Hi4D,/home/shangguanrz/project/pic-edit/datasets/Hi4D_pilot_v1/raw/pair02/backhug02/images/64/000133.jpg,pair02/backhug02/images/64/000133.jpg,940,1280,940,False,True,0.060014128989361704,227.76976837211734,3976.8448304521276,135.82290701015086,2793.3708876131595,person,135.82290701015086,2793.3708876131595,0.44064597315436244,False,False
Hi4D,/home/shangguanrz/project/pic-edit/datasets/Hi4D_pilot_v1/raw/pair02/pose02/images/52/000124.jpg,pair02/pose02/images/52/000124.jpg,940,1280,940,False,True,0.05716505984042553,220.76866332259095,4004.794890708112,112.0981486871815,3521.8747611545036,person,112.0981486871815,3521.8747611545036,0.4408557046979866,False,False
Hi4D,/home/shangguanrz/project/pic-edit/datasets/Hi4D_pilot_v1/raw/pair01/hug01/images/4/000082.jpg,pair01/hug01/images/4/000082.jpg,940,1280,940,False,True,0.0567860704787234,181.90574456812732,3588.968521442819,128.16401323717324,3033.6983914693656,person,128.16401323717324,3033.6983914693656,0.44148489932885904,False,False
Hi4D,/home/shangguanrz/project/pic-edit/datasets/Hi4D_pilot_v1/raw/pair02/dance02/images/4/000066.jpg,pair02/dance02/images/4/000066.jpg,940,1280,940,False,True,0.05747340425531915,201.52981956512912,3987.0714137300533,122.31174444812393,3243.1170017197414,person,122.31174444812393,3243.1170017197414,0.44148489932885904,False,False
Hi4D,/home/shangguanrz/project/pic-edit/datasets/Hi4D_pilot_v1/raw/pair01/hug01/images/4/000083.jpg,pair01/hug01/images/4/000083.jpg,940,1280,940,False,True,0.056732878989361704,182.9943775453951,3601.084971326463,128.72934157605857,3027.2543108122763,person,128.72934157605857,3027.2543108122763,0.4419043624161074,False,False
Hi4D,/home/shangguanrz/project/pic-edit/datasets/Hi4D_pilot_v1/raw/pair12/highfive12/images/4/000104.jpg,pair12/highfive12/images/4/000104.jpg,940,1280,940,False,True,0.07584940159574469,248.42205899125477,5188.019562416888,122.30230004533331,3245.1470123677545,person,122.30230004533331,3245.1470123677545,0.4419043624161074,False,False
Hi4D,/home/shangguanrz/project/pic-edit/datasets/Hi4D_pilot_v1/raw/pair12/talk12/images/16/000022.jpg,pair12/talk12/images/16/000022.jpg,940,1280,940,False,True,0.03862034574468085,240.0615790612075,4363.970443400931,106.91834239809045,3684.7711663283103,person,106.91834239809045,3684.7711663283103,0.44211409395973156,False,False
Hi4D,/home/shangguanrz/project/pic-edit/datasets/Hi4D_pilot_v1/raw/pair01/hug01/images/4/000030.jpg,pair01/hug01/images/4/000030.jpg,940,1280,940,False,True,0.07195894281914894,235.13382940564352,4536.293228474069,119.8074730381792,3321.270913808014,person,119.8074730381792,3321.270913808014,0.4423238255033557,False,False
Hi4D,/home/shangguanrz/project/pic-edit/datasets/Hi4D_pilot_v1/raw/pair02/backhug02/images/64/000144.jpg,pair02/backhug02/images/64/000144.jpg,940,1280,940,False,True,0.060526097074468085,229.7146690078265,4036.1863987699467,137.25312741747484,2795.244424938969,person,137.25312741747484,2795.244424938969,0.4427432885906041,False,False
Hi4D,/home/shangguanrz/project/pic-edit/datasets/Hi4D_pilot_v1/raw/pair02/dance02/images/4/000146.jpg,pair02/dance02/images/4/000146.jpg,940,1280,940,False,True,0.05558095079787234,234.78457365115887,4339.53113572141,124.54734962089324,3159.5231766292727,person,124.54734962089324,3159.5231766292727,0.4433724832214765,False,False
Hi4D,/home/shangguanrz/project/pic-edit/datasets/Hi4D_pilot_v1/raw/pair02/backhug02/images/64/000135.jpg,pair02/backhug02/images/64/000135.jpg,940,1280,940,False,True,0.06005236037234043,228.5264837399442,3986.234915226064,139.65575657003293,2774.7247369574748,person,139.65575657003293,2774.7247369574748,0.4435822147651007,False,False
Hi4D,/home/shangguanrz/project/pic-edit/datasets/Hi4D_pilot_v1/raw/pair02/dance02/images/4/000125.jpg,pair02/dance02/images/4/000125.jpg,940,1280,940,False,True,0.05591505984042553,233.62533164855427,4384.363676030585,125.46248419685062,3141.4738142952574,person,125.46248419685062,3141.4738142952574,0.444001677852349,False,False
Hi4D,/home/shangguanrz/project/pic-edit/datasets/Hi4D_pilot_v1/raw/pair12/highfive12/images/4/000045.jpg,pair12/highfive12/images/4/000045.jpg,940,1280,940,False,True,0.07116522606382979,248.63303669667877,5102.372880651596,125.77126005124954,3135.6754260033704,person,125.77126005124954,3135.6754260033704,0.444001677852349,False,False
Hi4D,/home/shangguanrz/project/pic-edit/datasets/Hi4D_pilot_v1/raw/pair02/backhug02/images/64/000075.jpg,pair02/backhug02/images/64/000075.jpg,940,1280,940,False,True,0.04730718085106383,246.47061991246375,4301.22998046875,123.94807931805994,3224.372417793245,person,123.94807931805994,3224.372417793245,0.44526006711409394,False,False
Hi4D,/home/shangguanrz/project/pic-edit/datasets/Hi4D_pilot_v1/raw/pair01/fight01/images/52/000042.jpg,pair01/fight01/images/52/000042.jpg,940,1280,940,False,True,0.06842503324468086,232.62391350805197,4022.3399164727393,113.60795646136003,3537.943494149802,person,113.60795646136003,3537.943494149802,0.4460989932885906,False,False
Hi4D,/home/shangguanrz/project/pic-edit/datasets/Hi4D_pilot_v1/raw/pair01/talk01/images/16/000123.jpg,pair01/talk01/images/16/000123.jpg,940,1280,940,False,True,0.06600897606382979,196.57018466954213,3408.141321060505,118.82419233977538,3412.116639946762,person,118.82419233977538,3412.116639946762,0.4471476510067114,False,False
Hi4D,/home/shangguanrz/project/pic-edit/datasets/Hi4D_pilot_v1/raw/pair01/talk01/images/16/000033.jpg,pair01/talk01/images/16/000033.jpg,940,1280,940,False,True,0.07204953457446808,188.98018236697766,3125.5633622839096,120.3093020571079,3368.785534500217,person,120.3093020571079,3368.785534500217,0.4475671140939597,False,False
Hi4D,/home/shangguanrz/project/pic-edit/datasets/Hi4D_pilot_v1/raw/pair00/yoga00/images/4/000066.jpg,pair00/yoga00/images/4/000066.jpg,940,1280,940,False,True,0.05452958776595745,450.8766251557712,5288.684632646276,134.38789789356883,2884.8355859709154,person,134.38789789356883,2884.8355859709154,0.4475671140939598,False,False
Hi4D,/home/shangguanrz/project/pic-edit/datasets/Hi4D_pilot_v1/raw/pair16/talk16/images/16/000093.jpg,pair16/talk16/images/16/000093.jpg,940,1280,940,False,True,0.05267536569148936,275.30469452228516,4457.448211020612,112.5503471053343,3608.2896666927672,person,112.5503471053343,3608.2896666927672,0.44798657718120805,False,False
Hi4D,/home/shangguanrz/project/pic-edit/datasets/Hi4D_pilot_v1/raw/pair02/backhug02/images/64/000142.jpg,pair02/backhug02/images/64/000142.jpg,940,1280,940,False,True,0.060218583776595745,229.61702474394548,4023.5880568484044,138.24114894280913,2847.928457695053,person,138.24114894280913,2847.928457695053,0.4498741610738255,False,False
Hi4D,/home/shangguanrz/project/pic-edit/datasets/Hi4D_pilot_v1/raw/pair16/talk16/images/16/000150.jpg,pair16/talk16/images/16/000150.jpg,940,1280,940,False,True,0.09041306515957447,297.99644026706636,5200.146515541888,132.37665178052083,3018.507345185109,person,132.37665178052083,3018.507345185109,0.4513422818791946,False,False
Hi4D,/home/shangguanrz/project/pic-edit/datasets/Hi4D_pilot_v1/raw/pair01/talk01/images/16/000143.jpg,pair01/talk01/images/16/000143.jpg,940,1280,940,False,True,0.08244763962765958,223.01797928816598,3972.65996924867,119.9309988243132,3421.6003779457537,person,119.9309988243132,3421.6003779457537,0.45176174496644295,False,False
Hi4D,/home/shangguanrz/project/pic-edit/datasets/Hi4D_pilot_v1/raw/pair01/talk01/images/16/000132.jpg,pair01/talk01/images/16/000132.jpg,940,1280,940,False,True,0.06943982712765957,203.04972659759036,3567.298578789894,116.38903616692954,3524.959206857379,person,116.38903616692954,3524.959206857379,0.4521812080536913,False,False
Hi4D,/home/shangguanrz/project/pic-edit/datasets/Hi4D_pilot_v1/raw/pair00/yoga00/images/4/000047.jpg,pair00/yoga00/images/4/000047.jpg,940,1280,940,False,True,0.056717918882978724,708.7055189565007,6927.914706615691,128.91695689112137,3197.773988973517,person,128.91695689112137,3197.773988973517,0.45281040268456374,False,False
Hi4D,/home/shangguanrz/project/pic-edit/datasets/Hi4D_pilot_v1/raw/pair16/talk16/images/16/000020.jpg,pair16/talk16/images/16/000020.jpg,940,1280,940,False,True,0.0547124335106383,283.30219829711183,4729.875249335107,127.0413835822056,3243.6779727606076,person,127.0413835822056,3243.6779727606076,0.45302013422818793,False,False
Hi4D,/home/shangguanrz/project/pic-edit/datasets/Hi4D_pilot_v1/raw/pair16/talk16/images/16/000107.jpg,pair16/talk16/images/16/000107.jpg,940,1280,940,False,True,0.05971326462765957,298.6894530075715,5102.347012134309,117.47709626920054,3505.725164661695,person,117.47709626920054,3505.725164661695,0.45322986577181207,False,False
Hi4D,/home/shangguanrz/project/pic-edit/datasets/Hi4D_pilot_v1/raw/pair02/dance02/images/4/000060.jpg,pair02/dance02/images/4/000060.jpg,940,1280,940,False,True,0.055087267287234044,199.05565784200382,3950.907216173537,125.84688511206053,3273.3448115977867,person,125.84688511206053,3273.3448115977867,0.4540687919463087,False,False
Hi4D,/home/shangguanrz/project/pic-edit/datasets/Hi4D_pilot_v1/raw/pair16/talk16/images/16/000047.jpg,pair16/talk16/images/16/000047.jpg,940,1280,940,False,True,0.057955452127659575,299.1188411509737,5004.186211768617,133.43792086013747,3009.1532862814292,person,133.43792086013747,3009.1532862814292,0.4546979865771812,False,False
Hi4D,/home/shangguanrz/project/pic-edit/datasets/Hi4D_pilot_v1/raw/pair02/dance02/images/4/000036.jpg,pair02/dance02/images/4/000036.jpg,940,1280,940,False,True,0.05361203457446809,195.38275401888518,3899.301498088431,125.10103623729097,3328.9826414139816,person,125.10103623729097,3328.9826414139816,0.45658557046979864,False,False
Hi4D,/home/shangguanrz/project/pic-edit/datasets/Hi4D_pilot_v1/raw/pair01/hug01/images/4/000029.jpg,pair01/hug01/images/4/000029.jpg,940,1280,940,False,True,0.07186751994680851,235.99411779164515,4582.352227393617,121.24005656027367,3445.239077987385,person,121.24005656027367,3445.239077987385,0.45679530201342283,False,False
Hi4D,/home/shangguanrz/project/pic-edit/datasets/Hi4D_pilot_v1/raw/pair16/jump16/images/4/000032.jpg,pair16/jump16/images/4/000032.jpg,940,1280,940,False,True,0.05955535239361702,270.57851331551836,5038.001173952793,122.71644785164159,3403.379230157273,person,122.71644785164159,3403.379230157273,0.457005033557047,False,False
Hi4D,/home/shangguanrz/project/pic-edit/datasets/Hi4D_pilot_v1/raw/pair16/talk16/images/16/000019.jpg,pair16/talk16/images/16/000019.jpg,940,1280,940,False,True,0.05422290558510638,283.75415645362347,4731.05070852726,128.93132972242236,3252.3812737799835,person,128.93132972242236,3252.3812737799835,0.4574244966442953,False,False
Hi4D,/home/shangguanrz/project/pic-edit/datasets/Hi4D_pilot_v1/raw/pair01/hug01/images/4/000085.jpg,pair01/hug01/images/4/000085.jpg,940,1280,940,False,True,0.056612367021276595,182.25414384226283,3604.298132064495,130.5933850255744,3180.7340060033994,person,130.5933850255744,3180.7340060033994,0.45763422818791943,False,False
Hi4D,/home/shangguanrz/project/pic-edit/datasets/Hi4D_pilot_v1/raw/pair10/dance10/images/4/000060.jpg,pair10/dance10/images/4/000060.jpg,940,1280,940,False,True,0.05102310505319149,190.07834492378942,3740.001558344415,104.84694426877859,4057.2064419615726,person,104.84694426877859,4057.2064419615726,0.45784395973154357,False,False
Hi4D,/home/shangguanrz/project/pic-edit/datasets/Hi4D_pilot_v1/raw/pair16/hug16/images/4/000065.jpg,pair16/hug16/images/4/000065.jpg,940,1280,940,False,True,0.050184507978723404,266.0288908312147,4943.915870179521,126.97845595993432,3310.2287428350805,person,126.97845595993432,3310.2287428350805,0.4578439597315436,False,False
Hi4D,/home/shangguanrz/project/pic-edit/datasets/Hi4D_pilot_v1/raw/pair12/highfive12/images/4/000089.jpg,pair12/highfive12/images/4/000089.jpg,940,1280,940,False,True,0.0702701130319149,244.80931198847887,5213.268097573138,127.43541632663279,3303.3678208255456,person,127.43541632663279,3303.3678208255456,0.45826342281879195,False,False
Hi4D,/home/shangguanrz/project/pic-edit/datasets/Hi4D_pilot_v1/raw/pair12/talk12/images/16/000021.jpg,pair12/talk12/images/16/000021.jpg,940,1280,940,False,True,0.038140791223404254,239.03252618288013,4361.734239943484,109.63913730344026,3847.1388044579535,person,109.63913730344026,3847.1388044579535,0.45826342281879195,False,False
Hi4D,/home/shangguanrz/project/pic-edit/datasets/Hi4D_pilot_v1/raw/pair02/backhug02/images/64/000061.jpg,pair02/backhug02/images/64/000061.jpg,940,1280,940,False,True,0.058956948138297875,228.07093447414445,4007.4134703291224,134.17831602041582,3017.1879924565346,person,134.17831602041582,3017.1879924565346,0.4586828859060402,False,False
Hi4D,/home/shangguanrz/project/pic-edit/datasets/Hi4D_pilot_v1/raw/pair12/fight12/images/16/000090.jpg,pair12/fight12/images/16/000090.jpg,940,1280,940,False,True,0.06155003324468085,234.84779421608064,4652.403517702793,113.97075480053425,3695.4633428998363,person,113.97075480053425,3695.4633428998363,0.4588926174496645,False,False
Hi4D,/home/shangguanrz/project/pic-edit/datasets/Hi4D_pilot_v1/raw/pair16/hug16/images/4/000076.jpg,pair16/hug16/images/4/000076.jpg,940,1280,940,False,True,0.05103474069148936,266.20415691961904,4977.547934674202,127.4257307352056,3311.2558856668447,person,127.4257307352056,3311.2558856668447,0.45931208053691275,False,False
Hi4D,/home/shangguanrz/project/pic-edit/datasets/Hi4D_pilot_v1/raw/pair00/hug00/images/4/000029.jpg,pair00/hug00/images/4/000029.jpg,940,1280,940,False,True,0.05448387632978723,593.9509359316731,7263.321091672207,136.00237359130213,2971.493776622227,person,136.00237359130213,2971.493776622227,0.4597315436241611,False,False
Hi4D,/home/shangguanrz/project/pic-edit/datasets/Hi4D_pilot_v1/raw/pair01/talk01/images/16/000035.jpg,pair01/talk01/images/16/000035.jpg,940,1280,940,False,True,0.0717012965425532,185.8137298897415,3113.4202439328456,127.95385758659654,3306.0990487340846,person,127.95385758659654,3306.0990487340846,0.4597315436241611,False,False
Hi4D,/home/shangguanrz/project/pic-edit/datasets/Hi4D_pilot_v1/raw/pair12/highfive12/images/4/000038.jpg,pair12/highfive12/images/4/000038.jpg,940,1280,940,False,True,0.04861702127659574,240.34566296919698,5090.164322224069,122.39567791542416,3443.987396242387,person,122.39567791542416,3443.987396242387,0.4597315436241611,False,False
Hi4D,/home/shangguanrz/project/pic-edit/datasets/Hi4D_pilot_v1/raw/pair10/argue10/images/52/000095.jpg,pair10/argue10/images/52/000095.jpg,940,1280,940,False,True,0.05203374335106383,233.88025131175402,3846.613811087101,135.22715307498612,3014.808505741836,person,135.22715307498612,3014.808505741836,0.460989932885906,False,False
Hi4D,/home/shangguanrz/project/pic-edit/datasets/Hi4D_pilot_v1/raw/pair01/talk01/images/16/000082.jpg,pair01/talk01/images/16/000082.jpg,940,1280,940,False,True,0.0567860704787234,180.2170778013506,3124.571205950798,113.2604292409289,3784.179938550515,person,113.2604292409289,3784.179938550515,0.46140939597315433,False,False
Hi4D,/home/shangguanrz/project/pic-edit/datasets/Hi4D_pilot_v1/raw/pair12/fight12/images/16/000102.jpg,pair12/fight12/images/16/000102.jpg,940,1280,940,False,True,0.07170462101063829,228.76187682267826,4400.292532413564,113.42198301718314,3784.04419994309,person,113.42198301718314,3784.04419994309,0.46203859060402686,False,False
Hi4D,/home/shangguanrz/project/pic-edit/datasets/Hi4D_pilot_v1/raw/pair02/backhug02/images/64/000137.jpg,pair02/backhug02/images/64/000137.jpg,940,1280,940,False,True,0.060227726063829784,230.68328017193352,4005.3666264960107,144.04553638967715,2863.008185092219,person,144.04553638967715,2863.008185092219,0.462248322147651,False,False
Hi4D,/home/shangguanrz/project/pic-edit/datasets/Hi4D_pilot_v1/raw/pair02/dance02/images/4/000083.jpg,pair02/dance02/images/4/000083.jpg,940,1280,940,False,True,0.06870927526595745,207.82987463660453,4148.006222988697,138.3510622597221,2973.648884509818,person,138.3510622597221,2973.648884509818,0.4632969798657718,False,False
Hi4D,/home/shangguanrz/project/pic-edit/datasets/Hi4D_pilot_v1/raw/pair01/talk01/images/16/000130.jpg,pair01/talk01/images/16/000130.jpg,940,1280,940,False,True,0.06973404255319149,201.38157689371707,3549.30840674867,122.83578061311225,3466.7067418610613,person,122.83578061311225,3466.7067418610613,0.4637164429530201,False,False
Hi4D,/home/shangguanrz/project/pic-edit/datasets/Hi4D_pilot_v1/raw/pair02/dance02/images/4/000037.jpg,pair02/dance02/images/4/000037.jpg,940,1280,940,False,True,0.05409408244680851,195.26580560555445,3921.4911070478724,126.98620364421227,3385.6875411583933,person,126.98620364421227,3385.6875411583933,0.46434563758389263,False,False
Hi4D,/home/shangguanrz/project/pic-edit/datasets/Hi4D_pilot_v1/raw/pair16/hug16/images/4/000074.jpg,pair16/hug16/images/4/000074.jpg,940,1280,940,False,True,0.05107214095744681,265.5469053870901,4935.159429022607,129.25578210516483,3338.283996108835,person,129.25578210516483,3338.283996108835,0.46518456375838924,False,False
Hi4D,/home/shangguanrz/project/pic-edit/datasets/Hi4D_pilot_v1/raw/pair02/dance02/images/4/000067.jpg,pair02/dance02/images/4/000067.jpg,940,1280,940,False,True,0.05806432845744681,202.47859665137602,4020.264638048537,129.33648604871385,3349.904091993394,person,129.33648604871385,3349.904091993394,0.46686241610738255,False,False
Hi4D,/home/shangguanrz/project/pic-edit/datasets/Hi4D_pilot_v1/raw/pair12/highfive12/images/4/000102.jpg,pair12/highfive12/images/4/000102.jpg,940,1280,940,False,True,0.07170462101063829,248.17932023220663,5175.524840009974,123.87850492744185,3474.1191311770845,person,123.87850492744185,3474.1191311770845,0.4677013422818792,False,False
Hi4D,/home/shangguanrz/project/pic-edit/datasets/Hi4D_pilot_v1/raw/pair00/hug00/images/4/000061.jpg,pair00/hug00/images/4/000061.jpg,940,1280,940,False,True,0.055008311170212765,567.7345039184788,7182.149320561835,142.41249973277357,2963.9835779595765,person,142.41249973277357,2963.9835779595765,0.46854026845637586,False,False
Hi4D,/home/shangguanrz/project/pic-edit/datasets/Hi4D_pilot_v1/raw/pair16/talk16/images/16/000042.jpg,pair16/talk16/images/16/000042.jpg,940,1280,940,False,True,0.05799783909574468,300.14717731865994,4948.914935172872,133.49894012892923,3225.2775533075765,person,133.49894012892923,3225.2775533075765,0.46854026845637586,False,False
Hi4D,/home/shangguanrz/project/pic-edit/datasets/Hi4D_pilot_v1/raw/pair01/talk01/images/16/000134.jpg,pair01/talk01/images/16/000134.jpg,940,1280,940,False,True,0.07078789893617021,205.92369768054525,3596.147024601064,120.4671515239067,3598.6041133902822,person,120.4671515239067,3598.6041133902822,0.46875,False,False
Hi4D,/home/shangguanrz/project/pic-edit/datasets/Hi4D_pilot_v1/raw/pair16/talk16/images/16/000138.jpg,pair16/talk16/images/16/000138.jpg,940,1280,940,False,True,0.0720703125,275.8641766439525,4621.216090425532,132.35333018263225,3271.616147444278,person,132.35333018263225,3271.616147444278,0.46875,False,False
Hi4D,/home/shangguanrz/project/pic-edit/datasets/Hi4D_pilot_v1/raw/pair02/dance02/images/4/000085.jpg,pair02/dance02/images/4/000085.jpg,940,1280,940,False,True,0.06947307180851064,208.63816171482497,4064.04229346742,138.85133914947562,3044.364256096704,person,138.85133914947562,3044.364256096704,0.46958892617449666,False,False
Hi4D,/home/shangguanrz/project/pic-edit/datasets/Hi4D_pilot_v1/raw/pair01/fight01/images/52/000040.jpg,pair01/fight01/images/52/000040.jpg,940,1280,940,False,True,0.06851146941489361,225.7348676493881,3873.5897190824467,127.45455653551448,3428.3809110090606,person,127.45455653551448,3428.3809110090606,0.47000838926174493,False,False
Hi4D,/home/shangguanrz/project/pic-edit/datasets/Hi4D_pilot_v1/raw/pair01/hug01/images/4/000086.jpg,pair01/hug01/images/4/000086.jpg,940,1280,940,False,True,0.0564985039893617,182.6617187838201,3617.796438663564,135.29656797865633,3150.3002175489487,person,135.29656797865633,3150.3002175489487,0.47042785234899326,False,False
Hi4D,/home/shangguanrz/project/pic-edit/datasets/Hi4D_pilot_v1/raw/pair02/backhug02/images/64/000058.jpg,pair02/backhug02/images/64/000058.jpg,940,1280,940,False,True,0.05995678191489362,228.62103921215478,4072.23505028258,137.59375178917202,3119.270501380922,person,137.59375178917202,3119.270501380922,0.47063758389261745,False,False
Hi4D,/home/shangguanrz/project/pic-edit/datasets/Hi4D_pilot_v1/raw/pair02/dance02/images/4/000124.jpg,pair02/dance02/images/4/000124.jpg,940,1280,940,False,True,0.05716505984042553,236.3014564150434,4415.67003615359,132.6311944782938,3295.24112500419,person,132.6311944782938,3295.24112500419,0.4708473154362416,False,False
Hi4D,/home/shangguanrz/project/pic-edit/datasets/Hi4D_pilot_v1/raw/pair12/highfive12/images/4/000041.jpg,pair12/highfive12/images/4/000041.jpg,940,1280,940,False,True,0.07030668218085107,242.28687088623903,5054.006856715426,129.53999071164944,3395.593658821241,person,129.53999071164944,3395.593658821241,0.4708473154362416,False,False
Hi4D,/home/shangguanrz/project/pic-edit/datasets/Hi4D_pilot_v1/raw/pair16/jump16/images/4/000078.jpg,pair16/jump16/images/4/000078.jpg,940,1280,940,False,True,0.05351811835106383,261.7145204564575,4746.617935505319,113.91845261594487,3934.275436028481,person,113.91845261594487,3934.275436028481,0.4712667785234899,False,False
Hi4D,/home/shangguanrz/project/pic-edit/datasets/Hi4D_pilot_v1/raw/pair01/fight01/images/52/000039.jpg,pair01/fight01/images/52/000039.jpg,940,1280,940,False,True,0.051082114361702124,225.07499195707493,3868.066582862367,122.89252313735359,3545.8608458390177,person,122.89252313735359,3545.8608458390177,0.4714765100671141,False,False
Hi4D,/home/shangguanrz/project/pic-edit/datasets/Hi4D_pilot_v1/raw/pair02/dance02/images/4/000034.jpg,pair02/dance02/images/4/000034.jpg,940,1280,940,False,True,0.05198221409574468,195.7310650252335,3909.788293716755,131.12374916538005,3346.213140766167,person,131.12374916538005,3346.213140766167,0.4714765100671141,False,False
Hi4D,/home/shangguanrz/project/pic-edit/datasets/Hi4D_pilot_v1/raw/pair02/backhug02/images/64/000063.jpg,pair02/backhug02/images/64/000063.jpg,940,1280,940,False,True,0.057256482712765955,227.05236539402497,3987.2615525265956,135.39496124022062,3162.5069620740055,person,135.39496124022062,3162.5069620740055,0.47210570469798663,False,False
Hi4D,/home/shangguanrz/project/pic-edit/datasets/Hi4D_pilot_v1/raw/pair16/talk16/images/16/000066.jpg,pair16/talk16/images/16/000066.jpg,940,1280,940,False,True,0.04988613696808511,274.1619470880117,4534.176165641622,122.62432614804459,3580.1146189186006,person,122.62432614804459,3580.1146189186006,0.4725251677852349,False,False
Hi4D,/home/shangguanrz/project/pic-edit/datasets/Hi4D_pilot_v1/raw/pair28/fight28/images/4/000132.jpg,pair28/fight28/images/4/000132.jpg,940,1280,940,False,True,0.07385555186170213,276.69817837626215,4867.828893783245,134.7473568208596,3211.6717010339967,person,134.7473568208596,3211.6717010339967,0.4725251677852349,False,False
Hi4D,/home/shangguanrz/project/pic-edit/datasets/Hi4D_pilot_v1/raw/pair16/hug16/images/4/000088.jpg,pair16/hug16/images/4/000088.jpg,940,1280,940,False,True,0.05113530585106383,264.1478587515541,4981.297352892288,131.84092249577026,3345.8389329832307,person,131.84092249577026,3345.8389329832307,0.47336409395973156,False,False
Hi4D,/home/shangguanrz/project/pic-edit/datasets/Hi4D_pilot_v1/raw/pair01/fight01/images/52/000047.jpg,pair01/fight01/images/52/000047.jpg,940,1280,940,False,True,0.0537109375,238.2317284326469,4122.137186253324,119.03533626284526,3717.876075529322,person,119.03533626284526,3717.876075529322,0.4735738255033557,False,False
Hi4D,/home/shangguanrz/project/pic-edit/datasets/Hi4D_pilot_v1/raw/pair16/hug16/images/4/000104.jpg,pair16/hug16/images/4/000104.jpg,940,1280,940,False,True,0.050548537234042554,266.3643604894201,4979.235382729388,132.3173932117746,3336.035700677082,person,132.3173932117746,3336.035700677082,0.4735738255033557,False,False
Hi4D,/home/shangguanrz/project/pic-edit/datasets/Hi4D_pilot_v1/raw/pair01/hug01/images/4/000112.jpg,pair01/hug01/images/4/000112.jpg,940,1280,940,False,True,0.07488447473404256,207.90983856029237,4169.554209607712,123.81458684270994,3564.5928624250228,person,123.81458684270994,3564.5928624250228,0.4746224832214765,False,False
Hi4D,/home/shangguanrz/project/pic-edit/datasets/Hi4D_pilot_v1/raw/pair10/dance10/images/4/000062.jpg,pair10/dance10/images/4/000062.jpg,940,1280,940,False,True,0.05104471409574468,190.02584880871063,3753.244421126995,111.34988048011996,4103.704229960271,person,111.34988048011996,4103.704229960271,0.47483221476510074,False,False
Hi4D,/home/shangguanrz/project/pic-edit/datasets/Hi4D_pilot_v1/raw/pair12/highfive12/images/4/000074.jpg,pair12/highfive12/images/4/000074.jpg,940,1280,940,False,True,0.06768284574468085,244.7920712371281,5169.87706740359,127.5188858895442,3479.15644606355,person,127.5188858895442,3479.15644606355,0.47504194630872487,False,False
Hi4D,/home/shangguanrz/project/pic-edit/datasets/Hi4D_pilot_v1/raw/pair02/pose02/images/52/000148.jpg,pair02/pose02/images/52/000148.jpg,940,1280,940,False,True,0.05782912234042553,220.90230204639204,4041.7820291722073,137.7488856679902,3175.69851814001,person,137.7488856679902,3175.69851814001,0.4758808724832215,False,False
Hi4D,/home/shangguanrz/project/pic-edit/datasets/Hi4D_pilot_v1/raw/pair16/jump16/images/4/000054.jpg,pair16/jump16/images/4/000054.jpg,940,1280,940,False,True,0.056614860372340425,247.44430294658545,4620.958984375,132.28062652523934,3381.1791678622667,person,132.28062652523934,3381.1791678622667,0.47651006711409394,False,False
Hi4D,/home/shangguanrz/project/pic-edit/datasets/Hi4D_pilot_v1/raw/pair10/argue10/images/52/000108.jpg,pair10/argue10/images/52/000108.jpg,940,1280,940,False,True,0.05318151595744681,229.87377347898678,3731.8484665890956,141.26658511725051,3122.767335283145,person,141.26658511725051,3122.767335283145,0.47692953020134227,False,False
Hi4D,/home/shangguanrz/project/pic-edit/datasets/Hi4D_pilot_v1/raw/pair16/hug16/images/4/000060.jpg,pair16/hug16/images/4/000060.jpg,940,1280,940,False,True,0.05018367686170213,263.84678812335125,4927.345412234043,132.65213445810178,3364.0726852674607,person,132.65213445810178,3364.0726852674607,0.47713926174496646,False,False
Hi4D,/home/shangguanrz/project/pic-edit/datasets/Hi4D_pilot_v1/raw/pair01/talk01/images/16/000086.jpg,pair01/talk01/images/16/000086.jpg,940,1280,940,False,True,0.0564985039893617,180.64606413144014,3120.433687250665,115.34372478690771,3973.999709934735,person,115.34372478690771,3973.999709934735,0.4775587248322148,False,False
Hi4D,/home/shangguanrz/project/pic-edit/datasets/Hi4D_pilot_v1/raw/pair16/hug16/images/4/000102.jpg,pair16/hug16/images/4/000102.jpg,940,1280,940,False,True,0.05100315824468085,266.75187438143604,4988.732588098404,133.82148376063088,3314.4370707392704,person,133.82148376063088,3314.4370707392704,0.4777684563758389,False,False
Hi4D,/home/shangguanrz/project/pic-edit/datasets/Hi4D_pilot_v1/raw/pair16/talk16/images/16/000022.jpg,pair16/talk16/images/16/000022.jpg,940,1280,940,False,True,0.05573221409574468,284.77149588719595,4740.733949052526,134.92728914910833,3263.171281658203,person,134.92728914910833,3263.171281658203,0.4777684563758389,False,False
Hi4D,/home/shangguanrz/project/pic-edit/datasets/Hi4D_pilot_v1/raw/pair28/basketball28/images/4/000033.jpg,pair28/basketball28/images/4/000033.jpg,940,1280,940,False,True,0.06502659574468085,235.11372524680672,4177.90489943484,132.8528254918181,3378.6024777320613,person,132.8528254918181,3378.6024777320613,0.4783976510067114,False,False
Hi4D,/home/shangguanrz/project/pic-edit/datasets/Hi4D_pilot_v1/raw/pair16/hug16/images/4/000092.jpg,pair16/hug16/images/4/000092.jpg,940,1280,940,False,True,0.05090841090425532,266.5162629573633,4979.430435505319,131.539522414179,3419.256729706313,person,131.539522414179,3419.256729706313,0.4786073825503356,False,False
Hi4D,/home/shangguanrz/project/pic-edit/datasets/Hi4D_pilot_v1/raw/pair16/talk16/images/16/000067.jpg,pair16/talk16/images/16/000067.jpg,940,1280,940,False,True,0.049655917553191486,272.59487242243205,4593.560162483378,125.11960200037947,3582.6176366843033,person,125.11960200037947,3582.6176366843033,0.4790268456375839,False,False
Hi4D,/home/shangguanrz/project/pic-edit/datasets/Hi4D_pilot_v1/raw/pair01/talk01/images/16/000032.jpg,pair01/talk01/images/16/000032.jpg,940,1280,940,False,True,0.07181848404255319,190.358272840206,3158.3335688164893,124.28175529063533,3607.059220195383,person,124.28175529063533,3607.059220195383,0.4794463087248322,False,False
Hi4D,/home/shangguanrz/project/pic-edit/datasets/Hi4D_pilot_v1/raw/pair16/hug16/images/4/000062.jpg,pair16/hug16/images/4/000062.jpg,940,1280,940,False,True,0.05020113031914893,266.74857567553613,4938.785883477393,131.54524477013763,3434.640734448121,person,131.54524477013763,3434.640734448121,0.48049496644295303,False,False
Hi4D,/home/shangguanrz/project/pic-edit/datasets/Hi4D_pilot_v1/raw/pair02/dance02/images/4/000059.jpg,pair02/dance02/images/4/000059.jpg,940,1280,940,False,True,0.055008311170212765,196.90394759747497,3937.6126371343084,133.5991063708528,3363.7990127596163,person,133.5991063708528,3363.7990127596163,0.48091442953020136,False,False
Hi4D,/home/shangguanrz/project/pic-edit/datasets/Hi4D_pilot_v1/raw/pair01/fight01/images/52/000067.jpg,pair01/fight01/images/52/000067.jpg,940,1280,940,False,True,0.03200049867021276,187.34855485834004,3160.9897253158247,126.69717829058506,3584.094250172211,person,126.69717829058506,3584.094250172211,0.48175335570469796,False,False
Hi4D,/home/shangguanrz/project/pic-edit/datasets/Hi4D_pilot_v1/raw/pair16/talk16/images/16/000044.jpg,pair16/talk16/images/16/000044.jpg,940,1280,940,False,True,0.057674534574468084,301.783873920664,4999.89562209109,144.35093923803134,3096.531917329822,person,144.35093923803134,3096.531917329822,0.481753355704698,False,False
Hi4D,/home/shangguanrz/project/pic-edit/datasets/Hi4D_pilot_v1/raw/pair01/talk01/images/16/000136.jpg,pair01/talk01/images/16/000136.jpg,940,1280,940,False,True,0.07279338430851064,209.900059386582,3677.5220973238033,123.46071157060956,3664.0926123733366,person,123.46071157060956,3664.0926123733366,0.4821728187919463,False,False
Hi4D,/home/shangguanrz/project/pic-edit/datasets/Hi4D_pilot_v1/raw/pair01/hug01/images/4/000027.jpg,pair01/hug01/images/4/000027.jpg,940,1280,940,False,True,0.07188081781914894,238.67816907855493,4633.593085106383,126.6207557270419,3605.6821277595113,person,126.6207557270419,3605.6821277595113,0.48301174496644295,False,False
Hi4D,/home/shangguanrz/project/pic-edit/datasets/Hi4D_pilot_v1/raw/pair00/hug00/images/4/000089.jpg,pair00/hug00/images/4/000089.jpg,940,1280,940,False,True,0.047603889627659574,510.60868348571813,5510.906405834441,130.01432507098377,3518.311571076867,person,130.01432507098377,3518.311571076867,0.4838506711409396,False,False
Hi4D,/home/shangguanrz/project/pic-edit/datasets/Hi4D_pilot_v1/raw/pair16/hug16/images/4/000129.jpg,pair16/hug16/images/4/000129.jpg,940,1280,940,False,True,0.05182928856382979,264.09562432380113,4965.652769697474,132.20668511538523,3471.7846017959664,person,132.20668511538523,3471.7846017959664,0.48510906040268453,False,False
Hi4D,/home/shangguanrz/project/pic-edit/datasets/Hi4D_pilot_v1/raw/pair02/dance02/images/4/000148.jpg,pair02/dance02/images/4/000148.jpg,940,1280,940,False,True,0.05782912234042553,236.56549666398996,4364.331574135638,135.86913850650507,3333.88887753364,person,135.86913850650507,3333.88887753364,0.4855285234899329,False,False
Hi4D,/home/shangguanrz/project/pic-edit/datasets/Hi4D_pilot_v1/raw/pair16/hug16/images/4/000090.jpg,pair16/hug16/images/4/000090.jpg,940,1280,940,False,True,0.05072473404255319,264.7418689367026,4988.113748753324,132.26409231432967,3472.740634178505,person,132.26409231432967,3472.740634178505,0.4855285234899329,False,False
Hi4D,/home/shangguanrz/project/pic-edit/datasets/Hi4D_pilot_v1/raw/pair10/dance10/images/4/000112.jpg,pair10/dance10/images/4/000112.jpg,940,1280,940,False,True,0.05387383643617021,241.50525335695696,4650.410686087101,120.57809401960508,3868.268264254744,person,120.57809401960508,3868.268264254744,0.4863674496644295,False,False
Hi4D,/home/shangguanrz/project/pic-edit/datasets/Hi4D_pilot_v1/raw/pair16/hug16/images/4/000125.jpg,pair16/hug16/images/4/000125.jpg,940,1280,940,False,True,0.05059258643617021,262.2865676205317,4943.560546875,132.8874879914253,3461.381950016344,person,132.8874879914253,3461.381950016344,0.4865771812080537,False,False
Hi4D,/home/shangguanrz/project/pic-edit/datasets/Hi4D_pilot_v1/raw/pair16/hug16/images/4/000106.jpg,pair16/hug16/images/4/000106.jpg,940,1280,940,False,True,0.05028839760638298,267.54540444043715,4995.822359125665,135.33433386973084,3362.5276823214967,person,135.33433386973084,3362.5276823214967,0.48678691275167785,False,False
Hi4D,/home/shangguanrz/project/pic-edit/datasets/Hi4D_pilot_v1/raw/pair02/backhug02/images/64/000065.jpg,pair02/backhug02/images/64/000065.jpg,940,1280,940,False,True,0.05567902260638298,229.22133905413244,4000.0877763464096,142.20728995801858,3242.2345027161496,person,142.20728995801858,3242.2345027161496,0.4874161073825503,False,False
Hi4D,/home/shangguanrz/project/pic-edit/datasets/Hi4D_pilot_v1/raw/pair00/hug00/images/4/000062.jpg,pair00/hug00/images/4/000062.jpg,940,1280,940,False,True,0.05483710106382979,565.6273356644261,7200.319159325133,147.8316657674492,3068.673297718485,person,147.8316657674492,3068.673297718485,0.48741610738255037,False,False
Hi4D,/home/shangguanrz/project/pic-edit/datasets/Hi4D_pilot_v1/raw/pair01/talk01/images/16/000138.jpg,pair01/talk01/images/16/000138.jpg,940,1280,940,False,True,0.07515209441489362,214.20676986768592,3701.3183801529253,124.7729444176525,3694.563850101444,person,124.7729444176525,3694.563850101444,0.48741610738255037,False,False
Hi4D,/home/shangguanrz/project/pic-edit/datasets/Hi4D_pilot_v1/raw/pair12/fight12/images/16/000030.jpg,pair12/fight12/images/16/000030.jpg,940,1280,940,False,True,0.044566988031914896,224.71081368809328,4371.454226230053,110.71108158200231,4356.458997406652,person,110.71108158200231,4356.458997406652,0.48741610738255037,False,False
Hi4D,/home/shangguanrz/project/pic-edit/datasets/Hi4D_pilot_v1/raw/pair16/hug16/images/4/000127.jpg,pair16/hug16/images/4/000127.jpg,940,1280,940,False,True,0.05094165558510638,262.8524083929021,4952.999750664893,132.93637371272516,3464.570675823688,person,132.93637371272516,3464.570675823688,0.48741610738255037,False,False
Hi4D,/home/shangguanrz/project/pic-edit/datasets/Hi4D_pilot_v1/raw/pair16/talk16/images/16/000091.jpg,pair16/talk16/images/16/000091.jpg,940,1280,940,False,True,0.04996758643617021,273.288619541701,4355.893294963431,122.04804274687794,3842.541273843455,person,122.04804274687794,3842.541273843455,0.48783557046979864,False,False
Hi4D,/home/shangguanrz/project/pic-edit/datasets/Hi4D_pilot_v1/raw/pair28/fight28/images/4/000130.jpg,pair28/fight28/images/4/000130.jpg,940,1280,940,False,True,0.07266871675531915,267.70467580176955,4778.329018450798,137.81927687131736,3360.6694579469795,person,137.81927687131736,3360.6694579469795,0.4899328859060402,False,False
Hi4D,/home/shangguanrz/project/pic-edit/datasets/Hi4D_pilot_v1/raw/pair00/yoga00/images/4/000036.jpg,pair00/yoga00/images/4/000036.jpg,940,1280,940,False,True,0.05403257978723404,858.0694577725238,8808.41496633976,144.0031051940277,3244.887554485323,person,144.0031051940277,3244.887554485323,0.49161073825503354,False,False
Hi4D,/home/shangguanrz/project/pic-edit/datasets/Hi4D_pilot_v1/raw/pair00/yoga00/images/4/000101.jpg,pair00/yoga00/images/4/000101.jpg,940,1280,940,False,True,0.05311835106382979,527.5247251242737,5473.29724900266,148.19819707304043,3127.7814178482067,person,148.19819707304043,3127.7814178482067,0.492239932885906,False,False
Hi4D,/home/shangguanrz/project/pic-edit/datasets/Hi4D_pilot_v1/raw/pair00/yoga00/images/4/000087.jpg,pair00/yoga00/images/4/000087.jpg,940,1280,940,False,True,0.04618101728723404,555.9861030893502,5774.900369847074,148.1916505470266,3134.732066726426,person,148.1916505470266,3134.732066726426,0.49265939597315433,False,False
Hi4D,/home/shangguanrz/project/pic-edit/datasets/Hi4D_pilot_v1/raw/pair16/talk16/images/16/000041.jpg,pair16/talk16/images/16/000041.jpg,940,1280,940,False,True,0.057699468085106384,295.89886882540975,4852.748150764628,143.8194817717216,3268.4642783307245,person,143.8194817717216,3268.4642783307245,0.49265939597315433,False,False
Hi4D,/home/shangguanrz/project/pic-edit/datasets/Hi4D_pilot_v1/raw/pair16/talk16/images/16/000024.jpg,pair16/talk16/images/16/000024.jpg,940,1280,940,False,True,0.05653257978723404,283.7696323195913,4747.254072473404,141.24422714153118,3337.728190655378,person,141.24422714153118,3337.728190655378,0.493498322147651,False,False
Hi4D,/home/shangguanrz/project/pic-edit/datasets/Hi4D_pilot_v1/raw/pair01/talk01/images/16/000051.jpg,pair01/talk01/images/16/000051.jpg,940,1280,940,False,True,0.062134308510638295,176.3545133897815,3081.504913979388,117.31356759409982,4179.157530864198,person,117.31356759409982,4179.157530864198,0.49412751677852346,False,False
Hi4D,/home/shangguanrz/project/pic-edit/datasets/Hi4D_pilot_v1/raw/pair00/hug00/images/4/000026.jpg,pair00/hug00/images/4/000026.jpg,940,1280,940,False,True,0.05619847074468085,597.9757509481966,7246.325278424202,147.67945543749832,3174.6325975041104,person,147.67945543749832,3174.6325975041104,0.49433724832214765,False,False
Hi4D,/home/shangguanrz/project/pic-edit/datasets/Hi4D_pilot_v1/raw/pair02/dance02/images/4/000087.jpg,pair02/dance02/images/4/000087.jpg,940,1280,940,False,True,0.07020861037234043,200.95825518057214,3918.7839822972073,146.0539664735792,3239.687672766717,person,146.0539664735792,3239.687672766717,0.49538590604026844,False,False
Hi4D,/home/shangguanrz/project/pic-edit/datasets/Hi4D_pilot_v1/raw/pair16/hug16/images/4/000115.jpg,pair16/hug16/images/4/000115.jpg,940,1280,940,False,True,0.050733876329787236,265.8779429860275,4972.686544215426,133.7374073352673,3515.9515126150905,person,133.7374073352673,3515.9515126150905,0.49538590604026844,False,False
Hi4D,/home/shangguanrz/project/pic-edit/datasets/Hi4D_pilot_v1/raw/pair28/fight28/images/4/000109.jpg,pair28/fight28/images/4/000109.jpg,940,1280,940,False,True,0.03552526595744681,237.14221927058165,4390.128916638962,152.33551727327472,3045.7037444003045,person,152.33551727327472,3045.7037444003045,0.4964345637583893,False,False
Hi4D,/home/shangguanrz/project/pic-edit/datasets/Hi4D_pilot_v1/raw/pair01/talk01/images/16/000038.jpg,pair01/talk01/images/16/000038.jpg,940,1280,940,False,True,0.06968500664893618,186.2145394637554,3134.6717607214096,130.22610619377957,3654.5658893461364,person,130.22610619377957,3654.5658893461364,0.4966442953020134,False,False
Hi4D,/home/shangguanrz/project/pic-edit/datasets/Hi4D_pilot_v1/raw/pair16/hug16/images/4/000113.jpg,pair16/hug16/images/4/000113.jpg,940,1280,940,False,True,0.05069315159574468,264.8813833525247,4969.326525099734,134.61712493284867,3493.385730910393,person,134.61712493284867,3493.385730910393,0.49685402684563756,False,False
Hi4D,/home/shangguanrz/project/pic-edit/datasets/Hi4D_pilot_v1/raw/pair01/talk01/images/16/000040.jpg,pair01/talk01/images/16/000040.jpg,940,1280,940,False,True,0.06851146941489361,184.47642216004093,3135.452366605718,131.02158210161068,3640.166625294775,person,131.02158210161068,3640.166625294775,0.4972734899328859,False,False
Hi4D,/home/shangguanrz/project/pic-edit/datasets/Hi4D_pilot_v1/raw/pair16/talk16/images/16/000017.jpg,pair16/talk16/images/16/000017.jpg,940,1280,940,False,True,0.053360206117021275,281.84537461460746,4702.241003158245,137.18433416948548,3445.986810990841,person,137.18433416948548,3445.986810990841,0.4972734899328859,False,False
Hi4D,/home/shangguanrz/project/pic-edit/datasets/Hi4D_pilot_v1/raw/pair28/fight28/images/4/000137.jpg,pair28/fight28/images/4/000137.jpg,940,1280,940,False,True,0.07814494680851064,282.55747023919633,5008.834618101729,141.47973356548698,3383.41659460882,person,141.47973356548698,3383.41659460882,0.49811241610738255,False,False
Hi4D,/home/shangguanrz/project/pic-edit/datasets/Hi4D_pilot_v1/raw/pair02/pose02/images/52/000122.jpg,pair02/pose02/images/52/000122.jpg,940,1280,940,False,True,0.05915309175531915,220.17038414280248,4020.6422145113033,128.04747720776257,3781.7273292354444,person,128.04747720776257,3781.7273292354444,0.4983221476510067,False,False
Hi4D,/home/shangguanrz/project/pic-edit/datasets/Hi4D_pilot_v1/raw/pair28/fight28/images/4/000108.jpg,pair28/fight28/images/4/000108.jpg,940,1280,940,False,True,0.036581615691489364,235.49214047441762,4382.18475731383,148.28480518333328,3227.225555059463,person,148.28480518333328,3227.225555059463,0.49874161073825507,False,False
Hi4D,/home/shangguanrz/project/pic-edit/datasets/Hi4D_pilot_v1/raw/pair16/hug16/images/4/000141.jpg,pair16/hug16/images/4/000141.jpg,940,1280,940,False,True,0.05168716755319149,261.74993633641117,4934.029078706782,133.52478597015914,3567.7720822727406,person,133.52478597015914,3567.7720822727406,0.4989513422818792,False,False
Hi4D,/home/shangguanrz/project/pic-edit/datasets/Hi4D_pilot_v1/raw/pair00/yoga00/images/4/000089.jpg,pair00/yoga00/images/4/000089.jpg,940,1280,940,False,True,0.047603889627659574,548.6377356094491,5648.575413480718,152.94521309967604,3089.2119084526307,person,152.94521309967604,3089.2119084526307,0.49937080536912754,False,False
Hi4D,/home/shangguanrz/project/pic-edit/datasets/Hi4D_pilot_v1/raw/pair16/jump16/images/4/000015.jpg,pair16/jump16/images/4/000015.jpg,940,1280,940,False,True,0.06200216090425532,288.9097297114989,5371.532922623005,122.8356496627919,4017.914437851818,person,122.8356496627919,4017.914437851818,0.49958053691275167,False,False
Hi4D,/home/shangguanrz/project/pic-edit/datasets/Hi4D_pilot_v1/raw/pair16/hug16/images/4/000051.jpg,pair16/hug16/images/4/000051.jpg,940,1280,940,False,True,0.05164228723404255,262.7888389514172,4912.037659990026,142.06278983426884,3395.591948025718,person,142.06278983426884,3395.591948025718,0.49979026845637586,False,False
Hi4D,/home/shangguanrz/project/pic-edit/datasets/Hi4D_pilot_v1/raw/pair28/fight28/images/4/000129.jpg,pair28/fight28/images/4/000129.jpg,940,1280,940,False,True,0.07170378989361702,267.0247915597079,4764.935702709441,141.20051224435838,3417.0058486809357,person,141.20051224435838,3417.0058486809357,0.5,False,False
Hi4D,/home/shangguanrz/project/pic-edit/datasets/Hi4D_pilot_v1/raw/pair16/talk16/images/16/000109.jpg,pair16/talk16/images/16/000109.jpg,940,1280,940,False,True,0.05995927526595745,297.9768878734722,5153.041753241357,127.95933971976875,3829.97077073808,person,127.95933971976875,3829.97077073808,0.5014681208053691,False,False
Hi4D,/home/shangguanrz/project/pic-edit/datasets/Hi4D_pilot_v1/raw/pair12/fight12/images/16/000099.jpg,pair12/fight12/images/16/000099.jpg,940,1280,940,False,True,0.06774684175531914,228.86073445129747,4378.111619015957,128.3851182334696,3828.902236679527,person,128.3851182334696,3828.902236679527,0.5014681208053692,False,False
Hi4D,/home/shangguanrz/project/pic-edit/datasets/Hi4D_pilot_v1/raw/pair02/dance02/images/4/000039.jpg,pair02/dance02/images/4/000039.jpg,940,1280,940,False,True,0.05460106382978724,194.49662252927376,3888.7448262965427,135.88483805559457,3512.9727210588453,person,135.88483805559457,3512.9727210588453,0.5020973154362416,False,False
Hi4D,/home/shangguanrz/project/pic-edit/datasets/Hi4D_pilot_v1/raw/pair16/hug16/images/4/000145.jpg,pair16/hug16/images/4/000145.jpg,940,1280,940,False,True,0.05120927526595745,263.38270763629913,4977.72314453125,133.9915422211241,3587.9824096952584,person,133.9915422211241,3587.9824096952584,0.5027265100671141,False,False
Hi4D,/home/shangguanrz/project/pic-edit/datasets/Hi4D_pilot_v1/raw/pair02/dance02/images/4/000081.jpg,pair02/dance02/images/4/000081.jpg,940,1280,940,False,True,0.06812749335106383,208.09812105894633,4003.223238031915,148.6603210598705,3262.544311797753,person,148.6603210598705,3262.544311797753,0.5029362416107382,False,False
Hi4D,/home/shangguanrz/project/pic-edit/datasets/Hi4D_pilot_v1/raw/pair28/fight28/images/4/000134.jpg,pair28/fight28/images/4/000134.jpg,940,1280,940,False,True,0.07440159574468085,279.08796778970196,4862.409148520612,143.18714772809074,3406.498662916229,person,143.18714772809074,3406.498662916229,0.5031459731543624,False,False
Hi4D,/home/shangguanrz/project/pic-edit/datasets/Hi4D_pilot_v1/raw/pair01/fight01/images/52/000020.jpg,pair01/fight01/images/52/000020.jpg,940,1280,940,False,True,0.048517287234042555,220.76715130328913,3852.4203478224736,129.41105993661049,3803.1314176766987,person,129.41105993661049,3803.1314176766987,0.5035654362416108,False,False
Hi4D,/home/shangguanrz/project/pic-edit/datasets/Hi4D_pilot_v1/raw/pair12/talk12/images/16/000020.jpg,pair12/talk12/images/16/000020.jpg,940,1280,940,False,True,0.03757729388297872,237.01448175808918,4345.729616855053,121.18546988209049,4175.107547884902,person,121.18546988209049,4175.107547884902,0.5035654362416108,False,False
Hi4D,/home/shangguanrz/project/pic-edit/datasets/Hi4D_pilot_v1/raw/pair02/dance02/images/4/000122.jpg,pair02/dance02/images/4/000122.jpg,940,1280,940,False,True,0.05915309175531915,238.95689067842196,4535.907205784574,141.3143095512781,3445.7338213965054,person,141.3143095512781,3445.7338213965054,0.5037751677852349,False,False
Hi4D,/home/shangguanrz/project/pic-edit/datasets/Hi4D_pilot_v1/raw/pair16/hug16/images/4/000143.jpg,pair16/hug16/images/4/000143.jpg,940,1280,940,False,True,0.05181848404255319,262.273665433774,4933.889679604388,134.12651949307096,3594.8814873094966,person,134.12651949307096,3594.8814873094966,0.503984899328859,False,False
Hi4D,/home/shangguanrz/project/pic-edit/datasets/Hi4D_pilot_v1/raw/pair16/talk16/images/16/000025.jpg,pair16/talk16/images/16/000025.jpg,940,1280,940,False,True,0.05650598404255319,284.4598076532145,4764.626246675532,142.23334362574823,3437.4265457853626,person,142.23334362574823,3437.4265457853626,0.5046140939597316,False,False
Hi4D,/home/shangguanrz/project/pic-edit/datasets/Hi4D_pilot_v1/raw/pair01/talk01/images/16/000037.jpg,pair01/talk01/images/16/000037.jpg,940,1280,940,False,True,0.07053108377659574,186.95575058055502,3131.372080701463,133.919744366817,3619.392833523718,person,133.919744366817,3619.392833523718,0.5048238255033557,False,False
Hi4D,/home/shangguanrz/project/pic-edit/datasets/Hi4D_pilot_v1/raw/pair12/highfive12/images/4/000100.jpg,pair12/highfive12/images/4/000100.jpg,940,1280,940,False,True,0.06867686170212765,248.5740122483995,5165.502877742686,132.3905959335938,3699.8520164716647,person,132.3905959335938,3699.8520164716647,0.5050335570469798,False,False
Hi4D,/home/shangguanrz/project/pic-edit/datasets/Hi4D_pilot_v1/raw/pair02/dance02/images/4/000088.jpg,pair02/dance02/images/4/000088.jpg,940,1280,940,False,True,0.07051695478723405,203.0808141611453,3908.015147107713,148.69453304053914,3284.919091579206,person,148.69453304053914,3284.919091579206,0.505243288590604,False,False
Hi4D,/home/shangguanrz/project/pic-edit/datasets/Hi4D_pilot_v1/raw/pair01/talk01/images/16/000067.jpg,pair01/talk01/images/16/000067.jpg,940,1280,940,False,True,0.03200049867021276,186.20490687591783,3262.307627576463,124.32253051339742,4029.214473844159,person,124.32253051339742,4029.214473844159,0.5052432885906041,False,False
Hi4D,/home/shangguanrz/project/pic-edit/datasets/Hi4D_pilot_v1/raw/pair28/fight28/images/4/000135.jpg,pair28/fight28/images/4/000135.jpg,940,1280,940,False,True,0.07601396276595744,280.2480407166719,4897.317777593085,144.47589787509563,3399.1846263950947,person,144.47589787509563,3399.1846263950947,0.5054530201342282,False,False
Hi4D,/home/shangguanrz/project/pic-edit/datasets/Hi4D_pilot_v1/raw/pair01/fight01/images/52/000077.jpg,pair01/fight01/images/52/000077.jpg,940,1280,940,False,True,0.028946143617021275,199.1743109783958,3371.1505360704787,129.27199896154798,3894.222522881019,person,129.27199896154798,3894.222522881019,0.5058724832214765,False,False
Hi4D,/home/shangguanrz/project/pic-edit/datasets/Hi4D_pilot_v1/raw/pair28/fight28/images/4/000145.jpg,pair28/fight28/images/4/000145.jpg,940,1280,940,False,True,0.07827210771276595,283.14383881679754,5004.077906831782,145.04219492031663,3387.2445216611554,person,145.04219492031663,3387.2445216611554,0.5058724832214765,False,False
Hi4D,/home/shangguanrz/project/pic-edit/datasets/Hi4D_pilot_v1/raw/pair16/jump16/images/4/000023.jpg,pair16/jump16/images/4/000023.jpg,940,1280,940,False,True,0.05808261303191489,268.38901861113845,5127.309830036569,130.09221362960153,3829.307622621975,person,130.09221362960153,3829.307622621975,0.5062919463087248,False,False
Hi4D,/home/shangguanrz/project/pic-edit/datasets/Hi4D_pilot_v1/raw/pair00/yoga00/images/4/000043.jpg,pair00/yoga00/images/4/000043.jpg,940,1280,940,False,True,0.056395445478723404,770.1598069724747,7732.015676944814,141.56164806833746,3465.1714633639253,person,141.56164806833746,3465.1714633639253,0.5062919463087249,False,False
Hi4D,/home/shangguanrz/project/pic-edit/datasets/Hi4D_pilot_v1/raw/pair01/talk01/images/16/000080.jpg,pair01/talk01/images/16/000080.jpg,940,1280,940,False,True,0.05780418882978723,179.518963566297,3158.9962391954787,124.31255904763975,4103.6738975817925,person,124.31255904763975,4103.6738975817925,0.5085989932885906,False,False
Hi4D,/home/shangguanrz/project/pic-edit/datasets/Hi4D_pilot_v1/raw/pair00/hug00/images/4/000028.jpg,pair00/hug00/images/4/000028.jpg,940,1280,940,False,True,0.0551063829787234,595.1678214239392,7251.658629072474,149.3405180319884,3310.948390281358,person,149.3405180319884,3310.948390281358,0.5092281879194631,False,False
Hi4D,/home/shangguanrz/project/pic-edit/datasets/Hi4D_pilot_v1/raw/pair01/fight01/images/52/000041.jpg,pair01/fight01/images/52/000041.jpg,940,1280,940,False,True,0.054434840425531913,232.29621992018392,3992.515147107713,129.59209822440553,3937.584992802303,person,129.59209822440553,3937.584992802303,0.5100671140939597,False,False
Hi4D,/home/shangguanrz/project/pic-edit/datasets/Hi4D_pilot_v1/raw/pair00/yoga00/images/4/000038.jpg,pair00/yoga00/images/4/000038.jpg,940,1280,940,False,True,0.05458194813829787,855.8325855693919,8700.835688164894,133.83085732912474,3706.8678536821703,person,133.83085732912474,3706.8678536821703,0.5109060402684564,False,False
Hi4D,/home/shangguanrz/project/pic-edit/datasets/Hi4D_pilot_v1/raw/pair02/dance02/images/4/000090.jpg,pair02/dance02/images/4/000090.jpg,940,1280,940,False,True,0.07026097074468085,202.92945250106536,3934.063029837101,150.6017630948881,3306.7509178198247,person,150.6017630948881,3306.7509178198247,0.5111157718120806,False,False
Hi4D,/home/shangguanrz/project/pic-edit/datasets/Hi4D_pilot_v1/raw/pair02/dance02/images/4/000108.jpg,pair02/dance02/images/4/000108.jpg,940,1280,940,False,True,0.06950382313829787,200.5280800365441,3974.943400930851,147.27850921789798,3403.0159829515183,person,147.27850921789798,3403.0159829515183,0.5111157718120806,False,False
Hi4D,/home/shangguanrz/project/pic-edit/datasets/Hi4D_pilot_v1/raw/pair16/jump16/images/4/000012.jpg,pair16/jump16/images/4/000012.jpg,940,1280,940,False,True,0.060798703457446805,280.20300936752875,5012.481954371676,121.73850196100668,4285.038229131874,person,121.73850196100668,4285.038229131874,0.511535234899329,False,False
Hi4D,/home/shangguanrz/project/pic-edit/datasets/Hi4D_pilot_v1/raw/pair02/dance02/images/4/000041.jpg,pair02/dance02/images/4/000041.jpg,940,1280,940,False,True,0.05514045877659574,193.70896292347993,3879.135243517287,136.40281951359248,3627.1259053783324,person,136.40281951359248,3627.1259053783324,0.5123741610738255,False,False
Hi4D,/home/shangguanrz/project/pic-edit/datasets/Hi4D_pilot_v1/raw/pair02/dance02/images/4/000095.jpg,pair02/dance02/images/4/000095.jpg,940,1280,940,False,True,0.07094996675531914,202.85178972736855,4101.568006150266,150.26116497138972,3326.4859662630365,person,150.26116497138972,3326.4859662630365,0.5123741610738255,False,False
Hi4D,/home/shangguanrz/project/pic-edit/datasets/Hi4D_pilot_v1/raw/pair01/talk01/images/16/000078.jpg,pair01/talk01/images/16/000078.jpg,940,1280,940,False,True,0.057578125,186.83105589589047,3269.6749293550533,127.55804300195425,4076.8490525253983,person,127.55804300195425,4076.8490525253983,0.5125838926174497,False,False
Hi4D,/home/shangguanrz/project/pic-edit/datasets/Hi4D_pilot_v1/raw/pair01/hug01/images/4/000025.jpg,pair01/hug01/images/4/000025.jpg,940,1280,940,False,True,0.07151346409574467,236.42677650509947,4594.295015375665,133.24465520673078,3783.202844047479,person,133.24465520673078,3783.202844047479,0.513003355704698,False,False
Hi4D,/home/shangguanrz/project/pic-edit/datasets/Hi4D_pilot_v1/raw/pair12/fight12/images/16/000018.jpg,pair12/fight12/images/16/000018.jpg,940,1280,940,False,True,0.05618018617021277,218.65064598856713,4050.676009807181,130.0829289018416,3993.8758677734777,person,130.0829289018416,3993.8758677734777,0.5136325503355704,False,False
Hi4D,/home/shangguanrz/project/pic-edit/datasets/Hi4D_pilot_v1/raw/pair12/fight12/images/16/000016.jpg,pair12/fight12/images/16/000016.jpg,940,1280,940,False,True,0.055741356382978724,215.5268577069867,3988.0297643783247,129.20721362742879,4030.859169855755,person,129.20721362742879,4030.859169855755,0.5138422818791946,False,False
Hi4D,/home/shangguanrz/project/pic-edit/datasets/Hi4D_pilot_v1/raw/pair02/dance02/images/4/000032.jpg,pair02/dance02/images/4/000032.jpg,940,1280,940,False,True,0.051085438829787236,197.28896691400897,3925.227320894282,143.5208109779343,3517.5132247213246,person,143.5208109779343,3517.5132247213246,0.514261744966443,False,False
Hi4D,/home/shangguanrz/project/pic-edit/datasets/Hi4D_pilot_v1/raw/pair16/talk16/images/16/000038.jpg,pair16/talk16/images/16/000038.jpg,940,1280,940,False,True,0.05565907579787234,289.5510007302218,4782.63927443484,147.3264620264239,3428.1913971742542,person,147.3264620264239,3428.1913971742542,0.514261744966443,False,False
Hi4D,/home/shangguanrz/project/pic-edit/datasets/Hi4D_pilot_v1/raw/pair16/talk16/images/16/000034.jpg,pair16/talk16/images/16/000034.jpg,940,1280,940,False,True,0.05479886968085106,288.7223158766642,4800.099432762633,146.44468388673644,3451.8132034489568,person,146.44468388673644,3451.8132034489568,0.5146812080536913,False,False
Hi4D,/home/shangguanrz/project/pic-edit/datasets/Hi4D_pilot_v1/raw/pair12/highfive12/images/4/000019.jpg,pair12/highfive12/images/4/000019.jpg,940,1280,940,False,True,0.06429853723404255,246.8973219022323,5205.948834358378,134.53042123993197,3718.9993605683835,person,134.53042123993197,3718.9993605683835,0.5148909395973154,False,False
Hi4D,/home/shangguanrz/project/pic-edit/datasets/Hi4D_pilot_v1/raw/pair01/hug01/images/4/000024.jpg,pair01/hug01/images/4/000024.jpg,940,1280,940,False,True,0.0708876329787234,236.59426278879658,4581.873555934176,133.12383162248992,3829.072113969506,person,133.12383162248992,3829.072113969506,0.5153104026845637,False,False
Hi4D,/home/shangguanrz/project/pic-edit/datasets/Hi4D_pilot_v1/raw/pair02/dance02/images/4/000106.jpg,pair02/dance02/images/4/000106.jpg,940,1280,940,False,True,0.07115857712765958,204.69305621449797,4072.2000706449467,151.48297258093848,3355.899904198738,person,151.48297258093848,3355.899904198738,0.5165687919463087,False,False
Hi4D,/home/shangguanrz/project/pic-edit/datasets/Hi4D_pilot_v1/raw/pair02/dance02/images/4/000092.jpg,pair02/dance02/images/4/000092.jpg,940,1280,940,False,True,0.07045545212765958,203.4037388429592,4052.5485372340427,150.80157805876374,3381.229580808618,person,150.80157805876374,3381.229580808618,0.5174077181208054,False,False
Hi4D,/home/shangguanrz/project/pic-edit/datasets/Hi4D_pilot_v1/raw/pair16/talk16/images/16/000039.jpg,pair16/talk16/images/16/000039.jpg,940,1280,940,False,True,0.056292386968085105,288.4996364699494,4775.319668384309,149.58549329100344,3404.9528307673436,person,149.58549329100344,3404.9528307673436,0.5176174496644296,False,False
Hi4D,/home/shangguanrz/project/pic-edit/datasets/Hi4D_pilot_v1/raw/pair09/bend09/images/88/000106.jpg,pair09/bend09/images/88/000106.jpg,940,1280,940,False,True,0.023160738031914894,352.2363749028548,4845.328384724069,179.1966790534254,2862.009774594481,person,179.1966790534254,2862.009774594481,0.5178271812080537,False,False
Hi4D,/home/shangguanrz/project/pic-edit/datasets/Hi4D_pilot_v1/raw/pair02/dance02/images/4/000018.jpg,pair02/dance02/images/4/000018.jpg,940,1280,940,False,True,0.05374750664893617,214.16918297632077,4166.619088680186,134.16277371735043,3796.8712073749216,person,134.16277371735043,3796.8712073749216,0.5184563758389261,False,False
Hi4D,/home/shangguanrz/project/pic-edit/datasets/Hi4D_pilot_v1/raw/pair16/talk16/images/16/000111.jpg,pair16/talk16/images/16/000111.jpg,940,1280,940,False,True,0.06006316489361702,299.78610012138955,5097.308240525266,133.06345881783898,3922.714238556338,person,133.06345881783898,3922.714238556338,0.5192953020134228,False,False
Hi4D,/home/shangguanrz/project/pic-edit/datasets/Hi4D_pilot_v1/raw/pair14/dance14/images/16/000131.jpg,pair14/dance14/images/16/000131.jpg,940,1280,940,False,True,0.0866938164893617,284.0159485366831,4712.395964926862,140.75827826144462,3638.6250336312814,person,140.75827826144462,3638.6250336312814,0.519505033557047,False,False
Hi4D,/home/shangguanrz/project/pic-edit/datasets/Hi4D_pilot_v1/raw/pair12/highfive12/images/4/000091.jpg,pair12/highfive12/images/4/000091.jpg,940,1280,940,False,True,0.06826878324468084,247.2203567533161,5229.18036278258,134.20935437274792,3818.0922696512234,person,134.20935437274792,3818.0922696512234,0.5197147651006712,False,False
Hi4D,/home/shangguanrz/project/pic-edit/datasets/Hi4D_pilot_v1/raw/pair16/talk16/images/16/000033.jpg,pair16/talk16/images/16/000033.jpg,940,1280,940,False,True,0.05498753324468085,284.9747015821173,4771.974734042553,147.04682193782858,3503.220604777344,person,147.04682193782858,3503.220604777344,0.5197147651006712,False,False
Hi4D,/home/shangguanrz/project/pic-edit/datasets/Hi4D_pilot_v1/raw/pair16/talk16/images/16/000036.jpg,pair16/talk16/images/16/000036.jpg,940,1280,940,False,True,0.055045711436170215,286.1476009020227,4753.013277094415,149.18619501062545,3442.0787682333876,person,149.18619501062545,3442.0787682333876,0.5199244966442953,False,False
Hi4D,/home/shangguanrz/project/pic-edit/datasets/Hi4D_pilot_v1/raw/pair16/talk16/images/16/000089.jpg,pair16/talk16/images/16/000089.jpg,940,1280,940,False,True,0.047085272606382976,274.53936311679496,4390.904702044548,130.31074415220755,4084.017143022616,person,130.31074415220755,4084.017143022616,0.5199244966442953,False,False
Hi4D,/home/shangguanrz/project/pic-edit/datasets/Hi4D_pilot_v1/raw/pair01/fight01/images/52/000001.jpg,pair01/fight01/images/52/000001.jpg,940,1280,940,False,True,0.05654753989361702,242.0592320229522,4291.387258976064,130.23853411925847,4086.5695238642566,person,130.23853411925847,4086.5695238642566,0.5201342281879194,False,False
Hi4D,/home/shangguanrz/project/pic-edit/datasets/Hi4D_pilot_v1/raw/pair16/talk16/images/16/000030.jpg,pair16/talk16/images/16/000030.jpg,940,1280,940,False,True,0.05547789228723404,284.7767179412451,4784.07470703125,146.5426669445378,3510.5090969235857,person,146.5426669445378,3510.5090969235857,0.5203439597315436,False,False
Hi4D,/home/shangguanrz/project/pic-edit/datasets/Hi4D_pilot_v1/raw/pair16/talk16/images/16/000031.jpg,pair16/talk16/images/16/000031.jpg,940,1280,940,False,True,0.055286735372340426,285.92430745405863,4792.059653424202,147.37974342454274,3497.461268770259,person,147.37974342454274,3497.461268770259,0.5203439597315436,False,False
Hi4D,/home/shangguanrz/project/pic-edit/datasets/Hi4D_pilot_v1/raw/pair02/dance02/images/4/000099.jpg,pair02/dance02/images/4/000099.jpg,940,1280,940,False,True,0.07088347739361703,201.1007509252074,4088.1871779421544,151.96701271277723,3389.196457718354,person,151.96701271277723,3389.196457718354,0.5205536912751678,False,False
Hi4D,/home/shangguanrz/project/pic-edit/datasets/Hi4D_pilot_v1/raw/pair12/fight12/images/16/000052.jpg,pair12/fight12/images/16/000052.jpg,940,1280,940,False,True,0.051153590425531914,215.86797877810238,4134.412659990026,130.2605332700447,4100.298742138365,person,130.2605332700447,4100.298742138365,0.520763422818792,False,False
Hi4D,/home/shangguanrz/project/pic-edit/datasets/Hi4D_pilot_v1/raw/pair28/fight28/images/4/000139.jpg,pair28/fight28/images/4/000139.jpg,940,1280,940,False,True,0.0783809840425532,285.0645562530697,5059.321278673538,148.29522970203945,3475.352820013482,person,148.29522970203945,3475.352820013482,0.5211828859060402,False,False
Hi4D,/home/shangguanrz/project/pic-edit/datasets/Hi4D_pilot_v1/raw/pair28/fight28/images/4/000077.jpg,pair28/fight28/images/4/000077.jpg,940,1280,940,False,True,0.07687084441489361,266.2570156137724,4890.768004072474,149.07333418388419,3472.829439391237,person,149.07333418388419,3472.829439391237,0.5226510067114094,False,False
Hi4D,/home/shangguanrz/project/pic-edit/datasets/Hi4D_pilot_v1/raw/pair28/fight28/images/4/000140.jpg,pair28/fight28/images/4/000140.jpg,940,1280,940,False,True,0.07824966755319149,286.9785515373516,5091.215841090426,147.83356130967542,3506.7945398829975,person,147.83356130967542,3506.7945398829975,0.5226510067114094,False,False
Hi4D,/home/shangguanrz/project/pic-edit/datasets/Hi4D_pilot_v1/raw/pair02/pose02/images/52/000150.jpg,pair02/pose02/images/52/000150.jpg,940,1280,940,False,True,0.05997174202127659,219.8383786575781,4031.0526097074467,152.43419948201097,3405.695615924408,person,152.43419948201097,3405.695615924408,0.5232802013422819,False,False
Hi4D,/home/shangguanrz/project/pic-edit/datasets/Hi4D_pilot_v1/raw/pair12/highfive12/images/4/000095.jpg,pair12/highfive12/images/4/000095.jpg,940,1280,940,False,True,0.0650531914893617,249.32002853980268,5435.520424700798,143.9754253041042,3621.1384523868537,person,143.9754253041042,3621.1384523868537,0.5239093959731543,False,False
Hi4D,/home/shangguanrz/project/pic-edit/datasets/Hi4D_pilot_v1/raw/pair09/bend09/images/88/000120.jpg,pair09/bend09/images/88/000120.jpg,940,1280,940,False,True,0.015649933510638297,347.1912859121616,4819.32635887633,191.43627409870027,2790.1390173410405,person,191.43627409870027,2790.1390173410405,0.5245385906040269,False,False
Hi4D,/home/shangguanrz/project/pic-edit/datasets/Hi4D_pilot_v1/raw/pair12/fight12/images/16/000012.jpg,pair12/fight12/images/16/000012.jpg,940,1280,940,False,True,0.05418966090425532,203.11600491381594,3764.146203873005,130.02458175039504,4184.477117701854,person,130.02458175039504,4184.477117701854,0.5245385906040269,False,False
Hi4D,/home/shangguanrz/project/pic-edit/datasets/Hi4D_pilot_v1/raw/pair28/fight28/images/4/000080.jpg,pair28/fight28/images/4/000080.jpg,940,1280,940,False,True,0.07612117686170213,255.8393437738277,4716.587942569814,149.08003051721366,3499.4539108106483,person,149.08003051721366,3499.4539108106483,0.524748322147651,False,False
Hi4D,/home/shangguanrz/project/pic-edit/datasets/Hi4D_pilot_v1/raw/pair01/fight01/images/52/000003.jpg,pair01/fight01/images/52/000003.jpg,940,1280,940,False,True,0.056206781914893617,243.29562827222972,4305.349266539229,131.38036793497545,4113.300535998841,person,131.38036793497545,4113.300535998841,0.5249580536912752,False,False
Hi4D,/home/shangguanrz/project/pic-edit/datasets/Hi4D_pilot_v1/raw/pair28/basketball28/images/4/000030.jpg,pair28/basketball28/images/4/000030.jpg,940,1280,940,False,True,0.0643392619680851,241.69515552052334,4162.919776429521,149.14400212621706,3505.099369982032,person,149.14400212621706,3505.099369982032,0.5253775167785235,False,False
Hi4D,/home/shangguanrz/project/pic-edit/datasets/Hi4D_pilot_v1/raw/pair01/talk01/images/16/000104.jpg,pair01/talk01/images/16/000104.jpg,940,1280,940,False,True,0.06523853058510638,194.24632425465265,3346.788563829787,133.35147674506052,4018.090588123032,person,133.35147674506052,4018.090588123032,0.5257969798657718,False,False
Hi4D,/home/shangguanrz/project/pic-edit/datasets/Hi4D_pilot_v1/raw/pair28/fight28/images/4/000127.jpg,pair28/fight28/images/4/000127.jpg,940,1280,940,False,True,0.06918467420212766,260.5004186526366,4661.652894365026,146.85316709396972,3582.783546395339,person,146.85316709396972,3582.783546395339,0.5266359060402684,False,False
Hi4D,/home/shangguanrz/project/pic-edit/datasets/Hi4D_pilot_v1/raw/pair16/talk16/images/16/000136.jpg,pair16/talk16/images/16/000136.jpg,940,1280,940,False,True,0.06956117021276596,277.51063763474707,4665.794921875,146.28673809688385,3602.051925433787,person,146.28673809688385,3602.051925433787,0.5270553691275168,False,False
Hi4D,/home/shangguanrz/project/pic-edit/datasets/Hi4D_pilot_v1/raw/pair16/talk16/images/16/000027.jpg,pair16/talk16/images/16/000027.jpg,940,1280,940,False,True,0.056115359042553194,285.9792364706493,4774.043685588431,150.2215500662623,3499.0740933316,person,150.2215500662623,3499.0740933316,0.527265100671141,False,False
Hi4D,/home/shangguanrz/project/pic-edit/datasets/Hi4D_pilot_v1/raw/pair16/talk16/images/16/000028.jpg,pair16/talk16/images/16/000028.jpg,940,1280,940,False,True,0.05585688164893617,283.3212179620647,4755.302100648271,148.64359460165804,3534.0377172195895,person,148.64359460165804,3534.0377172195895,0.5278942953020134,False,False
Hi4D,/home/shangguanrz/project/pic-edit/datasets/Hi4D_pilot_v1/raw/pair01/fight01/images/52/000002.jpg,pair01/fight01/images/52/000002.jpg,940,1280,940,False,True,0.05638464095744681,243.4456375913147,4307.769635139628,132.66053989885287,4113.376977254358,person,132.66053989885287,4113.376977254358,0.5291526845637584,False,False
Hi4D,/home/shangguanrz/project/pic-edit/datasets/Hi4D_pilot_v1/raw/pair16/talk16/images/16/000016.jpg,pair16/talk16/images/16/000016.jpg,940,1280,940,False,True,0.052969581117021276,283.4619555681633,4723.772076545878,144.83582691172566,3653.8624445340865,person,144.83582691172566,3653.8624445340865,0.5293624161073825,False,False
Hi4D,/home/shangguanrz/project/pic-edit/datasets/Hi4D_pilot_v1/raw/pair01/fight01/images/52/000004.jpg,pair01/fight01/images/52/000004.jpg,940,1280,940,False,True,0.056029753989361705,243.87876971602276,4321.703395113032,131.27596965963795,4215.32695041634,person,131.27596965963795,4215.32695041634,0.5304110738255033,False,False
Hi4D,/home/shangguanrz/project/pic-edit/datasets/Hi4D_pilot_v1/raw/pair28/fight28/images/4/000116.jpg,pair28/fight28/images/4/000116.jpg,940,1280,940,False,True,0.06278008643617021,241.12885272497508,4356.956324800532,144.78179377119744,3682.4287167283965,person,144.78179377119744,3682.4287167283965,0.5304110738255033,False,False
Hi4D,/home/shangguanrz/project/pic-edit/datasets/Hi4D_pilot_v1/raw/pair09/bend09/images/88/000118.jpg,pair09/bend09/images/88/000118.jpg,940,1280,940,False,True,0.013555518617021277,357.11433478673166,4878.791327293883,182.26042250056918,2965.4590776900704,person,182.26042250056918,2965.4590776900704,0.5306208053691275,False,False
Hi4D,/home/shangguanrz/project/pic-edit/datasets/Hi4D_pilot_v1/raw/pair01/fight01/images/52/000015.jpg,pair01/fight01/images/52/000015.jpg,940,1280,940,False,True,0.047547373670212764,229.39838925955144,3999.188040226064,132.0944133164237,4199.32890938651,person,132.0944133164237,4199.32890938651,0.5308305369127517,False,False
Hi4D,/home/shangguanrz/project/pic-edit/datasets/Hi4D_pilot_v1/raw/pair02/dance02/images/4/000094.jpg,pair02/dance02/images/4/000094.jpg,940,1280,940,False,True,0.07084441489361702,204.41008740388304,4138.317102310505,156.33154669116973,3400.665191740413,person,156.33154669116973,3400.665191740413,0.5308305369127517,False,False
Hi4D,/home/shangguanrz/project/pic-edit/datasets/Hi4D_pilot_v1/raw/pair16/hug16/images/4/000043.jpg,pair16/hug16/images/4/000043.jpg,940,1280,940,False,True,0.06062250664893617,264.8357863235981,5145.340996924867,141.4476809495941,3794.1124205122223,person,141.4476809495941,3794.1124205122223,0.5308305369127517,False,False
Hi4D,/home/shangguanrz/project/pic-edit/datasets/Hi4D_pilot_v1/raw/pair16/talk16/images/16/000112.jpg,pair16/talk16/images/16/000112.jpg,940,1280,940,False,True,0.060196974734042556,297.8207001518804,5049.394770196143,136.71814781242654,3958.811777671028,person,136.71814781242654,3958.811777671028,0.5308305369127517,False,False
Hi4D,/home/shangguanrz/project/pic-edit/datasets/Hi4D_pilot_v1/raw/pair02/dance02/images/4/000097.jpg,pair02/dance02/images/4/000097.jpg,940,1280,940,False,True,0.07093833111702127,202.54156586432035,4093.103255900931,155.69975248020958,3413.460945709282,person,155.69975248020958,3413.460945709282,0.53125,False,False
Hi4D,/home/shangguanrz/project/pic-edit/datasets/Hi4D_pilot_v1/raw/pair16/hug16/images/4/000029.jpg,pair16/hug16/images/4/000029.jpg,940,1280,940,False,True,0.05772440159574468,285.66622232494984,5233.914187167553,140.55466461477548,3831.906408120934,person,140.55466461477548,3831.906408120934,0.53125,False,False
Hi4D,/home/shangguanrz/project/pic-edit/datasets/Hi4D_pilot_v1/raw/pair28/fight28/images/4/000068.jpg,pair28/fight28/images/4/000068.jpg,940,1280,940,False,True,0.08128823138297872,282.244036128263,5111.224557430186,154.24062132671963,3454.4329252505827,person,154.24062132671963,3454.4329252505827,0.53125,False,False
Hi4D,/home/shangguanrz/project/pic-edit/datasets/Hi4D_pilot_v1/raw/pair28/fight28/images/4/000143.jpg,pair28/fight28/images/4/000143.jpg,940,1280,940,False,True,0.0780892619680851,287.51794546831786,5093.953000332447,150.18861751884467,3530.611890597523,person,150.18861751884467,3530.611890597523,0.53125,False,False
Hi4D,/home/shangguanrz/project/pic-edit/datasets/Hi4D_pilot_v1/raw/pair02/dance02/images/4/000046.jpg,pair02/dance02/images/4/000046.jpg,940,1280,940,False,True,0.05434341755319149,195.32803048381658,3959.75067528258,143.22907139204935,3762.6651666877933,person,143.22907139204935,3762.6651666877933,0.5314597315436242,False,False
Hi4D,/home/shangguanrz/project/pic-edit/datasets/Hi4D_pilot_v1/raw/pair12/fight12/images/16/000088.jpg,pair12/fight12/images/16/000088.jpg,940,1280,940,False,True,0.06027426861702127,237.29934103683735,4724.395757147607,129.32361966636964,4349.696771557009,person,129.32361966636964,4349.696771557009,0.5316694630872483,False,False
Hi4D,/home/shangguanrz/project/pic-edit/datasets/Hi4D_pilot_v1/raw/pair02/backhug02/images/64/000101.jpg,pair02/backhug02/images/64/000101.jpg,940,1280,940,False,True,0.07093833111702127,260.01335780995095,4603.279379986702,164.2806019068627,3302.021925152067,person,164.2806019068627,3302.021925152067,0.5320889261744967,False,False
Hi4D,/home/shangguanrz/project/pic-edit/datasets/Hi4D_pilot_v1/raw/pair16/hug16/images/4/000040.jpg,pair16/hug16/images/4/000040.jpg,940,1280,940,False,True,0.05970246010638298,275.9641156483689,5188.704849567819,141.2934788920895,3840.936231191784,person,141.2934788920895,3840.936231191784,0.5329278523489933,False,False
Hi4D,/home/shangguanrz/project/pic-edit/datasets/Hi4D_pilot_v1/raw/pair09/bend09/images/88/000108.jpg,pair09/bend09/images/88/000108.jpg,940,1280,940,False,True,0.019947639627659573,355.08744681240375,4938.942974983378,174.18533458843368,3151.1932428973637,person,174.18533458843368,3151.1932428973637,0.5331375838926175,False,False
Hi4D,/home/shangguanrz/project/pic-edit/datasets/Hi4D_pilot_v1/raw/pair12/highfive12/images/4/000017.jpg,pair12/highfive12/images/4/000017.jpg,940,1280,940,False,True,0.06364112367021277,250.00366254411924,5284.572598071809,139.94500305234618,3914.4212182995316,person,139.94500305234618,3914.4212182995316,0.5335570469798657,False,False
Hi4D,/home/shangguanrz/project/pic-edit/datasets/Hi4D_pilot_v1/raw/pair28/basketball28/images/4/000026.jpg,pair28/basketball28/images/4/000026.jpg,940,1280,940,False,True,0.06308095079787233,270.36190936283697,4583.73955909242,144.55559723596883,3739.5419440745673,person,144.55559723596883,3739.5419440745673,0.5339765100671141,False,False
Hi4D,/home/shangguanrz/project/pic-edit/datasets/Hi4D_pilot_v1/raw/pair28/fight28/images/4/000147.jpg,pair28/fight28/images/4/000147.jpg,940,1280,940,False,True,0.0786577460106383,281.0493987010258,4978.044942652926,151.58560104966764,3531.2991741046626,person,151.58560104966764,3531.2991741046626,0.5341862416107382,False,False
Hi4D,/home/shangguanrz/project/pic-edit/datasets/Hi4D_pilot_v1/raw/pair02/dance02/images/4/000013.jpg,pair02/dance02/images/4/000013.jpg,940,1280,940,False,True,0.05328374335106383,218.07966600642482,4203.303856382979,138.7902709521666,3959.0796380901193,person,138.7902709521666,3959.0796380901193,0.5343959731543624,False,False
Hi4D,/home/shangguanrz/project/pic-edit/datasets/Hi4D_pilot_v1/raw/pair00/yoga00/images/4/000091.jpg,pair00/yoga00/images/4/000091.jpg,940,1280,940,False,True,0.04974318484042553,545.3631966354728,5552.214947639628,167.40468527121712,3294.56345647377,person,167.40468527121712,3294.56345647377,0.5348154362416108,False,False
Hi4D,/home/shangguanrz/project/pic-edit/datasets/Hi4D_pilot_v1/raw/pair10/dance10/images/4/000099.jpg,pair10/dance10/images/4/000099.jpg,940,1280,940,False,True,0.05218583776595745,250.47611243134443,4697.51472116024,121.9773448702323,4752.395370200257,person,121.9773448702323,4752.395370200257,0.5373322147651006,False,False
Hi4D,/home/shangguanrz/project/pic-edit/datasets/Hi4D_pilot_v1/raw/pair02/dance02/images/4/000110.jpg,pair02/dance02/images/4/000110.jpg,940,1280,940,False,True,0.06846160239361702,202.34811714384662,3950.377181682181,152.32521724782654,3573.6873478913153,person,152.32521724782654,3573.6873478913153,0.5373322147651007,False,False
Hi4D,/home/shangguanrz/project/pic-edit/datasets/Hi4D_pilot_v1/raw/pair28/fight28/images/4/000065.jpg,pair28/fight28/images/4/000065.jpg,940,1280,940,False,True,0.08118932845744681,285.40525176580155,5078.254030917553,155.08697032110422,3505.216620519205,person,155.08697032110422,3505.216620519205,0.5375419463087248,False,False
Hi4D,/home/shangguanrz/project/pic-edit/datasets/Hi4D_pilot_v1/raw/pair02/dance02/images/4/000015.jpg,pair02/dance02/images/4/000015.jpg,940,1280,940,False,True,0.05342087765957447,216.68928144265752,4194.803970661569,139.64290859720873,4002.349355146883,person,139.64290859720873,4002.349355146883,0.537751677852349,False,False
Hi4D,/home/shangguanrz/project/pic-edit/datasets/Hi4D_pilot_v1/raw/pair12/fight12/images/16/000014.jpg,pair12/fight12/images/16/000014.jpg,940,1280,940,False,True,0.055044880319148934,213.62328757671497,3890.217596825133,133.78496739925583,4205.156092049711,person,133.78496739925583,4205.156092049711,0.5379614093959731,False,False
Hi4D,/home/shangguanrz/project/pic-edit/datasets/Hi4D_pilot_v1/raw/pair14/talk14/images/4/000030.jpg,pair14/talk14/images/4/000030.jpg,940,1280,940,False,True,0.057008809840425535,290.0316648178642,5258.992332945479,146.42276186333768,3753.066351050857,person,146.42276186333768,3753.066351050857,0.5379614093959733,False,False
Hi4D,/home/shangguanrz/project/pic-edit/datasets/Hi4D_pilot_v1/raw/pair01/fight01/images/52/000044.jpg,pair01/fight01/images/52/000044.jpg,940,1280,940,False,True,0.05418633643617021,232.60111967496823,4042.877160904255,134.2780052786343,4162.071815916752,person,134.2780052786343,4162.071815916752,0.5381711409395973,False,False
Hi4D,/home/shangguanrz/project/pic-edit/datasets/Hi4D_pilot_v1/raw/pair02/dance02/images/4/000101.jpg,pair02/dance02/images/4/000101.jpg,940,1280,940,False,True,0.07093833111702127,200.16863216615573,4092.8763609541224,154.6778420161872,3521.053575724252,person,154.6778420161872,3521.053575724252,0.5390100671140939,False,False
Hi4D,/home/shangguanrz/project/pic-edit/datasets/Hi4D_pilot_v1/raw/pair28/fight28/images/4/000062.jpg,pair28/fight28/images/4/000062.jpg,940,1280,940,False,True,0.08155335771276596,288.52436582205144,5142.421168550532,152.88595435480684,3577.2676550412643,person,152.88595435480684,3577.2676550412643,0.5392197986577181,False,False
Hi4D,/home/shangguanrz/project/pic-edit/datasets/Hi4D_pilot_v1/raw/pair16/hug16/images/4/000046.jpg,pair16/hug16/images/4/000046.jpg,940,1280,940,False,True,0.05839511303191489,256.4547032674226,4904.661236702128,146.75414122103672,3781.5039494470775,person,146.75414122103672,3781.5039494470775,0.5396392617449665,False,False
Hi4D,/home/shangguanrz/project/pic-edit/datasets/Hi4D_pilot_v1/raw/pair02/dance02/images/4/000080.jpg,pair02/dance02/images/4/000080.jpg,940,1280,940,False,True,0.06786735372340426,205.63395763034458,3956.050012466755,158.6360583154428,3461.7536409896475,person,158.6360583154428,3461.7536409896475,0.5398489932885906,False,False
Hi4D,/home/shangguanrz/project/pic-edit/datasets/Hi4D_pilot_v1/raw/pair12/highfive12/images/4/000059.jpg,pair12/highfive12/images/4/000059.jpg,940,1280,940,False,True,0.06469414893617022,251.87263393464158,5410.752805019947,135.30577476210857,4126.503762842746,person,135.30577476210857,4126.503762842746,0.5398489932885906,False,False
Hi4D,/home/shangguanrz/project/pic-edit/datasets/Hi4D_pilot_v1/raw/pair28/basketball28/images/4/000031.jpg,pair28/basketball28/images/4/000031.jpg,940,1280,940,False,True,0.06482380319148937,247.1293774065306,4260.963908743351,141.87723696756436,3971.2569089511057,person,141.87723696756436,3971.2569089511057,0.5398489932885906,False,False
Hi4D,/home/shangguanrz/project/pic-edit/datasets/Hi4D_pilot_v1/raw/pair01/talk01/images/16/000097.jpg,pair01/talk01/images/16/000097.jpg,940,1280,940,False,True,0.05934923537234042,184.09850260670657,3247.8329039228724,132.96953716659235,4287.666608942611,person,132.96953716659235,4287.666608942611,0.5402684563758389,False,False
Hi4D,/home/shangguanrz/project/pic-edit/datasets/Hi4D_pilot_v1/raw/pair02/dance02/images/4/000071.jpg,pair02/dance02/images/4/000071.jpg,940,1280,940,False,True,0.06114777260638298,208.97402519691903,4108.523718001995,152.54508849902692,3588.468832550002,person,152.54508849902692,3588.468832550002,0.5402684563758389,False,False
Hi4D,/home/shangguanrz/project/pic-edit/datasets/Hi4D_pilot_v1/raw/pair01/fight01/images/52/000005.jpg,pair01/fight01/images/52/000005.jpg,940,1280,940,False,True,0.05579621010638298,245.09150450658126,4342.953395113032,134.04399418043528,4236.753700345171,person,134.04399418043528,4236.753700345171,0.5411073825503355,False,False
Hi4D,/home/shangguanrz/project/pic-edit/datasets/Hi4D_pilot_v1/raw/pair01/hug01/images/4/000019.jpg,pair01/hug01/images/4/000019.jpg,940,1280,940,False,True,0.06810837765957446,232.93361310054402,4475.585667386968,139.14795483331193,4076.1433891409797,person,139.14795483331193,4076.1433891409797,0.5411073825503356,False,False
Hi4D,/home/shangguanrz/project/pic-edit/datasets/Hi4D_pilot_v1/raw/pair28/fight28/images/4/000126.jpg,pair28/fight28/images/4/000126.jpg,940,1280,940,False,True,0.0677169215425532,259.68990974029083,4610.547404837101,148.3052915891378,3727.717875169546,person,148.3052915891378,3727.717875169546,0.5411073825503356,False,False
Hi4D,/home/shangguanrz/project/pic-edit/datasets/Hi4D_pilot_v1/raw/pair02/dance02/images/4/000016.jpg,pair02/dance02/images/4/000016.jpg,940,1280,940,False,True,0.05381815159574468,216.03522327182083,4174.462495844415,140.6045582573027,4027.7074904481237,person,140.6045582573027,4027.7074904481237,0.5413171140939597,False,False
Hi4D,/home/shangguanrz/project/pic-edit/datasets/Hi4D_pilot_v1/raw/pair02/dance02/images/4/000150.jpg,pair02/dance02/images/4/000150.jpg,940,1280,940,False,True,0.05997174202127659,239.758575354161,4422.710677775931,151.88569438459157,3626.2298339470576,person,151.88569438459157,3626.2298339470576,0.541736577181208,False,False
Hi4D,/home/shangguanrz/project/pic-edit/datasets/Hi4D_pilot_v1/raw/pair02/dance02/images/4/000057.jpg,pair02/dance02/images/4/000057.jpg,940,1280,940,False,True,0.05457862367021277,199.0290518503968,3973.1593355219416,145.36875163095573,3846.3593076298193,person,145.36875163095573,3846.3593076298193,0.5423657718120805,False,False
Hi4D,/home/shangguanrz/project/pic-edit/datasets/Hi4D_pilot_v1/raw/pair02/dance02/images/4/000044.jpg,pair02/dance02/images/4/000044.jpg,940,1280,940,False,True,0.05521193484042553,191.3295786565329,3896.9496446974736,145.0409493846313,3897.842012329234,person,145.0409493846313,3897.842012329234,0.5425755033557047,False,False
Hi4D,/home/shangguanrz/project/pic-edit/datasets/Hi4D_pilot_v1/raw/pair14/talk14/images/4/000029.jpg,pair14/talk14/images/4/000029.jpg,940,1280,940,False,True,0.05649102393617021,289.0071483312176,5289.417885638298,148.33052370155667,3757.071813939924,person,148.33052370155667,3757.071813939924,0.5427852348993288,False,False
Hi4D,/home/shangguanrz/project/pic-edit/datasets/Hi4D_pilot_v1/raw/pair02/dance02/images/4/000050.jpg,pair02/dance02/images/4/000050.jpg,940,1280,940,False,True,0.05318484042553191,195.4733134390758,3915.7473612034573,144.97419920001818,3904.1043405136165,person,144.97419920001818,3904.1043405136165,0.542994966442953,False,False
Hi4D,/home/shangguanrz/project/pic-edit/datasets/Hi4D_pilot_v1/raw/pair14/talk14/images/4/000028.jpg,pair14/talk14/images/4/000028.jpg,940,1280,940,False,True,0.05574800531914893,284.96217017208306,5273.07316946476,147.31621817822727,3798.4524616745284,person,147.31621817822727,3798.4524616745284,0.5432046979865772,False,False
Hi4D,/home/shangguanrz/project/pic-edit/datasets/Hi4D_pilot_v1/raw/pair01/talk01/images/16/000140.jpg,pair01/talk01/images/16/000140.jpg,940,1280,940,False,True,0.07696476063829787,225.78463069490851,3962.2894780585107,135.24798729721198,4212.6030709495235,person,135.24798729721198,4212.6030709495235,0.5438338926174497,False,False
Hi4D,/home/shangguanrz/project/pic-edit/datasets/Hi4D_pilot_v1/raw/pair02/backhug02/images/64/000088.jpg,pair02/backhug02/images/64/000088.jpg,940,1280,940,False,True,0.07051695478723405,257.18972061143404,4561.146567486702,163.54139501405356,3461.9748674927164,person,163.54139501405356,3461.9748674927164,0.545511744966443,False,False
Hi4D,/home/shangguanrz/project/pic-edit/datasets/Hi4D_pilot_v1/raw/pair01/fight01/images/52/000018.jpg,pair01/fight01/images/52/000018.jpg,940,1280,940,False,True,0.04817569813829787,221.807870793607,3842.8526429521276,138.48540755366696,4159.090643473534,person,138.48540755366696,4159.090643473534,0.5457214765100671,False,False
Hi4D,/home/shangguanrz/project/pic-edit/datasets/Hi4D_pilot_v1/raw/pair00/yoga00/images/4/000022.jpg,pair00/yoga00/images/4/000022.jpg,940,1280,940,False,True,0.05679271941489362,766.675146743473,8539.332613031915,148.90292341254846,3787.7766807102794,person,148.90292341254846,3787.7766807102794,0.5463506711409396,False,False
Hi4D,/home/shangguanrz/project/pic-edit/datasets/Hi4D_pilot_v1/raw/pair28/basketball28/images/4/000023.jpg,pair28/basketball28/images/4/000023.jpg,940,1280,940,False,True,0.06184507978723404,282.5851100361849,4727.193411319814,141.23130234085926,4106.899118749696,person,141.23130234085926,4106.899118749696,0.5463506711409396,False,False
Hi4D,/home/shangguanrz/project/pic-edit/datasets/Hi4D_pilot_v1/raw/pair02/dance02/images/4/000069.jpg,pair02/dance02/images/4/000069.jpg,940,1280,940,False,True,0.059864527925531916,209.11606434698615,4104.760503241357,149.70918719948088,3780.636110029843,person,149.70918719948088,3780.636110029843,0.5467701342281879,False,False
Hi4D,/home/shangguanrz/project/pic-edit/datasets/Hi4D_pilot_v1/raw/pair01/hug01/images/4/000022.jpg,pair01/hug01/images/4/000022.jpg,940,1280,940,False,True,0.06960688164893616,234.53210522306614,4547.319668384309,144.0857034471611,4011.111683276285,person,144.0857034471611,4011.111683276285,0.5469798657718121,False,False
Hi4D,/home/shangguanrz/project/pic-edit/datasets/Hi4D_pilot_v1/raw/pair28/fight28/images/4/000023.jpg,pair28/fight28/images/4/000023.jpg,940,1280,940,False,True,0.06184507978723404,275.6329990997203,4954.94061668883,143.8369687209655,4024.975266566045,person,143.8369687209655,4024.975266566045,0.5469798657718121,False,False
Hi4D,/home/shangguanrz/project/pic-edit/datasets/Hi4D_pilot_v1/raw/pair02/dance02/images/4/000078.jpg,pair02/dance02/images/4/000078.jpg,940,1280,940,False,True,0.06669132313829787,206.4654707409721,3983.623140375665,157.2947037930468,3566.5785646538097,person,157.2947037930468,3566.5785646538097,0.5471895973154363,False,False
Hi4D,/home/shangguanrz/project/pic-edit/datasets/Hi4D_pilot_v1/raw/pair02/pose02/images/52/000062.jpg,pair02/pose02/images/52/000062.jpg,940,1280,940,False,True,0.05545046542553191,222.23230200687541,3849.4697057845747,143.45575107165848,4043.650228867867,person,143.45575107165848,4043.650228867867,0.5471895973154363,False,False
Hi4D,/home/shangguanrz/project/pic-edit/datasets/Hi4D_pilot_v1/raw/pair16/talk16/images/16/000087.jpg,pair16/talk16/images/16/000087.jpg,940,1280,940,False,True,0.04596160239361702,273.12777579621303,4410.597064079122,133.40118419432147,4423.372380440624,person,133.40118419432147,4423.372380440624,0.5473993288590604,False,False
Hi4D,/home/shangguanrz/project/pic-edit/datasets/Hi4D_pilot_v1/raw/pair02/dance02/images/4/000053.jpg,pair02/dance02/images/4/000053.jpg,940,1280,940,False,True,0.05316323138297872,196.23064971150933,3932.495636635638,145.5896232816064,3970.466109623512,person,145.5896232816064,3970.466109623512,0.5476090604026846,False,False
Hi4D,/home/shangguanrz/project/pic-edit/datasets/Hi4D_pilot_v1/raw/pair12/fight12/images/16/000010.jpg,pair12/fight12/images/16/000010.jpg,940,1280,940,False,True,0.05323387632978723,204.0700333166738,3771.844196725399,134.79860119049175,4285.2038605116995,person,134.79860119049175,4285.2038605116995,0.5476090604026846,False,False
Hi4D,/home/shangguanrz/project/pic-edit/datasets/Hi4D_pilot_v1/raw/pair01/fight01/images/52/000007.jpg,pair01/fight01/images/52/000007.jpg,940,1280,940,False,True,0.055121343085106383,244.54001242499803,4360.630568484043,133.8712812127354,4381.819176792492,person,133.8712812127354,4381.819176792492,0.5478187919463087,False,False
Hi4D,/home/shangguanrz/project/pic-edit/datasets/Hi4D_pilot_v1/raw/pair00/yoga00/images/4/000092.jpg,pair00/yoga00/images/4/000092.jpg,940,1280,940,False,True,0.05070728058510638,541.5506139900306,5538.17431640625,174.87400650482655,3333.8332999298527,person,174.87400650482655,3333.8332999298527,0.5480285234899329,False,False
Hi4D,/home/shangguanrz/project/pic-edit/datasets/Hi4D_pilot_v1/raw/pair02/dance02/images/4/000011.jpg,pair02/dance02/images/4/000011.jpg,940,1280,940,False,True,0.05343500664893617,217.86643307602418,4199.051529255319,143.28594449217576,4082.304052847706,person,143.28594449217576,4082.304052847706,0.5480285234899329,False,False
Hi4D,/home/shangguanrz/project/pic-edit/datasets/Hi4D_pilot_v1/raw/pair28/fight28/images/4/000142.jpg,pair28/fight28/images/4/000142.jpg,940,1280,940,False,True,0.07811918218085107,287.2131170364136,5091.916649351729,153.99293456454276,3651.147328272819,person,153.99293456454276,3651.147328272819,0.5480285234899329,False,False
Hi4D,/home/shangguanrz/project/pic-edit/datasets/Hi4D_pilot_v1/raw/pair12/fight12/images/16/000065.jpg,pair12/fight12/images/16/000065.jpg,940,1280,940,False,True,0.06471326462765957,229.51476423658897,4417.918145362367,137.88134395142993,4222.551537681649,person,137.88134395142993,4222.551537681649,0.5486577181208054,False,False
Hi4D,/home/shangguanrz/project/pic-edit/datasets/Hi4D_pilot_v1/raw/pair12/fight12/images/16/000032.jpg,pair12/fight12/images/16/000032.jpg,940,1280,940,False,True,0.04673038563829787,225.36369299381337,4293.42375540226,122.98139390252082,4906.156322393823,person,122.98139390252082,4906.156322393823,0.5488674496644296,False,False
Hi4D,/home/shangguanrz/project/pic-edit/datasets/Hi4D_pilot_v1/raw/pair16/talk16/images/16/000114.jpg,pair16/talk16/images/16/000114.jpg,940,1280,940,False,True,0.06120096409574468,291.0400939298302,4948.446237117686,142.8778345473827,4100.881993954257,person,142.8778345473827,4100.881993954257,0.5490771812080537,False,False
Hi4D,/home/shangguanrz/project/pic-edit/datasets/Hi4D_pilot_v1/raw/pair01/hug01/images/4/000125.jpg,pair01/hug01/images/4/000125.jpg,940,1280,940,False,True,0.06691572473404256,235.20075070040423,4600.718583776596,138.0457849830772,4241.9481765273595,person,138.0457849830772,4241.9481765273595,0.5499161073825504,False,False
Hi4D,/home/shangguanrz/project/pic-edit/datasets/Hi4D_pilot_v1/raw/pair12/highfive12/images/4/000040.jpg,pair12/highfive12/images/4/000040.jpg,940,1280,940,False,True,0.04881565824468085,242.01090981095237,5060.229242852393,145.83405660225847,4011.4412368700578,person,145.83405660225847,4011.4412368700578,0.550755033557047,False,False
Hi4D,/home/shangguanrz/project/pic-edit/datasets/Hi4D_pilot_v1/raw/pair02/dance02/images/4/000120.jpg,pair02/dance02/images/4/000120.jpg,940,1280,940,False,True,0.060784574468085106,245.57887685798102,4592.13679147274,151.64908509897091,3781.5858664221737,person,151.64908509897091,3781.5858664221737,0.550964765100671,False,False
Hi4D,/home/shangguanrz/project/pic-edit/datasets/Hi4D_pilot_v1/raw/pair02/dance02/images/4/000111.jpg,pair02/dance02/images/4/000111.jpg,940,1280,940,False,True,0.06784740691489362,206.23688870061298,3973.511272024601,155.4620288995718,3650.8385418426296,person,155.4620288995718,3650.8385418426296,0.5511744966442953,False,False
Hi4D,/home/shangguanrz/project/pic-edit/datasets/Hi4D_pilot_v1/raw/pair01/fight01/images/52/000010.jpg,pair01/fight01/images/52/000010.jpg,940,1280,940,False,True,0.05216672207446808,240.89965158126208,4251.892172955452,134.76919532602102,4396.03097938773,person,134.76919532602102,4396.03097938773,0.5522231543624161,False,False
Hi4D,/home/shangguanrz/project/pic-edit/datasets/Hi4D_pilot_v1/raw/pair02/dance02/images/4/000104.jpg,pair02/dance02/images/4/000104.jpg,940,1280,940,False,True,0.07213264627659574,206.84900528675513,4145.223300365691,158.1084095452319,3607.686680970457,person,158.1084095452319,3607.686680970457,0.5522231543624161,False,False
Hi4D,/home/shangguanrz/project/pic-edit/datasets/Hi4D_pilot_v1/raw/pair02/dance02/images/4/000113.jpg,pair02/dance02/images/4/000113.jpg,940,1280,940,False,True,0.0659699135638298,214.89402076344297,4097.615816156915,155.6859568944895,3663.966735385583,person,155.6859568944895,3663.966735385583,0.5528523489932886,False,False
Hi4D,/home/shangguanrz/project/pic-edit/datasets/Hi4D_pilot_v1/raw/pair02/dance02/images/4/000051.jpg,pair02/dance02/images/4/000051.jpg,940,1280,940,False,True,0.052982047872340426,197.64498728505626,3944.1435339095747,148.07311770770116,3989.528631939729,person,148.07311770770116,3989.528631939729,0.5530620805369127,False,False
Hi4D,/home/shangguanrz/project/pic-edit/datasets/Hi4D_pilot_v1/raw/pair28/fight28/images/4/000059.jpg,pair28/fight28/images/4/000059.jpg,940,1280,940,False,True,0.07819148936170213,291.2505338976371,5163.437770113032,155.9076926604455,3652.74898497181,person,155.9076926604455,3652.74898497181,0.5532718120805369,False,False
Hi4D,/home/shangguanrz/project/pic-edit/datasets/Hi4D_pilot_v1/raw/pair02/dance02/images/4/000048.jpg,pair02/dance02/images/4/000048.jpg,940,1280,940,False,True,0.0537109375,197.95299880404232,3946.18701171875,149.98127034790082,3903.9245162117136,person,149.98127034790082,3903.9245162117136,0.5539010067114094,False,False
Hi4D,/home/shangguanrz/project/pic-edit/datasets/Hi4D_pilot_v1/raw/pair01/fight01/images/52/000009.jpg,pair01/fight01/images/52/000009.jpg,940,1280,940,False,True,0.06439577792553192,242.2407211787888,4314.100180767952,126.10797414925663,4889.139388151837,person,126.10797414925663,4889.139388151837,0.5549496644295302,False,False
Hi4D,/home/shangguanrz/project/pic-edit/datasets/Hi4D_pilot_v1/raw/pair01/talk01/images/16/000099.jpg,pair01/talk01/images/16/000099.jpg,940,1280,940,False,True,0.05983543882978724,186.46210419198079,3246.2139399102393,140.11991873965684,4274.243068899259,person,140.11991873965684,4274.243068899259,0.5549496644295302,False,False
Hi4D,/home/shangguanrz/project/pic-edit/datasets/Hi4D_pilot_v1/raw/pair28/fight28/images/4/000083.jpg,pair28/fight28/images/4/000083.jpg,940,1280,940,False,True,0.0737890625,248.7783134983859,4550.142380734707,158.705373785406,3636.3087111351756,person,158.705373785406,3636.3087111351756,0.5557885906040269,False,False
Hi4D,/home/shangguanrz/project/pic-edit/datasets/Hi4D_pilot_v1/raw/pair02/pose02/images/52/000064.jpg,pair02/pose02/images/52/000064.jpg,940,1280,940,False,True,0.05675698138297872,222.89772045261557,3841.107733543883,145.19659421944561,4114.192942415731,person,145.19659421944561,4114.192942415731,0.5564177852348994,False,False
Hi4D,/home/shangguanrz/project/pic-edit/datasets/Hi4D_pilot_v1/raw/pair00/yoga00/images/4/000098.jpg,pair00/yoga00/images/4/000098.jpg,940,1280,940,False,True,0.05350731382978723,531.0674534798102,5515.766258726729,169.51385296454566,3507.2496484296526,person,169.51385296454566,3507.2496484296526,0.5566275167785235,False,False
Hi4D,/home/shangguanrz/project/pic-edit/datasets/Hi4D_pilot_v1/raw/pair02/dance02/images/4/000102.jpg,pair02/dance02/images/4/000102.jpg,940,1280,940,False,True,0.07122340425531914,203.56556792750834,4119.24425490359,160.56624873055264,3623.9621534999487,person,160.56624873055264,3623.9621534999487,0.5568372483221478,False,False
Hi4D,/home/shangguanrz/project/pic-edit/datasets/Hi4D_pilot_v1/raw/pair09/bend09/images/88/000116.jpg,pair09/bend09/images/88/000116.jpg,940,1280,940,False,True,0.012748503989361702,350.9706507104724,4880.671636053857,191.11150692969977,3183.65026642984,person,191.11150692969977,3183.65026642984,0.5578859060402684,False,False
Hi4D,/home/shangguanrz/project/pic-edit/datasets/Hi4D_pilot_v1/raw/pair12/fight12/images/16/000008.jpg,pair12/fight12/images/16/000008.jpg,940,1280,940,False,True,0.052747672872340425,209.9726211043601,3826.746083361037,139.1864858216333,4387.507272279058,person,139.1864858216333,4387.507272279058,0.5593540268456376,False,False
Hi4D,/home/shangguanrz/project/pic-edit/datasets/Hi4D_pilot_v1/raw/pair01/fight01/images/52/000074.jpg,pair01/fight01/images/52/000074.jpg,940,1280,940,False,True,0.029468916223404255,193.3693526143831,3275.9337495844416,143.6215649240654,4258.9620148295435,person,143.6215649240654,4258.9620148295435,0.5597734899328859,False,False
Hi4D,/home/shangguanrz/project/pic-edit/datasets/Hi4D_pilot_v1/raw/pair12/fight12/images/16/000007.jpg,pair12/fight12/images/16/000007.jpg,940,1280,940,False,True,0.05254571143617021,207.38588465884456,3796.699000581782,138.9018568256784,4416.542937313065,person,138.9018568256784,4416.542937313065,0.5597734899328859,False,False
Hi4D,/home/shangguanrz/project/pic-edit/datasets/Hi4D_pilot_v1/raw/pair01/talk01/images/16/000073.jpg,pair01/talk01/images/16/000073.jpg,940,1280,940,False,True,0.05773520611702128,186.58140884623805,3263.767100232713,138.14380825855352,4454.82527217562,person,138.14380825855352,4454.82527217562,0.5599832214765101,False,False
Hi4D,/home/shangguanrz/project/pic-edit/datasets/Hi4D_pilot_v1/raw/pair02/dance02/images/4/000030.jpg,pair02/dance02/images/4/000030.jpg,940,1280,940,False,True,0.049437333776595746,209.4688677731387,4103.46619431516,152.369188489383,3936.362408323384,person,152.369188489383,3936.362408323384,0.5604026845637584,False,False
Hi4D,/home/shangguanrz/project/pic-edit/datasets/Hi4D_pilot_v1/raw/pair01/hug01/images/4/000021.jpg,pair01/hug01/images/4/000021.jpg,940,1280,940,False,True,0.06907164228723404,233.4734022590357,4521.32433302859,150.07030030732724,4024.152868965096,person,150.07030030732724,4024.152868965096,0.5610318791946309,False,False
Hi4D,/home/shangguanrz/project/pic-edit/datasets/Hi4D_pilot_v1/raw/pair12/fight12/images/16/000009.jpg,pair12/fight12/images/16/000009.jpg,940,1280,940,False,True,0.05293467420212766,206.52990103456005,3803.8443110039893,142.38534875108877,4334.964695769632,person,142.38534875108877,4334.964695769632,0.5614513422818792,False,False
Hi4D,/home/shangguanrz/project/pic-edit/datasets/Hi4D_pilot_v1/raw/pair02/dance02/images/4/000043.jpg,pair02/dance02/images/4/000043.jpg,940,1280,940,False,True,0.055446309840425534,192.00346204173024,3894.9591817652927,149.20757096671352,4083.2756491012447,person,149.20757096671352,4083.2756491012447,0.5618708053691275,False,False
Hi4D,/home/shangguanrz/project/pic-edit/datasets/Hi4D_pilot_v1/raw/pair14/talk14/images/4/000031.jpg,pair14/talk14/images/4/000031.jpg,940,1280,940,False,True,0.05632563164893617,298.8157224106595,5369.67822265625,150.87383969784935,4012.9915158576996,person,150.87383969784935,4012.9915158576996,0.5622902684563759,False,False
Hi4D,/home/shangguanrz/project/pic-edit/datasets/Hi4D_pilot_v1/raw/pair28/fight28/images/4/000148.jpg,pair28/fight28/images/4/000148.jpg,940,1280,940,False,True,0.07864444813829788,278.08256054302313,4952.080805352393,161.7866784977762,3688.26160072441,person,161.7866784977762,3688.26160072441,0.5627097315436241,False,False
Hi4D,/home/shangguanrz/project/pic-edit/datasets/Hi4D_pilot_v1/raw/pair28/fight28/images/4/000150.jpg,pair28/fight28/images/4/000150.jpg,940,1280,940,False,True,0.07803523936170213,277.15429529478894,4881.251111619016,162.42529578341785,3677.2244471400577,person,162.42529578341785,3677.2244471400577,0.5627097315436242,False,False
Hi4D,/home/shangguanrz/project/pic-edit/datasets/Hi4D_pilot_v1/raw/pair16/jump16/images/4/000089.jpg,pair16/jump16/images/4/000089.jpg,940,1280,940,False,True,0.047085272606382976,231.36362845390943,4434.057461353059,127.15898874730823,5024.994642805433,person,127.15898874730823,5024.994642805433,0.5629194630872484,False,False
Hi4D,/home/shangguanrz/project/pic-edit/datasets/Hi4D_pilot_v1/raw/pair01/talk01/images/16/000106.jpg,pair01/talk01/images/16/000106.jpg,940,1280,940,False,True,0.06855551861702128,201.76688367500734,3425.1165329953456,145.36109323381328,4239.895107655866,person,145.36109323381328,4239.895107655866,0.5631291946308725,False,False
Hi4D,/home/shangguanrz/project/pic-edit/datasets/Hi4D_pilot_v1/raw/pair02/backhug02/images/64/000099.jpg,pair02/backhug02/images/64/000099.jpg,940,1280,940,False,True,0.07088347739361703,262.0595773582061,4619.554957613032,173.70490280114797,3524.4668171557564,person,173.70490280114797,3524.4668171557564,0.5635486577181208,False,False
Hi4D,/home/shangguanrz/project/pic-edit/datasets/Hi4D_pilot_v1/raw/pair16/jump16/images/4/000068.jpg,pair16/jump16/images/4/000068.jpg,940,1280,940,False,True,0.057308843085106385,276.601592692815,5145.007718999335,143.9374456096623,4316.625841144839,person,143.9374456096623,4316.625841144839,0.5635486577181208,False,False
Hi4D,/home/shangguanrz/project/pic-edit/datasets/Hi4D_pilot_v1/raw/pair12/fight12/images/16/000072.jpg,pair12/fight12/images/16/000072.jpg,940,1280,940,False,True,0.056240857712765956,234.69232249872454,4609.042833693484,138.71631291862218,4544.053920734819,person,138.71631291862218,4544.053920734819,0.563758389261745,False,False
Hi4D,/home/shangguanrz/project/pic-edit/datasets/Hi4D_pilot_v1/raw/pair02/dance02/images/4/000020.jpg,pair02/dance02/images/4/000020.jpg,940,1280,940,False,True,0.05236535904255319,213.08196800269923,4138.739153922872,144.01926771713707,4313.635393998836,person,144.01926771713707,4313.635393998836,0.5639681208053691,False,False
Hi4D,/home/shangguanrz/project/pic-edit/datasets/Hi4D_pilot_v1/raw/pair02/pose02/images/52/000060.jpg,pair02/pose02/images/52/000060.jpg,940,1280,940,False,True,0.055087267287234044,222.5320965404853,3868.2945894281916,149.28666087709973,4105.392167166394,person,149.28666087709973,4105.392167166394,0.5641778523489933,False,False
Hi4D,/home/shangguanrz/project/pic-edit/datasets/Hi4D_pilot_v1/raw/pair12/fight12/images/16/000034.jpg,pair12/fight12/images/16/000034.jpg,940,1280,940,False,True,0.04799119015957447,218.29282888830812,4172.736099567819,125.39805252087366,5101.38546005301,person,125.39805252087366,5101.38546005301,0.5641778523489933,False,False
Hi4D,/home/shangguanrz/project/pic-edit/datasets/Hi4D_pilot_v1/raw/pair28/fight28/images/4/000124.jpg,pair28/fight28/images/4/000124.jpg,940,1280,940,False,True,0.06305684840425532,248.2368359018527,4411.031416223404,154.41234588157334,3961.841794955781,person,154.41234588157334,3961.841794955781,0.5652265100671141,False,False
Hi4D,/home/shangguanrz/project/pic-edit/datasets/Hi4D_pilot_v1/raw/pair12/fight12/images/16/000006.jpg,pair12/fight12/images/16/000006.jpg,940,1280,940,False,True,0.052401097074468085,210.00385558284103,3806.644770196144,140.02862821128537,4529.2868217054265,person,140.02862821128537,4529.2868217054265,0.5654362416107382,False,False
Hi4D,/home/shangguanrz/project/pic-edit/datasets/Hi4D_pilot_v1/raw/pair01/talk01/images/16/000110.jpg,pair01/talk01/images/16/000110.jpg,940,1280,940,False,True,0.07647107712765958,205.634834624972,3502.8364985039893,155.71896635688623,3914.869501940492,person,155.71896635688623,3914.869501940492,0.5666946308724832,False,False
Hi4D,/home/shangguanrz/project/pic-edit/datasets/Hi4D_pilot_v1/raw/pair12/highfive12/images/4/000098.jpg,pair12/highfive12/images/4/000098.jpg,940,1280,940,False,True,0.06755900930851064,247.2359666413935,5199.354315575133,150.57412520831457,4107.590534641767,person,150.57412520831457,4107.590534641767,0.5669043624161074,False,False
Hi4D,/home/shangguanrz/project/pic-edit/datasets/Hi4D_pilot_v1/raw/pair02/dance02/images/4/000115.jpg,pair02/dance02/images/4/000115.jpg,940,1280,940,False,True,0.06404920212765958,222.75172402374128,4201.518793633643,159.85411262818062,3796.6935136122784,person,159.85411262818062,3796.6935136122784,0.567743288590604,False,False
Hi4D,/home/shangguanrz/project/pic-edit/datasets/Hi4D_pilot_v1/raw/pair01/talk01/images/16/000052.jpg,pair01/talk01/images/16/000052.jpg,940,1280,940,False,True,0.06185339095744681,177.57416040835844,3134.5495137965427,133.96432351604324,4732.406611897456,person,133.96432351604324,4732.406611897456,0.5679530201342282,False,False
Hi4D,/home/shangguanrz/project/pic-edit/datasets/Hi4D_pilot_v1/raw/pair00/yoga00/images/4/000094.jpg,pair00/yoga00/images/4/000094.jpg,940,1280,940,False,True,0.052068650265957445,540.8100055260269,5575.675448803191,175.0417772870845,3551.4370400417224,person,175.0417772870845,3551.4370400417224,0.5687919463087248,False,False
Hi4D,/home/shangguanrz/project/pic-edit/datasets/Hi4D_pilot_v1/raw/pair16/hug16/images/4/000037.jpg,pair16/hug16/images/4/000037.jpg,940,1280,940,False,True,0.05911818484042553,298.73939749618734,5567.082374085771,150.82220740248692,4116.990271000215,person,150.82220740248692,4116.990271000215,0.5687919463087248,False,False
Hi4D,/home/shangguanrz/project/pic-edit/datasets/Hi4D_pilot_v1/raw/pair28/basketball28/images/4/000034.jpg,pair28/basketball28/images/4/000034.jpg,940,1280,940,False,True,0.06438414228723405,226.30506079452726,4087.143346908245,166.01964739717076,3703.22737729188,person,166.01964739717076,3703.22737729188,0.5687919463087248,False,False
Hi4D,/home/shangguanrz/project/pic-edit/datasets/Hi4D_pilot_v1/raw/pair12/fight12/images/16/000005.jpg,pair12/fight12/images/16/000005.jpg,940,1280,940,False,True,0.05230385638297872,208.928084939354,3807.709244099069,142.00945578226836,4550.24254239386,person,142.00945578226836,4550.24254239386,0.5692114093959731,False,False
Hi4D,/home/shangguanrz/project/pic-edit/datasets/Hi4D_pilot_v1/raw/pair01/talk01/images/16/000095.jpg,pair01/talk01/images/16/000095.jpg,940,1280,940,False,True,0.05869265292553191,186.4811033332655,3317.6283971908247,142.7213765176157,4528.666196537499,person,142.7213765176157,4528.666196537499,0.5698406040268457,False,False
Hi4D,/home/shangguanrz/project/pic-edit/datasets/Hi4D_pilot_v1/raw/pair12/highfive12/images/4/000106.jpg,pair12/highfive12/images/4/000106.jpg,940,1280,940,False,True,0.07429936835106384,249.59600608299738,5205.806308178191,145.1816094092924,4384.0978012735795,person,145.1816094092924,4384.0978012735795,0.5700503355704698,False,False
Hi4D,/home/shangguanrz/project/pic-edit/datasets/Hi4D_pilot_v1/raw/pair00/yoga00/images/4/000008.jpg,pair00/yoga00/images/4/000008.jpg,940,1280,940,False,True,0.055960771276595746,601.6983913876397,6623.37932180851,159.03085898628254,3890.875401717507,person,159.03085898628254,3890.875401717507,0.5706795302013423,False,False
Hi4D,/home/shangguanrz/project/pic-edit/datasets/Hi4D_pilot_v1/raw/pair02/dance02/images/4/000076.jpg,pair02/dance02/images/4/000076.jpg,940,1280,940,False,True,0.06509890292553192,208.95539920877258,4053.530314993351,165.5228753337248,3749.0197161162437,person,165.5228753337248,3749.0197161162437,0.5708892617449665,False,False
Hi4D,/home/shangguanrz/project/pic-edit/datasets/Hi4D_pilot_v1/raw/pair16/jump16/images/4/000063.jpg,pair16/jump16/images/4/000063.jpg,940,1280,940,False,True,0.046000664893617024,266.60475083226373,5037.332270196143,123.47568616024972,5290.547806451613,person,123.47568616024972,5290.547806451613,0.5713087248322148,False,False
Hi4D,/home/shangguanrz/project/pic-edit/datasets/Hi4D_pilot_v1/raw/pair02/pose02/images/52/000120.jpg,pair02/pose02/images/52/000120.jpg,940,1280,940,False,True,0.060784574468085106,222.4840579928451,4054.50371924867,155.7339975722036,4008.440087453276,person,155.7339975722036,4008.440087453276,0.5715184563758389,False,False
Hi4D,/home/shangguanrz/project/pic-edit/datasets/Hi4D_pilot_v1/raw/pair02/dance02/images/4/000074.jpg,pair02/dance02/images/4/000074.jpg,940,1280,940,False,True,0.06384890292553191,209.2242813520218,4125.99200049867,164.9610049575286,3784.448078901621,person,164.9610049575286,3784.448078901621,0.5725671140939598,False,False
Hi4D,/home/shangguanrz/project/pic-edit/datasets/Hi4D_pilot_v1/raw/pair28/fight28/images/4/000050.jpg,pair28/fight28/images/4/000050.jpg,940,1280,940,False,True,0.06507230718085107,266.7612711887869,4842.160997755984,156.51446927315743,4008.7344858878005,person,156.51446927315743,4008.7344858878005,0.5727768456375839,False,False
Hi4D,/home/shangguanrz/project/pic-edit/datasets/Hi4D_pilot_v1/raw/pair00/yoga00/images/4/000084.jpg,pair00/yoga00/images/4/000084.jpg,940,1280,940,False,True,0.04506150265957447,527.5791892035885,5556.016248337766,169.5439430636466,3721.516395176645,person,169.5439430636466,3721.516395176645,0.5736157718120806,False,False
Hi4D,/home/shangguanrz/project/pic-edit/datasets/Hi4D_pilot_v1/raw/pair02/backhug02/images/64/000090.jpg,pair02/backhug02/images/64/000090.jpg,940,1280,940,False,True,0.07026097074468085,262.09147054299666,4608.341350149601,171.71729376753223,3690.9504377294547,person,171.71729376753223,3690.9504377294547,0.5738255033557047,False,False
Hi4D,/home/shangguanrz/project/pic-edit/datasets/Hi4D_pilot_v1/raw/pair02/pose02/images/52/000059.jpg,pair02/pose02/images/52/000059.jpg,940,1280,940,False,True,0.055008311170212765,222.09393135783037,3861.4356715425533,153.40693740143647,4139.122908323244,person,153.40693740143647,4139.122908323244,0.5746644295302012,False,False
Hi4D,/home/shangguanrz/project/pic-edit/datasets/Hi4D_pilot_v1/raw/pair02/backhug02/images/64/000095.jpg,pair02/backhug02/images/64/000095.jpg,940,1280,940,False,True,0.07094996675531914,264.84671563268944,4658.738125415559,175.77314058883155,3621.041506264436,person,175.77314058883155,3621.041506264436,0.5748741610738255,False,False
Hi4D,/home/shangguanrz/project/pic-edit/datasets/Hi4D_pilot_v1/raw/pair09/bend09/images/88/000110.jpg,pair09/bend09/images/88/000110.jpg,940,1280,940,False,True,0.017393617021276595,354.2615287309051,4932.392349567819,204.885973116264,3284.8569889899472,person,204.885973116264,3284.8569889899472,0.5750838926174496,False,False
Hi4D,/home/shangguanrz/project/pic-edit/datasets/Hi4D_pilot_v1/raw/pair01/talk01/images/16/000075.jpg,pair01/talk01/images/16/000075.jpg,940,1280,940,False,True,0.056988031914893614,187.00737945023783,3272.9191011469416,145.60257154496716,4504.625437994437,person,145.60257154496716,4504.625437994437,0.575503355704698,False,False
Hi4D,/home/shangguanrz/project/pic-edit/datasets/Hi4D_pilot_v1/raw/pair02/dance02/images/4/000029.jpg,pair02/dance02/images/4/000029.jpg,940,1280,940,False,True,0.04850648271276596,211.70370975386342,4139.956865026596,152.49872031011856,4199.942713706073,person,152.49872031011856,4199.942713706073,0.5757130872483222,False,False
Hi4D,/home/shangguanrz/project/pic-edit/datasets/Hi4D_pilot_v1/raw/pair00/yoga00/images/4/000013.jpg,pair00/yoga00/images/4/000013.jpg,940,1280,940,False,True,0.05793882978723404,606.4536938332714,6723.688673952793,164.9975519578019,3855.2896678028183,person,164.9975519578019,3855.2896678028183,0.5769714765100671,False,False
Hi4D,/home/shangguanrz/project/pic-edit/datasets/Hi4D_pilot_v1/raw/pair02/backhug02/images/64/000097.jpg,pair02/backhug02/images/64/000097.jpg,940,1280,940,False,True,0.07093833111702127,262.7124408169968,4633.156520113032,178.0348654506642,3614.0417513134853,person,178.0348654506642,3614.0417513134853,0.5769714765100671,False,False
Hi4D,/home/shangguanrz/project/pic-edit/datasets/Hi4D_pilot_v1/raw/pair28/fight28/images/4/000122.jpg,pair28/fight28/images/4/000122.jpg,940,1280,940,False,True,0.05598154920212766,242.46945622108709,4326.06531540891,155.161222889384,4120.4416560144,person,155.161222889384,4120.4416560144,0.5776006711409396,False,False
Hi4D,/home/shangguanrz/project/pic-edit/datasets/Hi4D_pilot_v1/raw/pair12/fight12/images/16/000036.jpg,pair12/fight12/images/16/000036.jpg,940,1280,940,False,True,0.04833277925531915,216.56513394571212,4135.77020653258,130.854584291719,5142.744963283751,person,130.854584291719,5142.744963283751,0.5780201342281879,False,False
Hi4D,/home/shangguanrz/project/pic-edit/datasets/Hi4D_pilot_v1/raw/pair12/fight12/images/16/000033.jpg,pair12/fight12/images/16/000033.jpg,940,1280,940,False,True,0.047618849734042554,220.53590511096556,4216.340113863032,131.76752151027472,5103.905439370228,person,131.76752151027472,5103.905439370228,0.5784395973154361,False,False
Hi4D,/home/shangguanrz/project/pic-edit/datasets/Hi4D_pilot_v1/raw/pair28/fight28/images/4/000086.jpg,pair28/fight28/images/4/000086.jpg,940,1280,940,False,True,0.06836269946808511,240.88194421404572,4401.166971409574,164.9923330964136,3932.4515269886365,person,164.9923330964136,3932.4515269886365,0.579488255033557,False,False
Hi4D,/home/shangguanrz/project/pic-edit/datasets/Hi4D_pilot_v1/raw/pair02/dance02/images/4/000055.jpg,pair02/dance02/images/4/000055.jpg,940,1280,940,False,True,0.05389793882978723,197.16123541980485,3955.8214448969416,155.03062305281014,4185.6749262349695,person,155.03062305281014,4185.6749262349695,0.5796979865771812,False,False
Hi4D,/home/shangguanrz/project/pic-edit/datasets/Hi4D_pilot_v1/raw/pair12/fight12/images/16/000048.jpg,pair12/fight12/images/16/000048.jpg,940,1280,940,False,True,0.048226396276595744,218.11250719531947,4182.681162732712,147.4667117636496,4526.347294054018,person,147.4667117636496,4526.347294054018,0.5796979865771812,False,False
Hi4D,/home/shangguanrz/project/pic-edit/datasets/Hi4D_pilot_v1/raw/pair12/highfive12/images/4/000117.jpg,pair12/highfive12/images/4/000117.jpg,940,1280,940,False,True,0.06582862367021276,248.8274886466734,5227.24139793883,151.56331013156736,4355.062583496044,person,151.56331013156736,4355.062583496044,0.5817953020134228,False,False
Hi4D,/home/shangguanrz/project/pic-edit/datasets/Hi4D_pilot_v1/raw/pair01/talk01/images/16/000030.jpg,pair01/talk01/images/16/000030.jpg,940,1280,940,False,True,0.07195894281914894,197.0902404400923,3287.4524704953456,152.54308067310507,4311.816546555203,person,152.54308067310507,4311.816546555203,0.582214765100671,False,False
Hi4D,/home/shangguanrz/project/pic-edit/datasets/Hi4D_pilot_v1/raw/pair02/dance02/images/4/000073.jpg,pair02/dance02/images/4/000073.jpg,940,1280,940,False,True,0.06292470079787234,213.1018217249983,4179.976094996676,168.2483650483709,3922.488893575144,person,168.2483650483709,3922.488893575144,0.582214765100671,False,False
Hi4D,/home/shangguanrz/project/pic-edit/datasets/Hi4D_pilot_v1/raw/pair16/hug16/images/4/000021.jpg,pair16/hug16/images/4/000021.jpg,940,1280,940,False,True,0.06136386303191489,286.6369770466876,5322.337340009974,151.39655604329045,4376.838814778385,person,151.39655604329045,4376.838814778385,0.5822147651006712,False,False
Hi4D,/home/shangguanrz/project/pic-edit/datasets/Hi4D_pilot_v1/raw/pair28/basketball28/images/4/000029.jpg,pair28/basketball28/images/4/000029.jpg,940,1280,940,False,True,0.06479138962765957,251.3009208857663,4246.674087849069,159.77844818889852,4111.72033271719,person,159.77844818889852,4111.72033271719,0.5843120805369127,False,False
Hi4D,/home/shangguanrz/project/pic-edit/datasets/Hi4D_pilot_v1/raw/pair12/fight12/images/16/000040.jpg,pair12/fight12/images/16/000040.jpg,940,1280,940,False,True,0.04881565824468085,215.98787752086622,4115.439764793883,137.38667232265712,4916.622022896258,person,137.38667232265712,4916.622022896258,0.5845218120805369,False,False
Hi4D,/home/shangguanrz/project/pic-edit/datasets/Hi4D_pilot_v1/raw/pair02/backhug02/images/64/000092.jpg,pair02/backhug02/images/64/000092.jpg,940,1280,940,False,True,0.07045545212765958,263.5687558725173,4636.741408327793,177.9797934153086,3732.059459267921,person,177.9797934153086,3732.059459267921,0.5849412751677852,False,False
Hi4D,/home/shangguanrz/project/pic-edit/datasets/Hi4D_pilot_v1/raw/pair02/dance02/images/4/000117.jpg,pair02/dance02/images/4/000117.jpg,940,1280,940,False,True,0.062183344414893614,235.01161364766472,4389.144728640293,166.05502105917898,4009.664762045195,person,166.05502105917898,4009.664762045195,0.5851510067114094,False,False
Hi4D,/home/shangguanrz/project/pic-edit/datasets/Hi4D_pilot_v1/raw/pair12/fight12/images/16/000042.jpg,pair12/fight12/images/16/000042.jpg,940,1280,940,False,True,0.048834773936170216,219.80047814605356,4142.12004446476,144.26925967894223,4714.150956954991,person,144.26925967894223,4714.150956954991,0.5851510067114094,False,False
Hi4D,/home/shangguanrz/project/pic-edit/datasets/Hi4D_pilot_v1/raw/pair01/fight01/images/52/000065.jpg,pair01/fight01/images/52/000065.jpg,940,1280,940,False,True,0.05712267287234043,182.77790912212745,3109.1609665890956,154.23003217665018,4336.964074678267,person,154.23003217665018,4336.964074678267,0.5861996644295302,False,False
Hi4D,/home/shangguanrz/project/pic-edit/datasets/Hi4D_pilot_v1/raw/pair00/yoga00/images/4/000077.jpg,pair00/yoga00/images/4/000077.jpg,940,1280,940,False,True,0.04720661569148936,483.3606464693103,5257.727009225399,177.50952094812746,3771.5573463874202,person,177.50952094812746,3771.5573463874202,0.5864093959731544,False,False
Hi4D,/home/shangguanrz/project/pic-edit/datasets/Hi4D_pilot_v1/raw/pair16/hug16/images/4/000035.jpg,pair16/hug16/images/4/000035.jpg,940,1280,940,False,True,0.05930435505319149,306.57582240492684,5701.478380568484,154.67476954996144,4331.065819897031,person,154.67476954996144,4331.065819897031,0.5868288590604027,False,False
Hi4D,/home/shangguanrz/project/pic-edit/datasets/Hi4D_pilot_v1/raw/pair02/dance02/images/4/000118.jpg,pair02/dance02/images/4/000118.jpg,940,1280,940,False,True,0.06164394946808511,242.22452967560307,4491.73309715758,164.09402688394132,4091.1984835781723,person,164.09402688394132,4091.1984835781723,0.587248322147651,False,False
Hi4D,/home/shangguanrz/project/pic-edit/datasets/Hi4D_pilot_v1/raw/pair16/hug16/images/4/000023.jpg,pair16/hug16/images/4/000023.jpg,940,1280,940,False,True,0.05808261303191489,272.66077226270863,5037.630755485372,156.90698559532746,4258.73301410638,person,156.90698559532746,4258.73301410638,0.5880872483221476,False,False
Hi4D,/home/shangguanrz/project/pic-edit/datasets/Hi4D_pilot_v1/raw/pair28/basketball28/images/4/000059.jpg,pair28/basketball28/images/4/000059.jpg,940,1280,940,False,True,0.07819148936170213,253.45175840237823,4549.327138048538,153.55311746159404,4421.350766803286,person,153.55311746159404,4421.350766803286,0.5887164429530202,False,False
Hi4D,/home/shangguanrz/project/pic-edit/datasets/Hi4D_pilot_v1/raw/pair16/hug16/images/4/000026.jpg,pair16/hug16/images/4/000026.jpg,940,1280,940,False,True,0.05351479388297872,276.98326216827644,5025.386292802526,159.77541320998554,4206.969897837154,person,159.77541320998554,4206.969897837154,0.5895553691275168,False,False
Hi4D,/home/shangguanrz/project/pic-edit/datasets/Hi4D_pilot_v1/raw/pair14/talk14/images/4/000032.jpg,pair14/talk14/images/4/000032.jpg,940,1280,940,False,True,0.05575299202127659,301.15975941398546,5423.104180518617,160.72865484451998,4206.0067161149855,person,160.72865484451998,4206.0067161149855,0.5906040268456376,False,False
Hi4D,/home/shangguanrz/project/pic-edit/datasets/Hi4D_pilot_v1/raw/pair28/fight28/images/4/000106.jpg,pair28/fight28/images/4/000106.jpg,940,1280,940,False,True,0.038695146276595746,236.33402569243248,4366.70856881649,157.925513097134,4273.264690150531,person,157.925513097134,4273.264690150531,0.5908137583892616,False,False
Hi4D,/home/shangguanrz/project/pic-edit/datasets/Hi4D_pilot_v1/raw/pair01/fight01/images/52/000070.jpg,pair01/fight01/images/52/000070.jpg,940,1280,940,False,True,0.02902593085106383,190.23525658437384,3232.6860974900264,142.4741969809088,4885.200229236466,person,142.4741969809088,4885.200229236466,0.5918624161073825,False,False
Hi4D,/home/shangguanrz/project/pic-edit/datasets/Hi4D_pilot_v1/raw/pair01/talk01/images/16/000054.jpg,pair01/talk01/images/16/000054.jpg,940,1280,940,False,True,0.061156083776595746,179.2693295144236,3103.2740504488033,153.55686726806525,4524.075879313219,person,153.55686726806525,4524.075879313219,0.592491610738255,False,False
Hi4D,/home/shangguanrz/project/pic-edit/datasets/Hi4D_pilot_v1/raw/pair01/hug01/images/4/000017.jpg,pair01/hug01/images/4/000017.jpg,940,1280,940,False,True,0.0673653590425532,232.5841798272917,4506.182347074468,154.4266895634944,4503.84337156916,person,154.4266895634944,4503.84337156916,0.5933305369127517,False,False
Hi4D,/home/shangguanrz/project/pic-edit/datasets/Hi4D_pilot_v1/raw/pair02/pose02/images/52/000057.jpg,pair02/pose02/images/52/000057.jpg,940,1280,940,False,True,0.05457862367021277,220.80541446825237,3874.630651595745,163.8903757701667,4202.3644316690625,person,163.8903757701667,4202.3644316690625,0.5933305369127517,False,False
Hi4D,/home/shangguanrz/project/pic-edit/datasets/Hi4D_pilot_v1/raw/pair28/fight28/images/4/000098.jpg,pair28/fight28/images/4/000098.jpg,940,1280,940,False,True,0.0633344414893617,233.42833654629052,4236.297217835771,162.40388770502065,4234.759297715688,person,162.40388770502065,4234.759297715688,0.5933305369127517,False,False
Hi4D,/home/shangguanrz/project/pic-edit/datasets/Hi4D_pilot_v1/raw/pair12/highfive12/images/4/000015.jpg,pair12/highfive12/images/4/000015.jpg,940,1280,940,False,True,0.0628374335106383,253.92154928805766,5332.44696434508,154.6476361192303,4475.060619212963,person,154.6476361192303,4475.060619212963,0.5935402684563758,False,False
Hi4D,/home/shangguanrz/project/pic-edit/datasets/Hi4D_pilot_v1/raw/pair01/talk01/images/16/000060.jpg,pair01/talk01/images/16/000060.jpg,940,1280,940,False,True,0.0440483710106383,188.70461954966342,3240.165174119016,152.28670970974622,4627.984844328625,person,152.28670970974622,4627.984844328625,0.5947986577181208,False,False
Hi4D,/home/shangguanrz/project/pic-edit/datasets/Hi4D_pilot_v1/raw/pair16/talk16/images/16/000134.jpg,pair16/talk16/images/16/000134.jpg,940,1280,940,False,True,0.06758560505319149,280.72399875034625,4672.571424119016,168.67011901329792,4123.091159586682,person,168.67011901329792,4123.091159586682,0.5952181208053691,False,False
Hi4D,/home/shangguanrz/project/pic-edit/datasets/Hi4D_pilot_v1/raw/pair00/hug00/images/4/000072.jpg,pair00/hug00/images/4/000072.jpg,940,1280,940,False,True,0.0512217420212766,648.7454123889605,6861.951535488697,186.82214502580203,3709.5835775591377,person,186.82214502580203,3709.5835775591377,0.5962667785234899,False,False
Hi4D,/home/shangguanrz/project/pic-edit/datasets/Hi4D_pilot_v1/raw/pair02/pose02/images/52/000118.jpg,pair02/pose02/images/52/000118.jpg,940,1280,940,False,True,0.06164394946808511,224.812437641939,4079.384007230718,174.08079601271214,4037.743812196989,person,174.08079601271214,4037.743812196989,0.5962667785234899,False,False
Hi4D,/home/shangguanrz/project/pic-edit/datasets/Hi4D_pilot_v1/raw/pair01/fight01/images/52/000073.jpg,pair01/fight01/images/52/000073.jpg,940,1280,940,False,True,0.05773520611702128,191.20177352131634,3264.831948138298,147.2774962368933,4786.484740317687,person,147.2774962368933,4786.484740317687,0.5971057046979866,False,False
Hi4D,/home/shangguanrz/project/pic-edit/datasets/Hi4D_pilot_v1/raw/pair16/hug16/images/4/000032.jpg,pair16/hug16/images/4/000032.jpg,940,1280,940,False,True,0.05955535239361702,298.2288322131145,5588.743964012633,164.88531379284876,4255.117679456582,person,164.88531379284876,4255.117679456582,0.5975251677852349,False,False
Hi4D,/home/shangguanrz/project/pic-edit/datasets/Hi4D_pilot_v1/raw/pair28/fight28/images/4/000047.jpg,pair28/fight28/images/4/000047.jpg,940,1280,940,False,True,0.0641688829787234,259.15369362440407,4697.529130651596,170.3742456813747,4153.05964284874,person,170.3742456813747,4153.05964284874,0.5979446308724832,False,False
Hi4D,/home/shangguanrz/project/pic-edit/datasets/Hi4D_pilot_v1/raw/pair01/talk01/images/16/000029.jpg,pair01/talk01/images/16/000029.jpg,940,1280,940,False,True,0.07186751994680851,202.15611849353562,3339.496332696144,158.84854101836882,4393.168851553643,person,158.84854101836882,4393.168851553643,0.5981543624161074,False,False
Hi4D,/home/shangguanrz/project/pic-edit/datasets/Hi4D_pilot_v1/raw/pair01/talk01/images/16/000055.jpg,pair01/talk01/images/16/000055.jpg,940,1280,940,False,True,0.06070894281914894,180.03577544817074,3103.6668882978724,154.9080081638307,4608.896493537174,person,154.9080081638307,4608.896493537174,0.5987835570469799,False,False
Hi4D,/home/shangguanrz/project/pic-edit/datasets/Hi4D_pilot_v1/raw/pair12/fight12/images/16/000004.jpg,pair12/fight12/images/16/000004.jpg,940,1280,940,False,True,0.05216173537234042,209.8676208980271,3803.450631648936,153.38547461008125,4641.381325863679,person,153.38547461008125,4641.381325863679,0.598993288590604,False,False
Hi4D,/home/shangguanrz/project/pic-edit/datasets/Hi4D_pilot_v1/raw/pair00/yoga00/images/4/000006.jpg,pair00/yoga00/images/4/000006.jpg,940,1280,940,False,True,0.05487616356382979,605.3455246886066,6582.662171708776,169.9171013819795,4198.068908238446,person,169.9171013819795,4198.068908238446,0.5994127516778524,False,False
Hi4D,/home/shangguanrz/project/pic-edit/datasets/Hi4D_pilot_v1/raw/pair02/pose02/images/52/000115.jpg,pair02/pose02/images/52/000115.jpg,940,1280,940,False,True,0.06404920212765958,225.35104796008426,4123.076628989362,178.95378976821218,3983.7540654120226,person,178.95378976821218,3983.7540654120226,0.600251677852349,False,False
Hi4D,/home/shangguanrz/project/pic-edit/datasets/Hi4D_pilot_v1/raw/pair16/talk16/images/16/000014.jpg,pair16/talk16/images/16/000014.jpg,940,1280,940,False,True,0.052039561170212766,285.41026428780333,4781.058604138962,162.99340678097593,4364.344589749719,person,162.99340678097593,4364.344589749719,0.6008808724832215,False,False
Hi4D,/home/shangguanrz/project/pic-edit/datasets/Hi4D_pilot_v1/raw/pair02/dance02/images/4/000027.jpg,pair02/dance02/images/4/000027.jpg,940,1280,940,False,True,0.04765458776595745,212.78238174029204,4150.345651180186,162.94448130644807,4381.7817005608895,person,162.94448130644807,4381.7817005608895,0.6015100671140939,False,False
Hi4D,/home/shangguanrz/project/pic-edit/datasets/Hi4D_pilot_v1/raw/pair02/pose02/images/52/000117.jpg,pair02/pose02/images/52/000117.jpg,940,1280,940,False,True,0.062183344414893614,226.2918149352128,4103.327231549202,183.55358310198184,3899.3352748184466,person,183.55358310198184,3899.3352748184466,0.6019295302013423,False,False
Hi4D,/home/shangguanrz/project/pic-edit/datasets/Hi4D_pilot_v1/raw/pair28/fight28/images/4/000104.jpg,pair28/fight28/images/4/000104.jpg,940,1280,940,False,True,0.056633976063829784,239.49458672699217,4417.953332779255,169.71272419958018,4238.818691741285,person,169.71272419958018,4238.818691741285,0.6019295302013423,False,False
Hi4D,/home/shangguanrz/project/pic-edit/datasets/Hi4D_pilot_v1/raw/pair01/fight01/images/52/000064.jpg,pair01/fight01/images/52/000064.jpg,940,1280,940,False,True,0.057844913563829786,181.48886247240293,3083.3680913397607,161.71675163743257,4438.809101950418,person,161.71675163743257,4438.809101950418,0.6027684563758389,False,False
Hi4D,/home/shangguanrz/project/pic-edit/datasets/Hi4D_pilot_v1/raw/pair28/fight28/images/4/000119.jpg,pair28/fight28/images/4/000119.jpg,940,1280,940,False,True,0.056639793882978726,237.6876284716462,4255.922706117021,165.14992315811713,4346.298972029644,person,165.14992315811713,4346.298972029644,0.6029781879194631,False,False
Hi4D,/home/shangguanrz/project/pic-edit/datasets/Hi4D_pilot_v1/raw/pair16/jump16/images/4/000064.jpg,pair16/jump16/images/4/000064.jpg,940,1280,940,False,True,0.045546043882978726,275.34199320746524,5168.317434757314,133.56109917728216,5392.114537444934,person,133.56109917728216,5392.114537444934,0.6031879194630873,False,False
Hi4D,/home/shangguanrz/project/pic-edit/datasets/Hi4D_pilot_v1/raw/pair00/yoga00/images/4/000003.jpg,pair00/yoga00/images/4/000003.jpg,940,1280,940,False,True,0.052435172872340424,612.3003784248922,6573.389825049867,168.26247875327203,4278.644467471364,person,168.26247875327203,4278.644467471364,0.6033976510067114,False,False
Hi4D,/home/shangguanrz/project/pic-edit/datasets/Hi4D_pilot_v1/raw/pair02/pose02/images/52/000023.jpg,pair02/pose02/images/52/000023.jpg,940,1280,940,False,True,0.048241356382978724,253.6919618645584,4518.54943068484,181.98775560983353,3993.5161182226393,person,181.98775560983353,3993.5161182226393,0.6033976510067114,False,False
Hi4D,/home/shangguanrz/project/pic-edit/datasets/Hi4D_pilot_v1/raw/pair12/highfive12/images/4/000069.jpg,pair12/highfive12/images/4/000069.jpg,940,1280,940,False,True,0.06327127659574468,251.07773519285448,5271.151138630319,155.37663657122775,4654.883648466823,person,155.37663657122775,4654.883648466823,0.6046560402684564,False,False
Hi4D,/home/shangguanrz/project/pic-edit/datasets/Hi4D_pilot_v1/raw/pair16/jump16/images/4/000091.jpg,pair16/jump16/images/4/000091.jpg,940,1280,940,False,True,0.04996758643617021,229.83111088323943,4487.624792220745,134.34135664797768,5376.681210260907,person,134.34135664797768,5376.681210260907,0.6059144295302012,False,False
Hi4D,/home/shangguanrz/project/pic-edit/datasets/Hi4D_pilot_v1/raw/pair16/talk16/images/16/000116.jpg,pair16/talk16/images/16/000116.jpg,940,1280,940,False,True,0.06249251994680851,297.60715392921355,5025.297051612367,157.31751209836028,4634.433863940541,person,157.31751209836028,4634.433863940541,0.6059144295302012,False,False
Hi4D,/home/shangguanrz/project/pic-edit/datasets/Hi4D_pilot_v1/raw/pair12/fight12/images/16/000037.jpg,pair12/fight12/images/16/000037.jpg,940,1280,940,False,True,0.048513962765957444,215.34960129529225,4125.758695561835,135.61012568710325,5324.038451618954,person,135.61012568710325,5324.038451618954,0.6059144295302014,False,False
Hi4D,/home/shangguanrz/project/pic-edit/datasets/Hi4D_pilot_v1/raw/pair00/yoga00/images/4/000096.jpg,pair00/yoga00/images/4/000096.jpg,940,1280,940,False,True,0.05307596409574468,536.0055941589658,5534.451753656915,195.94231511388406,3753.0380673499267,person,195.94231511388406,3753.0380673499267,0.6061241610738255,False,False
Hi4D,/home/shangguanrz/project/pic-edit/datasets/Hi4D_pilot_v1/raw/pair12/highfive12/images/4/000115.jpg,pair12/highfive12/images/4/000115.jpg,940,1280,940,False,True,0.06829122340425532,247.8098317146463,5202.905699384974,157.11941937075724,4638.246447674991,person,157.11941937075724,4638.246447674991,0.6061241610738255,False,False
Hi4D,/home/shangguanrz/project/pic-edit/datasets/Hi4D_pilot_v1/raw/pair00/yoga00/images/4/000078.jpg,pair00/yoga00/images/4/000078.jpg,940,1280,940,False,True,0.04656748670212766,490.80634365558296,5287.342004654255,183.23364810827943,3999.3114508325193,person,183.23364810827943,3999.3114508325193,0.6065436241610738,False,False
Hi4D,/home/shangguanrz/project/pic-edit/datasets/Hi4D_pilot_v1/raw/pair01/talk01/images/16/000071.jpg,pair01/talk01/images/16/000071.jpg,940,1280,940,False,True,0.058188996010638296,188.27245977692277,3315.8985621675533,149.49058594574234,4869.380928607089,person,149.49058594574234,4869.380928607089,0.606753355704698,False,False
Hi4D,/home/shangguanrz/project/pic-edit/datasets/Hi4D_pilot_v1/raw/pair28/fight28/images/4/000101.jpg,pair28/fight28/images/4/000101.jpg,940,1280,940,False,True,0.05819065824468085,240.42986711518373,4325.60974900266,177.42225103994434,4176.309976704142,person,177.42225103994434,4176.309976704142,0.6082214765100671,False,False
Hi4D,/home/shangguanrz/project/pic-edit/datasets/Hi4D_pilot_v1/raw/pair00/hug00/images/4/000073.jpg,pair00/hug00/images/4/000073.jpg,940,1280,940,False,True,0.05030252659574468,661.6639559837746,6931.034273188165,190.79230873973427,3842.7785028790786,person,190.79230873973427,3842.7785028790786,0.6084312080536913,False,False
Hi4D,/home/shangguanrz/project/pic-edit/datasets/Hi4D_pilot_v1/raw/pair28/basketball28/images/4/000108.jpg,pair28/basketball28/images/4/000108.jpg,940,1280,940,False,True,0.036581615691489364,233.76740043332745,4148.983980219415,165.74413310262042,4465.696148069976,person,165.74413310262042,4465.696148069976,0.6088506711409396,False,False
Hi4D,/home/shangguanrz/project/pic-edit/datasets/Hi4D_pilot_v1/raw/pair16/talk16/images/16/000085.jpg,pair16/talk16/images/16/000085.jpg,940,1280,940,False,True,0.0457671210106383,267.77766850759343,4365.915350731383,155.64955456893318,4714.194437770303,person,155.64955456893318,4714.194437770303,0.6092701342281879,False,False
Hi4D,/home/shangguanrz/project/pic-edit/datasets/Hi4D_pilot_v1/raw/pair02/pose02/images/52/000018.jpg,pair02/pose02/images/52/000018.jpg,940,1280,940,False,True,0.05374750664893617,251.86262638226736,4250.874989611038,173.85868690272832,4279.599988066469,person,173.85868690272832,4279.599988066469,0.6098993288590604,False,False
Hi4D,/home/shangguanrz/project/pic-edit/datasets/Hi4D_pilot_v1/raw/pair02/pose02/images/52/000020.jpg,pair02/pose02/images/52/000020.jpg,940,1280,940,False,True,0.05236535904255319,254.82763058071276,4383.477061170212,174.7095321017343,4271.137769332148,person,174.7095321017343,4271.137769332148,0.6101090604026845,False,False
Hi4D,/home/shangguanrz/project/pic-edit/datasets/Hi4D_pilot_v1/raw/pair00/hug00/images/4/000076.jpg,pair00/hug00/images/4/000076.jpg,940,1280,940,False,True,0.047796708776595746,650.9358364836346,6834.070572224069,187.9572466180179,3956.0382205065885,person,187.9572466180179,3956.0382205065885,0.6107382550335569,False,False
Hi4D,/home/shangguanrz/project/pic-edit/datasets/Hi4D_pilot_v1/raw/pair10/dance10/images/4/000086.jpg,pair10/dance10/images/4/000086.jpg,940,1280,940,False,True,0.05191323138297872,235.9834872686577,4328.69249709109,137.86325532461282,5353.387577926575,person,137.86325532461282,5353.387577926575,0.6109479865771812,False,False
Hi4D,/home/shangguanrz/project/pic-edit/datasets/Hi4D_pilot_v1/raw/pair02/pose02/images/52/000066.jpg,pair02/pose02/images/52/000066.jpg,940,1280,940,False,True,0.05747340425531915,224.82401064425474,3841.0077397772607,155.10507801798778,4745.939216035106,person,155.10507801798778,4745.939216035106,0.6111577181208054,False,False
Hi4D,/home/shangguanrz/project/pic-edit/datasets/Hi4D_pilot_v1/raw/pair01/hug01/images/4/000016.jpg,pair01/hug01/images/4/000016.jpg,940,1280,940,False,True,0.06647855718085106,233.01896813057195,4498.323294132314,158.6414526804534,4691.474617139133,person,158.6414526804534,4691.474617139133,0.6126258389261745,False,False
Hi4D,/home/shangguanrz/project/pic-edit/datasets/Hi4D_pilot_v1/raw/pair14/talk14/images/4/000033.jpg,pair14/talk14/images/4/000033.jpg,940,1280,940,False,True,0.05517287234042553,303.8243815537328,5456.045056931516,173.27747285718755,4365.014873798077,person,173.27747285718755,4365.014873798077,0.6126258389261745,False,False
Hi4D,/home/shangguanrz/project/pic-edit/datasets/Hi4D_pilot_v1/raw/pair12/fight12/images/16/000079.jpg,pair12/fight12/images/16/000079.jpg,940,1280,940,False,True,0.0533735039893617,242.16110436284413,4846.351728723404,147.22491970129335,5135.0997710345555,person,147.22491970129335,5135.0997710345555,0.6130453020134228,False,False
Hi4D,/home/shangguanrz/project/pic-edit/datasets/Hi4D_pilot_v1/raw/pair28/fight28/images/4/000121.jpg,pair28/fight28/images/4/000121.jpg,940,1280,940,False,True,0.055082280585106384,241.30244684043976,4294.998265043218,176.33433928531971,4263.361958744209,person,176.33433928531971,4263.361958744209,0.6130453020134228,False,False
Hi4D,/home/shangguanrz/project/pic-edit/datasets/Hi4D_pilot_v1/raw/pair02/pose02/images/52/000013.jpg,pair02/pose02/images/52/000013.jpg,940,1280,940,False,True,0.05328374335106383,246.29506685033328,4241.12188331117,167.2961380163826,4556.414046403296,person,167.2961380163826,4556.414046403296,0.6134647651006712,False,False
Hi4D,/home/shangguanrz/project/pic-edit/datasets/Hi4D_pilot_v1/raw/pair01/fight01/images/52/000072.jpg,pair01/fight01/images/52/000072.jpg,940,1280,940,False,True,0.05832862367021276,190.50187515313948,3266.181110787899,154.46948429308276,4832.569094718898,person,154.46948429308276,4832.569094718898,0.6143036912751678,False,False
Hi4D,/home/shangguanrz/project/pic-edit/datasets/Hi4D_pilot_v1/raw/pair12/fight12/images/16/000044.jpg,pair12/fight12/images/16/000044.jpg,940,1280,940,False,True,0.048824800531914896,219.09966880587663,4131.685339095745,150.63061721540512,5007.676627018664,person,150.63061721540512,5007.676627018664,0.6149328859060402,False,False
Hi4D,/home/shangguanrz/project/pic-edit/datasets/Hi4D_pilot_v1/raw/pair00/yoga00/images/4/000012.jpg,pair00/yoga00/images/4/000012.jpg,940,1280,940,False,True,0.057647938829787235,596.6568867906341,6637.485029504654,176.2409818024901,4299.199857099112,person,176.2409818024901,4299.199857099112,0.6151426174496644,False,False
Hi4D,/home/shangguanrz/project/pic-edit/datasets/Hi4D_pilot_v1/raw/pair12/highfive12/images/4/000065.jpg,pair12/highfive12/images/4/000065.jpg,940,1280,940,False,True,0.06471326462765957,250.1286114627498,5293.863873420878,157.65276566037525,4740.228590740115,person,157.65276566037525,4740.228590740115,0.6155620805369127,False,False
Hi4D,/home/shangguanrz/project/pic-edit/datasets/Hi4D_pilot_v1/raw/pair12/highfive12/images/4/000067.jpg,pair12/highfive12/images/4/000067.jpg,940,1280,940,False,True,0.06370595079787233,252.44849817760397,5272.828821060505,158.6092442087596,4725.850190672778,person,158.6092442087596,4725.850190672778,0.6155620805369127,False,False
Hi4D,/home/shangguanrz/project/pic-edit/datasets/Hi4D_pilot_v1/raw/pair16/jump16/images/4/000066.jpg,pair16/jump16/images/4/000066.jpg,940,1280,940,False,True,0.04988613696808511,274.1557087161089,5147.549472240691,144.2252619920181,5287.839262575098,person,144.2252619920181,5287.839262575098,0.6172399328859061,False,False
Hi4D,/home/shangguanrz/project/pic-edit/datasets/Hi4D_pilot_v1/raw/pair00/hug00/images/4/000064.jpg,pair00/hug00/images/4/000064.jpg,940,1280,940,False,True,0.05470661569148936,577.1585334864825,7115.21337890625,196.42026235385717,3970.3177889913577,person,196.42026235385717,3970.3177889913577,0.6174496644295302,False,False
Hi4D,/home/shangguanrz/project/pic-edit/datasets/Hi4D_pilot_v1/raw/pair02/pose02/images/52/000113.jpg,pair02/pose02/images/52/000113.jpg,940,1280,940,False,True,0.0659699135638298,223.7493920939009,4105.28801321476,188.59260274757244,4058.5905167895453,person,188.59260274757244,4058.5905167895453,0.6174496644295302,False,False
Hi4D,/home/shangguanrz/project/pic-edit/datasets/Hi4D_pilot_v1/raw/pair28/basketball28/images/4/000109.jpg,pair28/basketball28/images/4/000109.jpg,940,1280,940,False,True,0.03552526595744681,230.34594507396028,4118.107567320479,167.78849470361553,4631.772715746767,person,167.78849470361553,4631.772715746767,0.6178691275167785,False,False
Hi4D,/home/shangguanrz/project/pic-edit/datasets/Hi4D_pilot_v1/raw/pair12/fight12/images/16/000086.jpg,pair12/fight12/images/16/000086.jpg,940,1280,940,False,True,0.058875498670212766,235.8316843939238,4721.380225648271,148.73654791615044,5148.434620935978,person,148.73654791615044,5148.434620935978,0.6182885906040267,False,False
Hi4D,/home/shangguanrz/project/pic-edit/datasets/Hi4D_pilot_v1/raw/pair02/pose02/images/52/000022.jpg,pair02/pose02/images/52/000022.jpg,940,1280,940,False,True,0.04936502659574468,257.52649680601627,4515.677090259309,179.275106080484,4278.507451056784,person,179.275106080484,4278.507451056784,0.6187080536912751,False,False
Hi4D,/home/shangguanrz/project/pic-edit/datasets/Hi4D_pilot_v1/raw/pair16/hug16/images/4/000067.jpg,pair16/hug16/images/4/000067.jpg,940,1280,940,False,True,0.049655917553191486,266.41094001764736,4936.237709857048,136.76303358141507,5538.417813051146,person,136.76303358141507,5538.417813051146,0.6193372483221476,False,False
Hi4D,/home/shangguanrz/project/pic-edit/datasets/Hi4D_pilot_v1/raw/pair12/highfive12/images/4/000096.jpg,pair12/highfive12/images/4/000096.jpg,940,1280,940,False,True,0.06535239361702128,250.3161076545014,5292.128459524601,155.56178977561999,4904.751281014023,person,155.56178977561999,4904.751281014023,0.6199664429530201,False,False
Hi4D,/home/shangguanrz/project/pic-edit/datasets/Hi4D_pilot_v1/raw/pair28/dance28/images/4/000025.jpg,pair28/dance28/images/4/000025.jpg,940,1280,940,False,True,0.05981715425531915,267.3343261097718,4787.643024850399,174.75107031531147,4473.257349295176,person,174.75107031531147,4473.257349295176,0.6199664429530202,False,False
Hi4D,/home/shangguanrz/project/pic-edit/datasets/Hi4D_pilot_v1/raw/pair28/fight28/images/4/000088.jpg,pair28/fight28/images/4/000088.jpg,940,1280,940,False,True,0.04623836436170213,235.85200296237815,4313.078779504654,174.96173869660282,4469.999575255605,person,174.96173869660282,4469.999575255605,0.6205956375838926,False,False
Hi4D,/home/shangguanrz/project/pic-edit/datasets/Hi4D_pilot_v1/raw/pair14/talk14/images/4/000034.jpg,pair14/talk14/images/4/000034.jpg,940,1280,940,False,True,0.05519365026595745,296.1091322391591,5390.115971991357,173.28456724730935,4564.514904334098,person,173.28456724730935,4564.514904334098,0.6212248322147651,False,False
Hi4D,/home/shangguanrz/project/pic-edit/datasets/Hi4D_pilot_v1/raw/pair16/talk16/images/16/000132.jpg,pair16/talk16/images/16/000132.jpg,940,1280,940,False,True,0.0661045545212766,276.62898045157675,4660.01483543883,177.48944661781164,4427.699758816244,person,177.48944661781164,4427.699758816244,0.6214345637583892,False,False
Hi4D,/home/shangguanrz/project/pic-edit/datasets/Hi4D_pilot_v1/raw/pair01/talk01/images/16/000093.jpg,pair01/talk01/images/16/000093.jpg,940,1280,940,False,True,0.057303025265957444,190.28394131962128,3405.3802672041224,151.43345410204083,5123.6470714285715,person,151.43345410204083,5123.6470714285715,0.6218540268456376,False,False
Hi4D,/home/shangguanrz/project/pic-edit/datasets/Hi4D_pilot_v1/raw/pair01/talk01/images/16/000056.jpg,pair01/talk01/images/16/000056.jpg,940,1280,940,False,True,0.06045877659574468,180.7842594267772,3114.6261739527927,159.5368812704509,4814.306696641461,person,159.5368812704509,4814.306696641461,0.6222734899328859,False,False
Hi4D,/home/shangguanrz/project/pic-edit/datasets/Hi4D_pilot_v1/raw/pair02/pose02/images/52/000055.jpg,pair02/pose02/images/52/000055.jpg,940,1280,940,False,True,0.05389793882978723,218.6997897672459,3875.44219581117,178.09245660878048,4458.637329864526,person,178.09245660878048,4458.637329864526,0.623741610738255,False,False
Hi4D,/home/shangguanrz/project/pic-edit/datasets/Hi4D_pilot_v1/raw/pair16/talk16/images/16/000069.jpg,pair16/talk16/images/16/000069.jpg,940,1280,940,False,True,0.04818317819148936,271.3583341622687,4570.225232712766,159.89926454118006,4830.8650845446455,person,159.89926454118006,4830.8650845446455,0.6237416107382551,False,False
Hi4D,/home/shangguanrz/project/pic-edit/datasets/Hi4D_pilot_v1/raw/pair16/jump16/images/4/000071.jpg,pair16/jump16/images/4/000071.jpg,940,1280,940,False,True,0.0584873670212766,287.5692108415704,5327.752773853059,153.93370274146292,5067.084847641575,person,153.93370274146292,5067.084847641575,0.6241610738255033,False,False
Hi4D,/home/shangguanrz/project/pic-edit/datasets/Hi4D_pilot_v1/raw/pair02/pose02/images/52/000015.jpg,pair02/pose02/images/52/000015.jpg,940,1280,940,False,True,0.05342087765957447,244.97735197040063,4209.19373337766,175.70411741073755,4564.1348817769285,person,175.70411741073755,4564.1348817769285,0.625,False,False
Hi4D,/home/shangguanrz/project/pic-edit/datasets/Hi4D_pilot_v1/raw/pair28/dance28/images/4/000028.jpg,pair28/dance28/images/4/000028.jpg,940,1280,940,False,True,0.0628515625,269.5129231261473,4807.660561419548,178.8031251972356,4449.742862964388,person,178.8031251972356,4449.742862964388,0.625,False,False
Hi4D,/home/shangguanrz/project/pic-edit/datasets/Hi4D_pilot_v1/raw/pair28/fight28/images/4/000024.jpg,pair28/fight28/images/4/000024.jpg,940,1280,940,False,True,0.05939328457446808,275.22597978459373,4966.185183261303,172.75287642957898,4640.076287680988,person,172.75287642957898,4640.076287680988,0.625,False,False
Hi4D,/home/shangguanrz/project/pic-edit/datasets/Hi4D_pilot_v1/raw/pair12/highfive12/images/4/000113.jpg,pair12/highfive12/images/4/000113.jpg,940,1280,940,False,True,0.07030585106382979,250.28495056435443,5203.230146692154,158.999524529651,4890.354830583197,person,158.999524529651,4890.354830583197,0.6258389261744967,False,False
Hi4D,/home/shangguanrz/project/pic-edit/datasets/Hi4D_pilot_v1/raw/pair12/fight12/images/16/000011.jpg,pair12/fight12/images/16/000011.jpg,940,1280,940,False,True,0.06086436170212766,204.01219387926525,3776.999771442819,153.13872658170428,5135.006763573858,person,153.13872658170428,5135.006763573858,0.6260486577181208,False,False
Hi4D,/home/shangguanrz/project/pic-edit/datasets/Hi4D_pilot_v1/raw/pair02/dance02/images/4/000022.jpg,pair02/dance02/images/4/000022.jpg,940,1280,940,False,True,0.04936502659574468,216.95160721674833,4160.751527177526,160.1941583020476,4874.249277620856,person,160.1941583020476,4874.249277620856,0.6266778523489933,False,False
Hi4D,/home/shangguanrz/project/pic-edit/datasets/Hi4D_pilot_v1/raw/pair00/yoga00/images/4/000082.jpg,pair00/yoga00/images/4/000082.jpg,940,1280,940,False,True,0.04515541888297872,523.5269632822738,5540.592046210107,190.95952853739428,4189.098522586963,person,190.95952853739428,4189.098522586963,0.6268875838926175,False,False
Hi4D,/home/shangguanrz/project/pic-edit/datasets/Hi4D_pilot_v1/raw/pair16/talk16/images/16/000083.jpg,pair16/talk16/images/16/000083.jpg,940,1280,940,False,True,0.04526097074468085,265.86003621696295,4342.538615774601,162.76330652914635,4832.620693871313,person,162.76330652914635,4832.620693871313,0.6268875838926175,False,False
Hi4D,/home/shangguanrz/project/pic-edit/datasets/Hi4D_pilot_v1/raw/pair16/talk16/images/16/000126.jpg,pair16/talk16/images/16/000126.jpg,940,1280,940,False,True,0.06743101728723404,287.7064926584094,4782.921729554521,164.29611469610762,4789.9739417173805,person,164.29611469610762,4789.9739417173805,0.6275167785234899,False,False
Hi4D,/home/shangguanrz/project/pic-edit/datasets/Hi4D_pilot_v1/raw/pair12/fight12/images/16/000019.jpg,pair12/fight12/images/16/000019.jpg,940,1280,940,False,True,0.06429853723404255,217.95828416823477,4109.738914976729,155.78218549321855,5030.440852575489,person,155.78218549321855,5030.440852575489,0.62751677852349,False,False
Hi4D,/home/shangguanrz/project/pic-edit/datasets/Hi4D_pilot_v1/raw/pair02/pose02/images/52/000016.jpg,pair02/pose02/images/52/000016.jpg,940,1280,940,False,True,0.05381815159574468,246.2173675598198,4212.437229886968,178.29501859057655,4561.391227082901,person,178.29501859057655,4561.391227082901,0.6283557046979866,False,False
Hi4D,/home/shangguanrz/project/pic-edit/datasets/Hi4D_pilot_v1/raw/pair16/talk16/images/16/000128.jpg,pair16/talk16/images/16/000128.jpg,940,1280,940,False,True,0.0666298204787234,283.7591428975813,4661.683572972074,169.03715770769264,4734.395864969046,person,169.03715770769264,4734.395864969046,0.6283557046979866,False,False
Hi4D,/home/shangguanrz/project/pic-edit/datasets/Hi4D_pilot_v1/raw/pair01/fight01/images/52/000043.jpg,pair01/fight01/images/52/000043.jpg,940,1280,940,False,True,0.06811170212765957,228.82025420452584,3988.3697951296544,171.10348905899477,4719.130141190914,person,171.10348905899477,4719.130141190914,0.6289848993288591,False,False
Hi4D,/home/shangguanrz/project/pic-edit/datasets/Hi4D_pilot_v1/raw/pair01/talk01/images/16/000027.jpg,pair01/talk01/images/16/000027.jpg,940,1280,940,False,True,0.07188081781914894,208.53779682564272,3424.8888173204787,165.4033081237848,4825.407703147017,person,165.4033081237848,4825.407703147017,0.6296140939597314,False,False
Hi4D,/home/shangguanrz/project/pic-edit/datasets/Hi4D_pilot_v1/raw/pair02/pose02/images/52/000067.jpg,pair02/pose02/images/52/000067.jpg,940,1280,940,False,True,0.05806432845744681,224.0134270174734,3826.051705867686,164.70437511848795,4840.088568108141,person,164.70437511848795,4840.088568108141,0.6296140939597316,False,False
Hi4D,/home/shangguanrz/project/pic-edit/datasets/Hi4D_pilot_v1/raw/pair02/pose02/images/52/000069.jpg,pair02/pose02/images/52/000069.jpg,940,1280,940,False,True,0.059864527925531916,221.7518907290554,3808.0885762965427,176.21910766499303,4636.489749578305,person,176.21910766499303,4636.489749578305,0.6298238255033557,False,False
Hi4D,/home/shangguanrz/project/pic-edit/datasets/Hi4D_pilot_v1/raw/pair16/talk16/images/16/000013.jpg,pair16/talk16/images/16/000013.jpg,940,1280,940,False,True,0.05161319813829787,286.6522750430325,4823.722396525931,172.25070319848453,4719.705761738774,person,172.25070319848453,4719.705761738774,0.6306627516778524,False,False
Hi4D,/home/shangguanrz/project/pic-edit/datasets/Hi4D_pilot_v1/raw/pair01/hug01/images/4/000014.jpg,pair01/hug01/images/4/000014.jpg,940,1280,940,False,True,0.06488198138297872,235.02365314167187,4525.461384225399,166.10048710901128,4840.2298142881045,person,166.10048710901128,4840.2298142881045,0.6321308724832215,False,False
Hi4D,/home/shangguanrz/project/pic-edit/datasets/Hi4D_pilot_v1/raw/pair16/hug16/images/4/000018.jpg,pair16/hug16/images/4/000018.jpg,940,1280,940,False,True,0.06323803191489362,297.9653605377583,5614.099941821809,161.6612871448316,4987.7650586314385,person,161.6612871448316,4987.7650586314385,0.6323406040268456,False,False
Hi4D,/home/shangguanrz/project/pic-edit/datasets/Hi4D_pilot_v1/raw/pair01/fight01/images/52/000008.jpg,pair01/fight01/images/52/000008.jpg,940,1280,940,False,True,0.06441904920212765,243.0418761680978,4348.78313040226,145.83790811719626,5513.2136201699095,person,145.83790811719626,5513.2136201699095,0.6335989932885906,False,False
Hi4D,/home/shangguanrz/project/pic-edit/datasets/Hi4D_pilot_v1/raw/pair01/fight01/images/52/000071.jpg,pair01/fight01/images/52/000071.jpg,940,1280,940,False,True,0.058188996010638296,190.39907008169348,3268.025972406915,163.5842837168641,4973.9186220669,person,163.5842837168641,4973.9186220669,0.6335989932885906,False,False
Hi4D,/home/shangguanrz/project/pic-edit/datasets/Hi4D_pilot_v1/raw/pair02/pose02/images/52/000011.jpg,pair02/pose02/images/52/000011.jpg,940,1280,940,False,True,0.05343500664893617,247.83920946375937,4271.718718833112,171.41833620392438,4763.804499196572,person,171.41833620392438,4763.804499196572,0.6335989932885906,False,False
Hi4D,/home/shangguanrz/project/pic-edit/datasets/Hi4D_pilot_v1/raw/pair16/talk16/images/16/000130.jpg,pair16/talk16/images/16/000130.jpg,940,1280,940,False,True,0.06557596409574468,282.11629962529895,4690.923069730718,178.13167903695438,4647.200559671829,person,178.13167903695438,4647.200559671829,0.6335989932885906,False,False
Hi4D,/home/shangguanrz/project/pic-edit/datasets/Hi4D_pilot_v1/raw/pair28/dance28/images/4/000024.jpg,pair28/dance28/images/4/000024.jpg,940,1280,940,False,True,0.05939328457446808,265.44734320976767,4750.049035904255,180.7107601650515,4610.277521955851,person,180.7107601650515,4610.277521955851,0.6338087248322147,False,False
Hi4D,/home/shangguanrz/project/pic-edit/datasets/Hi4D_pilot_v1/raw/pair02/pose02/images/52/000110.jpg,pair02/pose02/images/52/000110.jpg,940,1280,940,False,True,0.06846160239361702,223.70280688936316,4159.78173828125,210.42603543775607,4085.6794132355394,person,210.42603543775607,4085.6794132355394,0.6338087248322148,False,False
Hi4D,/home/shangguanrz/project/pic-edit/datasets/Hi4D_pilot_v1/raw/pair00/yoga00/images/4/000024.jpg,pair00/yoga00/images/4/000024.jpg,940,1280,940,False,True,0.05659158909574468,791.0371134575539,8874.29582571476,190.40300639809482,4409.292077775147,person,190.40300639809482,4409.292077775147,0.6373741610738255,False,False
Hi4D,/home/shangguanrz/project/pic-edit/datasets/Hi4D_pilot_v1/raw/pair00/hug00/images/4/000097.jpg,pair00/hug00/images/4/000097.jpg,940,1280,940,False,True,0.053416722074468084,496.0856971756912,5440.20428856383,195.74421128773065,4333.900915985423,person,195.74421128773065,4333.900915985423,0.6375838926174496,False,False
Hi4D,/home/shangguanrz/project/pic-edit/datasets/Hi4D_pilot_v1/raw/pair28/dance28/images/4/000021.jpg,pair28/dance28/images/4/000021.jpg,940,1280,940,False,True,0.05780003324468085,262.39701327860973,4715.091391705452,183.58828947535324,4610.576005102166,person,183.58828947535324,4610.576005102166,0.638003355704698,False,False
Hi4D,/home/shangguanrz/project/pic-edit/datasets/Hi4D_pilot_v1/raw/pair28/fight28/images/4/000021.jpg,pair28/fight28/images/4/000021.jpg,940,1280,940,False,True,0.05780003324468085,276.25382111254936,4946.199499251995,179.6488306670774,4666.606323742242,person,179.6488306670774,4666.606323742242,0.6384228187919463,False,False
Hi4D,/home/shangguanrz/project/pic-edit/datasets/Hi4D_pilot_v1/raw/pair28/dance28/images/4/000027.jpg,pair28/dance28/images/4/000027.jpg,940,1280,940,False,True,0.06137134308510638,267.0327817567768,4744.928253823138,184.86612711248623,4576.305587070782,person,184.86612711248623,4576.305587070782,0.6386325503355705,False,False
Hi4D,/home/shangguanrz/project/pic-edit/datasets/Hi4D_pilot_v1/raw/pair01/fight01/images/52/000061.jpg,pair01/fight01/images/52/000061.jpg,940,1280,940,False,True,0.05875332446808511,181.1640827027636,3210.233793218085,169.99259027950848,4918.318025177579,person,169.99259027950848,4918.318025177579,0.6390520134228188,False,False
Hi4D,/home/shangguanrz/project/pic-edit/datasets/Hi4D_pilot_v1/raw/pair02/pose02/images/52/000111.jpg,pair02/pose02/images/52/000111.jpg,940,1280,940,False,True,0.06784740691489362,223.6766383361633,4151.89306640625,215.2726033519515,4135.679110780769,person,215.2726033519515,4135.679110780769,0.6390520134228188,False,False
Hi4D,/home/shangguanrz/project/pic-edit/datasets/Hi4D_pilot_v1/raw/pair09/hug09/images/28/000075.jpg,pair09/hug09/images/28/000075.jpg,940,1280,940,False,True,0.04626496010638298,278.7391032384445,4244.815460854388,205.36191545502507,4212.174698334141,person,205.36191545502507,4212.174698334141,0.6390520134228188,False,False
Hi4D,/home/shangguanrz/project/pic-edit/datasets/Hi4D_pilot_v1/raw/pair28/dance28/images/4/000039.jpg,pair28/dance28/images/4/000039.jpg,940,1280,940,False,True,0.06133394281914894,263.73075919887395,4842.151865857712,182.89480002982498,4648.603981179877,person,182.89480002982498,4648.603981179877,0.6394714765100671,False,False
Hi4D,/home/shangguanrz/project/pic-edit/datasets/Hi4D_pilot_v1/raw/pair28/dance28/images/4/000016.jpg,pair28/dance28/images/4/000016.jpg,940,1280,940,False,True,0.056341422872340424,269.22793316949054,4785.728297456782,183.91662487558614,4626.006039883196,person,183.91662487558614,4626.006039883196,0.6401006711409396,False,False
Hi4D,/home/shangguanrz/project/pic-edit/datasets/Hi4D_pilot_v1/raw/pair02/pose02/images/52/000106.jpg,pair02/pose02/images/52/000106.jpg,940,1280,940,False,True,0.07115857712765958,227.76634672398805,4181.846232962101,219.69871189280326,4085.2921938488985,person,219.69871189280326,4085.2921938488985,0.6403104026845637,False,False
Hi4D,/home/shangguanrz/project/pic-edit/datasets/Hi4D_pilot_v1/raw/pair02/dance02/images/4/000025.jpg,pair02/dance02/images/4/000025.jpg,940,1280,940,False,True,0.047549867021276594,215.7541338331077,4171.40681100399,170.46787324276875,4938.570061282105,person,170.46787324276875,4938.570061282105,0.6403104026845639,False,False
Hi4D,/home/shangguanrz/project/pic-edit/datasets/Hi4D_pilot_v1/raw/pair28/dance28/images/4/000015.jpg,pair28/dance28/images/4/000015.jpg,940,1280,940,False,True,0.05601811835106383,268.07649356976736,4756.683946974734,184.36373079113778,4627.486453232894,person,184.36373079113778,4627.486453232894,0.6405201342281879,False,False
Hi4D,/home/shangguanrz/project/pic-edit/datasets/Hi4D_pilot_v1/raw/pair28/dance28/images/4/000013.jpg,pair28/dance28/images/4/000013.jpg,940,1280,940,False,True,0.055614195478723406,271.17784767951724,4797.952138048538,183.0929839412332,4660.569431476949,person,183.0929839412332,4660.569431476949,0.6409395973154361,False,False
Hi4D,/home/shangguanrz/project/pic-edit/datasets/Hi4D_pilot_v1/raw/pair28/dance28/images/4/000010.jpg,pair28/dance28/images/4/000010.jpg,940,1280,940,False,True,0.05549950132978723,271.65210400560204,4813.669641373005,182.01484835964175,4690.106607885376,person,182.01484835964175,4690.106607885376,0.6411493288590604,False,False
Hi4D,/home/shangguanrz/project/pic-edit/datasets/Hi4D_pilot_v1/raw/pair28/dance28/images/4/000012.jpg,pair28/dance28/images/4/000012.jpg,940,1280,940,False,True,0.05552277260638298,271.252773755921,4794.729035073138,183.06094871598333,4670.418703078551,person,183.06094871598333,4670.418703078551,0.6413590604026845,False,False
Hi4D,/home/shangguanrz/project/pic-edit/datasets/Hi4D_pilot_v1/raw/pair02/pose02/images/52/000053.jpg,pair02/pose02/images/52/000053.jpg,940,1280,940,False,True,0.05316323138297872,217.8390174058564,3851.6719477227393,185.47446605558392,4635.605574733038,person,185.47446605558392,4635.605574733038,0.6426174496644295,False,False
Hi4D,/home/shangguanrz/project/pic-edit/datasets/Hi4D_pilot_v1/raw/pair12/fight12/images/16/000013.jpg,pair12/fight12/images/16/000013.jpg,940,1280,940,False,True,0.06200216090425532,206.58875972278082,3785.228266289894,155.29310351046402,5316.199353843895,person,155.29310351046402,5316.199353843895,0.6428271812080537,False,False
Hi4D,/home/shangguanrz/project/pic-edit/datasets/Hi4D_pilot_v1/raw/pair12/fight12/images/16/000015.jpg,pair12/fight12/images/16/000015.jpg,940,1280,940,False,True,0.0628374335106383,215.01838013204636,3958.5076878324467,156.86023162192936,5283.856626157408,person,156.86023162192936,5283.856626157408,0.6428271812080537,False,False
Hi4D,/home/shangguanrz/project/pic-edit/datasets/Hi4D_pilot_v1/raw/pair16/talk16/images/16/000081.jpg,pair16/talk16/images/16/000081.jpg,940,1280,940,False,True,0.04505651595744681,266.8577374092806,4379.657694065824,169.28846810146777,5029.87719405541,person,169.28846810146777,5029.87719405541,0.6430369127516778,False,False
Hi4D,/home/shangguanrz/project/pic-edit/datasets/Hi4D_pilot_v1/raw/pair28/dance28/images/4/000018.jpg,pair28/dance28/images/4/000018.jpg,940,1280,940,False,True,0.05698553856382979,267.0859271093103,4776.563372672872,185.09564035864335,4639.200930301606,person,185.09564035864335,4639.200930301606,0.6430369127516778,False,False
Hi4D,/home/shangguanrz/project/pic-edit/datasets/Hi4D_pilot_v1/raw/pair12/fight12/images/16/000081.jpg,pair12/fight12/images/16/000081.jpg,940,1280,940,False,True,0.05440408909574468,239.81993629026866,4760.793623254654,156.10425388665158,5293.793359466265,person,156.10425388665158,5293.793359466265,0.6434563758389262,False,False
Hi4D,/home/shangguanrz/project/pic-edit/datasets/Hi4D_pilot_v1/raw/pair12/fight12/images/16/000038.jpg,pair12/fight12/images/16/000038.jpg,940,1280,940,False,True,0.04861702127659574,214.9492611181094,4134.044890708112,148.62163596196245,5587.304771086604,person,148.62163596196245,5587.304771086604,0.6442953020134228,False,False
Hi4D,/home/shangguanrz/project/pic-edit/datasets/Hi4D_pilot_v1/raw/pair01/fight01/images/52/000062.jpg,pair01/fight01/images/52/000062.jpg,940,1280,940,False,True,0.05874667553191489,181.28781496955023,3174.284449800532,171.8475653170611,4995.993710914037,person,171.8475653170611,4995.993710914037,0.6447147651006712,False,False
Hi4D,/home/shangguanrz/project/pic-edit/datasets/Hi4D_pilot_v1/raw/pair28/dance28/images/4/000019.jpg,pair28/dance28/images/4/000019.jpg,940,1280,940,False,True,0.057249002659574465,266.5271352091868,4786.169485538564,187.18408883557194,4646.670864819479,person,187.18408883557194,4646.670864819479,0.6459731543624161,False,False
Hi4D,/home/shangguanrz/project/pic-edit/datasets/Hi4D_pilot_v1/raw/pair28/fight28/images/4/000044.jpg,pair28/fight28/images/4/000044.jpg,940,1280,940,False,True,0.06608045212765958,254.4311873391237,4623.255329537899,192.71070118600812,4590.770921001751,person,192.71070118600812,4590.770921001751,0.6459731543624161,False,False
Hi4D,/home/shangguanrz/project/pic-edit/datasets/Hi4D_pilot_v1/raw/pair01/hug01/images/4/000012.jpg,pair01/hug01/images/4/000012.jpg,940,1280,940,False,True,0.06445478723404255,237.3179884362458,4552.589500914229,172.25305833000942,5012.2488407513965,person,172.25305833000942,5012.2488407513965,0.6463926174496644,False,False
Hi4D,/home/shangguanrz/project/pic-edit/datasets/Hi4D_pilot_v1/raw/pair12/highfive12/images/4/000013.jpg,pair12/highfive12/images/4/000013.jpg,940,1280,940,False,True,0.06200216090425532,254.33153894844497,5365.87146775266,169.91808487946395,5074.283133857111,person,169.91808487946395,5074.283133857111,0.6463926174496644,False,False
Hi4D,/home/shangguanrz/project/pic-edit/datasets/Hi4D_pilot_v1/raw/pair01/fight01/images/52/000069.jpg,pair01/fight01/images/52/000069.jpg,940,1280,940,False,True,0.057096908244680854,191.78375218582676,3231.548100897606,166.17460570233644,5147.822077452045,person,166.17460570233644,5147.822077452045,0.6468120805369127,False,False
Hi4D,/home/shangguanrz/project/pic-edit/datasets/Hi4D_pilot_v1/raw/pair00/taichi00/images/4/000084.jpg,pair00/taichi00/images/4/000084.jpg,940,1280,940,False,True,0.04506150265957447,639.1712338871251,6347.201223819814,196.33639508624236,4553.683985614554,person,196.33639508624236,4553.683985614554,0.6470218120805369,False,False
Hi4D,/home/shangguanrz/project/pic-edit/datasets/Hi4D_pilot_v1/raw/pair12/fight12/images/16/000077.jpg,pair12/fight12/images/16/000077.jpg,940,1280,940,False,True,0.05400681515957447,242.8107827385393,4850.128750415559,153.70597131701982,5451.554737764426,person,153.70597131701982,5451.554737764426,0.6472315436241611,False,False
Hi4D,/home/shangguanrz/project/pic-edit/datasets/Hi4D_pilot_v1/raw/pair00/hug00/images/4/000098.jpg,pair00/hug00/images/4/000098.jpg,940,1280,940,False,True,0.05350731382978723,497.0120139318173,5454.124979222074,202.01216240482964,4443.905712181076,person,202.01216240482964,4443.905712181076,0.6482802013422819,False,False
Hi4D,/home/shangguanrz/project/pic-edit/datasets/Hi4D_pilot_v1/raw/pair02/pose02/images/52/000108.jpg,pair02/pose02/images/52/000108.jpg,940,1280,940,False,True,0.06950382313829787,224.5438101652145,4166.808396359707,223.70680897111453,4173.3572189664355,person,223.70680897111453,4173.3572189664355,0.6482802013422819,False,False
Hi4D,/home/shangguanrz/project/pic-edit/datasets/Hi4D_pilot_v1/raw/pair28/dance28/images/4/000006.jpg,pair28/dance28/images/4/000006.jpg,940,1280,940,False,True,0.055451296542553194,269.953939707234,4791.149154338431,185.96210190015353,4700.97746827139,person,185.96210190015353,4700.97746827139,0.6482802013422819,False,False
Hi4D,/home/shangguanrz/project/pic-edit/datasets/Hi4D_pilot_v1/raw/pair28/dance28/images/4/000009.jpg,pair28/dance28/images/4/000009.jpg,940,1280,940,False,True,0.05547623005319149,271.293098417085,4796.252088181516,184.92147471841622,4717.584370974667,person,184.92147471841622,4717.584370974667,0.6489093959731543,False,False
Hi4D,/home/shangguanrz/project/pic-edit/datasets/Hi4D_pilot_v1/raw/pair02/backhug02/images/64/000084.jpg,pair02/backhug02/images/64/000084.jpg,940,1280,940,False,True,0.04140708111702128,254.08342431278564,4487.853557180851,253.3427664050784,3634.4847529390568,person,253.3427664050784,3634.4847529390568,0.6491191275167785,False,False
Hi4D,/home/shangguanrz/project/pic-edit/datasets/Hi4D_pilot_v1/raw/pair00/taichi00/images/4/000086.jpg,pair00/taichi00/images/4/000086.jpg,940,1280,940,False,True,0.04567237367021276,642.7053995261962,6400.14727393617,196.87192455881427,4592.354179168453,person,196.87192455881427,4592.354179168453,0.6493288590604027,False,False
Hi4D,/home/shangguanrz/project/pic-edit/datasets/Hi4D_pilot_v1/raw/pair01/hug01/images/4/000114.jpg,pair01/hug01/images/4/000114.jpg,940,1280,940,False,True,0.07113779920212766,217.57825403569126,4448.747267702793,157.88584392487817,5334.267524153525,person,157.88584392487817,5334.267524153525,0.6493288590604027,False,False
Hi4D,/home/shangguanrz/project/pic-edit/datasets/Hi4D_pilot_v1/raw/pair28/dance28/images/4/000022.jpg,pair28/dance28/images/4/000022.jpg,940,1280,940,False,True,0.058282081117021274,261.438611043854,4714.225824883643,186.37794157739322,4708.288164748637,person,186.37794157739322,4708.288164748637,0.6493288590604027,False,False
Hi4D,/home/shangguanrz/project/pic-edit/datasets/Hi4D_pilot_v1/raw/pair12/fight12/images/16/000017.jpg,pair12/fight12/images/16/000017.jpg,940,1280,940,False,True,0.06364112367021277,218.54211805003322,4029.179770611702,158.74345743987553,5322.704725113567,person,158.74345743987553,5322.704725113567,0.6495385906040269,False,False
Hi4D,/home/shangguanrz/project/pic-edit/datasets/Hi4D_pilot_v1/raw/pair01/talk01/images/16/000025.jpg,pair01/talk01/images/16/000025.jpg,940,1280,940,False,True,0.07151346409574467,208.08712495574048,3493.840550199468,167.74440009241457,5199.708308849454,person,167.74440009241457,5199.708308849454,0.649748322147651,False,False
Hi4D,/home/shangguanrz/project/pic-edit/datasets/Hi4D_pilot_v1/raw/pair00/taichi00/images/4/000083.jpg,pair00/taichi00/images/4/000083.jpg,940,1280,940,False,True,0.04505651595744681,636.1929741091402,6309.58942819149,198.2342373290437,4554.324602451988,person,198.2342373290437,4554.324602451988,0.6499580536912752,False,False
Hi4D,/home/shangguanrz/project/pic-edit/datasets/Hi4D_pilot_v1/raw/pair09/hug09/images/28/000074.jpg,pair09/hug09/images/28/000074.jpg,940,1280,940,False,True,0.046659740691489364,276.59039822451507,4242.524279005984,210.49598527642036,4365.91917970423,person,210.49598527642036,4365.91917970423,0.6499580536912752,False,False
Hi4D,/home/shangguanrz/project/pic-edit/datasets/Hi4D_pilot_v1/raw/pair12/fight12/images/16/000084.jpg,pair12/fight12/images/16/000084.jpg,940,1280,940,False,True,0.05679105718085106,237.02913854693105,4689.932845744681,157.58301962461894,5355.350349896793,person,157.58301962461894,5355.350349896793,0.6499580536912752,False,False
Hi4D,/home/shangguanrz/project/pic-edit/datasets/Hi4D_pilot_v1/raw/pair28/dance28/images/4/000003.jpg,pair28/dance28/images/4/000003.jpg,940,1280,940,False,True,0.05543218085106383,269.74284152015395,4789.422820395612,184.66047961468703,4729.765985913715,person,184.66047961468703,4729.765985913715,0.6499580536912752,False,False
Hi4D,/home/shangguanrz/project/pic-edit/datasets/Hi4D_pilot_v1/raw/pair28/dance28/images/4/000007.jpg,pair28/dance28/images/4/000007.jpg,940,1280,940,False,True,0.05544963430851064,270.63507640011005,4801.046158161569,185.53146978313325,4720.278806272129,person,185.53146978313325,4720.278806272129,0.6501677852348993,False,False
Hi4D,/home/shangguanrz/project/pic-edit/datasets/Hi4D_pilot_v1/raw/pair12/highfive12/images/4/000082.jpg,pair12/highfive12/images/4/000082.jpg,940,1280,940,False,True,0.05511220079787234,238.20019462236507,5100.338784075798,179.06541633147214,4921.341884099195,person,179.06541633147214,4921.341884099195,0.6522651006711409,False,False
Hi4D,/home/shangguanrz/project/pic-edit/datasets/Hi4D_pilot_v1/raw/pair12/fight12/images/16/000100.jpg,pair12/fight12/images/16/000100.jpg,940,1280,940,False,True,0.06867686170212765,229.81054764365433,4385.07951712101,156.90078660416634,5418.246944244722,person,156.90078660416634,5418.246944244722,0.6524748322147651,False,False
Hi4D,/home/shangguanrz/project/pic-edit/datasets/Hi4D_pilot_v1/raw/pair28/dance28/images/4/000004.jpg,pair28/dance28/images/4/000004.jpg,940,1280,940,False,True,0.05545295877659574,270.3394226524667,4803.058074301862,186.34896473573667,4741.902256966335,person,186.34896473573667,4741.902256966335,0.6526845637583892,False,False
Hi4D,/home/shangguanrz/project/pic-edit/datasets/Hi4D_pilot_v1/raw/pair02/backhug02/images/64/000082.jpg,pair02/backhug02/images/64/000082.jpg,940,1280,940,False,True,0.04232130984042553,255.13632609950517,4468.469570728059,265.9907348019113,3591.2059180208585,person,265.9907348019113,3591.2059180208585,0.6526845637583893,False,False
Hi4D,/home/shangguanrz/project/pic-edit/datasets/Hi4D_pilot_v1/raw/pair00/taichi00/images/4/000087.jpg,pair00/taichi00/images/4/000087.jpg,940,1280,940,False,True,0.04618101728723404,641.529558872923,6430.977040392288,198.9058519601731,4606.4568967402,person,198.9058519601731,4606.4568967402,0.6533137583892618,False,False
Hi4D,/home/shangguanrz/project/pic-edit/datasets/Hi4D_pilot_v1/raw/pair12/fight12/images/16/000103.jpg,pair12/fight12/images/16/000103.jpg,940,1280,940,False,True,0.07008228058510638,230.2158689519408,4406.514451047207,160.94794009313028,5344.065443186255,person,160.94794009313028,5344.065443186255,0.65373322147651,False,False
Hi4D,/home/shangguanrz/project/pic-edit/datasets/Hi4D_pilot_v1/raw/pair00/taichi00/images/4/000082.jpg,pair00/taichi00/images/4/000082.jpg,940,1280,940,False,True,0.04515541888297872,630.9951370519015,6283.817632147607,201.70128380287292,4591.451654106527,person,201.70128380287292,4591.451654106527,0.6537332214765101,False,False
Hi4D,/home/shangguanrz/project/pic-edit/datasets/Hi4D_pilot_v1/raw/pair00/hug00/images/4/000101.jpg,pair00/hug00/images/4/000101.jpg,940,1280,940,False,True,0.05311835106382979,501.7268572436194,5493.765625,205.45956525739754,4544.277497914929,person,205.45956525739754,4544.277497914929,0.6539429530201342,False,False
Hi4D,/home/shangguanrz/project/pic-edit/datasets/Hi4D_pilot_v1/raw/pair16/talk16/images/16/000079.jpg,pair16/talk16/images/16/000079.jpg,940,1280,940,False,True,0.046344747340425534,264.3351186382496,4380.241896609043,174.95530566316924,5076.087321578506,person,174.95530566316924,5076.087321578506,0.6539429530201342,False,False
Hi4D,/home/shangguanrz/project/pic-edit/datasets/Hi4D_pilot_v1/raw/pair00/hug00/images/4/000092.jpg,pair00/hug00/images/4/000092.jpg,940,1280,940,False,True,0.05070728058510638,501.12165830228696,5467.767598902926,208.76743836422656,4506.968734342118,person,208.76743836422656,4506.968734342118,0.6541526845637584,False,False
Hi4D,/home/shangguanrz/project/pic-edit/datasets/Hi4D_pilot_v1/raw/pair16/jump16/images/4/000092.jpg,pair16/jump16/images/4/000092.jpg,940,1280,940,False,True,0.05090841090425532,234.69276658071547,4597.55559133976,153.3044805637489,5589.821457381016,person,153.3044805637489,5589.821457381016,0.6545721476510067,False,False
Hi4D,/home/shangguanrz/project/pic-edit/datasets/Hi4D_pilot_v1/raw/pair28/dance28/images/4/000037.jpg,pair28/dance28/images/4/000037.jpg,940,1280,940,False,True,0.06154753989361702,276.48926195981227,4951.229274019282,186.8582157672904,4754.632407451981,person,186.8582157672904,4754.632407451981,0.6547818791946308,False,False
Hi4D,/home/shangguanrz/project/pic-edit/datasets/Hi4D_pilot_v1/raw/pair02/pose02/images/52/000073.jpg,pair02/pose02/images/52/000073.jpg,940,1280,940,False,True,0.06292470079787234,222.76126163520655,3857.792875249335,202.99498995143156,4621.863911148601,person,202.99498995143156,4621.863911148601,0.6560402684563759,False,False
Hi4D,/home/shangguanrz/project/pic-edit/datasets/Hi4D_pilot_v1/raw/pair16/jump16/images/4/000035.jpg,pair16/jump16/images/4/000035.jpg,940,1280,940,False,True,0.05930435505319149,262.5520155108207,4926.224547041224,181.77047898167945,4970.821654283688,person,181.77047898167945,4970.821654283688,0.6560402684563759,False,False
Hi4D,/home/shangguanrz/project/pic-edit/datasets/Hi4D_pilot_v1/raw/pair00/hug00/images/4/000093.jpg,pair00/hug00/images/4/000093.jpg,940,1280,940,False,True,0.05147190824468085,499.5592943228386,5452.470962849069,227.23033598638767,4252.7156535655195,person,227.23033598638767,4252.7156535655195,0.6564597315436241,False,False
Hi4D,/home/shangguanrz/project/pic-edit/datasets/Hi4D_pilot_v1/raw/pair28/dance28/images/4/000030.jpg,pair28/dance28/images/4/000030.jpg,940,1280,940,False,True,0.0643392619680851,279.57432138072585,4930.628885472074,187.45155679451753,4777.540882934928,person,187.45155679451753,4777.540882934928,0.6566694630872483,False,False
Hi4D,/home/shangguanrz/project/pic-edit/datasets/Hi4D_pilot_v1/raw/pair01/fight01/images/52/000066.jpg,pair01/fight01/images/52/000066.jpg,940,1280,940,False,True,0.05606549202127659,185.60628846254002,3095.64922706117,175.98776542554953,5131.697771587744,person,175.98776542554953,5131.697771587744,0.6577181208053691,False,False
Hi4D,/home/shangguanrz/project/pic-edit/datasets/Hi4D_pilot_v1/raw/pair01/hug01/images/4/000011.jpg,pair01/hug01/images/4/000011.jpg,940,1280,940,False,True,0.06439079122340426,237.49963503242256,4565.524330950798,174.54554717430045,5180.8381977318395,person,174.54554717430045,5180.8381977318395,0.6577181208053691,False,False
Hi4D,/home/shangguanrz/project/pic-edit/datasets/Hi4D_pilot_v1/raw/pair02/backhug02/images/64/000105.jpg,pair02/backhug02/images/64/000105.jpg,940,1280,940,False,True,0.041686336436170215,255.5596252907828,4545.661299035904,271.4022144274873,3624.2884172388344,person,271.4022144274873,3624.2884172388344,0.6579278523489933,False,False
Hi4D,/home/shangguanrz/project/pic-edit/datasets/Hi4D_pilot_v1/raw/pair01/fight01/images/52/000006.jpg,pair01/fight01/images/52/000006.jpg,940,1280,940,False,True,0.06434092420212766,245.13495063004638,4352.091215093085,157.68327473332792,5518.255151908684,person,157.68327473332792,5518.255151908684,0.6583473154362416,False,False
Hi4D,/home/shangguanrz/project/pic-edit/datasets/Hi4D_pilot_v1/raw/pair02/dance02/images/4/000023.jpg,pair02/dance02/images/4/000023.jpg,940,1280,940,False,True,0.048241356382978724,216.75294415901666,4152.187364943484,176.78825782456505,5125.725085450037,person,176.78825782456505,5125.725085450037,0.6583473154362416,False,False
Hi4D,/home/shangguanrz/project/pic-edit/datasets/Hi4D_pilot_v1/raw/pair00/taichi00/images/4/000079.jpg,pair00/taichi00/images/4/000079.jpg,940,1280,940,False,True,0.04611535904255319,613.8458741607847,6276.089376246676,201.58095246392477,4649.754007138582,person,201.58095246392477,4649.754007138582,0.6585570469798658,False,False
Hi4D,/home/shangguanrz/project/pic-edit/datasets/Hi4D_pilot_v1/raw/pair02/backhug02/images/64/000086.jpg,pair02/backhug02/images/64/000086.jpg,940,1280,940,False,True,0.04077709441489362,256.5019666974552,4558.110715176197,257.20056102559647,3732.3762642982715,person,257.20056102559647,3732.3762642982715,0.6587667785234899,False,False
Hi4D,/home/shangguanrz/project/pic-edit/datasets/Hi4D_pilot_v1/raw/pair12/highfive12/images/4/000093.jpg,pair12/highfive12/images/4/000093.jpg,940,1280,940,False,True,0.06562250664893617,250.00317003369173,5385.216828041888,162.1833960271389,5417.115360313924,person,162.1833960271389,5417.115360313924,0.6589765100671141,False,False
Hi4D,/home/shangguanrz/project/pic-edit/datasets/Hi4D_pilot_v1/raw/pair28/fight28/images/4/000028.jpg,pair28/fight28/images/4/000028.jpg,940,1280,940,False,True,0.0628515625,280.6660708979332,4927.406904504654,183.08889550826348,4982.785175794073,person,183.08889550826348,4982.785175794073,0.6589765100671141,False,False
Hi4D,/home/shangguanrz/project/pic-edit/datasets/Hi4D_pilot_v1/raw/pair01/fight01/images/52/000068.jpg,pair01/fight01/images/52/000068.jpg,940,1280,940,False,True,0.0567860704787234,192.02793009475974,3257.096430352394,171.79860615445568,5262.67643113512,person,171.79860615445568,5262.67643113512,0.6591862416107382,False,False
Hi4D,/home/shangguanrz/project/pic-edit/datasets/Hi4D_pilot_v1/raw/pair28/dance28/images/4/000036.jpg,pair28/dance28/images/4/000036.jpg,940,1280,940,False,True,0.06201961436170213,275.59719775747317,4983.347915974069,187.6163866024028,4839.416235052629,person,187.6163866024028,4839.416235052629,0.6598154362416107,False,False
Hi4D,/home/shangguanrz/project/pic-edit/datasets/Hi4D_pilot_v1/raw/pair02/pose02/images/52/000104.jpg,pair02/pose02/images/52/000104.jpg,940,1280,940,False,True,0.07213264627659574,230.38609018469887,4226.062001329788,228.56702475173913,4271.801485393629,person,228.56702475173913,4271.801485393629,0.6602348993288591,False,False
Hi4D,/home/shangguanrz/project/pic-edit/datasets/Hi4D_pilot_v1/raw/pair12/highfive12/images/4/000084.jpg,pair12/highfive12/images/4/000084.jpg,940,1280,940,False,True,0.05679105718085106,247.37006660215232,5219.076649767288,183.0677433001521,5010.4317071942805,person,183.0677433001521,5010.4317071942805,0.6602348993288591,False,False
Hi4D,/home/shangguanrz/project/pic-edit/datasets/Hi4D_pilot_v1/raw/pair01/hug01/images/4/000119.jpg,pair01/hug01/images/4/000119.jpg,940,1280,940,False,True,0.07164976728723405,234.18110882086472,4634.692964594415,172.36764900157004,5270.8038421479,person,172.36764900157004,5270.8038421479,0.6604446308724832,False,False
Hi4D,/home/shangguanrz/project/pic-edit/datasets/Hi4D_pilot_v1/raw/pair02/backhug02/images/64/000093.jpg,pair02/backhug02/images/64/000093.jpg,940,1280,940,False,True,0.03934591090425532,263.1355581270348,4630.223238031915,253.40661546186504,3801.347437326566,person,253.40661546186504,3801.347437326566,0.6606543624161074,False,False
Hi4D,/home/shangguanrz/project/pic-edit/datasets/Hi4D_pilot_v1/raw/pair12/highfive12/images/4/000063.jpg,pair12/highfive12/images/4/000063.jpg,940,1280,940,False,True,0.06388713430851063,253.371786617488,5367.126381732048,175.8483520581107,5189.034699888283,person,175.8483520581107,5189.034699888283,0.6606543624161074,False,False
Hi4D,/home/shangguanrz/project/pic-edit/datasets/Hi4D_pilot_v1/raw/pair01/talk01/images/16/000058.jpg,pair01/talk01/images/16/000058.jpg,940,1280,940,False,True,0.05970910904255319,184.8476126507809,3190.027582696144,173.8527942529125,5261.545837069739,person,173.8527942529125,5261.545837069739,0.6610738255033557,False,False
Hi4D,/home/shangguanrz/project/pic-edit/datasets/Hi4D_pilot_v1/raw/pair28/fight28/images/4/000026.jpg,pair28/fight28/images/4/000026.jpg,940,1280,940,False,True,0.06308095079787233,279.96610516363705,4942.760721409574,203.2857559161225,4665.598868175765,person,203.2857559161225,4665.598868175765,0.6610738255033557,False,False
Hi4D,/home/shangguanrz/project/pic-edit/datasets/Hi4D_pilot_v1/raw/pair16/talk16/images/16/000077.jpg,pair16/talk16/images/16/000077.jpg,940,1280,940,False,True,0.0463139960106383,267.2294188016354,4361.918882978724,177.9945249899401,5169.843493036381,person,177.9945249899401,5169.843493036381,0.6617030201342282,False,False
Hi4D,/home/shangguanrz/project/pic-edit/datasets/Hi4D_pilot_v1/raw/pair00/hug00/images/4/000068.jpg,pair00/hug00/images/4/000068.jpg,940,1280,940,False,True,0.053765791223404254,591.6795976782287,6977.147990774601,222.3296702911632,4472.09974209464,person,222.3296702911632,4472.09974209464,0.6621224832214765,False,False
Hi4D,/home/shangguanrz/project/pic-edit/datasets/Hi4D_pilot_v1/raw/pair01/talk01/images/16/000024.jpg,pair01/talk01/images/16/000024.jpg,940,1280,940,False,True,0.0708876329787234,210.36163813563806,3503.144323470745,174.29505808931026,5259.846824041914,person,174.29505808931026,5259.846824041914,0.6621224832214765,False,False
Hi4D,/home/shangguanrz/project/pic-edit/datasets/Hi4D_pilot_v1/raw/pair02/backhug02/images/64/000103.jpg,pair02/backhug02/images/64/000103.jpg,940,1280,940,False,True,0.040682347074468085,258.28811874339465,4583.382781333112,267.3891187285625,3715.94341136817,person,267.3891187285625,3715.94341136817,0.6621224832214765,False,False
Hi4D,/home/shangguanrz/project/pic-edit/datasets/Hi4D_pilot_v1/raw/pair28/dance28/images/4/000001.jpg,pair28/dance28/images/4/000001.jpg,940,1280,940,False,True,0.05542220744680851,269.99291885333554,4798.026616522607,193.22685969697156,4785.157029808106,person,193.22685969697156,4785.157029808106,0.6621224832214765,False,False
Hi4D,/home/shangguanrz/project/pic-edit/datasets/Hi4D_pilot_v1/raw/pair02/pose02/images/52/000071.jpg,pair02/pose02/images/52/000071.jpg,940,1280,940,False,True,0.06114777260638298,222.13404824249128,3809.166254571144,193.01435182862315,4816.19026381694,person,193.01435182862315,4816.19026381694,0.6625419463087248,False,False
Hi4D,/home/shangguanrz/project/pic-edit/datasets/Hi4D_pilot_v1/raw/pair01/talk01/images/16/000065.jpg,pair01/talk01/images/16/000065.jpg,940,1280,940,False,True,0.05712267287234043,186.4375123364346,3247.500135056516,174.92624607401794,5255.435127786841,person,174.92624607401794,5255.435127786841,0.6631711409395973,False,False
Hi4D,/home/shangguanrz/project/pic-edit/datasets/Hi4D_pilot_v1/raw/pair00/taichi00/images/4/000081.jpg,pair00/taichi00/images/4/000081.jpg,940,1280,940,False,True,0.04541140292553191,630.615919355787,6304.823304521276,207.16007156377802,4693.225662769283,person,207.16007156377802,4693.225662769283,0.6644295302013423,False,False
Hi4D,/home/shangguanrz/project/pic-edit/datasets/Hi4D_pilot_v1/raw/pair12/highfive12/images/4/000081.jpg,pair12/highfive12/images/4/000081.jpg,940,1280,940,False,True,0.05440408909574468,239.90628210866328,5136.289997506649,183.16953318608466,5099.00085667558,person,183.16953318608466,5099.00085667558,0.6652684563758389,False,False
Hi4D,/home/shangguanrz/project/pic-edit/datasets/Hi4D_pilot_v1/raw/pair01/hug01/images/4/000117.jpg,pair01/hug01/images/4/000117.jpg,940,1280,940,False,True,0.07147357047872341,227.2484347881533,4485.107473819814,170.7546515497716,5360.672212978369,person,170.7546515497716,5360.672212978369,0.6654781879194631,False,False
Hi4D,/home/shangguanrz/project/pic-edit/datasets/Hi4D_pilot_v1/raw/pair02/backhug02/images/64/000107.jpg,pair02/backhug02/images/64/000107.jpg,940,1280,940,False,True,0.04311585771276596,255.70004160814878,4507.323408410904,291.08147517351773,3613.651328273245,person,291.08147517351773,3613.651328273245,0.6654781879194631,False,False
Hi4D,/home/shangguanrz/project/pic-edit/datasets/Hi4D_pilot_v1/raw/pair01/talk01/images/16/000069.jpg,pair01/talk01/images/16/000069.jpg,940,1280,940,False,True,0.057096908244680854,187.7491301132198,3305.475315824468,173.1045947188227,5327.605863192182,person,173.1045947188227,5327.605863192182,0.6661073825503356,False,False
Hi4D,/home/shangguanrz/project/pic-edit/datasets/Hi4D_pilot_v1/raw/pair28/basketball28/images/4/000106.jpg,pair28/basketball28/images/4/000106.jpg,940,1280,940,False,True,0.038695146276595746,242.80897620362146,4345.24864943484,183.2100719246862,5116.94505998319,person,183.2100719246862,5116.94505998319,0.6665268456375839,False,False
Hi4D,/home/shangguanrz/project/pic-edit/datasets/Hi4D_pilot_v1/raw/pair00/taichi00/images/4/000009.jpg,pair00/taichi00/images/4/000009.jpg,940,1280,940,False,True,0.056543384308510636,601.3756274203199,7135.319813829788,221.4122673266605,4611.124461052026,person,221.4122673266605,4611.124461052026,0.6671560402684564,False,False
Hi4D,/home/shangguanrz/project/pic-edit/datasets/Hi4D_pilot_v1/raw/pair01/hug01/images/4/000115.jpg,pair01/hug01/images/4/000115.jpg,940,1280,940,False,True,0.07115275930851064,217.80563712624632,4426.261614860372,167.9540186036348,5461.357776081723,person,167.9540186036348,5461.357776081723,0.667785234899329,False,False
Hi4D,/home/shangguanrz/project/pic-edit/datasets/Hi4D_pilot_v1/raw/pair12/highfive12/images/4/000073.jpg,pair12/highfive12/images/4/000073.jpg,940,1280,940,False,True,0.05411236702127659,244.69270050984372,5159.178877160904,183.91221460900903,5099.024123512383,person,183.91221460900903,5099.024123512383,0.667785234899329,False,False
Hi4D,/home/shangguanrz/project/pic-edit/datasets/Hi4D_pilot_v1/raw/pair28/dance28/images/4/000033.jpg,pair28/dance28/images/4/000033.jpg,940,1280,940,False,True,0.06502659574468085,281.7603051603083,5041.21300490359,197.55589967921628,4844.409187502826,person,197.55589967921628,4844.409187502826,0.6684144295302012,False,False
Hi4D,/home/shangguanrz/project/pic-edit/datasets/Hi4D_pilot_v1/raw/pair28/dance28/images/4/000031.jpg,pair28/dance28/images/4/000031.jpg,940,1280,940,False,True,0.06482380319148937,279.3990591513512,4964.277260638298,195.6469724001852,4910.744221810122,person,195.6469724001852,4910.744221810122,0.6686241610738255,False,False
Hi4D,/home/shangguanrz/project/pic-edit/datasets/Hi4D_pilot_v1/raw/pair02/pose02/images/52/000051.jpg,pair02/pose02/images/52/000051.jpg,940,1280,940,False,True,0.052982047872340426,213.69661082850152,3810.2798474900264,197.92034231196644,4849.633071426262,person,197.92034231196644,4849.633071426262,0.6690436241610738,False,False
Hi4D,/home/shangguanrz/project/pic-edit/datasets/Hi4D_pilot_v1/raw/pair28/fight28/images/4/000090.jpg,pair28/fight28/images/4/000090.jpg,940,1280,940,False,True,0.047421875,237.3122648579494,4403.545441323138,191.14942698651222,4978.57981759341,person,191.14942698651222,4978.57981759341,0.6690436241610738,False,False
Hi4D,/home/shangguanrz/project/pic-edit/datasets/Hi4D_pilot_v1/raw/pair02/pose02/images/52/000074.jpg,pair02/pose02/images/52/000074.jpg,940,1280,940,False,True,0.06384890292553191,220.91018167063896,3865.8383996841753,216.10957863857325,4717.2072941426895,person,216.10957863857325,4717.2072941426895,0.6698825503355705,False,False
Hi4D,/home/shangguanrz/project/pic-edit/datasets/Hi4D_pilot_v1/raw/pair09/hug09/images/28/000073.jpg,pair09/hug09/images/28/000073.jpg,940,1280,940,False,True,0.04700714760638298,278.6747533794494,4246.048661901596,224.83847778999655,4622.382606522554,person,224.83847778999655,4622.382606522554,0.6709312080536913,False,False
Hi4D,/home/shangguanrz/project/pic-edit/datasets/Hi4D_pilot_v1/raw/pair01/fight01/images/52/000075.jpg,pair01/fight01/images/52/000075.jpg,940,1280,940,False,True,0.056988031914893614,194.1281367759998,3304.699717420213,171.06744185933928,5505.277029223711,person,171.06744185933928,5505.277029223711,0.6721895973154361,False,False
Hi4D,/home/shangguanrz/project/pic-edit/datasets/Hi4D_pilot_v1/raw/pair00/taichi00/images/4/000078.jpg,pair00/taichi00/images/4/000078.jpg,940,1280,940,False,True,0.04656748670212766,609.8043428402025,6314.473612034574,216.26083958197415,4730.004134202576,person,216.26083958197415,4730.004134202576,0.6723993288590604,False,False
Hi4D,/home/shangguanrz/project/pic-edit/datasets/Hi4D_pilot_v1/raw/pair00/taichi00/images/4/000077.jpg,pair00/taichi00/images/4/000077.jpg,940,1280,940,False,True,0.04720661569148936,611.0684823830131,6344.01765084774,215.620794341562,4751.717459071282,person,215.620794341562,4751.717459071282,0.6728187919463087,False,False
Hi4D,/home/shangguanrz/project/pic-edit/datasets/Hi4D_pilot_v1/raw/pair00/taichi00/images/4/000088.jpg,pair00/taichi00/images/4/000088.jpg,940,1280,940,False,True,0.046785239361702126,643.0346878529027,6487.846939411569,213.2912634859945,4757.802300695559,person,213.2912634859945,4757.802300695559,0.6730285234899329,False,False
Hi4D,/home/shangguanrz/project/pic-edit/datasets/Hi4D_pilot_v1/raw/pair02/pose02/images/52/000025.jpg,pair02/pose02/images/52/000025.jpg,940,1280,940,False,True,0.047549867021276594,251.60543740168043,4500.699135638298,214.5258886057308,4753.98306135096,person,214.5258886057308,4753.98306135096,0.6730285234899329,False,False
Hi4D,/home/shangguanrz/project/pic-edit/datasets/Hi4D_pilot_v1/raw/pair16/jump16/images/4/000048.jpg,pair16/jump16/images/4/000048.jpg,940,1280,940,False,True,0.048159906914893615,261.90829098216545,4789.921677609707,180.33671870196414,5283.186473099915,person,180.33671870196414,5283.186473099915,0.673238255033557,False,False
Hi4D,/home/shangguanrz/project/pic-edit/datasets/Hi4D_pilot_v1/raw/pair16/talk16/images/16/000124.jpg,pair16/talk16/images/16/000124.jpg,940,1280,940,False,True,0.0665483710106383,295.3396668171872,4922.959327210771,184.59944850882843,5219.729333588559,person,184.59944850882843,5219.729333588559,0.6742869127516778,False,False
Hi4D,/home/shangguanrz/project/pic-edit/datasets/Hi4D_pilot_v1/raw/pair00/taichi00/images/4/000076.jpg,pair00/taichi00/images/4/000076.jpg,940,1280,940,False,True,0.047796708776595746,607.770583086259,6391.095246010638,216.927443788092,4753.767579288488,person,216.927443788092,4753.767579288488,0.6751258389261745,False,False
Hi4D,/home/shangguanrz/project/pic-edit/datasets/Hi4D_pilot_v1/raw/pair01/fight01/images/52/000079.jpg,pair01/fight01/images/52/000079.jpg,940,1280,940,False,True,0.057854886968085106,197.8113814593711,3385.7662691156916,178.332309940738,5342.806527977044,person,178.332309940738,5342.806527977044,0.6751258389261745,False,False
Hi4D,/home/shangguanrz/project/pic-edit/datasets/Hi4D_pilot_v1/raw/pair00/taichi00/images/4/000011.jpg,pair00/taichi00/images/4/000011.jpg,940,1280,940,False,True,0.057300531914893614,604.8441953472337,7170.422446392952,227.21741469942762,4642.595681157182,person,227.21741469942762,4642.595681157182,0.6753355704697988,False,False
Hi4D,/home/shangguanrz/project/pic-edit/datasets/Hi4D_pilot_v1/raw/pair00/taichi00/images/4/000013.jpg,pair00/taichi00/images/4/000013.jpg,940,1280,940,False,True,0.05793882978723404,603.3634295735277,7109.024871176862,226.70124554251626,4664.8427023452205,person,226.70124554251626,4664.8427023452205,0.6759647651006712,False,False
Hi4D,/home/shangguanrz/project/pic-edit/datasets/Hi4D_pilot_v1/raw/pair28/dance28/images/4/000040.jpg,pair28/dance28/images/4/000040.jpg,940,1280,940,False,True,0.06070894281914894,261.4087584854899,4785.122942985372,202.71219788171916,4965.625739825121,person,202.71219788171916,4965.625739825121,0.6765939597315436,False,False
Hi4D,/home/shangguanrz/project/pic-edit/datasets/Hi4D_pilot_v1/raw/pair28/fight28/images/4/000103.jpg,pair28/fight28/images/4/000103.jpg,940,1280,940,False,True,0.042071974734042554,239.47820272042011,4398.495688580452,197.9799416051039,5020.389055211307,person,197.9799416051039,5020.389055211307,0.6765939597315436,False,False
Hi4D,/home/shangguanrz/project/pic-edit/datasets/Hi4D_pilot_v1/raw/pair28/dance28/images/4/000034.jpg,pair28/dance28/images/4/000034.jpg,940,1280,940,False,True,0.06438414228723405,283.33616533145585,5045.239808427526,197.48181820598796,5052.076665527844,person,197.48181820598796,5052.076665527844,0.6768036912751678,False,False
Hi4D,/home/shangguanrz/project/pic-edit/datasets/Hi4D_pilot_v1/raw/pair16/talk16/images/16/000122.jpg,pair16/talk16/images/16/000122.jpg,940,1280,940,False,True,0.06549368351063829,303.04011340754346,5040.120387300532,187.98218853926676,5179.2550769917425,person,187.98218853926676,5179.2550769917425,0.677013422818792,False,False
Hi4D,/home/shangguanrz/project/pic-edit/datasets/Hi4D_pilot_v1/raw/pair28/basketball28/images/4/000041.jpg,pair28/basketball28/images/4/000041.jpg,940,1280,940,False,True,0.06761303191489362,217.3937668348935,4004.86639793883,187.66056204116265,5217.439572097957,person,187.66056204116265,5217.439572097957,0.6780620805369129,False,False
Hi4D,/home/shangguanrz/project/pic-edit/datasets/Hi4D_pilot_v1/raw/pair00/taichi00/images/4/000089.jpg,pair00/taichi00/images/4/000089.jpg,940,1280,940,False,True,0.047603889627659574,649.7086036622715,6608.03034616024,216.51377040136717,4840.776648126197,person,216.51377040136717,4840.776648126197,0.6795302013422819,False,False
Hi4D,/home/shangguanrz/project/pic-edit/datasets/Hi4D_pilot_v1/raw/pair01/hug01/images/4/000009.jpg,pair01/hug01/images/4/000009.jpg,940,1280,940,False,True,0.06439577792553192,237.1434278741796,4566.586675116357,178.90887917910106,5401.563998499369,person,178.90887917910106,5401.563998499369,0.679739932885906,False,False
Hi4D,/home/shangguanrz/project/pic-edit/datasets/Hi4D_pilot_v1/raw/pair16/talk16/images/16/000011.jpg,pair16/talk16/images/16/000011.jpg,940,1280,940,False,True,0.05136635638297872,289.34786913995566,4868.718781166888,188.90948810642766,5230.337423522576,person,188.90948810642766,5230.337423522576,0.6799496644295302,False,False
Hi4D,/home/shangguanrz/project/pic-edit/datasets/Hi4D_pilot_v1/raw/pair00/taichi00/images/4/000022.jpg,pair00/taichi00/images/4/000022.jpg,940,1280,940,False,True,0.05679271941489362,573.0162523080722,6386.188424617686,228.71620102483976,4664.943007056269,person,228.71620102483976,4664.943007056269,0.6801593959731543,False,False
Hi4D,/home/shangguanrz/project/pic-edit/datasets/Hi4D_pilot_v1/raw/pair09/hug09/images/28/000072.jpg,pair09/hug09/images/28/000072.jpg,940,1280,940,False,True,0.04718500664893617,278.3389829978408,4235.101593666888,227.2831263964572,4712.4773422919,person,227.2831263964572,4712.4773422919,0.6803691275167785,False,False
Hi4D,/home/shangguanrz/project/pic-edit/datasets/Hi4D_pilot_v1/raw/pair00/taichi00/images/4/000008.jpg,pair00/taichi00/images/4/000008.jpg,940,1280,940,False,True,0.055960771276595746,595.8250944563413,7091.367914727393,228.79792466359092,4687.409514777936,person,228.79792466359092,4687.409514777936,0.6814177852348993,False,False
Hi4D,/home/shangguanrz/project/pic-edit/datasets/Hi4D_pilot_v1/raw/pair01/talk01/images/16/000022.jpg,pair01/talk01/images/16/000022.jpg,940,1280,940,False,True,0.06960688164893616,206.58138851830188,3468.572722739362,190.06124346442365,5249.378305516009,person,190.06124346442365,5249.378305516009,0.6820469798657718,False,False
Hi4D,/home/shangguanrz/project/pic-edit/datasets/Hi4D_pilot_v1/raw/pair00/taichi00/images/4/000091.jpg,pair00/taichi00/images/4/000091.jpg,940,1280,940,False,True,0.04974318484042553,623.6131750281012,6635.956179355053,221.88449369491548,4852.543905853323,person,221.88449369491548,4852.543905853323,0.6849832214765101,False,False
Hi4D,/home/shangguanrz/project/pic-edit/datasets/Hi4D_pilot_v1/raw/pair02/pose02/images/52/000050.jpg,pair02/pose02/images/52/000050.jpg,940,1280,940,False,True,0.05318484042553191,210.07601557041306,3779.5223362699467,208.05283783169065,5072.666149168769,person,208.05283783169065,5072.666149168769,0.6856124161073825,False,False
Hi4D,/home/shangguanrz/project/pic-edit/datasets/Hi4D_pilot_v1/raw/pair28/basketball28/images/4/000022.jpg,pair28/basketball28/images/4/000022.jpg,940,1280,940,False,True,0.058282081117021274,281.811678581186,4732.974463929521,206.03336018968366,5083.179164142944,person,206.03336018968366,5083.179164142944,0.6856124161073825,False,False
Hi4D,/home/shangguanrz/project/pic-edit/datasets/Hi4D_pilot_v1/raw/pair00/taichi00/images/4/000023.jpg,pair00/taichi00/images/4/000023.jpg,940,1280,940,False,True,0.05669963430851064,568.0167095346816,6322.850502825798,232.61336842327376,4676.745946792679,person,232.61336842327376,4676.745946792679,0.686241610738255,False,False
Hi4D,/home/shangguanrz/project/pic-edit/datasets/Hi4D_pilot_v1/raw/pair01/talk01/images/16/000062.jpg,pair01/talk01/images/16/000062.jpg,940,1280,940,False,True,0.05874667553191489,187.81292396778434,3243.9309549534573,183.8490801802291,5398.97572695474,person,183.8490801802291,5398.97572695474,0.6866610738255033,False,False
Hi4D,/home/shangguanrz/project/pic-edit/datasets/Hi4D_pilot_v1/raw/pair12/fight12/images/16/000075.jpg,pair12/fight12/images/16/000075.jpg,940,1280,940,False,True,0.05446808510638298,240.70726861593246,4772.880194481383,163.5545955001914,5873.923132637088,person,163.5545955001914,5873.923132637088,0.6866610738255033,False,False
Hi4D,/home/shangguanrz/project/pic-edit/datasets/Hi4D_pilot_v1/raw/pair28/basketball28/images/4/000042.jpg,pair28/basketball28/images/4/000042.jpg,940,1280,940,False,True,0.05962932180851064,222.04095181376212,4018.339116522606,180.33007650702854,5515.653492737872,person,180.33007650702854,5515.653492737872,0.6868708053691275,False,False
Hi4D,/home/shangguanrz/project/pic-edit/datasets/Hi4D_pilot_v1/raw/pair00/taichi00/images/4/000021.jpg,pair00/taichi00/images/4/000021.jpg,940,1280,940,False,True,0.0570561835106383,583.502362024169,6462.467721492686,232.36756243627318,4694.326916668802,person,232.36756243627318,4694.326916668802,0.6870805369127517,False,False
Hi4D,/home/shangguanrz/project/pic-edit/datasets/Hi4D_pilot_v1/raw/pair00/taichi00/images/4/000012.jpg,pair00/taichi00/images/4/000012.jpg,940,1280,940,False,True,0.057647938829787235,603.4536581652204,7170.547623005319,233.6502974419451,4687.916658160661,person,233.6502974419451,4687.916658160661,0.6872902684563759,False,False
Hi4D,/home/shangguanrz/project/pic-edit/datasets/Hi4D_pilot_v1/raw/pair12/highfive12/images/4/000079.jpg,pair12/highfive12/images/4/000079.jpg,940,1280,940,False,True,0.0533735039893617,240.36514311257176,5146.257241107048,187.0154361317861,5350.233755296471,person,187.0154361317861,5350.233755296471,0.6875,False,False
Hi4D,/home/shangguanrz/project/pic-edit/datasets/Hi4D_pilot_v1/raw/pair16/talk16/images/16/000070.jpg,pair16/talk16/images/16/000070.jpg,940,1280,940,False,True,0.04768866356382979,275.1151558980244,4618.051435754654,179.5079051411014,5524.899044576567,person,179.5079051411014,5524.899044576567,0.6875,False,False
Hi4D,/home/shangguanrz/project/pic-edit/datasets/Hi4D_pilot_v1/raw/pair02/pose02/images/52/000046.jpg,pair02/pose02/images/52/000046.jpg,940,1280,940,False,True,0.05434341755319149,210.08319966376993,3773.4917199966753,215.9470784622295,5061.80346051464,person,215.9470784622295,5061.80346051464,0.6879194630872483,False,False
Hi4D,/home/shangguanrz/project/pic-edit/datasets/Hi4D_pilot_v1/raw/pair12/fight12/images/16/000055.jpg,pair12/fight12/images/16/000055.jpg,940,1280,940,False,True,0.0492436835106383,213.56825206570093,4100.119857463431,171.74527447215073,5761.070947951712,person,171.74527447215073,5761.070947951712,0.6879194630872483,False,False
Hi4D,/home/shangguanrz/project/pic-edit/datasets/Hi4D_pilot_v1/raw/pair14/hug14/images/4/000028.jpg,pair14/hug14/images/4/000028.jpg,940,1280,940,False,True,0.05574800531914893,310.5703783820744,5816.544205036569,252.07189656763836,4435.9712558962265,person,252.07189656763836,4435.9712558962265,0.6919043624161074,False,False
Hi4D,/home/shangguanrz/project/pic-edit/datasets/Hi4D_pilot_v1/raw/pair01/hug01/images/4/000008.jpg,pair01/hug01/images/4/000008.jpg,940,1280,940,False,True,0.06441904920212765,237.60619994769982,4569.914374168883,183.51792987273527,5532.232597972047,person,183.51792987273527,5532.232597972047,0.6925335570469799,False,False
Hi4D,/home/shangguanrz/project/pic-edit/datasets/Hi4D_pilot_v1/raw/pair00/taichi00/images/4/000016.jpg,pair00/taichi00/images/4/000016.jpg,940,1280,940,False,True,0.05812666223404255,598.7770202894891,6907.742613447474,235.4944226388816,4722.82079371117,person,235.4944226388816,4722.82079371117,0.692743288590604,False,False
Hi4D,/home/shangguanrz/project/pic-edit/datasets/Hi4D_pilot_v1/raw/pair00/taichi00/images/4/000019.jpg,pair00/taichi00/images/4/000019.jpg,940,1280,940,False,True,0.05753324468085107,596.6138768608132,6655.471710854388,235.6602417015872,4723.6353123965255,person,235.6602417015872,4723.6353123965255,0.6933724832214765,False,False
Hi4D,/home/shangguanrz/project/pic-edit/datasets/Hi4D_pilot_v1/raw/pair00/taichi00/images/4/000014.jpg,pair00/taichi00/images/4/000014.jpg,940,1280,940,False,True,0.05818567154255319,603.8577781332029,7050.151917802526,234.99500787828362,4748.558573596358,person,234.99500787828362,4748.558573596358,0.6946308724832215,False,False
Hi4D,/home/shangguanrz/project/pic-edit/datasets/Hi4D_pilot_v1/raw/pair02/pose02/images/52/000041.jpg,pair02/pose02/images/52/000041.jpg,940,1280,940,False,True,0.05514045877659574,213.35764970645587,3857.6529566988033,219.42293530825816,5167.234026814609,person,219.42293530825816,5167.234026814609,0.6975671140939598,False,False
Hi4D,/home/shangguanrz/project/pic-edit/datasets/Hi4D_pilot_v1/raw/pair01/talk01/images/16/000021.jpg,pair01/talk01/images/16/000021.jpg,940,1280,940,False,True,0.06907164228723404,207.37055019489932,3468.0108460771276,199.83854726227153,5329.5009619201755,person,199.83854726227153,5329.5009619201755,0.697986577181208,False,False
Hi4D,/home/shangguanrz/project/pic-edit/datasets/Hi4D_pilot_v1/raw/pair28/fight28/images/4/000094.jpg,pair28/fight28/images/4/000094.jpg,940,1280,940,False,True,0.04963513962765957,232.42240364716676,4219.082727310505,203.09018958126657,5310.443455437636,person,203.09018958126657,5310.443455437636,0.6981963087248322,False,False
Hi4D,/home/shangguanrz/project/pic-edit/datasets/Hi4D_pilot_v1/raw/pair00/taichi00/images/4/000006.jpg,pair00/taichi00/images/4/000006.jpg,940,1280,940,False,True,0.05487616356382979,585.0360530004234,7083.747361203457,234.60979691339224,4830.906791694575,person,234.60979691339224,4830.906791694575,0.6984060402684564,False,False
Hi4D,/home/shangguanrz/project/pic-edit/datasets/Hi4D_pilot_v1/raw/pair00/taichi00/images/4/000007.jpg,pair00/taichi00/images/4/000007.jpg,940,1280,940,False,True,0.05550864361702128,590.9816625869452,7086.096139461436,237.74840003569656,4777.8745498835,person,237.74840003569656,4777.8745498835,0.6996644295302014,False,False
Hi4D,/home/shangguanrz/project/pic-edit/datasets/Hi4D_pilot_v1/raw/pair16/talk16/images/16/000118.jpg,pair16/talk16/images/16/000118.jpg,940,1280,940,False,True,0.06366023936170213,304.17471778697694,5099.804168051862,193.33318113139552,5504.686536718042,person,193.33318113139552,5504.686536718042,0.7000838926174497,False,False
Hi4D,/home/shangguanrz/project/pic-edit/datasets/Hi4D_pilot_v1/raw/pair02/pose02/images/52/000048.jpg,pair02/pose02/images/52/000048.jpg,940,1280,940,False,True,0.0537109375,210.9500235125133,3779.921303607048,216.7750856460141,5263.7111367422785,person,216.7750856460141,5263.7111367422785,0.7009228187919463,False,False
Hi4D,/home/shangguanrz/project/pic-edit/datasets/Hi4D_pilot_v1/raw/pair00/taichi00/images/4/000018.jpg,pair00/taichi00/images/4/000018.jpg,940,1280,940,False,True,0.057768450797872344,601.1322801032181,6772.03624709109,239.44688736399198,4772.451747894871,person,239.44688736399198,4772.451747894871,0.7013422818791946,False,False
Hi4D,/home/shangguanrz/project/pic-edit/datasets/Hi4D_pilot_v1/raw/pair12/fight12/images/16/000067.jpg,pair12/fight12/images/16/000067.jpg,940,1280,940,False,True,0.06370595079787233,229.8311039379356,4468.353037732712,174.24996605059832,5905.279081971801,person,174.24996605059832,5905.279081971801,0.7013422818791946,False,False
Hi4D,/home/shangguanrz/project/pic-edit/datasets/Hi4D_pilot_v1/raw/pair01/fight01/images/52/000080.jpg,pair01/fight01/images/52/000080.jpg,940,1280,940,False,True,0.05780418882978723,192.90603621869994,3364.8364985039893,186.2926653298503,5634.694025604552,person,186.2926653298503,5634.694025604552,0.7015520134228188,False,False
Hi4D,/home/shangguanrz/project/pic-edit/datasets/Hi4D_pilot_v1/raw/pair00/taichi00/images/4/000074.jpg,pair00/taichi00/images/4/000074.jpg,940,1280,940,False,True,0.04945561835106383,609.4778083397179,6553.199748587101,232.02905767245127,4976.9706541776695,person,232.02905767245127,4976.9706541776695,0.701761744966443,False,False
Hi4D,/home/shangguanrz/project/pic-edit/datasets/Hi4D_pilot_v1/raw/pair00/yoga00/images/4/000026.jpg,pair00/yoga00/images/4/000026.jpg,940,1280,940,False,True,0.05619847074468085,816.5867262813721,9070.84837308843,216.23798411326624,5286.786286083933,person,216.23798411326624,5286.786286083933,0.701761744966443,False,False
Hi4D,/home/shangguanrz/project/pic-edit/datasets/Hi4D_pilot_v1/raw/pair00/taichi00/images/4/000017.jpg,pair00/taichi00/images/4/000017.jpg,940,1280,940,False,True,0.05799285239361702,596.745291861866,6823.872423537234,240.3182073455246,4771.923063313535,person,240.3182073455246,4771.923063313535,0.7026006711409396,False,False
Hi4D,/home/shangguanrz/project/pic-edit/datasets/Hi4D_pilot_v1/raw/pair00/taichi00/images/4/000024.jpg,pair00/taichi00/images/4/000024.jpg,940,1280,940,False,True,0.05659158909574468,560.4497982626751,6281.470557679521,239.78795706318036,4777.553240192596,person,239.78795706318036,4777.553240192596,0.7026006711409396,False,False
Hi4D,/home/shangguanrz/project/pic-edit/datasets/Hi4D_pilot_v1/raw/pair28/fight28/images/4/000041.jpg,pair28/fight28/images/4/000041.jpg,940,1280,940,False,True,0.06761303191489362,255.2911277881517,4625.512196642288,230.49902606889435,5054.842852090885,person,230.49902606889435,5054.842852090885,0.7030201342281879,False,False
Hi4D,/home/shangguanrz/project/pic-edit/datasets/Hi4D_pilot_v1/raw/pair16/jump16/images/4/000060.jpg,pair16/jump16/images/4/000060.jpg,940,1280,940,False,True,0.05018367686170213,254.03391251533267,4928.297269780585,175.18268585538578,5901.501688288608,person,175.18268585538578,5901.501688288608,0.7034395973154363,False,False
Hi4D,/home/shangguanrz/project/pic-edit/datasets/Hi4D_pilot_v1/raw/pair16/jump16/images/4/000037.jpg,pair16/jump16/images/4/000037.jpg,940,1280,940,False,True,0.05911818484042553,260.27655835729644,4844.995480801197,198.69125875214263,5462.0313046680785,person,198.69125875214263,5462.0313046680785,0.7042785234899329,False,False
Hi4D,/home/shangguanrz/project/pic-edit/datasets/Hi4D_pilot_v1/raw/pair12/highfive12/images/4/000011.jpg,pair12/highfive12/images/4/000011.jpg,940,1280,940,False,True,0.06086436170212766,253.8248437267723,5438.005194481383,179.08311806161367,5834.090579574754,person,179.08311806161367,5834.090579574754,0.704488255033557,False,False
Hi4D,/home/shangguanrz/project/pic-edit/datasets/Hi4D_pilot_v1/raw/pair16/talk16/images/16/000075.jpg,pair16/talk16/images/16/000075.jpg,940,1280,940,False,True,0.04624501329787234,268.4472979568636,4370.112138464096,193.35570582813094,5565.8423696307345,person,193.35570582813094,5565.8423696307345,0.7049077181208054,False,False
Hi4D,/home/shangguanrz/project/pic-edit/datasets/Hi4D_pilot_v1/raw/pair02/pose02/images/52/000043.jpg,pair02/pose02/images/52/000043.jpg,940,1280,940,False,True,0.055446309840425534,210.29866670102442,3806.2627160904253,226.33913826633466,5210.916577047165,person,226.33913826633466,5210.916577047165,0.7051174496644296,False,False
Hi4D,/home/shangguanrz/project/pic-edit/datasets/Hi4D_pilot_v1/raw/pair14/hug14/images/4/000026.jpg,pair14/hug14/images/4/000026.jpg,940,1280,940,False,True,0.058560505319148935,321.4132654279159,6009.061180601729,250.48208826437593,4703.657494894957,person,250.48208826437593,4703.657494894957,0.7053271812080537,False,False
Hi4D,/home/shangguanrz/project/pic-edit/datasets/Hi4D_pilot_v1/raw/pair01/hug01/images/4/000006.jpg,pair01/hug01/images/4/000006.jpg,940,1280,940,False,True,0.06434092420212766,238.78379335787682,4581.72130568484,188.84527053270153,5655.531800006835,person,188.84527053270153,5655.531800006835,0.705746644295302,False,False
Hi4D,/home/shangguanrz/project/pic-edit/datasets/Hi4D_pilot_v1/raw/pair01/hug01/images/4/000120.jpg,pair01/hug01/images/4/000120.jpg,940,1280,940,False,True,0.0705718085106383,240.119928040403,4693.997288480718,190.44266482611957,5632.106445511422,person,190.44266482611957,5632.106445511422,0.705746644295302,False,False
Hi4D,/home/shangguanrz/project/pic-edit/datasets/Hi4D_pilot_v1/raw/pair01/fight01/images/52/000045.jpg,pair01/fight01/images/52/000045.jpg,940,1280,940,False,True,0.0661685505319149,234.7960171936701,4068.572265625,194.067648588078,5580.783494935101,person,194.067648588078,5580.783494935101,0.7063758389261745,False,False
Hi4D,/home/shangguanrz/project/pic-edit/datasets/Hi4D_pilot_v1/raw/pair16/jump16/images/4/000088.jpg,pair16/jump16/images/4/000088.jpg,940,1280,940,False,True,0.05113530585106383,232.9507082482979,4459.112242353724,171.13976043601514,5969.586023751268,person,171.13976043601514,5969.586023751268,0.7063758389261745,False,False
Hi4D,/home/shangguanrz/project/pic-edit/datasets/Hi4D_pilot_v1/raw/pair02/pose02/images/52/000036.jpg,pair02/pose02/images/52/000036.jpg,940,1280,940,False,True,0.05361203457446809,217.74754244299587,4012.9811232546544,234.43283935205673,5011.289278148418,person,234.43283935205673,5011.289278148418,0.7065855704697986,False,False
Hi4D,/home/shangguanrz/project/pic-edit/datasets/Hi4D_pilot_v1/raw/pair28/basketball28/images/4/000021.jpg,pair28/basketball28/images/4/000021.jpg,940,1280,940,False,True,0.05780003324468085,283.8143161014498,4753.698533078457,220.94655558443793,5290.210366227586,person,220.94655558443793,5290.210366227586,0.707214765100671,False,False
Hi4D,/home/shangguanrz/project/pic-edit/datasets/Hi4D_pilot_v1/raw/pair00/yoga00/images/4/000033.jpg,pair00/yoga00/images/4/000033.jpg,940,1280,940,False,True,0.05422290558510638,859.589571977428,8941.209711602394,225.7665212009548,5250.73375359498,person,225.7665212009548,5250.73375359498,0.7076342281879195,False,False
Hi4D,/home/shangguanrz/project/pic-edit/datasets/Hi4D_pilot_v1/raw/pair10/dance10/images/4/000073.jpg,pair10/dance10/images/4/000073.jpg,940,1280,940,False,True,0.05151180186170213,220.99815135670775,4303.113592918883,149.7765329628584,6374.120791343519,person,149.7765329628584,6374.120791343519,0.7084731543624161,False,False
Hi4D,/home/shangguanrz/project/pic-edit/datasets/Hi4D_pilot_v1/raw/pair16/talk16/images/16/000120.jpg,pair16/talk16/images/16/000120.jpg,940,1280,940,False,True,0.06441655585106383,300.0904154257302,5044.84296043883,197.99917488729682,5567.111467657491,person,197.99917488729682,5567.111467657491,0.7091023489932886,False,False
Hi4D,/home/shangguanrz/project/pic-edit/datasets/Hi4D_pilot_v1/raw/pair14/talk14/images/4/000036.jpg,pair14/talk14/images/4/000036.jpg,940,1280,940,False,True,0.054326795212765955,279.902310219001,5215.432679521276,207.86884179175678,5492.407669862443,person,207.86884179175678,5492.407669862443,0.7097315436241611,False,False
Hi4D,/home/shangguanrz/project/pic-edit/datasets/Hi4D_pilot_v1/raw/pair28/basketball28/images/4/000050.jpg,pair28/basketball28/images/4/000050.jpg,940,1280,940,False,True,0.06507230718085107,244.760958696178,4329.286163979388,197.08070303131643,5603.502803825302,person,197.08070303131643,5603.502803825302,0.7097315436241611,False,False
Hi4D,/home/shangguanrz/project/pic-edit/datasets/Hi4D_pilot_v1/raw/pair00/taichi00/images/4/000028.jpg,pair00/taichi00/images/4/000028.jpg,940,1280,940,False,True,0.0551063829787234,554.1939497218515,6106.365400598404,239.40991394223616,4980.341413919816,person,239.40991394223616,4980.341413919816,0.7101510067114094,False,False
Hi4D,/home/shangguanrz/project/pic-edit/datasets/Hi4D_pilot_v1/raw/pair00/hug00/images/4/000067.jpg,pair00/hug00/images/4/000067.jpg,940,1280,940,False,True,0.05422706117021277,585.1948910475911,7016.333838929521,243.06533974472475,4850.559927838539,person,243.06533974472475,4850.559927838539,0.7107802013422819,False,False
Hi4D,/home/shangguanrz/project/pic-edit/datasets/Hi4D_pilot_v1/raw/pair28/basketball28/images/4/000037.jpg,pair28/basketball28/images/4/000037.jpg,940,1280,940,False,True,0.06154753989361702,223.41715192230862,4032.616979720745,209.9347121753888,5497.822221152457,person,209.9347121753888,5497.822221152457,0.710989932885906,False,False
Hi4D,/home/shangguanrz/project/pic-edit/datasets/Hi4D_pilot_v1/raw/pair02/pose02/images/52/000027.jpg,pair02/pose02/images/52/000027.jpg,940,1280,940,False,True,0.04765458776595745,251.4648796049326,4523.72235497008,231.24981300479763,5213.0685110629365,person,231.24981300479763,5213.0685110629365,0.7124580536912752,False,False
Hi4D,/home/shangguanrz/project/pic-edit/datasets/Hi4D_pilot_v1/raw/pair14/dance14/images/16/000140.jpg,pair14/dance14/images/16/000140.jpg,940,1280,940,False,True,0.05294547872340426,275.13993572962124,4807.615733045212,242.87503871036327,4923.824914315001,person,242.87503871036327,4923.824914315001,0.7132969798657718,False,False
Hi4D,/home/shangguanrz/project/pic-edit/datasets/Hi4D_pilot_v1/raw/pair00/taichi00/images/4/000073.jpg,pair00/taichi00/images/4/000073.jpg,940,1280,940,False,True,0.05030252659574468,610.0358395574318,6585.002732297207,238.02677849780326,5076.0411004478565,person,238.02677849780326,5076.0411004478565,0.713506711409396,False,False
Hi4D,/home/shangguanrz/project/pic-edit/datasets/Hi4D_pilot_v1/raw/pair02/pose02/images/52/000044.jpg,pair02/pose02/images/52/000044.jpg,940,1280,940,False,True,0.05521193484042553,210.4661211503367,3777.1419443982713,227.9841040967581,5287.483287382671,person,227.9841040967581,5287.483287382671,0.7139261744966443,False,False
Hi4D,/home/shangguanrz/project/pic-edit/datasets/Hi4D_pilot_v1/raw/pair12/fight12/images/16/000053.jpg,pair12/fight12/images/16/000053.jpg,940,1280,940,False,True,0.04931266622340426,216.69451545943173,4136.428627825798,174.80496454151003,6008.2939852042455,person,174.80496454151003,6008.2939852042455,0.7145553691275168,False,False
Hi4D,/home/shangguanrz/project/pic-edit/datasets/Hi4D_pilot_v1/raw/pair00/yoga00/images/4/000015.jpg,pair00/yoga00/images/4/000015.jpg,940,1280,940,False,True,0.055871841755319146,627.6002087045872,6817.364361702128,243.64262383077065,4957.875996457042,person,243.64262383077065,4957.875996457042,0.7151845637583893,False,False
Hi4D,/home/shangguanrz/project/pic-edit/datasets/Hi4D_pilot_v1/raw/pair12/highfive12/images/4/000071.jpg,pair12/highfive12/images/4/000071.jpg,940,1280,940,False,True,0.0535654920212766,248.83008461766997,5230.077200382314,198.7095049590683,5676.541664732371,person,198.7095049590683,5676.541664732371,0.7153942953020134,False,False
Hi4D,/home/shangguanrz/project/pic-edit/datasets/Hi4D_pilot_v1/raw/pair00/taichi00/images/4/000029.jpg,pair00/taichi00/images/4/000029.jpg,940,1280,940,False,True,0.05448387632978723,576.2219737323769,6119.079278174867,242.75580271824296,4994.743818111412,person,242.75580271824296,4994.743818111412,0.7156040268456376,False,False
Hi4D,/home/shangguanrz/project/pic-edit/datasets/Hi4D_pilot_v1/raw/pair12/fight12/images/16/000057.jpg,pair12/fight12/images/16/000057.jpg,940,1280,940,False,True,0.05008228058510638,214.22366171014852,4097.098373088431,182.75541765487455,5936.86024722849,person,182.75541765487455,5936.86024722849,0.71623322147651,False,False
Hi4D,/home/shangguanrz/project/pic-edit/datasets/Hi4D_pilot_v1/raw/pair00/taichi00/images/4/000004.jpg,pair00/taichi00/images/4/000004.jpg,940,1280,940,False,True,0.05299202127659575,581.1578594343108,7057.675126745346,241.10027850550057,5060.682899741789,person,241.10027850550057,5060.682899741789,0.7166526845637584,False,False
Hi4D,/home/shangguanrz/project/pic-edit/datasets/Hi4D_pilot_v1/raw/pair00/yoga00/images/4/000107.jpg,pair00/yoga00/images/4/000107.jpg,940,1280,940,False,True,0.041322307180851066,520.4623523069055,5580.824925199468,204.09316720464147,5636.253014179915,person,204.09316720464147,5636.253014179915,0.7168624161073825,False,False
Hi4D,/home/shangguanrz/project/pic-edit/datasets/Hi4D_pilot_v1/raw/pair00/taichi00/images/4/000026.jpg,pair00/taichi00/images/4/000026.jpg,940,1280,940,False,True,0.05619847074468085,544.1264573011047,6115.662576878324,247.66934979590076,4948.82132557074,person,247.66934979590076,4948.82132557074,0.7170721476510067,False,False
Hi4D,/home/shangguanrz/project/pic-edit/datasets/Hi4D_pilot_v1/raw/pair28/dance28/images/4/000042.jpg,pair28/dance28/images/4/000042.jpg,940,1280,940,False,True,0.05962932180851064,253.9681779162924,4623.705088513962,218.4438121590869,5512.4860685703,person,218.4438121590869,5512.4860685703,0.7170721476510067,False,False
Hi4D,/home/shangguanrz/project/pic-edit/datasets/Hi4D_pilot_v1/raw/pair01/fight01/images/52/000046.jpg,pair01/fight01/images/52/000046.jpg,940,1280,940,False,True,0.06454621010638298,238.5932658231059,4097.113613696809,197.27470111331496,5757.799057684962,person,197.27470111331496,5757.799057684962,0.7172818791946309,False,False
Hi4D,/home/shangguanrz/project/pic-edit/datasets/Hi4D_pilot_v1/raw/pair12/highfive12/images/4/000061.jpg,pair12/highfive12/images/4/000061.jpg,940,1280,940,False,True,0.0624609375,256.3513925826728,5489.785852310505,181.65802994287546,5951.3849779690545,person,181.65802994287546,5951.3849779690545,0.7177013422818792,False,False
Hi4D,/home/shangguanrz/project/pic-edit/datasets/Hi4D_pilot_v1/raw/pair12/fight12/images/16/000060.jpg,pair12/fight12/images/16/000060.jpg,940,1280,940,False,True,0.05052277260638298,218.38097463810587,4162.768606632314,183.21768308868556,5938.042444110325,person,183.21768308868556,5938.042444110325,0.7181208053691275,False,False
Hi4D,/home/shangguanrz/project/pic-edit/datasets/Hi4D_pilot_v1/raw/pair14/dance14/images/16/000136.jpg,pair14/dance14/images/16/000136.jpg,940,1280,940,False,True,0.09843999335106383,284.0532130888546,4809.406073387633,219.08442869329582,5522.411088074072,person,219.08442869329582,5522.411088074072,0.7191694630872483,False,False
Hi4D,/home/shangguanrz/project/pic-edit/datasets/Hi4D_pilot_v1/raw/pair28/fight28/images/4/000096.jpg,pair28/fight28/images/4/000096.jpg,940,1280,940,False,True,0.04977310505319149,236.07598908379805,4276.754082862367,217.14695048255922,5554.676586283565,person,217.14695048255922,5554.676586283565,0.7193791946308725,False,False
Hi4D,/home/shangguanrz/project/pic-edit/datasets/Hi4D_pilot_v1/raw/pair00/taichi00/images/4/000027.jpg,pair00/taichi00/images/4/000027.jpg,940,1280,940,False,True,0.05573969414893617,545.0671219874313,6119.22228224734,247.68593096163886,5002.867389173292,person,247.68593096163886,5002.867389173292,0.720008389261745,False,False
Hi4D,/home/shangguanrz/project/pic-edit/datasets/Hi4D_pilot_v1/raw/pair00/yoga00/images/4/000027.jpg,pair00/yoga00/images/4/000027.jpg,940,1280,940,False,True,0.05573969414893617,828.9023220783016,9093.73456200133,227.45134744364213,5382.485077878227,person,227.45134744364213,5382.485077878227,0.720008389261745,False,False
Hi4D,/home/shangguanrz/project/pic-edit/datasets/Hi4D_pilot_v1/raw/pair00/taichi00/images/4/000092.jpg,pair00/taichi00/images/4/000092.jpg,940,1280,940,False,True,0.05070728058510638,622.8435464917453,6703.566530917553,242.40904412832936,5080.978755386312,person,242.40904412832936,5080.978755386312,0.7204278523489933,False,False
Hi4D,/home/shangguanrz/project/pic-edit/datasets/Hi4D_pilot_v1/raw/pair01/hug01/images/4/000123.jpg,pair01/hug01/images/4/000123.jpg,940,1280,940,False,True,0.06600897606382979,243.3958014532849,4789.396162317154,183.67840603523177,5940.933543059378,person,183.67840603523177,5940.933543059378,0.7204278523489933,False,False
Hi4D,/home/shangguanrz/project/pic-edit/datasets/Hi4D_pilot_v1/raw/pair00/yoga00/images/4/000110.jpg,pair00/yoga00/images/4/000110.jpg,940,1280,940,False,True,0.0405186170212766,531.5325994858541,5649.86211768617,207.61242570660661,5714.342300926469,person,207.61242570660661,5714.342300926469,0.7210570469798658,False,False
Hi4D,/home/shangguanrz/project/pic-edit/datasets/Hi4D_pilot_v1/raw/pair02/pose02/images/52/000039.jpg,pair02/pose02/images/52/000039.jpg,940,1280,940,False,True,0.05460106382978724,214.60852733568785,3903.214147689495,228.50820035669372,5374.152426520847,person,228.50820035669372,5374.152426520847,0.7210570469798658,False,False
Hi4D,/home/shangguanrz/project/pic-edit/datasets/Hi4D_pilot_v1/raw/pair28/basketball28/images/4/000008.jpg,pair28/basketball28/images/4/000008.jpg,940,1280,940,False,True,0.07188746675531915,282.4254049466929,4893.96033494016,240.51024525078788,5156.282313698734,person,240.51024525078788,5156.282313698734,0.72126677852349,False,False
Hi4D,/home/shangguanrz/project/pic-edit/datasets/Hi4D_pilot_v1/raw/pair14/dance14/images/16/000170.jpg,pair14/dance14/images/16/000170.jpg,940,1280,940,False,True,0.06931183510638297,295.60626071499945,5025.46544630984,245.9480329610981,5053.131852182651,person,245.9480329610981,5053.131852182651,0.7214765100671141,False,False
Hi4D,/home/shangguanrz/project/pic-edit/datasets/Hi4D_pilot_v1/raw/pair28/fight28/images/4/000029.jpg,pair28/fight28/images/4/000029.jpg,940,1280,940,False,True,0.06479138962765957,282.6316743412672,4961.54191946476,241.26714286149,5138.055776340111,person,241.26714286149,5138.055776340111,0.7214765100671141,False,False
Hi4D,/home/shangguanrz/project/pic-edit/datasets/Hi4D_pilot_v1/raw/pair02/pose02/images/52/000102.jpg,pair02/pose02/images/52/000102.jpg,940,1280,940,False,True,0.07122340425531914,232.605001056286,4256.172384059176,254.95758199144694,4926.552627092638,person,254.95758199144694,4926.552627092638,0.7218959731543624,False,False
Hi4D,/home/shangguanrz/project/pic-edit/datasets/Hi4D_pilot_v1/raw/pair09/hug09/images/28/000070.jpg,pair09/hug09/images/28/000070.jpg,940,1280,940,False,True,0.04698055186170213,278.7644817917636,4255.644687084441,246.1898281683196,5062.124408146905,person,246.1898281683196,5062.124408146905,0.7225251677852349,False,False
Hi4D,/home/shangguanrz/project/pic-edit/datasets/Hi4D_pilot_v1/raw/pair02/pose02/images/52/000029.jpg,pair02/pose02/images/52/000029.jpg,940,1280,940,False,True,0.04850648271276596,243.88545627729445,4400.623784491357,238.6589141329903,5247.787841276391,person,238.6589141329903,5247.787841276391,0.7231543624161074,False,False
Hi4D,/home/shangguanrz/project/pic-edit/datasets/Hi4D_pilot_v1/raw/pair14/dance14/images/16/000171.jpg,pair14/dance14/images/16/000171.jpg,940,1280,940,False,True,0.06920628324468085,291.1383666184597,4963.042428523936,249.33337799781464,5045.584979390825,person,249.33337799781464,5045.584979390825,0.7231543624161074,False,False
Hi4D,/home/shangguanrz/project/pic-edit/datasets/Hi4D_pilot_v1/raw/pair12/fight12/images/16/000047.jpg,pair12/fight12/images/16/000047.jpg,940,1280,940,False,True,0.049053357712765956,218.7026848081767,4178.810910488697,183.8212104120772,5966.591812116885,person,183.8212104120772,5966.591812116885,0.7237835570469799,False,False
Hi4D,/home/shangguanrz/project/pic-edit/datasets/Hi4D_pilot_v1/raw/pair28/dance28/images/4/000043.jpg,pair28/dance28/images/4/000043.jpg,940,1280,940,False,True,0.058799035904255316,254.88574209036256,4588.470651180186,217.13458564827792,5636.683019814397,person,217.13458564827792,5636.683019814397,0.7237835570469799,False,False
Hi4D,/home/shangguanrz/project/pic-edit/datasets/Hi4D_pilot_v1/raw/pair09/bend09/images/88/000018.jpg,pair09/bend09/images/88/000018.jpg,940,1280,940,False,True,0.0365483710106383,349.33802837503066,4576.004197140957,231.12205021335905,5361.849513113089,person,231.12205021335905,5361.849513113089,0.723993288590604,False,False
Hi4D,/home/shangguanrz/project/pic-edit/datasets/Hi4D_pilot_v1/raw/pair28/basketball28/images/4/000105.jpg,pair28/basketball28/images/4/000105.jpg,940,1280,940,False,True,0.03983710106382979,246.88379773795734,4344.551581200133,206.86771304961474,5758.621518054532,person,206.86771304961474,5758.621518054532,0.7242030201342282,False,False
Hi4D,/home/shangguanrz/project/pic-edit/datasets/Hi4D_pilot_v1/raw/pair01/hug01/images/4/000122.jpg,pair01/hug01/images/4/000122.jpg,940,1280,940,False,True,0.06733543882978724,240.22508037287275,4756.091921542553,187.20699270662118,5940.006474043879,person,187.20699270662118,5940.006474043879,0.7244127516778524,False,False
Hi4D,/home/shangguanrz/project/pic-edit/datasets/Hi4D_pilot_v1/raw/pair10/dance10/images/4/000075.jpg,pair10/dance10/images/4/000075.jpg,940,1280,940,False,True,0.0516264960106383,223.93862121660501,4304.856653091755,163.9707362942912,6234.063174042395,person,163.9707362942912,6234.063174042395,0.7250419463087248,False,False
Hi4D,/home/shangguanrz/project/pic-edit/datasets/Hi4D_pilot_v1/raw/pair00/yoga00/images/4/000105.jpg,pair00/yoga00/images/4/000105.jpg,940,1280,940,False,True,0.041464428191489364,510.14692481579203,5491.608824384974,218.35730303189686,5680.395988370542,person,218.35730303189686,5680.395988370542,0.7258808724832215,False,False
Hi4D,/home/shangguanrz/project/pic-edit/datasets/Hi4D_pilot_v1/raw/pair01/fight01/images/52/000078.jpg,pair01/fight01/images/52/000078.jpg,940,1280,940,False,True,0.057578125,199.7077891741365,3383.4410322473404,197.9902896141972,5857.171986454356,person,197.9902896141972,5857.171986454356,0.7258808724832215,False,False
Hi4D,/home/shangguanrz/project/pic-edit/datasets/Hi4D_pilot_v1/raw/pair12/fight12/images/16/000051.jpg,pair12/fight12/images/16/000051.jpg,940,1280,940,False,True,0.049284408244680854,216.50201766118036,4142.985133394282,179.97446285914987,6036.790337687947,person,179.97446285914987,6036.790337687947,0.7260906040268457,False,False
Hi4D,/home/shangguanrz/project/pic-edit/datasets/Hi4D_pilot_v1/raw/pair14/talk14/images/4/000042.jpg,pair14/talk14/images/4/000042.jpg,940,1280,940,False,True,0.04760970744680851,253.8466670604894,5077.281000664893,238.98500554586246,5277.87572184793,person,238.98500554586246,5277.87572184793,0.7260906040268457,False,False
Hi4D,/home/shangguanrz/project/pic-edit/datasets/Hi4D_pilot_v1/raw/pair09/bend09/images/88/000017.jpg,pair09/bend09/images/88/000017.jpg,940,1280,940,False,True,0.03579039228723404,349.8943071602534,4581.59577584774,236.60419179587672,5306.146719790748,person,236.60419179587672,5306.146719790748,0.7263003355704698,False,False
Hi4D,/home/shangguanrz/project/pic-edit/datasets/Hi4D_pilot_v1/raw/pair16/jump16/images/4/000093.jpg,pair16/jump16/images/4/000093.jpg,940,1280,940,False,True,0.05267536569148936,243.15874529659288,4722.34228515625,161.04214875971743,6325.570380810691,person,161.04214875971743,6325.570380810691,0.726510067114094,False,False
Hi4D,/home/shangguanrz/project/pic-edit/datasets/Hi4D_pilot_v1/raw/pair00/taichi00/images/4/000003.jpg,pair00/taichi00/images/4/000003.jpg,940,1280,940,False,True,0.052435172872340424,582.9610907747606,7082.362772190824,244.06980548909456,5171.670428767468,person,244.06980548909456,5171.670428767468,0.7267197986577181,False,False
Hi4D,/home/shangguanrz/project/pic-edit/datasets/Hi4D_pilot_v1/raw/pair00/yoga00/images/4/000010.jpg,pair00/yoga00/images/4/000010.jpg,940,1280,940,False,True,0.054637632978723406,596.0076142547896,6664.742613447474,250.49935838868774,5108.564543042372,person,250.49935838868774,5108.564543042372,0.7275587248322148,False,False
Hi4D,/home/shangguanrz/project/pic-edit/datasets/Hi4D_pilot_v1/raw/pair02/pose02/images/52/000030.jpg,pair02/pose02/images/52/000030.jpg,940,1280,940,False,True,0.049437333776595746,238.39307612161824,4342.821766954788,239.61396770520844,5280.744942862016,person,239.61396770520844,5280.744942862016,0.7275587248322148,False,False
Hi4D,/home/shangguanrz/project/pic-edit/datasets/Hi4D_pilot_v1/raw/pair28/fight28/images/4/000093.jpg,pair28/fight28/images/4/000093.jpg,940,1280,940,False,True,0.0491015625,232.67739599910774,4224.40632272274,216.18558634999698,5769.467860002287,person,216.18558634999698,5769.467860002287,0.7294463087248322,False,False
Hi4D,/home/shangguanrz/project/pic-edit/datasets/Hi4D_pilot_v1/raw/pair02/pose02/images/52/000032.jpg,pair02/pose02/images/52/000032.jpg,940,1280,940,False,True,0.051085438829787236,226.94616405647662,4180.507303440824,241.30162494269615,5280.431238044984,person,241.30162494269615,5280.431238044984,0.7298657718120805,False,False
Hi4D,/home/shangguanrz/project/pic-edit/datasets/Hi4D_pilot_v1/raw/pair28/basketball28/images/4/000019.jpg,pair28/basketball28/images/4/000019.jpg,940,1280,940,False,True,0.057249002659574465,291.8478313081671,4860.48095703125,231.7072424809541,5486.599150491431,person,231.7072424809541,5486.599150491431,0.7302852348993288,False,False
Hi4D,/home/shangguanrz/project/pic-edit/datasets/Hi4D_pilot_v1/raw/pair28/basketball28/images/4/000016.jpg,pair28/basketball28/images/4/000016.jpg,940,1280,940,False,True,0.056341422872340424,287.17831575530533,4840.526138630319,232.5834091687075,5456.436568747348,person,232.5834091687075,5456.436568747348,0.7311241610738255,False,False
Hi4D,/home/shangguanrz/project/pic-edit/datasets/Hi4D_pilot_v1/raw/pair00/taichi00/images/4/000072.jpg,pair00/taichi00/images/4/000072.jpg,940,1280,940,False,True,0.0512217420212766,609.8737734457443,6579.301664311835,251.07137354082408,5199.883870630102,person,251.07137354082408,5199.883870630102,0.7321728187919463,False,False
Hi4D,/home/shangguanrz/project/pic-edit/datasets/Hi4D_pilot_v1/raw/pair14/talk14/images/4/000084.jpg,pair14/talk14/images/4/000084.jpg,940,1280,940,False,True,0.05084773936170213,269.2146693758697,5365.777520362367,231.6702004714149,5518.716862609497,person,231.6702004714149,5518.716862609497,0.7323825503355704,False,False
Hi4D,/home/shangguanrz/project/pic-edit/datasets/Hi4D_pilot_v1/raw/pair00/taichi00/images/4/000093.jpg,pair00/taichi00/images/4/000093.jpg,940,1280,940,False,True,0.05147190824468085,607.4699070752342,6579.752805019947,252.34578332132014,5187.195432229365,person,252.34578332132014,5187.195432229365,0.7325922818791946,False,False
Hi4D,/home/shangguanrz/project/pic-edit/datasets/Hi4D_pilot_v1/raw/pair02/pose02/images/52/000034.jpg,pair02/pose02/images/52/000034.jpg,940,1280,940,False,True,0.05198221409574468,222.0356065502476,4105.975357380319,244.48757997967743,5273.2613581166415,person,244.48757997967743,5273.2613581166415,0.7332214765100671,False,False
Hi4D,/home/shangguanrz/project/pic-edit/datasets/Hi4D_pilot_v1/raw/pair28/basketball28/images/4/000018.jpg,pair28/basketball28/images/4/000018.jpg,940,1280,940,False,True,0.05698553856382979,290.7717782687742,4866.732317985372,231.83705495564408,5523.4062399485365,person,231.83705495564408,5523.4062399485365,0.7336409395973155,False,False
Hi4D,/home/shangguanrz/project/pic-edit/datasets/Hi4D_pilot_v1/raw/pair28/fight28/images/4/000085.jpg,pair28/fight28/images/4/000085.jpg,940,1280,940,False,True,0.04525681515957447,241.4820047100511,4410.465061918218,218.75645440094735,5784.968191476066,person,218.75645440094735,5784.968191476066,0.7340604026845639,False,False
Hi4D,/home/shangguanrz/project/pic-edit/datasets/Hi4D_pilot_v1/raw/pair00/taichi00/images/4/000031.jpg,pair00/taichi00/images/4/000031.jpg,940,1280,940,False,True,0.05375498670212766,606.3615503757719,6195.362470910904,252.58735756437318,5243.731104942334,person,252.58735756437318,5243.731104942334,0.735738255033557,False,False
Hi4D,/home/shangguanrz/project/pic-edit/datasets/Hi4D_pilot_v1/raw/pair00/yoga00/images/4/000001.jpg,pair00/yoga00/images/4/000001.jpg,940,1280,940,False,True,0.05315741356382979,616.8724472871083,6584.845360289229,252.2855919721285,5253.359256555674,person,252.2855919721285,5253.359256555674,0.7363674496644295,False,False
Hi4D,/home/shangguanrz/project/pic-edit/datasets/Hi4D_pilot_v1/raw/pair28/basketball28/images/4/000043.jpg,pair28/basketball28/images/4/000043.jpg,940,1280,940,False,True,0.058799035904255316,223.51063215983518,4069.1797082779253,187.61512830921717,6038.924905944319,person,187.61512830921717,6038.924905944319,0.7363674496644296,False,False
Hi4D,/home/shangguanrz/project/pic-edit/datasets/Hi4D_pilot_v1/raw/pair02/pose02/images/52/000037.jpg,pair02/pose02/images/52/000037.jpg,940,1280,940,False,True,0.05409408244680851,216.24742336454523,3958.5120927526596,242.77682067073974,5334.009031327417,person,242.77682067073974,5334.009031327417,0.7367869127516778,False,False
Hi4D,/home/shangguanrz/project/pic-edit/datasets/Hi4D_pilot_v1/raw/pair14/talk14/images/4/000089.jpg,pair14/talk14/images/4/000089.jpg,940,1280,940,False,True,0.05072057845744681,260.6005663128933,5257.195437167553,238.98276880196525,5435.967372134039,person,238.98276880196525,5435.967372134039,0.736996644295302,False,False
Hi4D,/home/shangguanrz/project/pic-edit/datasets/Hi4D_pilot_v1/raw/pair00/yoga00/images/4/000005.jpg,pair00/yoga00/images/4/000005.jpg,940,1280,940,False,True,0.05364195478723404,608.2834921919311,6589.243662732712,253.93603590081764,5247.223271670486,person,253.93603590081764,5247.223271670486,0.7372063758389262,False,False
Hi4D,/home/shangguanrz/project/pic-edit/datasets/Hi4D_pilot_v1/raw/pair01/fight01/images/52/000059.jpg,pair01/fight01/images/52/000059.jpg,940,1280,940,False,True,0.05922124335106383,196.1204997550961,3414.17889793883,193.16194270164317,6012.86002091321,person,193.16194270164317,6012.86002091321,0.7372063758389262,False,False
Hi4D,/home/shangguanrz/project/pic-edit/datasets/Hi4D_pilot_v1/raw/pair00/yoga00/images/4/000020.jpg,pair00/yoga00/images/4/000020.jpg,940,1280,940,False,True,0.05171875,742.7986914620458,8111.178700548538,249.22260301644906,5308.380153819465,person,249.22260301644906,5308.380153819465,0.7393036912751678,False,False
Hi4D,/home/shangguanrz/project/pic-edit/datasets/Hi4D_pilot_v1/raw/pair14/dance14/images/16/000172.jpg,pair14/dance14/images/16/000172.jpg,940,1280,940,False,True,0.06791722074468085,296.3345994313629,5018.685754654255,258.7092012990759,5246.561890875604,person,258.7092012990759,5246.561890875604,0.7397231543624161,False,False
Hi4D,/home/shangguanrz/project/pic-edit/datasets/Hi4D_pilot_v1/raw/pair16/jump16/images/4/000085.jpg,pair16/jump16/images/4/000085.jpg,940,1280,940,False,True,0.0457671210106383,241.4696628989111,4453.159397855718,173.90732153048418,6278.958133109082,person,173.90732153048418,6278.958133109082,0.7397231543624161,False,False
Hi4D,/home/shangguanrz/project/pic-edit/datasets/Hi4D_pilot_v1/raw/pair12/fight12/images/16/000049.jpg,pair12/fight12/images/16/000049.jpg,940,1280,940,False,True,0.049227892287234044,217.3550692096778,4172.569980053191,182.49808855951406,6150.559092248747,person,182.49808855951406,6150.559092248747,0.7403523489932886,False,False
Hi4D,/home/shangguanrz/project/pic-edit/datasets/Hi4D_pilot_v1/raw/pair14/hug14/images/4/000081.jpg,pair14/hug14/images/4/000081.jpg,940,1280,940,False,True,0.057982878989361705,283.72406584356327,5407.187063663564,288.15573741987276,5002.338771209534,person,288.15573741987276,5002.338771209534,0.7403523489932886,False,False
Hi4D,/home/shangguanrz/project/pic-edit/datasets/Hi4D_pilot_v1/raw/pair09/hug09/images/28/000069.jpg,pair09/hug09/images/28/000069.jpg,940,1280,940,False,True,0.046772772606382976,278.72462744384177,4259.370647024601,263.03372709092173,5243.482181709055,person,263.03372709092173,5243.482181709055,0.7411912751677852,False,False
Hi4D,/home/shangguanrz/project/pic-edit/datasets/Hi4D_pilot_v1/raw/pair28/basketball28/images/4/000039.jpg,pair28/basketball28/images/4/000039.jpg,940,1280,940,False,True,0.06133394281914894,222.5502339058896,4056.7628511469416,218.51346306847543,5907.412570877066,person,218.51346306847543,5907.412570877066,0.742239932885906,False,False
Hi4D,/home/shangguanrz/project/pic-edit/datasets/Hi4D_pilot_v1/raw/pair14/dance14/images/16/000173.jpg,pair14/dance14/images/16/000173.jpg,940,1280,940,False,True,0.06516871675531914,289.72336801091916,4813.563196060505,264.5720352178841,5241.418764422068,person,264.5720352178841,5241.418764422068,0.7422399328859061,False,False
Hi4D,/home/shangguanrz/project/pic-edit/datasets/Hi4D_pilot_v1/raw/pair00/taichi00/images/4/000094.jpg,pair00/taichi00/images/4/000094.jpg,940,1280,940,False,True,0.052068650265957445,590.4702550936413,6395.738904587766,267.5193075967882,5228.922234455583,person,267.5193075967882,5228.922234455583,0.7426593959731543,False,False
Hi4D,/home/shangguanrz/project/pic-edit/datasets/Hi4D_pilot_v1/raw/pair28/dance28/images/4/000048.jpg,pair28/dance28/images/4/000048.jpg,940,1280,940,False,True,0.05535405585106383,236.86414323073274,4290.197805851064,228.65329949208493,5775.189733788396,person,228.65329949208493,5775.189733788396,0.743498322147651,False,False
Hi4D,/home/shangguanrz/project/pic-edit/datasets/Hi4D_pilot_v1/raw/pair16/hug16/images/4/000015.jpg,pair16/hug16/images/4/000015.jpg,940,1280,940,False,True,0.06200216090425532,304.3466326727107,5644.11560837766,198.7138646444434,6014.951407272174,person,198.7138646444434,6014.951407272174,0.7437080536912752,False,False
Hi4D,/home/shangguanrz/project/pic-edit/datasets/Hi4D_pilot_v1/raw/pair28/basketball28/images/4/000006.jpg,pair28/basketball28/images/4/000006.jpg,940,1280,940,False,True,0.055451296542553194,284.8331002976464,4858.057648354388,231.9654109756285,5725.061640552065,person,231.9654109756285,5725.061640552065,0.7441275167785235,False,False
Hi4D,/home/shangguanrz/project/pic-edit/datasets/Hi4D_pilot_v1/raw/pair00/taichi00/images/4/000033.jpg,pair00/taichi00/images/4/000033.jpg,940,1280,940,False,True,0.05422290558510638,622.5902271675492,6299.262009640957,257.4859237343067,5310.1956250181565,person,257.4859237343067,5310.1956250181565,0.7451761744966443,False,False
Hi4D,/home/shangguanrz/project/pic-edit/datasets/Hi4D_pilot_v1/raw/pair28/dance28/images/4/000090.jpg,pair28/dance28/images/4/000090.jpg,940,1280,940,False,True,0.047421875,232.20576822037276,4244.998202709441,217.52856700407096,5940.618417181524,person,217.52856700407096,5940.618417181524,0.7453859060402686,False,False
Hi4D,/home/shangguanrz/project/pic-edit/datasets/Hi4D_pilot_v1/raw/pair02/pose02/images/52/000101.jpg,pair02/pose02/images/52/000101.jpg,940,1280,940,False,True,0.07093833111702127,228.5106069220305,4241.152302194149,262.0081169381534,5306.2398707859375,person,262.0081169381534,5306.2398707859375,0.7462248322147651,False,False
Hi4D,/home/shangguanrz/project/pic-edit/datasets/Hi4D_pilot_v1/raw/pair28/dance28/images/4/000085.jpg,pair28/dance28/images/4/000085.jpg,940,1280,940,False,True,0.04525681515957447,224.26946218046683,4107.247911818484,222.31712767796913,5921.332708411449,person,222.31712767796913,5921.332708411449,0.7468540268456376,False,False
Hi4D,/home/shangguanrz/project/pic-edit/datasets/Hi4D_pilot_v1/raw/pair00/taichi00/images/4/000032.jpg,pair00/taichi00/images/4/000032.jpg,940,1280,940,False,True,0.05381648936170213,614.8652953061111,6256.186492270612,261.44499984483605,5319.895165512828,person,261.44499984483605,5319.895165512828,0.7470637583892618,False,False
Hi4D,/home/shangguanrz/project/pic-edit/datasets/Hi4D_pilot_v1/raw/pair14/dance14/images/16/000139.jpg,pair14/dance14/images/16/000139.jpg,940,1280,940,False,True,0.05374002659574468,280.8206412701544,4914.201930269282,253.71186963919232,5386.24885243895,person,253.71186963919232,5386.24885243895,0.7479026845637584,False,False
Hi4D,/home/shangguanrz/project/pic-edit/datasets/Hi4D_pilot_v1/raw/pair16/talk16/images/16/000072.jpg,pair16/talk16/images/16/000072.jpg,940,1280,940,False,True,0.046881648936170216,275.9531594563686,4599.881015209441,194.81743930881981,6069.323835583844,person,194.81743930881981,6069.323835583844,0.7481124161073825,False,False
Hi4D,/home/shangguanrz/project/pic-edit/datasets/Hi4D_pilot_v1/raw/pair16/hug16/images/4/000069.jpg,pair16/hug16/images/4/000069.jpg,940,1280,940,False,True,0.04818317819148936,267.3728697924875,4926.618039394947,167.93038071952463,6719.644971818451,person,167.93038071952463,6719.644971818451,0.7491610738255033,False,False
Hi4D,/home/shangguanrz/project/pic-edit/datasets/Hi4D_pilot_v1/raw/pair28/dance28/images/4/000091.jpg,pair28/dance28/images/4/000091.jpg,940,1280,940,False,True,0.048091755319148936,233.97110725798282,4290.064349235372,222.63560000285443,5938.206924455234,person,222.63560000285443,5938.206924455234,0.7491610738255033,False,False
Hi4D,/home/shangguanrz/project/pic-edit/datasets/Hi4D_pilot_v1/raw/pair14/hug14/images/4/000029.jpg,pair14/hug14/images/4/000029.jpg,940,1280,940,False,True,0.05649102393617021,297.4434493397522,5648.31122215758,288.5457401968045,5157.963983668708,person,288.5457401968045,5157.963983668708,0.7493708053691275,False,False
Hi4D,/home/shangguanrz/project/pic-edit/datasets/Hi4D_pilot_v1/raw/pair00/taichi00/images/4/000071.jpg,pair00/taichi00/images/4/000071.jpg,940,1280,940,False,True,0.051975565159574466,604.6116492693216,6580.898292054521,262.01942026924786,5370.885252868678,person,262.01942026924786,5370.885252868678,0.7508389261744965,False,False
Hi4D,/home/shangguanrz/project/pic-edit/datasets/Hi4D_pilot_v1/raw/pair28/dance28/images/4/000049.jpg,pair28/dance28/images/4/000049.jpg,940,1280,940,False,True,0.05513048537234042,234.70124400671165,4270.977362450133,230.68300011355572,5860.971165442385,person,230.68300011355572,5860.971165442385,0.751258389261745,False,False
Hi4D,/home/shangguanrz/project/pic-edit/datasets/Hi4D_pilot_v1/raw/pair14/dance14/images/16/000199.jpg,pair14/dance14/images/16/000199.jpg,940,1280,940,False,True,0.04841672207446809,268.2699442016641,4488.819533327793,285.61534423548414,5232.580747635934,person,285.61534423548414,5232.580747635934,0.7514681208053691,False,False
Hi4D,/home/shangguanrz/project/pic-edit/datasets/Hi4D_pilot_v1/raw/pair28/dance28/images/4/000084.jpg,pair28/dance28/images/4/000084.jpg,940,1280,940,False,True,0.04531748670212766,223.2072222216359,4095.219685006649,223.5628090345551,5945.702435813035,person,223.5628090345551,5945.702435813035,0.7514681208053691,False,False
Hi4D,/home/shangguanrz/project/pic-edit/datasets/Hi4D_pilot_v1/raw/pair01/fight01/images/52/000076.jpg,pair01/fight01/images/52/000076.jpg,940,1280,940,False,True,0.05718001994680851,196.27948213551795,3336.623545545213,196.8811888078408,6122.76729197422,person,196.8811888078408,6122.76729197422,0.7533557046979866,False,False
Hi4D,/home/shangguanrz/project/pic-edit/datasets/Hi4D_pilot_v1/raw/pair09/bend09/images/88/000005.jpg,pair09/bend09/images/88/000005.jpg,940,1280,940,False,True,0.03693234707446808,369.49405262274894,4883.415485787899,243.4718787570985,5629.89449581682,person,243.4718787570985,5629.89449581682,0.7535654362416107,False,False
Hi4D,/home/shangguanrz/project/pic-edit/datasets/Hi4D_pilot_v1/raw/pair28/dance28/images/4/000046.jpg,pair28/dance28/images/4/000046.jpg,940,1280,940,False,True,0.05637716090425532,241.79826641287835,4381.057482130984,231.3317362524114,5890.130902490458,person,231.3317362524114,5890.130902490458,0.753984899328859,False,False
Hi4D,/home/shangguanrz/project/pic-edit/datasets/Hi4D_pilot_v1/raw/pair02/pose02/images/52/000076.jpg,pair02/pose02/images/52/000076.jpg,940,1280,940,False,True,0.06509890292553192,220.47543009226547,3938.5947888962764,240.24136858758985,5727.794131181197,person,240.24136858758985,5727.794131181197,0.7541946308724832,False,False
Hi4D,/home/shangguanrz/project/pic-edit/datasets/Hi4D_pilot_v1/raw/pair12/fight12/images/16/000073.jpg,pair12/fight12/images/16/000073.jpg,940,1280,940,False,True,0.05411236702127659,238.12714885575247,4681.06659325133,178.44744956090227,6489.893075403207,person,178.44744956090227,6489.893075403207,0.7546140939597314,False,False
Hi4D,/home/shangguanrz/project/pic-edit/datasets/Hi4D_pilot_v1/raw/pair28/basketball28/images/4/000013.jpg,pair28/basketball28/images/4/000013.jpg,940,1280,940,False,True,0.055614195478723406,284.8068210414602,4783.645300033245,236.45033169793084,5799.381412601882,person,236.45033169793084,5799.381412601882,0.7546140939597314,False,False
Hi4D,/home/shangguanrz/project/pic-edit/datasets/Hi4D_pilot_v1/raw/pair09/hug09/images/28/000068.jpg,pair09/hug09/images/28/000068.jpg,940,1280,940,False,True,0.046433676861702126,281.8971079872333,4272.311419547872,272.203107328481,5347.278401493554,person,272.203107328481,5347.278401493554,0.7548238255033557,False,False
Hi4D,/home/shangguanrz/project/pic-edit/datasets/Hi4D_pilot_v1/raw/pair09/bend09/images/88/000004.jpg,pair09/bend09/images/88/000004.jpg,940,1280,940,False,True,0.03692154255319149,371.8622614814988,4919.151034740691,244.40651783597625,5653.333059692741,person,244.40651783597625,5653.333059692741,0.755243288590604,False,False
Hi4D,/home/shangguanrz/project/pic-edit/datasets/Hi4D_pilot_v1/raw/pair28/dance28/images/4/000096.jpg,pair28/dance28/images/4/000096.jpg,940,1280,940,False,True,0.04977310505319149,242.28906044457065,4407.314421958112,225.3263622256044,5959.585143378371,person,225.3263622256044,5959.585143378371,0.755243288590604,False,False
Hi4D,/home/shangguanrz/project/pic-edit/datasets/Hi4D_pilot_v1/raw/pair09/bend09/images/88/000019.jpg,pair09/bend09/images/88/000019.jpg,940,1280,940,False,True,0.037706117021276596,349.72969781494396,4602.075548537234,242.0384829140909,5722.776127182695,person,242.0384829140909,5722.776127182695,0.7556627516778524,False,False
Hi4D,/home/shangguanrz/project/pic-edit/datasets/Hi4D_pilot_v1/raw/pair28/dance28/images/4/000045.jpg,pair28/dance28/images/4/000045.jpg,940,1280,940,False,True,0.057404421542553194,244.44428326696118,4407.512009640957,238.06910443282814,5790.198658625351,person,238.06910443282814,5790.198658625351,0.7556627516778524,False,False
Hi4D,/home/shangguanrz/project/pic-edit/datasets/Hi4D_pilot_v1/raw/pair16/jump16/images/4/000081.jpg,pair16/jump16/images/4/000081.jpg,940,1280,940,False,True,0.04505651595744681,235.01024794111746,4452.33935546875,178.2029262935491,6539.521130206103,person,178.2029262935491,6539.521130206103,0.7560822147651007,False,False
Hi4D,/home/shangguanrz/project/pic-edit/datasets/Hi4D_pilot_v1/raw/pair14/talk14/images/4/000039.jpg,pair14/talk14/images/4/000039.jpg,940,1280,940,False,True,0.04993018617021277,252.44080536823674,4986.764908161569,255.0387576725136,5531.302007639946,person,255.0387576725136,5531.302007639946,0.7562919463087249,False,False
Hi4D,/home/shangguanrz/project/pic-edit/datasets/Hi4D_pilot_v1/raw/pair28/dance28/images/4/000088.jpg,pair28/dance28/images/4/000088.jpg,940,1280,940,False,True,0.04623836436170213,228.04489507624987,4186.76941697141,227.6777394890754,5950.682442887049,person,227.6777394890754,5950.682442887049,0.7569211409395973,False,False
Hi4D,/home/shangguanrz/project/pic-edit/datasets/Hi4D_pilot_v1/raw/pair28/dance28/images/4/000120.jpg,pair28/dance28/images/4/000120.jpg,940,1280,940,False,True,0.025840259308510638,206.22162701696115,3967.5374418218084,198.56511109489747,6140.311213383917,person,198.56511109489747,6140.311213383917,0.7571308724832215,False,False
Hi4D,/home/shangguanrz/project/pic-edit/datasets/Hi4D_pilot_v1/raw/pair28/dance28/images/4/000093.jpg,pair28/dance28/images/4/000093.jpg,940,1280,940,False,True,0.0491015625,234.30096710629462,4337.894375415559,219.51041452351106,6028.751801441153,person,219.51041452351106,6028.751801441153,0.7575503355704698,False,False
Hi4D,/home/shangguanrz/project/pic-edit/datasets/Hi4D_pilot_v1/raw/pair28/dance28/images/4/000097.jpg,pair28/dance28/images/4/000097.jpg,940,1280,940,False,True,0.049065824468085106,248.20484295834135,4447.951577044548,226.86806810911636,5980.038705950317,person,226.86806810911636,5980.038705950317,0.7579697986577181,False,False
Hi4D,/home/shangguanrz/project/pic-edit/datasets/Hi4D_pilot_v1/raw/pair28/dance28/images/4/000100.jpg,pair28/dance28/images/4/000100.jpg,940,1280,940,False,True,0.045861037234042556,239.1664460675378,4342.27520362367,228.46666758967103,5957.245921411794,person,228.46666758967103,5957.245921411794,0.7585989932885906,False,False
Hi4D,/home/shangguanrz/project/pic-edit/datasets/Hi4D_pilot_v1/raw/pair14/dance14/images/16/000167.jpg,pair14/dance14/images/16/000167.jpg,940,1280,940,False,True,0.06931183510638297,293.2700443249474,4855.66169381649,278.73665865220687,5377.453134119295,person,278.73665865220687,5377.453134119295,0.7588087248322148,False,False
Hi4D,/home/shangguanrz/project/pic-edit/datasets/Hi4D_pilot_v1/raw/pair00/taichi00/images/4/000034.jpg,pair00/taichi00/images/4/000034.jpg,940,1280,940,False,True,0.0545811170212766,634.4184717110728,6395.259069564495,270.33366602662977,5441.401404741001,person,270.33366602662977,5441.401404741001,0.7590184563758389,False,False
Hi4D,/home/shangguanrz/project/pic-edit/datasets/Hi4D_pilot_v1/raw/pair28/dance28/images/4/000087.jpg,pair28/dance28/images/4/000087.jpg,940,1280,940,False,True,0.04575382313829787,226.42813874629357,4146.158244680851,227.5678924842501,5968.080162167143,person,227.5678924842501,5968.080162167143,0.7592281879194631,False,False
Hi4D,/home/shangguanrz/project/pic-edit/datasets/Hi4D_pilot_v1/raw/pair14/dance14/images/16/000145.jpg,pair14/dance14/images/16/000145.jpg,940,1280,940,False,True,0.05116938164893617,288.4773242301993,4889.68464303524,277.07515353935935,5402.548278081751,person,277.07515353935935,5402.548278081751,0.7598573825503356,False,False
Hi4D,/home/shangguanrz/project/pic-edit/datasets/Hi4D_pilot_v1/raw/pair16/jump16/images/4/000087.jpg,pair16/jump16/images/4/000087.jpg,940,1280,940,False,True,0.04596160239361702,236.70281175090585,4476.33972947141,178.77818783876822,6616.667144307123,person,178.77818783876822,6616.667144307123,0.7600671140939597,False,False
Hi4D,/home/shangguanrz/project/pic-edit/datasets/Hi4D_pilot_v1/raw/pair14/dance14/images/16/000144.jpg,pair14/dance14/images/16/000144.jpg,940,1280,940,False,True,0.05094248670212766,288.7044141586952,4905.675885139628,276.51535246735983,5419.605880994534,person,276.51535246735983,5419.605880994534,0.7606963087248322,False,False
Hi4D,/home/shangguanrz/project/pic-edit/datasets/Hi4D_pilot_v1/raw/pair14/dance14/images/16/000198.jpg,pair14/dance14/images/16/000198.jpg,940,1280,940,False,True,0.04804853723404255,270.59013359702624,4549.249771442819,294.65419467911875,5296.26909962906,person,294.65419467911875,5296.26909962906,0.7606963087248322,False,False
Hi4D,/home/shangguanrz/project/pic-edit/datasets/Hi4D_pilot_v1/raw/pair14/dance14/images/16/000200.jpg,pair14/dance14/images/16/000200.jpg,940,1280,940,False,True,0.04890375664893617,267.8388225714941,4479.46198678524,295.1554255842764,5305.3302688701615,person,295.1554255842764,5305.3302688701615,0.7615352348993288,False,False
Hi4D,/home/shangguanrz/project/pic-edit/datasets/Hi4D_pilot_v1/raw/pair28/dance28/images/4/000082.jpg,pair28/dance28/images/4/000082.jpg,940,1280,940,False,True,0.04618434175531915,220.40022316589892,4086.586602393617,224.01013935512162,6031.565017547129,person,224.01013935512162,6031.565017547129,0.7621644295302014,False,False
Hi4D,/home/shangguanrz/project/pic-edit/datasets/Hi4D_pilot_v1/raw/pair28/dance28/images/4/000099.jpg,pair28/dance28/images/4/000099.jpg,940,1280,940,False,True,0.046800199468085106,244.30953815092374,4353.468698055186,236.2313165473412,5916.184857789771,person,236.2313165473412,5916.184857789771,0.7627936241610738,False,False
Hi4D,/home/shangguanrz/project/pic-edit/datasets/Hi4D_pilot_v1/raw/pair00/yoga00/images/4/000034.jpg,pair00/yoga00/images/4/000034.jpg,940,1280,940,False,True,0.0545811170212766,869.011437125096,8999.040880568484,256.41038585156133,5660.3106818846945,person,256.41038585156133,5660.3106818846945,0.7632130872483222,False,False
Hi4D,/home/shangguanrz/project/pic-edit/datasets/Hi4D_pilot_v1/raw/pair00/yoga00/images/4/000080.jpg,pair00/yoga00/images/4/000080.jpg,940,1280,940,False,True,0.04771276595744681,511.1293619369802,5468.813248005319,247.5406368393393,5764.552217540243,person,247.5406368393393,5764.552217540243,0.7632130872483222,False,False
Hi4D,/home/shangguanrz/project/pic-edit/datasets/Hi4D_pilot_v1/raw/pair09/hug09/images/28/000067.jpg,pair09/hug09/images/28/000067.jpg,940,1280,940,False,True,0.04596658909574468,280.4628729412273,4272.258560505319,275.22085238080746,5510.66818647541,person,275.22085238080746,5510.66818647541,0.7634228187919463,False,False
Hi4D,/home/shangguanrz/project/pic-edit/datasets/Hi4D_pilot_v1/raw/pair14/dance14/images/16/000168.jpg,pair14/dance14/images/16/000168.jpg,940,1280,940,False,True,0.0703798204787234,286.3411928075857,4816.774964677526,282.90257249983665,5424.160259538917,person,282.90257249983665,5424.160259538917,0.7638422818791946,False,False
Hi4D,/home/shangguanrz/project/pic-edit/datasets/Hi4D_pilot_v1/raw/pair16/talk16/images/16/000073.jpg,pair16/talk16/images/16/000073.jpg,940,1280,940,False,True,0.04651845079787234,276.33322868046594,4586.905117603059,201.35790645613145,6186.646296573395,person,201.35790645613145,6186.646296573395,0.7638422818791946,False,False
Hi4D,/home/shangguanrz/project/pic-edit/datasets/Hi4D_pilot_v1/raw/pair16/jump16/images/4/000040.jpg,pair16/jump16/images/4/000040.jpg,940,1280,940,False,True,0.05970246010638298,252.16806173680757,4649.134911070479,197.70649957280597,6244.435872940053,person,197.70649957280597,6244.435872940053,0.7653104026845637,False,False
Hi4D,/home/shangguanrz/project/pic-edit/datasets/Hi4D_pilot_v1/raw/pair28/dance28/images/4/000064.jpg,pair28/dance28/images/4/000064.jpg,940,1280,940,False,True,0.05743683510638298,229.42997251432803,4194.192538646941,230.75047388552653,5999.6808786199035,person,230.75047388552653,5999.6808786199035,0.7655201342281879,False,False
Hi4D,/home/shangguanrz/project/pic-edit/datasets/Hi4D_pilot_v1/raw/pair09/bend09/images/88/000001.jpg,pair09/bend09/images/88/000001.jpg,940,1280,940,False,True,0.03699301861702128,384.65965401851093,5127.660010804521,232.69694036308715,5961.824403105317,person,232.69694036308715,5961.824403105317,0.7657298657718121,False,False
Hi4D,/home/shangguanrz/project/pic-edit/datasets/Hi4D_pilot_v1/raw/pair00/yoga00/images/4/000135.jpg,pair00/yoga00/images/4/000135.jpg,940,1280,940,False,True,0.03981715425531915,533.249920788665,5454.496374251995,227.06170450389342,6046.559738643435,person,227.06170450389342,6046.559738643435,0.7659395973154363,False,False
Hi4D,/home/shangguanrz/project/pic-edit/datasets/Hi4D_pilot_v1/raw/pair28/dance28/images/4/000094.jpg,pair28/dance28/images/4/000094.jpg,940,1280,940,False,True,0.04963513962765957,237.64322616458753,4364.05010596742,223.9557684289964,6058.845600821636,person,223.9557684289964,6058.845600821636,0.7665687919463087,False,False
Hi4D,/home/shangguanrz/project/pic-edit/datasets/Hi4D_pilot_v1/raw/pair14/dance14/images/16/000174.jpg,pair14/dance14/images/16/000174.jpg,940,1280,940,False,True,0.06243434175531915,287.10125891112165,4726.04278174867,288.1618083962112,5428.665107963141,person,288.1618083962112,5428.665107963141,0.7667785234899329,False,False
Hi4D,/home/shangguanrz/project/pic-edit/datasets/Hi4D_pilot_v1/raw/pair14/hug14/images/4/000025.jpg,pair14/hug14/images/4/000025.jpg,940,1280,940,False,True,0.060644115691489364,327.2450777980039,6070.559736535904,300.03237229429146,5323.991446474157,person,300.03237229429146,5323.991446474157,0.7671979865771812,False,False
Hi4D,/home/shangguanrz/project/pic-edit/datasets/Hi4D_pilot_v1/raw/pair28/fight28/images/4/000091.jpg,pair28/fight28/images/4/000091.jpg,940,1280,940,False,True,0.048091755319148936,234.53396564522387,4338.210054438165,228.93062252841693,6024.392809664181,person,228.93062252841693,6024.392809664181,0.7671979865771812,False,False
Hi4D,/home/shangguanrz/project/pic-edit/datasets/Hi4D_pilot_v1/raw/pair09/bend09/images/88/000020.jpg,pair09/bend09/images/88/000020.jpg,940,1280,940,False,True,0.039009308510638295,346.0649159294602,4590.830036569149,243.2822797301982,5866.52310365119,person,243.2822797301982,5866.52310365119,0.7680369127516778,False,False
Hi4D,/home/shangguanrz/project/pic-edit/datasets/Hi4D_pilot_v1/raw/pair14/dance14/images/16/000137.jpg,pair14/dance14/images/16/000137.jpg,940,1280,940,False,True,0.05332446808510638,291.08595602668316,4970.63341505984,258.0365884798667,5727.785306661861,person,258.0365884798667,5727.785306661861,0.7680369127516778,False,False
Hi4D,/home/shangguanrz/project/pic-edit/datasets/Hi4D_pilot_v1/raw/pair14/dance14/images/16/000166.jpg,pair14/dance14/images/16/000166.jpg,940,1280,940,False,True,0.06673121675531915,289.05985896084957,4819.216017702793,294.2545959919833,5414.7006446536125,person,294.2545959919833,5414.7006446536125,0.7680369127516778,False,False
Hi4D,/home/shangguanrz/project/pic-edit/datasets/Hi4D_pilot_v1/raw/pair28/dance28/images/4/000081.jpg,pair28/dance28/images/4/000081.jpg,940,1280,940,False,True,0.0466938164893617,218.86343122486502,4095.3125207779253,223.09326788484208,6087.981067178035,person,223.09326788484208,6087.981067178035,0.768246644295302,False,False
Hi4D,/home/shangguanrz/project/pic-edit/datasets/Hi4D_pilot_v1/raw/pair12/fight12/images/16/000064.jpg,pair12/fight12/images/16/000064.jpg,940,1280,940,False,True,0.05154920212765957,226.08536316863874,4375.769780585107,187.76392660999255,6510.31133000098,person,187.76392660999255,6510.31133000098,0.7684563758389262,False,False
Hi4D,/home/shangguanrz/project/pic-edit/datasets/Hi4D_pilot_v1/raw/pair12/highfive12/images/4/000047.jpg,pair12/highfive12/images/4/000047.jpg,940,1280,940,False,True,0.049053357712765956,246.77604094097765,5081.77918259641,239.54191004938335,5925.3913493020855,person,239.54191004938335,5925.3913493020855,0.7684563758389262,False,False
Hi4D,/home/shangguanrz/project/pic-edit/datasets/Hi4D_pilot_v1/raw/pair09/bend09/images/88/000003.jpg,pair09/bend09/images/88/000003.jpg,940,1280,940,False,True,0.03692569813829787,373.521889900179,4969.499044215426,245.57299463366164,5850.632146836334,person,245.57299463366164,5850.632146836334,0.7688758389261745,False,False
Hi4D,/home/shangguanrz/project/pic-edit/datasets/Hi4D_pilot_v1/raw/pair16/jump16/images/4/000083.jpg,pair16/jump16/images/4/000083.jpg,940,1280,940,False,True,0.04526097074468085,232.51021147616143,4350.591100814495,178.4508182960819,6988.725110805441,person,178.4508182960819,6988.725110805441,0.769505033557047,False,False
Hi4D,/home/shangguanrz/project/pic-edit/datasets/Hi4D_pilot_v1/raw/pair28/dance28/images/4/000070.jpg,pair28/dance28/images/4/000070.jpg,940,1280,940,False,True,0.054380817819148934,223.00374478587423,4085.030408494016,229.66437328582342,6039.9709251581935,person,229.66437328582342,6039.9709251581935,0.769505033557047,False,False
Hi4D,/home/shangguanrz/project/pic-edit/datasets/Hi4D_pilot_v1/raw/pair14/dance14/images/16/000197.jpg,pair14/dance14/images/16/000197.jpg,940,1280,940,False,True,0.047794215425531916,269.54837677229466,4586.37244431516,297.8542973805688,5409.854433506898,person,297.8542973805688,5409.854433506898,0.770763422818792,False,False
Hi4D,/home/shangguanrz/project/pic-edit/datasets/Hi4D_pilot_v1/raw/pair09/bend09/images/88/000016.jpg,pair09/bend09/images/88/000016.jpg,940,1280,940,False,True,0.03547373670212766,354.4833720329392,4590.852996176862,269.2786170188165,5694.691382213378,person,269.2786170188165,5694.691382213378,0.7711828859060403,False,False
Hi4D,/home/shangguanrz/project/pic-edit/datasets/Hi4D_pilot_v1/raw/pair14/dance14/images/16/000147.jpg,pair14/dance14/images/16/000147.jpg,940,1280,940,False,True,0.05353557180851064,285.5367596573343,4818.571985123005,289.52464035775307,5519.9231576398415,person,289.52464035775307,5519.9231576398415,0.7718120805369127,False,False
Hi4D,/home/shangguanrz/project/pic-edit/datasets/Hi4D_pilot_v1/raw/pair02/pose02/images/52/000099.jpg,pair02/pose02/images/52/000099.jpg,940,1280,940,False,True,0.07088347739361703,230.33528795645432,4212.322805851064,263.3408462048923,5766.30109393992,person,263.3408462048923,5766.30109393992,0.7732802013422819,False,False
Hi4D,/home/shangguanrz/project/pic-edit/datasets/Hi4D_pilot_v1/raw/pair12/fight12/images/16/000069.jpg,pair12/fight12/images/16/000069.jpg,940,1280,940,False,True,0.06327127659574468,231.96780173678158,4528.636136968085,190.79385280559046,6585.888959705403,person,190.79385280559046,6585.888959705403,0.7734899328859061,False,False
Hi4D,/home/shangguanrz/project/pic-edit/datasets/Hi4D_pilot_v1/raw/pair14/dance14/images/16/000175.jpg,pair14/dance14/images/16/000175.jpg,940,1280,940,False,True,0.06010970744680851,285.73702505402247,4725.845194065824,291.3893697966794,5540.50547372041,person,291.3893697966794,5540.50547372041,0.7739093959731544,False,False
Hi4D,/home/shangguanrz/project/pic-edit/datasets/Hi4D_pilot_v1/raw/pair16/jump16/images/4/000067.jpg,pair16/jump16/images/4/000067.jpg,940,1280,940,False,True,0.049655917553191486,277.3937606145591,5190.55656790226,183.81728393679273,6863.68759553204,person,183.81728393679273,6863.68759553204,0.7741191275167785,False,False
Hi4D,/home/shangguanrz/project/pic-edit/datasets/Hi4D_pilot_v1/raw/pair09/bend09/images/88/000002.jpg,pair09/bend09/images/88/000002.jpg,940,1280,940,False,True,0.03694564494680851,377.93070232730577,5045.564692071143,242.3407579087022,5945.000704018774,person,242.3407579087022,5945.000704018774,0.7745385906040267,False,False
Hi4D,/home/shangguanrz/project/pic-edit/datasets/Hi4D_pilot_v1/raw/pair12/fight12/images/16/000071.jpg,pair12/fight12/images/16/000071.jpg,940,1280,940,False,True,0.0535654920212766,233.27718561491096,4584.845256399601,189.92907086974262,6635.378255419897,person,189.92907086974262,6635.378255419897,0.7745385906040269,False,False
Hi4D,/home/shangguanrz/project/pic-edit/datasets/Hi4D_pilot_v1/raw/pair14/talk14/images/4/000038.jpg,pair14/talk14/images/4/000038.jpg,940,1280,940,False,True,0.053101728723404254,262.02523773142315,5028.107847822474,223.94506161926518,6156.700667556743,person,223.94506161926518,6156.700667556743,0.7753775167785235,False,False
Hi4D,/home/shangguanrz/project/pic-edit/datasets/Hi4D_pilot_v1/raw/pair28/dance28/images/4/000063.jpg,pair28/dance28/images/4/000063.jpg,940,1280,940,False,True,0.057763464095744683,229.14364239464203,4193.417750581782,234.8035601386555,6042.75036015641,person,234.8035601386555,6042.75036015641,0.7766359060402684,False,False
Hi4D,/home/shangguanrz/project/pic-edit/datasets/Hi4D_pilot_v1/raw/pair02/pose02/images/52/000078.jpg,pair02/pose02/images/52/000078.jpg,940,1280,940,False,True,0.06669132313829787,217.5279930601459,3981.185453374335,251.5404149350335,5920.883689886536,person,251.5404149350335,5920.883689886536,0.7778942953020134,False,False
Hi4D,/home/shangguanrz/project/pic-edit/datasets/Hi4D_pilot_v1/raw/pair14/hug14/images/4/000023.jpg,pair14/hug14/images/4/000023.jpg,940,1280,940,False,True,0.06256815159574468,315.8813225611026,5979.280657829122,305.6542292811928,5454.599576543052,person,305.6542292811928,5454.599576543052,0.7778942953020134,False,False
Hi4D,/home/shangguanrz/project/pic-edit/datasets/Hi4D_pilot_v1/raw/pair09/hug09/images/28/000066.jpg,pair09/hug09/images/28/000066.jpg,940,1280,940,False,True,0.04547373670212766,280.7006816350264,4257.330036569149,288.1203910399395,5711.406290616064,person,288.1203910399395,5711.406290616064,0.7795721476510067,False,False
Hi4D,/home/shangguanrz/project/pic-edit/datasets/Hi4D_pilot_v1/raw/pair28/dance28/images/4/000067.jpg,pair28/dance28/images/4/000067.jpg,940,1280,940,False,True,0.05602061170212766,226.1672564908194,4148.795721825133,233.81199939287959,6062.766222410641,person,233.81199939287959,6062.766222410641,0.7797818791946309,False,False
Hi4D,/home/shangguanrz/project/pic-edit/datasets/Hi4D_pilot_v1/raw/pair14/talk14/images/4/000037.jpg,pair14/talk14/images/4/000037.jpg,940,1280,940,False,True,0.05395279255319149,275.5140930172975,5140.665423454122,223.97639408859578,6194.266807834833,person,223.97639408859578,6194.266807834833,0.779991610738255,False,False
Hi4D,/home/shangguanrz/project/pic-edit/datasets/Hi4D_pilot_v1/raw/pair28/dance28/images/4/000066.jpg,pair28/dance28/images/4/000066.jpg,940,1280,940,False,True,0.05649351728723404,225.92259620656895,4157.18449758976,239.2754822883754,6035.586002154323,person,239.2754822883754,6035.586002154323,0.779991610738255,False,False
Hi4D,/home/shangguanrz/project/pic-edit/datasets/Hi4D_pilot_v1/raw/pair28/dance28/images/4/000118.jpg,pair28/dance28/images/4/000118.jpg,940,1280,940,False,True,0.026712101063829787,207.08266414091455,3993.0600793716753,208.78514135353086,6427.652776119403,person,208.78514135353086,6427.652776119403,0.779991610738255,False,False
Hi4D,/home/shangguanrz/project/pic-edit/datasets/Hi4D_pilot_v1/raw/pair14/dance14/images/16/000195.jpg,pair14/dance14/images/16/000195.jpg,940,1280,940,False,True,0.04668882978723404,270.82161934799933,4640.743018617021,305.6553187049122,5506.665749878661,person,305.6553187049122,5506.665749878661,0.7799916107382551,False,False
Hi4D,/home/shangguanrz/project/pic-edit/datasets/Hi4D_pilot_v1/raw/pair09/bend09/images/88/000021.jpg,pair09/bend09/images/88/000021.jpg,940,1280,940,False,True,0.040325797872340426,345.23280218933,4575.563912898936,248.7462464324792,5953.51913337847,person,248.7462464324792,5953.51913337847,0.7806208053691275,False,False
Hi4D,/home/shangguanrz/project/pic-edit/datasets/Hi4D_pilot_v1/raw/pair09/bend09/images/88/000006.jpg,pair09/bend09/images/88/000006.jpg,940,1280,940,False,True,0.03690824468085106,369.7128488433314,4844.056952293883,263.38491242072297,5871.475323149236,person,263.38491242072297,5871.475323149236,0.7808305369127517,False,False
Hi4D,/home/shangguanrz/project/pic-edit/datasets/Hi4D_pilot_v1/raw/pair14/dance14/images/16/000176.jpg,pair14/dance14/images/16/000176.jpg,940,1280,940,False,True,0.05779255319148936,285.0161693038688,4690.320998171543,292.9118624358765,5686.45083225121,person,292.9118624358765,5686.45083225121,0.7814597315436241,False,False
Hi4D,/home/shangguanrz/project/pic-edit/datasets/Hi4D_pilot_v1/raw/pair14/hug14/images/4/000024.jpg,pair14/hug14/images/4/000024.jpg,940,1280,940,False,True,0.06230053191489362,315.79107523018445,5911.610756732048,317.6479718727868,5392.793406382775,person,317.6479718727868,5392.793406382775,0.7814597315436241,False,False
Hi4D,/home/shangguanrz/project/pic-edit/datasets/Hi4D_pilot_v1/raw/pair00/taichi00/images/4/000062.jpg,pair00/taichi00/images/4/000062.jpg,940,1280,940,False,True,0.05483710106382979,583.8543818792157,6489.386510970745,300.5254146356706,5574.683450901685,person,300.5254146356706,5574.683450901685,0.7818791946308725,False,False
Hi4D,/home/shangguanrz/project/pic-edit/datasets/Hi4D_pilot_v1/raw/pair00/taichi00/images/4/000069.jpg,pair00/taichi00/images/4/000069.jpg,940,1280,940,False,True,0.05331948138297872,609.4831273909767,6742.717181266622,285.37986601107235,5753.425072244392,person,285.37986601107235,5753.425072244392,0.7820889261744965,False,False
Hi4D,/home/shangguanrz/project/pic-edit/datasets/Hi4D_pilot_v1/raw/pair12/fight12/images/16/000068.jpg,pair12/fight12/images/16/000068.jpg,940,1280,940,False,True,0.05291057180851064,231.78077354812686,4511.733533494016,194.4024453644223,6745.099902730659,person,194.4024453644223,6745.099902730659,0.7820889261744967,False,False
Hi4D,/home/shangguanrz/project/pic-edit/datasets/Hi4D_pilot_v1/raw/pair28/fight28/images/4/000099.jpg,pair28/fight28/images/4/000099.jpg,940,1280,940,False,True,0.046800199468085106,235.96974139342538,4253.457083194814,244.73240660124472,5995.004125182221,person,244.73240660124472,5995.004125182221,0.782508389261745,False,False
Hi4D,/home/shangguanrz/project/pic-edit/datasets/Hi4D_pilot_v1/raw/pair28/dance28/images/4/000111.jpg,pair28/dance28/images/4/000111.jpg,940,1280,940,False,True,0.033597905585106384,217.75837837789,4172.728339012633,216.47077256299883,6422.600859534042,person,216.47077256299883,6422.600859534042,0.7831375838926175,False,False
Hi4D,/home/shangguanrz/project/pic-edit/datasets/Hi4D_pilot_v1/raw/pair28/basketball28/images/4/000047.jpg,pair28/basketball28/images/4/000047.jpg,940,1280,940,False,True,0.0641688829787234,242.06367295810466,4303.663065159574,219.37317362843805,6340.113639037245,person,219.37317362843805,6340.113639037245,0.7833473154362416,False,False
Hi4D,/home/shangguanrz/project/pic-edit/datasets/Hi4D_pilot_v1/raw/pair00/taichi00/images/4/000061.jpg,pair00/taichi00/images/4/000061.jpg,940,1280,940,False,True,0.055008311170212765,582.1166106791935,6507.190855634974,302.60110386559757,5619.464328681424,person,302.60110386559757,5619.464328681424,0.7839765100671141,False,False
Hi4D,/home/shangguanrz/project/pic-edit/datasets/Hi4D_pilot_v1/raw/pair00/taichi00/images/4/000067.jpg,pair00/taichi00/images/4/000067.jpg,940,1280,940,False,True,0.05422706117021277,610.4088404265773,6759.157746010638,291.46090358995184,5728.950727252227,person,291.46090358995184,5728.950727252227,0.7839765100671141,False,False
Hi4D,/home/shangguanrz/project/pic-edit/datasets/Hi4D_pilot_v1/raw/pair14/hug14/images/4/000021.jpg,pair14/hug14/images/4/000021.jpg,940,1280,940,False,True,0.06221409574468085,323.9141524255735,6109.420576379654,306.17641251083256,5559.702619916579,person,306.17641251083256,5559.702619916579,0.7839765100671141,False,False
Hi4D,/home/shangguanrz/project/pic-edit/datasets/Hi4D_pilot_v1/raw/pair12/fight12/images/16/000083.jpg,pair12/fight12/images/16/000083.jpg,940,1280,940,False,True,0.07177692819148936,238.8778638567737,4725.496966422872,198.69685767771054,6684.454321299867,person,198.69685767771054,6684.454321299867,0.7841862416107382,False,False
Hi4D,/home/shangguanrz/project/pic-edit/datasets/Hi4D_pilot_v1/raw/pair28/dance28/images/4/000112.jpg,pair28/dance28/images/4/000112.jpg,940,1280,940,False,True,0.03266954787234042,218.98087823005113,4209.515760056516,218.83271000439353,6407.988500373972,person,218.83271000439353,6407.988500373972,0.7850251677852349,False,False
Hi4D,/home/shangguanrz/project/pic-edit/datasets/Hi4D_pilot_v1/raw/pair28/fight28/images/4/000032.jpg,pair28/fight28/images/4/000032.jpg,940,1280,940,False,True,0.06717170877659574,282.11981437917535,4875.108273769947,271.5223061835556,5891.438249760744,person,271.5223061835556,5891.438249760744,0.7854446308724832,False,False
Hi4D,/home/shangguanrz/project/pic-edit/datasets/Hi4D_pilot_v1/raw/pair00/hug00/images/4/000075.jpg,pair00/hug00/images/4/000075.jpg,940,1280,940,False,True,0.05501994680851064,644.6323494565546,6814.392702792553,298.4555317357503,5705.783880235899,person,298.4555317357503,5705.783880235899,0.7858640939597314,False,False
Hi4D,/home/shangguanrz/project/pic-edit/datasets/Hi4D_pilot_v1/raw/pair28/basketball28/images/4/000056.jpg,pair28/basketball28/images/4/000056.jpg,940,1280,940,False,True,0.07395694813829787,244.3910171539873,4375.571039727393,309.42934939799426,5563.403198634783,person,309.42934939799426,5563.403198634783,0.7862835570469799,False,False
Hi4D,/home/shangguanrz/project/pic-edit/datasets/Hi4D_pilot_v1/raw/pair14/hug14/images/4/000082.jpg,pair14/hug14/images/4/000082.jpg,940,1280,940,False,True,0.05921875,298.4056125793483,5685.941375083112,308.75141596865365,5567.6474658486995,person,308.75141596865365,5567.6474658486995,0.786493288590604,False,False
Hi4D,/home/shangguanrz/project/pic-edit/datasets/Hi4D_pilot_v1/raw/pair16/hug16/images/4/000012.jpg,pair16/hug16/images/4/000012.jpg,940,1280,940,False,True,0.060798703457446805,303.7132217658489,5536.770372755984,218.36881315165692,6449.638721039687,person,218.36881315165692,6449.638721039687,0.786493288590604,False,False
Hi4D,/home/shangguanrz/project/pic-edit/datasets/Hi4D_pilot_v1/raw/pair28/fight28/images/4/000042.jpg,pair28/fight28/images/4/000042.jpg,940,1280,940,False,True,0.05962932180851064,258.6229839013032,4652.327470495346,223.6185251548595,6333.891364489675,person,223.6185251548595,6333.891364489675,0.7867030201342282,False,False
Hi4D,/home/shangguanrz/project/pic-edit/datasets/Hi4D_pilot_v1/raw/pair00/taichi00/images/4/000068.jpg,pair00/taichi00/images/4/000068.jpg,940,1280,940,False,True,0.053765791223404254,612.7720031495438,6783.878386801862,294.7313437060815,5763.105404799282,person,294.7313437060815,5763.105404799282,0.7869127516778524,False,False
Hi4D,/home/shangguanrz/project/pic-edit/datasets/Hi4D_pilot_v1/raw/pair14/hug14/images/4/000022.jpg,pair14/hug14/images/4/000022.jpg,940,1280,940,False,True,0.0621484375,320.14696012152,6081.963098404255,307.52511444605364,5589.616510028098,person,307.52511444605364,5589.616510028098,0.7871224832214765,False,False
Hi4D,/home/shangguanrz/project/pic-edit/datasets/Hi4D_pilot_v1/raw/pair12/fight12/images/16/000091.jpg,pair12/fight12/images/16/000091.jpg,940,1280,940,False,True,0.06826878324468084,237.33473332209405,4621.190949135638,198.2974882898908,6830.668076522645,person,198.2974882898908,6830.668076522645,0.787751677852349,False,False
Hi4D,/home/shangguanrz/project/pic-edit/datasets/Hi4D_pilot_v1/raw/pair28/basketball28/images/4/000012.jpg,pair28/basketball28/images/4/000012.jpg,940,1280,940,False,True,0.05552277260638298,283.82949969948237,4764.781239611038,241.06151396178956,6061.639794427369,person,241.06151396178956,6061.639794427369,0.787751677852349,False,False
Hi4D,/home/shangguanrz/project/pic-edit/datasets/Hi4D_pilot_v1/raw/pair14/talk14/images/4/000077.jpg,pair14/talk14/images/4/000077.jpg,940,1280,940,False,True,0.04205119680851064,264.336966282078,5266.455057347074,227.52024104615543,6255.345295404814,person,227.52024104615543,6255.345295404814,0.7879614093959731,False,False
Hi4D,/home/shangguanrz/project/pic-edit/datasets/Hi4D_pilot_v1/raw/pair00/taichi00/images/4/000063.jpg,pair00/taichi00/images/4/000063.jpg,940,1280,940,False,True,0.054691655585106386,587.3806034550239,6520.004197140957,304.9985779172826,5660.910264686895,person,304.9985779172826,5660.910264686895,0.7881711409395973,False,False
Hi4D,/home/shangguanrz/project/pic-edit/datasets/Hi4D_pilot_v1/raw/pair00/taichi00/images/4/000064.jpg,pair00/taichi00/images/4/000064.jpg,940,1280,940,False,True,0.05470661569148936,586.1460143451294,6511.807274351729,304.90299350419014,5667.922336291398,person,304.90299350419014,5667.922336291398,0.7881711409395973,False,False
Hi4D,/home/shangguanrz/project/pic-edit/datasets/Hi4D_pilot_v1/raw/pair28/dance28/images/4/000069.jpg,pair28/dance28/images/4/000069.jpg,940,1280,940,False,True,0.05504903590425532,223.45628759382325,4107.015614611038,239.6635376509317,6093.15553404324,person,239.6635376509317,6093.15553404324,0.7890100671140939,False,False
Hi4D,/home/shangguanrz/project/pic-edit/datasets/Hi4D_pilot_v1/raw/pair00/taichi00/images/4/000066.jpg,pair00/taichi00/images/4/000066.jpg,940,1280,940,False,True,0.05452958776595745,607.3900119336605,6681.618569232048,294.74828457387235,5778.126546906187,person,294.74828457387235,5778.126546906187,0.789010067114094,False,False
Hi4D,/home/shangguanrz/project/pic-edit/datasets/Hi4D_pilot_v1/raw/pair28/dance28/images/4/000060.jpg,pair28/dance28/images/4/000060.jpg,940,1280,940,False,True,0.058016954787234044,227.98568876858693,4219.761355136303,241.161020091683,6067.066300489675,person,241.161020091683,6067.066300489675,0.7894295302013423,False,False
Hi4D,/home/shangguanrz/project/pic-edit/datasets/Hi4D_pilot_v1/raw/pair14/dance14/images/16/000165.jpg,pair14/dance14/images/16/000165.jpg,940,1280,940,False,True,0.0633485704787234,293.3881815059415,4882.796417885638,318.1476980145017,5541.440501974774,person,318.1476980145017,5541.440501974774,0.7902684563758389,False,False
Hi4D,/home/shangguanrz/project/pic-edit/datasets/Hi4D_pilot_v1/raw/pair28/basketball28/images/4/000009.jpg,pair28/basketball28/images/4/000009.jpg,940,1280,940,False,True,0.05547623005319149,285.41731855584896,4819.46826171875,245.1869450171904,6055.237541989745,person,245.1869450171904,6055.237541989745,0.7911073825503356,False,False
Hi4D,/home/shangguanrz/project/pic-edit/datasets/Hi4D_pilot_v1/raw/pair28/dance28/images/4/000102.jpg,pair28/dance28/images/4/000102.jpg,940,1280,940,False,True,0.04361785239361702,237.4471188735616,4326.837132230718,235.54772459041905,6177.79038166922,person,235.54772459041905,6177.79038166922,0.7921560402684564,False,False
Hi4D,/home/shangguanrz/project/pic-edit/datasets/Hi4D_pilot_v1/raw/pair00/taichi00/images/4/000038.jpg,pair00/taichi00/images/4/000038.jpg,940,1280,940,False,True,0.05458194813829787,628.3158285286212,6501.735673620346,295.6213895317368,5834.049236918605,person,295.6213895317368,5834.049236918605,0.7925755033557047,False,False
Hi4D,/home/shangguanrz/project/pic-edit/datasets/Hi4D_pilot_v1/raw/pair28/dance28/images/4/000052.jpg,pair28/dance28/images/4/000052.jpg,940,1280,940,False,True,0.055977393617021275,232.71301463590373,4228.692590591755,253.59269267248214,6030.621416001083,person,253.59269267248214,6030.621416001083,0.7925755033557047,False,False
Hi4D,/home/shangguanrz/project/pic-edit/datasets/Hi4D_pilot_v1/raw/pair14/talk14/images/4/000148.jpg,pair14/talk14/images/4/000148.jpg,940,1280,940,False,True,0.11551529255319148,336.6109172459262,6736.388474484707,316.8745348597866,5625.308572095466,person,316.8745348597866,5625.308572095466,0.792994966442953,False,False
Hi4D,/home/shangguanrz/project/pic-edit/datasets/Hi4D_pilot_v1/raw/pair14/dance14/images/16/000149.jpg,pair14/dance14/images/16/000149.jpg,940,1280,940,False,True,0.05868932845744681,290.4416099602737,4901.541649351729,303.22767213309805,5784.678180728308,person,303.22767213309805,5784.678180728308,0.794253355704698,False,False
Hi4D,/home/shangguanrz/project/pic-edit/datasets/Hi4D_pilot_v1/raw/pair09/bend09/images/88/000014.jpg,pair09/bend09/images/88/000014.jpg,940,1280,940,False,True,0.03584773936170213,357.13439793401096,4600.246571642288,279.8785515294069,5945.153206397563,person,279.8785515294069,5945.153206397563,0.795511744966443,False,False
Hi4D,/home/shangguanrz/project/pic-edit/datasets/Hi4D_pilot_v1/raw/pair28/dance28/images/4/000079.jpg,pair28/dance28/images/4/000079.jpg,940,1280,940,False,True,0.047562333776595744,222.59447567319373,4130.748254654255,236.36765257165496,6221.083045820471,person,236.36765257165496,6221.083045820471,0.7961409395973154,False,False
Hi4D,/home/shangguanrz/project/pic-edit/datasets/Hi4D_pilot_v1/raw/pair00/taichi00/images/4/000059.jpg,pair00/taichi00/images/4/000059.jpg,940,1280,940,False,True,0.05534657579787234,587.8304400522821,6589.749064993351,313.4867220260764,5723.243408796691,person,313.4867220260764,5723.243408796691,0.7963506711409396,False,False
Hi4D,/home/shangguanrz/project/pic-edit/datasets/Hi4D_pilot_v1/raw/pair00/taichi00/images/4/000058.jpg,pair00/taichi00/images/4/000058.jpg,940,1280,940,False,True,0.05546791888297872,588.2754510781947,6596.444855385638,316.07914554002406,5722.258912897769,person,316.07914554002406,5722.258912897769,0.7969798657718121,False,False
Hi4D,/home/shangguanrz/project/pic-edit/datasets/Hi4D_pilot_v1/raw/pair12/fight12/images/16/000098.jpg,pair12/fight12/images/16/000098.jpg,940,1280,940,False,True,0.06755900930851064,228.3261535800976,4389.041483128324,204.09153139037628,7084.29820473268,person,204.09153139037628,7084.29820473268,0.7976090604026845,False,False
Hi4D,/home/shangguanrz/project/pic-edit/datasets/Hi4D_pilot_v1/raw/pair28/dance28/images/4/000061.jpg,pair28/dance28/images/4/000061.jpg,940,1280,940,False,True,0.05808926196808511,228.6686849813215,4229.644697473404,242.3663477177772,6151.8360891445,person,242.3663477177772,6151.8360891445,0.7978187919463087,False,False
Hi4D,/home/shangguanrz/project/pic-edit/datasets/Hi4D_pilot_v1/raw/pair28/dance28/images/4/000075.jpg,pair28/dance28/images/4/000075.jpg,940,1280,940,False,True,0.050344913563829786,222.61620960768775,4107.701815990691,238.58937840652956,6212.419903264112,person,238.58937840652956,6212.419903264112,0.7978187919463087,False,False
Hi4D,/home/shangguanrz/project/pic-edit/datasets/Hi4D_pilot_v1/raw/pair28/basketball28/images/4/000005.jpg,pair28/basketball28/images/4/000005.jpg,940,1280,940,False,True,0.06772107712765957,285.50935462933415,4866.466599484707,305.40288257200825,5819.4884747953465,person,305.40288257200825,5819.4884747953465,0.798238255033557,False,False
Hi4D,/home/shangguanrz/project/pic-edit/datasets/Hi4D_pilot_v1/raw/pair28/dance28/images/4/000051.jpg,pair28/dance28/images/4/000051.jpg,940,1280,940,False,True,0.055418882978723404,233.49151205325776,4243.048745013298,251.6100114390305,6075.001588605862,person,251.6100114390305,6075.001588605862,0.798238255033557,False,False
Hi4D,/home/shangguanrz/project/pic-edit/datasets/Hi4D_pilot_v1/raw/pair00/taichi00/images/4/000056.jpg,pair00/taichi00/images/4/000056.jpg,940,1280,940,False,True,0.05582613031914894,591.2882407772536,6623.739579870346,319.1177637513151,5717.96734877157,person,319.1177637513151,5717.96734877157,0.7984479865771812,False,False
Hi4D,/home/shangguanrz/project/pic-edit/datasets/Hi4D_pilot_v1/raw/pair28/dance28/images/4/000072.jpg,pair28/dance28/images/4/000072.jpg,940,1280,940,False,True,0.05312001329787234,223.47940272513745,4077.0345952460107,242.30920816492787,6159.270636069957,person,242.30920816492787,6159.270636069957,0.7984479865771812,False,False
Hi4D,/home/shangguanrz/project/pic-edit/datasets/Hi4D_pilot_v1/raw/pair12/fight12/images/16/000080.jpg,pair12/fight12/images/16/000080.jpg,940,1280,940,False,True,0.07063497340425531,242.5272011825703,4840.621000249335,210.8045904571575,6992.052931517434,person,210.8045904571575,6992.052931517434,0.7986577181208054,False,False
Hi4D,/home/shangguanrz/project/pic-edit/datasets/Hi4D_pilot_v1/raw/pair00/taichi00/images/4/000039.jpg,pair00/taichi00/images/4/000039.jpg,940,1280,940,False,True,0.0551030585106383,625.6787871547876,6554.681786070479,299.9701880419119,5884.622932116372,person,299.9701880419119,5884.622932116372,0.7990771812080537,False,False
Hi4D,/home/shangguanrz/project/pic-edit/datasets/Hi4D_pilot_v1/raw/pair00/taichi00/images/4/000044.jpg,pair00/taichi00/images/4/000044.jpg,940,1280,940,False,True,0.056678856382978725,597.577428537885,6692.210854388298,304.64245038397775,5840.104511024564,person,304.64245038397775,5840.104511024564,0.7992869127516778,False,False
Hi4D,/home/shangguanrz/project/pic-edit/datasets/Hi4D_pilot_v1/raw/pair00/taichi00/images/4/000057.jpg,pair00/taichi00/images/4/000057.jpg,940,1280,940,False,True,0.05570063164893617,590.2171134408808,6619.588524351729,319.13843128954016,5722.74960046027,person,319.13843128954016,5722.74960046027,0.7992869127516778,False,False
Hi4D,/home/shangguanrz/project/pic-edit/datasets/Hi4D_pilot_v1/raw/pair00/yoga00/images/4/000085.jpg,pair00/yoga00/images/4/000085.jpg,940,1280,940,False,True,0.042915558510638295,539.9345066005584,5646.884744847074,279.0078575719071,6004.278338945006,person,279.0078575719071,6004.278338945006,0.8005453020134228,False,False
Hi4D,/home/shangguanrz/project/pic-edit/datasets/Hi4D_pilot_v1/raw/pair28/basketball28/images/4/000010.jpg,pair28/basketball28/images/4/000010.jpg,940,1280,940,False,True,0.05549950132978723,285.92155106157236,4799.671521775266,236.6191036300155,6269.1158759581185,person,236.6191036300155,6269.1158759581185,0.8005453020134228,False,False
Hi4D,/home/shangguanrz/project/pic-edit/datasets/Hi4D_pilot_v1/raw/pair28/dance28/images/4/000103.jpg,pair28/dance28/images/4/000103.jpg,940,1280,940,False,True,0.042071974734042554,233.3131900206849,4299.062074052526,236.50333499689953,6284.1147392606,person,236.50333499689953,6284.1147392606,0.800755033557047,False,False
Hi4D,/home/shangguanrz/project/pic-edit/datasets/Hi4D_pilot_v1/raw/pair09/bend09/images/88/000015.jpg,pair09/bend09/images/88/000015.jpg,940,1280,940,False,True,0.03554438164893617,356.91670425726625,4586.111483959441,284.87419709896693,5967.638311588642,person,284.87419709896693,5967.638311588642,0.800964765100671,False,False
Hi4D,/home/shangguanrz/project/pic-edit/datasets/Hi4D_pilot_v1/raw/pair14/dance14/images/16/000189.jpg,pair14/dance14/images/16/000189.jpg,940,1280,940,False,True,0.04489195478723404,281.63713147598145,4738.908452460107,326.10037537946096,5596.558407893636,person,326.10037537946096,5596.558407893636,0.800964765100671,False,False
Hi4D,/home/shangguanrz/project/pic-edit/datasets/Hi4D_pilot_v1/raw/pair28/dance28/images/4/000073.jpg,pair28/dance28/images/4/000073.jpg,940,1280,940,False,True,0.052152593085106384,223.67666877171422,4097.566655585107,241.85673508619655,6188.1203983187115,person,241.85673508619655,6188.1203983187115,0.8009647651006712,False,False
Hi4D,/home/shangguanrz/project/pic-edit/datasets/Hi4D_pilot_v1/raw/pair28/dance28/images/4/000078.jpg,pair28/dance28/images/4/000078.jpg,940,1280,940,False,True,0.04813164893617021,223.1682478246132,4131.448761635638,241.97597407634254,6187.970500766019,person,241.97597407634254,6187.970500766019,0.8009647651006712,False,False
Hi4D,/home/shangguanrz/project/pic-edit/datasets/Hi4D_pilot_v1/raw/pair28/dance28/images/4/000117.jpg,pair28/dance28/images/4/000117.jpg,940,1280,940,False,True,0.027371176861702127,208.65571920922463,4045.1600004155584,227.36258008577505,6600.718013710467,person,227.36258008577505,6600.718013710467,0.8009647651006712,False,False
Hi4D,/home/shangguanrz/project/pic-edit/datasets/Hi4D_pilot_v1/raw/pair01/fight01/images/52/000058.jpg,pair01/fight01/images/52/000058.jpg,940,1280,940,False,True,0.05970910904255319,202.71044207177798,3623.8302027925533,219.65652580302557,6861.792784714079,person,219.65652580302557,6861.792784714079,0.8013842281879194,False,False
Hi4D,/home/shangguanrz/project/pic-edit/datasets/Hi4D_pilot_v1/raw/pair12/fight12/images/16/000087.jpg,pair12/fight12/images/16/000087.jpg,940,1280,940,False,True,0.07131898271276596,237.41892318069372,4714.087267287234,210.45706501436635,7095.355334909377,person,210.45706501436635,7095.355334909377,0.8015939597315436,False,False
Hi4D,/home/shangguanrz/project/pic-edit/datasets/Hi4D_pilot_v1/raw/pair28/dance28/images/4/000058.jpg,pair28/dance28/images/4/000058.jpg,940,1280,940,False,True,0.057249833776595746,228.2757691905044,4215.569585272607,249.21301378285594,6146.138666526227,person,249.21301378285594,6146.138666526227,0.8018036912751678,False,False
Hi4D,/home/shangguanrz/project/pic-edit/datasets/Hi4D_pilot_v1/raw/pair00/taichi00/images/4/000037.jpg,pair00/taichi00/images/4/000037.jpg,940,1280,940,False,True,0.05405335771276596,625.9679332877943,6399.100720994016,298.8099450407516,5913.132947976878,person,298.8099450407516,5913.132947976878,0.802013422818792,False,False
Hi4D,/home/shangguanrz/project/pic-edit/datasets/Hi4D_pilot_v1/raw/pair00/taichi00/images/4/000042.jpg,pair00/taichi00/images/4/000042.jpg,940,1280,940,False,True,0.05613364361702128,605.3843953012342,6660.87853224734,304.35227347854914,5906.225340438129,person,304.35227347854914,5906.225340438129,0.8030620805369127,False,False
Hi4D,/home/shangguanrz/project/pic-edit/datasets/Hi4D_pilot_v1/raw/pair00/yoga00/images/4/000031.jpg,pair00/yoga00/images/4/000031.jpg,940,1280,940,False,True,0.05375498670212766,852.3750147758807,9006.10926072141,256.7598952646582,6097.891537647025,person,256.7598952646582,6097.891537647025,0.8032718120805369,False,False
Hi4D,/home/shangguanrz/project/pic-edit/datasets/Hi4D_pilot_v1/raw/pair28/dance28/images/4/000057.jpg,pair28/dance28/images/4/000057.jpg,940,1280,940,False,True,0.05686918218085106,228.2660300849303,4205.308375581782,252.39537689217386,6128.769051156867,person,252.39537689217386,6128.769051156867,0.8032718120805369,False,False
Hi4D,/home/shangguanrz/project/pic-edit/datasets/Hi4D_pilot_v1/raw/pair00/hug00/images/4/000147.jpg,pair00/hug00/images/4/000147.jpg,940,1280,940,False,True,0.05204787234042553,529.7805066060944,5710.084036319814,322.1216730214046,5752.236715612036,person,322.1216730214046,5752.236715612036,0.8034815436241611,False,False
Hi4D,/home/shangguanrz/project/pic-edit/datasets/Hi4D_pilot_v1/raw/pair28/dance28/images/4/000076.jpg,pair28/dance28/images/4/000076.jpg,940,1280,940,False,True,0.049427360372340426,224.80574620012897,4128.150328291224,241.04178654306568,6241.874384744614,person,241.04178654306568,6241.874384744614,0.8034815436241611,False,False
Hi4D,/home/shangguanrz/project/pic-edit/datasets/Hi4D_pilot_v1/raw/pair00/taichi00/images/4/000096.jpg,pair00/taichi00/images/4/000096.jpg,940,1280,940,False,True,0.05307596409574468,583.817584371259,6308.066302360372,315.7753333360268,5813.014322999555,person,315.7753333360268,5813.014322999555,0.8036912751677852,False,False
Hi4D,/home/shangguanrz/project/pic-edit/datasets/Hi4D_pilot_v1/raw/pair00/hug00/images/4/000144.jpg,pair00/hug00/images/4/000144.jpg,940,1280,940,False,True,0.05306349734042553,526.670741946409,5731.873316988032,322.2783651032881,5739.853462262315,person,322.2783651032881,5739.853462262315,0.8039010067114094,False,False
Hi4D,/home/shangguanrz/project/pic-edit/datasets/Hi4D_pilot_v1/raw/pair28/dance28/images/4/000109.jpg,pair28/dance28/images/4/000109.jpg,940,1280,940,False,True,0.03552526595744681,220.72993825624948,4145.42022315492,229.74417452431982,6587.105570112417,person,229.74417452431982,6587.105570112417,0.8039010067114094,False,False
Hi4D,/home/shangguanrz/project/pic-edit/datasets/Hi4D_pilot_v1/raw/pair00/hug00/images/4/000150.jpg,pair00/hug00/images/4/000150.jpg,940,1280,940,False,True,0.05194315159574468,527.7592873820464,5670.206968916224,320.41416635845985,5774.0387242225315,person,320.41416635845985,5774.0387242225315,0.8041107382550335,False,False
Hi4D,/home/shangguanrz/project/pic-edit/datasets/Hi4D_pilot_v1/raw/pair00/hug00/images/4/000145.jpg,pair00/hug00/images/4/000145.jpg,940,1280,940,False,True,0.05264876994680851,532.094310295857,5749.851739112367,322.27282783423107,5756.290381719374,person,322.27282783423107,5756.290381719374,0.8043204697986577,False,False
Hi4D,/home/shangguanrz/project/pic-edit/datasets/Hi4D_pilot_v1/raw/pair00/hug00/images/4/000142.jpg,pair00/hug00/images/4/000142.jpg,940,1280,940,False,True,0.05402842420212766,524.2589237174064,5720.565481632314,320.3535109717994,5776.627911392405,person,320.3535109717994,5776.627911392405,0.8045302013422819,False,False
Hi4D,/home/shangguanrz/project/pic-edit/datasets/Hi4D_pilot_v1/raw/pair14/hug14/images/4/000032.jpg,pair14/hug14/images/4/000032.jpg,940,1280,940,False,True,0.05575299202127659,290.15318093876215,5379.456491023936,331.03710964761615,5583.509280785269,person,331.03710964761615,5583.509280785269,0.8049496644295302,False,False
Hi4D,/home/shangguanrz/project/pic-edit/datasets/Hi4D_pilot_v1/raw/pair28/fight28/images/4/000039.jpg,pair28/fight28/images/4/000039.jpg,940,1280,940,False,True,0.06133394281914894,259.4547813401443,4635.917740192819,238.26221436573152,6368.096368681385,person,238.26221436573152,6368.096368681385,0.8051593959731543,False,False
Hi4D,/home/shangguanrz/project/pic-edit/datasets/Hi4D_pilot_v1/raw/pair28/fight28/images/4/000045.jpg,pair28/fight28/images/4/000045.jpg,940,1280,940,False,True,0.057404421542553194,256.98225417413454,4680.461436170212,232.21697622887118,6535.5595819902255,person,232.21697622887118,6535.5595819902255,0.8053691275167785,False,False
Hi4D,/home/shangguanrz/project/pic-edit/datasets/Hi4D_pilot_v1/raw/pair00/taichi00/images/4/000043.jpg,pair00/taichi00/images/4/000043.jpg,940,1280,940,False,True,0.056395445478723404,597.3599089844133,6648.651273686835,308.189522946502,5900.237844901839,person,308.189522946502,5900.237844901839,0.8055788590604027,False,False
Hi4D,/home/shangguanrz/project/pic-edit/datasets/Hi4D_pilot_v1/raw/pair09/bend09/images/88/000013.jpg,pair09/bend09/images/88/000013.jpg,940,1280,940,False,True,0.036212599734042554,359.72840022641424,4612.252005069814,279.4661972400721,6042.612189452712,person,279.4661972400721,6042.612189452712,0.805998322147651,False,False
Hi4D,/home/shangguanrz/project/pic-edit/datasets/Hi4D_pilot_v1/raw/pair14/dance14/images/16/000190.jpg,pair14/dance14/images/16/000190.jpg,940,1280,940,False,True,0.04463680186170213,280.64900989970124,4744.504851645612,324.46513105669175,5736.276054197797,person,324.46513105669175,5736.276054197797,0.805998322147651,False,False
Hi4D,/home/shangguanrz/project/pic-edit/datasets/Hi4D_pilot_v1/raw/pair00/hug00/images/4/000148.jpg,pair00/hug00/images/4/000148.jpg,940,1280,940,False,True,0.05197390292553192,530.0094480270334,5702.210189494681,322.3025951427657,5773.522205613685,person,322.3025951427657,5773.522205613685,0.8064177852348993,False,False
Hi4D,/home/shangguanrz/project/pic-edit/datasets/Hi4D_pilot_v1/raw/pair14/dance14/images/16/000194.jpg,pair14/dance14/images/16/000194.jpg,940,1280,940,False,True,0.045978224734042554,275.0877761615246,4677.73065575133,321.36333706204067,5792.560647561424,person,321.36333706204067,5792.560647561424,0.8068372483221476,False,False
Hi4D,/home/shangguanrz/project/pic-edit/datasets/Hi4D_pilot_v1/raw/pair00/taichi00/images/4/000102.jpg,pair00/taichi00/images/4/000102.jpg,940,1280,940,False,True,0.052762632978723405,585.2003861904522,6201.562167553191,321.6886825368945,5794.891635791338,person,321.6886825368945,5794.891635791338,0.807256711409396,False,False
Hi4D,/home/shangguanrz/project/pic-edit/datasets/Hi4D_pilot_v1/raw/pair14/talk14/images/4/000096.jpg,pair14/talk14/images/4/000096.jpg,940,1280,940,False,True,0.052221575797872344,262.6086652451588,5256.966090425532,280.63000612707054,6043.495354256833,person,280.63000612707054,6043.495354256833,0.807256711409396,False,False
Hi4D,/home/shangguanrz/project/pic-edit/datasets/Hi4D_pilot_v1/raw/pair16/hug16/images/4/000072.jpg,pair16/hug16/images/4/000072.jpg,940,1280,940,False,True,0.046881648936170216,266.1343808702993,4951.980645362367,202.75115571572996,7927.157575397061,person,202.75115571572996,7927.157575397061,0.8074664429530201,False,False
Hi4D,/home/shangguanrz/project/pic-edit/datasets/Hi4D_pilot_v1/raw/pair28/dance28/images/4/000108.jpg,pair28/dance28/images/4/000108.jpg,940,1280,940,False,True,0.036581615691489364,218.53480766797938,4153.5009765625,230.70681686652108,6645.359256402971,person,230.70681686652108,6645.359256402971,0.8074664429530201,False,False
Hi4D,/home/shangguanrz/project/pic-edit/datasets/Hi4D_pilot_v1/raw/pair00/hug00/images/4/000141.jpg,pair00/hug00/images/4/000141.jpg,940,1280,940,False,True,0.05448636968085106,519.6846740206964,5709.089230801197,322.7792543982035,5776.4406490179335,person,322.7792543982035,5776.4406490179335,0.8074664429530202,False,False
Hi4D,/home/shangguanrz/project/pic-edit/datasets/Hi4D_pilot_v1/raw/pair00/yoga00/images/4/000140.jpg,pair00/yoga00/images/4/000140.jpg,940,1280,940,False,True,0.0431108710106383,509.1355016611453,5407.387975814495,253.94526863514608,6168.772412137219,person,253.94526863514608,6168.772412137219,0.8093540268456376,False,False
Hi4D,/home/shangguanrz/project/pic-edit/datasets/Hi4D_pilot_v1/raw/pair28/dance28/images/4/000114.jpg,pair28/dance28/images/4/000114.jpg,940,1280,940,False,True,0.0306889960106383,216.84652643775232,4194.610310006649,229.28182760204828,6774.386837073564,person,229.28182760204828,6774.386837073564,0.8099832214765101,False,False
Hi4D,/home/shangguanrz/project/pic-edit/datasets/Hi4D_pilot_v1/raw/pair00/hug00/images/4/000090.jpg,pair00/hug00/images/4/000090.jpg,940,1280,940,False,True,0.05442486702127659,505.37131620907786,5470.945863115026,322.7152429438509,5829.345452269954,person,322.7152429438509,5829.345452269954,0.8101929530201342,False,False
Hi4D,/home/shangguanrz/project/pic-edit/datasets/Hi4D_pilot_v1/raw/pair00/yoga00/images/4/000138.jpg,pair00/yoga00/images/4/000138.jpg,940,1280,940,False,True,0.04171958111702127,516.7037410127085,5426.14641165226,248.2095363947504,6264.006925915413,person,248.2095363947504,6264.006925915413,0.8114513422818792,False,False
Hi4D,/home/shangguanrz/project/pic-edit/datasets/Hi4D_pilot_v1/raw/pair16/hug16/images/4/000095.jpg,pair16/hug16/images/4/000095.jpg,940,1280,940,False,True,0.054729886968085104,265.6430033643411,4960.533847240691,209.79085898807043,8009.9335164696695,person,209.79085898807043,8009.9335164696695,0.8114513422818792,False,False
Hi4D,/home/shangguanrz/project/pic-edit/datasets/Hi4D_pilot_v1/raw/pair28/dance28/images/4/000106.jpg,pair28/dance28/images/4/000106.jpg,940,1280,940,False,True,0.038695146276595746,225.67379553073027,4259.446424119016,233.72352303870164,6694.692901352487,person,233.72352303870164,6694.692901352487,0.8127097315436241,False,False
Hi4D,/home/shangguanrz/project/pic-edit/datasets/Hi4D_pilot_v1/raw/pair14/talk14/images/4/000040.jpg,pair14/talk14/images/4/000040.jpg,940,1280,940,False,True,0.051018949468085106,251.7437339779909,4998.444367104388,237.48635648755476,6597.877906749522,person,237.48635648755476,6597.877906749522,0.8131291946308725,False,False
Hi4D,/home/shangguanrz/project/pic-edit/datasets/Hi4D_pilot_v1/raw/pair16/jump16/images/4/000095.jpg,pair16/jump16/images/4/000095.jpg,940,1280,940,False,True,0.054729886968085104,240.8018188164643,4780.584160987367,214.03021718227004,8010.871191310265,person,214.03021718227004,8010.871191310265,0.8131291946308725,False,False
Hi4D,/home/shangguanrz/project/pic-edit/datasets/Hi4D_pilot_v1/raw/pair00/hug00/images/4/000139.jpg,pair00/hug00/images/4/000139.jpg,940,1280,940,False,True,0.05480551861702128,519.5184239414873,5727.355531083776,324.75910681057985,5839.749169907978,person,324.75910681057985,5839.749169907978,0.8135486577181208,False,False
Hi4D,/home/shangguanrz/project/pic-edit/datasets/Hi4D_pilot_v1/raw/pair28/dance28/images/4/000054.jpg,pair28/dance28/images/4/000054.jpg,940,1280,940,False,True,0.056288231382978726,229.74448309769295,4200.487470910904,262.03581220180143,6183.3303537773945,person,262.03581220180143,6183.3303537773945,0.813758389261745,False,False
Hi4D,/home/shangguanrz/project/pic-edit/datasets/Hi4D_pilot_v1/raw/pair16/jump16/images/4/000065.jpg,pair16/jump16/images/4/000065.jpg,940,1280,940,False,True,0.050184507978723404,270.8186640672254,5095.392713181516,230.94710546524726,6882.577351430014,person,230.94710546524726,6882.577351430014,0.8139681208053691,False,False
Hi4D,/home/shangguanrz/project/pic-edit/datasets/Hi4D_pilot_v1/raw/pair28/basketball28/images/4/000062.jpg,pair28/basketball28/images/4/000062.jpg,940,1280,940,False,True,0.08155335771276596,272.7444606865624,4712.908078457447,243.15940342452845,6418.529438915865,person,243.15940342452845,6418.529438915865,0.8139681208053691,False,False
Hi4D,/home/shangguanrz/project/pic-edit/datasets/Hi4D_pilot_v1/raw/pair28/dance28/images/4/000115.jpg,pair28/dance28/images/4/000115.jpg,940,1280,940,False,True,0.029522107712765956,213.17214928149855,4138.965196974734,230.8253772507756,6892.1425567703955,person,230.8253772507756,6892.1425567703955,0.8141778523489933,False,False
Hi4D,/home/shangguanrz/project/pic-edit/datasets/Hi4D_pilot_v1/raw/pair09/bend09/images/88/000007.jpg,pair09/bend09/images/88/000007.jpg,940,1280,940,False,True,0.03693317819148936,366.5387503732485,4791.894853307846,282.51412102525956,6089.308201252683,person,282.51412102525956,6089.308201252683,0.8143875838926175,False,False
Hi4D,/home/shangguanrz/project/pic-edit/datasets/Hi4D_pilot_v1/raw/pair28/basketball28/images/4/000052.jpg,pair28/basketball28/images/4/000052.jpg,940,1280,940,False,True,0.055977393617021275,236.8699858856449,4243.872537815824,231.76123959181837,6855.054880194937,person,231.76123959181837,6855.054880194937,0.8143875838926175,False,False
Hi4D,/home/shangguanrz/project/pic-edit/datasets/Hi4D_pilot_v1/raw/pair28/dance28/images/4/000055.jpg,pair28/dance28/images/4/000055.jpg,940,1280,940,False,True,0.05633809840425532,229.15367336454514,4194.657746010638,262.5264937521798,6184.517491926803,person,262.5264937521798,6184.517491926803,0.8143875838926175,False,False
Hi4D,/home/shangguanrz/project/pic-edit/datasets/Hi4D_pilot_v1/raw/pair01/fight01/images/52/000048.jpg,pair01/fight01/images/52/000048.jpg,940,1280,940,False,True,0.06159158909574468,234.44728009651664,4101.944668384309,228.13039885197634,7060.062852376981,person,228.13039885197634,7060.062852376981,0.8145973154362416,False,False
Hi4D,/home/shangguanrz/project/pic-edit/datasets/Hi4D_pilot_v1/raw/pair14/talk14/images/4/000041.jpg,pair14/talk14/images/4/000041.jpg,940,1280,940,False,True,0.050189494680851064,250.9628509393425,5013.878386801862,233.3881441425217,6753.162011614585,person,233.3881441425217,6753.162011614585,0.8145973154362416,False,False
Hi4D,/home/shangguanrz/project/pic-edit/datasets/Hi4D_pilot_v1/raw/pair28/basketball28/images/4/000054.jpg,pair28/basketball28/images/4/000054.jpg,940,1280,940,False,True,0.056288231382978726,234.37174133304129,4259.868361452793,234.5530389889162,6716.868935436972,person,234.5530389889162,6716.868935436972,0.8148070469798657,False,False
Hi4D,/home/shangguanrz/project/pic-edit/datasets/Hi4D_pilot_v1/raw/pair12/fight12/images/16/000076.jpg,pair12/fight12/images/16/000076.jpg,940,1280,940,False,True,0.06901761968085106,240.94940354425802,4810.141913231383,219.80692469036208,7634.701135348052,person,219.80692469036208,7634.701135348052,0.8150167785234899,False,False
Hi4D,/home/shangguanrz/project/pic-edit/datasets/Hi4D_pilot_v1/raw/pair00/hug00/images/4/000070.jpg,pair00/hug00/images/4/000070.jpg,940,1280,940,False,True,0.051817652925531914,610.8127480052942,6851.982899767288,305.018199435138,6006.987606482763,person,305.018199435138,6006.987606482763,0.8154362416107382,False,False
Hi4D,/home/shangguanrz/project/pic-edit/datasets/Hi4D_pilot_v1/raw/pair02/pose02/images/52/000081.jpg,pair02/pose02/images/52/000081.jpg,940,1280,940,False,True,0.06812749335106383,220.52831501761628,4026.1336747839096,263.859065073016,6183.52893258427,person,263.859065073016,6183.52893258427,0.8154362416107382,False,False
Hi4D,/home/shangguanrz/project/pic-edit/datasets/Hi4D_pilot_v1/raw/pair14/hug14/images/4/000037.jpg,pair14/hug14/images/4/000037.jpg,940,1280,940,False,True,0.05395279255319149,240.40636119598608,4634.65050490359,345.0704746299564,5568.551387733494,person,345.0704746299564,5568.551387733494,0.8154362416107382,False,False
Hi4D,/home/shangguanrz/project/pic-edit/datasets/Hi4D_pilot_v1/raw/pair00/taichi00/images/4/000053.jpg,pair00/taichi00/images/4/000053.jpg,940,1280,940,False,True,0.05619847074468085,589.476373166399,6648.200839428191,328.52685760961447,5820.48887587822,person,328.52685760961447,5820.48887587822,0.8154362416107384,False,False
Hi4D,/home/shangguanrz/project/pic-edit/datasets/Hi4D_pilot_v1/raw/pair14/dance14/images/16/000135.jpg,pair14/dance14/images/16/000135.jpg,940,1280,940,False,True,0.054083277925531914,280.28919131572894,4735.759028008643,275.73276933548107,6142.290646725478,person,275.73276933548107,6142.290646725478,0.8154362416107384,False,False
Hi4D,/home/shangguanrz/project/pic-edit/datasets/Hi4D_pilot_v1/raw/pair12/fight12/images/16/000096.jpg,pair12/fight12/images/16/000096.jpg,940,1280,940,False,True,0.06535239361702128,231.70965777699786,4469.617395279255,222.38905296585327,7613.965142934197,person,222.38905296585327,7613.965142934197,0.8162751677852349,False,False
Hi4D,/home/shangguanrz/project/pic-edit/datasets/Hi4D_pilot_v1/raw/pair00/hug00/images/4/000095.jpg,pair00/hug00/images/4/000095.jpg,940,1280,940,False,True,0.053411735372340424,495.5453936888277,5450.90373587101,321.31461169458765,5924.105016555257,person,321.31461169458765,5924.105016555257,0.8164848993288591,False,False
Hi4D,/home/shangguanrz/project/pic-edit/datasets/Hi4D_pilot_v1/raw/pair14/hug14/images/4/000031.jpg,pair14/hug14/images/4/000031.jpg,940,1280,940,False,True,0.05632563164893617,288.9160393124902,5466.438185671543,330.394564292465,5813.130757746787,person,330.394564292465,5813.130757746787,0.8166946308724832,False,False
Hi4D,/home/shangguanrz/project/pic-edit/datasets/Hi4D_pilot_v1/raw/pair14/dance14/images/16/000188.jpg,pair14/dance14/images/16/000188.jpg,940,1280,940,False,True,0.04495179521276596,281.70853496774276,4771.033151180186,338.21524654023693,5720.19149201079,person,338.21524654023693,5720.19149201079,0.8171140939597316,False,False
Hi4D,/home/shangguanrz/project/pic-edit/datasets/Hi4D_pilot_v1/raw/pair14/hug14/images/4/000033.jpg,pair14/hug14/images/4/000033.jpg,940,1280,940,False,True,0.05517287234042553,283.6011493901906,5203.050937084441,351.88445427431867,5576.369741586538,person,351.88445427431867,5576.369741586538,0.8171140939597316,False,False
Hi4D,/home/shangguanrz/project/pic-edit/datasets/Hi4D_pilot_v1/raw/pair00/taichi00/images/4/000052.jpg,pair00/taichi00/images/4/000052.jpg,940,1280,940,False,True,0.05621426196808511,588.8781104042229,6643.345194065824,328.8675414333267,5846.834419056879,person,328.8675414333267,5846.834419056879,0.817743288590604,False,False
Hi4D,/home/shangguanrz/project/pic-edit/datasets/Hi4D_pilot_v1/raw/pair00/hug00/images/4/000065.jpg,pair00/hug00/images/4/000065.jpg,940,1280,940,False,True,0.05020611702127659,582.7790567389222,7093.206117021276,295.7590096302709,6058.211014890038,person,295.7590096302709,6058.211014890038,0.8177432885906041,False,False
Hi4D,/home/shangguanrz/project/pic-edit/datasets/Hi4D_pilot_v1/raw/pair14/dance14/images/16/000138.jpg,pair14/dance14/images/16/000138.jpg,940,1280,940,False,True,0.10147606382978723,287.6279790254673,4939.53260056516,261.07289233556537,6244.955320334262,person,261.07289233556537,6244.955320334262,0.8181627516778524,False,False
Hi4D,/home/shangguanrz/project/pic-edit/datasets/Hi4D_pilot_v1/raw/pair16/jump16/images/4/000070.jpg,pair16/jump16/images/4/000070.jpg,940,1280,940,False,True,0.04768866356382979,282.17726609187736,5274.324229138962,220.92698132157184,7909.120951282279,person,220.92698132157184,7909.120951282279,0.8183724832214765,False,False
Hi4D,/home/shangguanrz/project/pic-edit/datasets/Hi4D_pilot_v1/raw/pair28/dance28/images/4/000105.jpg,pair28/dance28/images/4/000105.jpg,940,1280,940,False,True,0.03983710106382979,229.97504961180326,4305.336269946809,239.86144059786614,6640.2651436993365,person,239.86144059786614,6640.2651436993365,0.8187919463087248,False,False
Hi4D,/home/shangguanrz/project/pic-edit/datasets/Hi4D_pilot_v1/raw/pair14/dance14/images/16/000164.jpg,pair14/dance14/images/16/000164.jpg,940,1280,940,False,True,0.06070894281914894,291.1124343984048,4862.41008352726,324.8869131436165,5909.942944540498,person,324.8869131436165,5909.942944540498,0.8192114093959731,False,False
Hi4D,/home/shangguanrz/project/pic-edit/datasets/Hi4D_pilot_v1/raw/pair00/hug00/images/4/000035.jpg,pair00/hug00/images/4/000035.jpg,940,1280,940,False,True,0.051026429521276596,585.4892659322229,7241.809248254654,288.3630234245777,6112.19945176092,person,288.3630234245777,6112.19945176092,0.8194211409395973,False,False
Hi4D,/home/shangguanrz/project/pic-edit/datasets/Hi4D_pilot_v1/raw/pair00/hug00/images/4/000136.jpg,pair00/hug00/images/4/000136.jpg,940,1280,940,False,True,0.055333277925531915,519.9860313744663,5758.60528174867,327.6949994413529,5893.021471713626,person,327.6949994413529,5893.021471713626,0.8198406040268456,False,False
Hi4D,/home/shangguanrz/project/pic-edit/datasets/Hi4D_pilot_v1/raw/pair14/dance14/images/16/000177.jpg,pair14/dance14/images/16/000177.jpg,940,1280,940,False,True,0.05478141622340425,285.9784558702238,4727.344279837101,308.26372600169805,6021.814348319083,person,308.26372600169805,6021.814348319083,0.8198406040268456,False,False
Hi4D,/home/shangguanrz/project/pic-edit/datasets/Hi4D_pilot_v1/raw/pair00/hug00/images/4/000134.jpg,pair00/hug00/images/4/000134.jpg,940,1280,940,False,True,0.05579039228723404,519.2033885525545,5767.479710355718,330.98497348914515,5846.761079302819,person,330.98497348914515,5846.761079302819,0.8198406040268457,False,False
Hi4D,/home/shangguanrz/project/pic-edit/datasets/Hi4D_pilot_v1/raw/pair16/jump16/images/4/000079.jpg,pair16/jump16/images/4/000079.jpg,940,1280,940,False,True,0.046344747340425534,247.7199742647251,4524.773208942819,227.19870796971682,7591.792911119108,person,227.19870796971682,7591.792911119108,0.8200503355704698,False,False
Hi4D,/home/shangguanrz/project/pic-edit/datasets/Hi4D_pilot_v1/raw/pair00/yoga00/images/4/000029.jpg,pair00/yoga00/images/4/000029.jpg,940,1280,940,False,True,0.05448387632978723,842.9171784090319,9070.155803274602,272.2149171257218,6194.510648890856,person,272.2149171257218,6194.510648890856,0.8206795302013423,False,False
Hi4D,/home/shangguanrz/project/pic-edit/datasets/Hi4D_pilot_v1/raw/pair14/talk14/images/4/000046.jpg,pair14/talk14/images/4/000046.jpg,940,1280,940,False,True,0.04323221409574468,263.86738664586386,5183.787244431516,298.54312264662315,6059.591479289941,person,298.54312264662315,6059.591479289941,0.8206795302013423,False,False
Hi4D,/home/shangguanrz/project/pic-edit/datasets/Hi4D_pilot_v1/raw/pair14/hug14/images/4/000036.jpg,pair14/hug14/images/4/000036.jpg,940,1280,940,False,True,0.054326795212765955,251.39034323910337,4789.454610621676,367.8193861072448,5554.039713516996,person,367.8193861072448,5554.039713516996,0.8210989932885906,False,False
Hi4D,/home/shangguanrz/project/pic-edit/datasets/Hi4D_pilot_v1/raw/pair02/pose02/images/52/000085.jpg,pair02/pose02/images/52/000085.jpg,940,1280,940,False,True,0.06947307180851064,220.0286941752816,4026.1592524102393,283.4902829591197,6157.959027338534,person,283.4902829591197,6157.959027338534,0.8213087248322148,False,False
Hi4D,/home/shangguanrz/project/pic-edit/datasets/Hi4D_pilot_v1/raw/pair01/fight01/images/52/000049.jpg,pair01/fight01/images/52/000049.jpg,940,1280,940,False,True,0.06164893617021277,233.7628963559988,4063.7752659574467,234.0353143742498,7019.553686589988,person,234.0353143742498,7019.553686589988,0.8215184563758389,False,False
Hi4D,/home/shangguanrz/project/pic-edit/datasets/Hi4D_pilot_v1/raw/pair09/bend09/images/88/000008.jpg,pair09/bend09/images/88/000008.jpg,940,1280,940,False,True,0.03694065824468085,368.74433363695505,4762.63202293883,281.60843898470995,6166.370259393085,person,281.60843898470995,6166.370259393085,0.8217281879194631,False,False
Hi4D,/home/shangguanrz/project/pic-edit/datasets/Hi4D_pilot_v1/raw/pair09/bend09/images/88/000012.jpg,pair09/bend09/images/88/000012.jpg,940,1280,940,False,True,0.036493517287234045,356.1407359875452,4627.983450382314,281.55478674138874,6172.333452957713,person,281.55478674138874,6172.333452957713,0.8219379194630873,False,False
Hi4D,/home/shangguanrz/project/pic-edit/datasets/Hi4D_pilot_v1/raw/pair09/bend09/images/88/000011.jpg,pair09/bend09/images/88/000011.jpg,940,1280,940,False,True,0.036704621010638296,362.58861877271744,4677.051820146276,275.1210390017296,6216.836744379189,person,275.1210390017296,6216.836744379189,0.8221476510067114,False,False
Hi4D,/home/shangguanrz/project/pic-edit/datasets/Hi4D_pilot_v1/raw/pair14/dance14/images/16/000193.jpg,pair14/dance14/images/16/000193.jpg,940,1280,940,False,True,0.04521775265957447,277.2629802602618,4718.389191323138,334.2563045255409,5833.012148123325,person,334.2563045255409,5833.012148123325,0.8223573825503355,False,False
Hi4D,/home/shangguanrz/project/pic-edit/datasets/Hi4D_pilot_v1/raw/pair00/taichi00/images/4/000054.jpg,pair00/taichi00/images/4/000054.jpg,940,1280,940,False,True,0.05604554521276596,590.9184038275343,6657.812718168218,333.171539520828,5838.083476904073,person,333.171539520828,5838.083476904073,0.8223573825503356,False,False
Hi4D,/home/shangguanrz/project/pic-edit/datasets/Hi4D_pilot_v1/raw/pair14/hug14/images/4/000019.jpg,pair14/hug14/images/4/000019.jpg,940,1280,940,False,True,0.06266289893617022,335.66770054493736,6270.71619431516,329.6928923385707,5907.2952585505545,person,329.6928923385707,5907.2952585505545,0.8231963087248322,False,False
Hi4D,/home/shangguanrz/project/pic-edit/datasets/Hi4D_pilot_v1/raw/pair00/taichi00/images/4/000049.jpg,pair00/taichi00/images/4/000049.jpg,940,1280,940,False,True,0.05662150930851064,590.4364439269815,6648.465425531915,326.2934067577655,5939.922438208033,person,326.2934067577655,5939.922438208033,0.8236157718120806,False,False
Hi4D,/home/shangguanrz/project/pic-edit/datasets/Hi4D_pilot_v1/raw/pair00/taichi00/images/4/000041.jpg,pair00/taichi00/images/4/000041.jpg,940,1280,940,False,True,0.05582363696808511,612.7666036925904,6629.182347074468,308.98833410613287,6048.467027091255,person,308.98833410613287,6048.467027091255,0.824244966442953,False,False
Hi4D,/home/shangguanrz/project/pic-edit/datasets/Hi4D_pilot_v1/raw/pair00/hug00/images/4/000137.jpg,pair00/hug00/images/4/000137.jpg,940,1280,940,False,True,0.055094747340425534,520.1189266252485,5753.526419132314,332.64676734454684,5893.1592252030205,person,332.64676734454684,5893.1592252030205,0.8252936241610738,False,False
Hi4D,/home/shangguanrz/project/pic-edit/datasets/Hi4D_pilot_v1/raw/pair00/taichi00/images/4/000097.jpg,pair00/taichi00/images/4/000097.jpg,940,1280,940,False,True,0.053416722074468084,581.1787312870492,6258.385949966755,330.74836599554055,5923.646475590138,person,330.74836599554055,5923.646475590138,0.8259228187919463,False,False
Hi4D,/home/shangguanrz/project/pic-edit/datasets/Hi4D_pilot_v1/raw/pair12/highfive12/images/4/000049.jpg,pair12/highfive12/images/4/000049.jpg,940,1280,940,False,True,0.049227892287234044,243.95336462694254,5071.894562416888,256.38918056529263,6509.977404460163,person,256.38918056529263,6509.977404460163,0.8261325503355705,False,False
Hi4D,/home/shangguanrz/project/pic-edit/datasets/Hi4D_pilot_v1/raw/pair00/taichi00/images/4/000051.jpg,pair00/taichi00/images/4/000051.jpg,940,1280,940,False,True,0.056230884308510636,590.7667079008289,6659.954163896276,332.31408286978296,5907.454610645718,person,332.31408286978296,5907.454610645718,0.8265520134228188,False,False
Hi4D,/home/shangguanrz/project/pic-edit/datasets/Hi4D_pilot_v1/raw/pair14/dance14/images/16/000191.jpg,pair14/dance14/images/16/000191.jpg,940,1280,940,False,True,0.04465841090425532,279.42063979940104,4718.04833984375,337.66177297010626,5857.253584457453,person,337.66177297010626,5857.253584457453,0.8265520134228188,False,False
Hi4D,/home/shangguanrz/project/pic-edit/datasets/Hi4D_pilot_v1/raw/pair16/hug16/images/4/000085.jpg,pair16/hug16/images/4/000085.jpg,940,1280,940,False,True,0.0457671210106383,264.57706394763267,4967.671324384974,223.60223063117576,8548.701165305141,person,223.60223063117576,8548.701165305141,0.8273909395973154,False,False
Hi4D,/home/shangguanrz/project/pic-edit/datasets/Hi4D_pilot_v1/raw/pair02/pose02/images/52/000083.jpg,pair02/pose02/images/52/000083.jpg,940,1280,940,False,True,0.06870927526595745,218.91926216159047,4010.645777925532,276.1829111453355,6289.022028291927,person,276.1829111453355,6289.022028291927,0.8276006711409396,False,False
Hi4D,/home/shangguanrz/project/pic-edit/datasets/Hi4D_pilot_v1/raw/pair14/talk14/images/4/000121.jpg,pair14/talk14/images/4/000121.jpg,940,1280,940,False,True,0.0685654920212766,244.03293946351647,4907.248078041888,308.1708247373083,6066.3332961268,person,308.1708247373083,6066.3332961268,0.8276006711409396,False,False
Hi4D,/home/shangguanrz/project/pic-edit/datasets/Hi4D_pilot_v1/raw/pair16/hug16/images/4/000097.jpg,pair16/hug16/images/4/000097.jpg,940,1280,940,False,True,0.05649268617021277,268.376775953121,4994.112657912234,225.7989771452417,8438.930975975607,person,225.7989771452417,8438.930975975607,0.8282298657718121,False,False
Hi4D,/home/shangguanrz/project/pic-edit/datasets/Hi4D_pilot_v1/raw/pair28/basketball28/images/4/000044.jpg,pair28/basketball28/images/4/000044.jpg,940,1280,940,False,True,0.06608045212765958,225.796479916238,4106.963555518617,248.30361611799054,6699.336123558447,person,248.30361611799054,6699.336123558447,0.8282298657718121,False,False
Hi4D,/home/shangguanrz/project/pic-edit/datasets/Hi4D_pilot_v1/raw/pair02/pose02/images/52/000087.jpg,pair02/pose02/images/52/000087.jpg,940,1280,940,False,True,0.07020861037234043,222.3210915684862,4011.334441489362,298.1116182241028,6155.207040134364,person,298.1116182241028,6155.207040134364,0.8284395973154363,False,False
Hi4D,/home/shangguanrz/project/pic-edit/datasets/Hi4D_pilot_v1/raw/pair00/taichi00/images/4/000048.jpg,pair00/taichi00/images/4/000048.jpg,940,1280,940,False,True,0.056717918882978724,593.0157948245879,6674.530564328457,327.2977738484955,5967.705750655664,person,327.2977738484955,5967.705750655664,0.8288590604026846,False,False
Hi4D,/home/shangguanrz/project/pic-edit/datasets/Hi4D_pilot_v1/raw/pair14/hug14/images/4/000086.jpg,pair14/hug14/images/4/000086.jpg,940,1280,940,False,True,0.06329205452127659,304.47746410171277,5836.834742769282,331.17709372145663,5944.50753521358,person,331.17709372145663,5944.50753521358,0.8296979865771812,False,False
Hi4D,/home/shangguanrz/project/pic-edit/datasets/Hi4D_pilot_v1/raw/pair28/basketball28/images/4/000051.jpg,pair28/basketball28/images/4/000051.jpg,940,1280,940,False,True,0.055418882978723404,237.69800751235704,4271.528652759309,237.6429401676739,7263.908244316625,person,237.6429401676739,7263.908244316625,0.8296979865771812,False,False
Hi4D,/home/shangguanrz/project/pic-edit/datasets/Hi4D_pilot_v1/raw/pair00/taichi00/images/4/000046.jpg,pair00/taichi00/images/4/000046.jpg,940,1280,940,False,True,0.05674119015957447,595.1247332992733,6676.280211103724,325.3079335905551,6008.2723288019315,person,325.3079335905551,6008.2723288019315,0.8301174496644295,False,False
Hi4D,/home/shangguanrz/project/pic-edit/datasets/Hi4D_pilot_v1/raw/pair14/hug14/images/4/000017.jpg,pair14/hug14/images/4/000017.jpg,940,1280,940,False,True,0.06256815159574468,334.83091179304074,6301.168477809176,332.6322697260098,5940.8296062785275,person,332.6322697260098,5940.8296062785275,0.8309563758389262,False,False
Hi4D,/home/shangguanrz/project/pic-edit/datasets/Hi4D_pilot_v1/raw/pair28/basketball28/images/4/000046.jpg,pair28/basketball28/images/4/000046.jpg,940,1280,940,False,True,0.05637716090425532,233.1950778248571,4252.08702834109,233.79784814745247,7676.076288604757,person,233.79784814745247,7676.076288604757,0.8309563758389262,False,False
Hi4D,/home/shangguanrz/project/pic-edit/datasets/Hi4D_pilot_v1/raw/pair02/pose02/images/52/000080.jpg,pair02/pose02/images/52/000080.jpg,940,1280,940,False,True,0.06786735372340426,218.0764470685117,4008.173568400931,266.44532706812095,6507.532830321109,person,266.44532706812095,6507.532830321109,0.8313758389261745,False,False
Hi4D,/home/shangguanrz/project/pic-edit/datasets/Hi4D_pilot_v1/raw/pair16/hug16/images/4/000083.jpg,pair16/hug16/images/4/000083.jpg,940,1280,940,False,True,0.04526097074468085,264.6071508284768,4972.83282081117,224.57201126191168,8816.542442304753,person,224.57201126191168,8816.542442304753,0.8313758389261745,False,False
Hi4D,/home/shangguanrz/project/pic-edit/datasets/Hi4D_pilot_v1/raw/pair00/hug00/images/4/000100.jpg,pair00/hug00/images/4/000100.jpg,940,1280,940,False,True,0.053080119680851065,500.87708219803517,5486.777613863032,320.83017065356154,6053.545502075965,person,320.83017065356154,6053.545502075965,0.8317953020134228,False,False
Hi4D,/home/shangguanrz/project/pic-edit/datasets/Hi4D_pilot_v1/raw/pair00/taichi00/images/4/000036.jpg,pair00/taichi00/images/4/000036.jpg,940,1280,940,False,True,0.05403257978723404,628.0573877365463,6359.56389212101,309.4661598783667,6111.617337763282,person,309.4661598783667,6111.617337763282,0.832005033557047,False,False
Hi4D,/home/shangguanrz/project/pic-edit/datasets/Hi4D_pilot_v1/raw/pair14/dance14/images/16/000192.jpg,pair14/dance14/images/16/000192.jpg,940,1280,940,False,True,0.04480718085106383,279.4011129825673,4715.07380319149,340.7448063448348,5895.0243143193675,person,340.7448063448348,5895.0243143193675,0.832005033557047,False,False
Hi4D,/home/shangguanrz/project/pic-edit/datasets/Hi4D_pilot_v1/raw/pair28/fight28/images/4/000081.jpg,pair28/fight28/images/4/000081.jpg,940,1280,940,False,True,0.0466938164893617,254.64335716499247,4707.391923620346,270.5650002472994,6476.047971265943,person,270.5650002472994,6476.047971265943,0.8322147651006712,False,False
Hi4D,/home/shangguanrz/project/pic-edit/datasets/Hi4D_pilot_v1/raw/pair09/bend09/images/88/000010.jpg,pair09/bend09/images/88/000010.jpg,940,1280,940,False,True,0.03687084441489362,367.9116989944572,4700.411974318484,284.1746829027538,6328.842108374966,person,284.1746829027538,6328.842108374966,0.8324244966442953,False,False
Hi4D,/home/shangguanrz/project/pic-edit/datasets/Hi4D_pilot_v1/raw/pair14/dance14/images/16/000127.jpg,pair14/dance14/images/16/000127.jpg,940,1280,940,False,True,0.05869015957446808,287.47397864461215,4802.640489943484,307.45222875692406,6146.874125874126,person,307.45222875692406,6146.874125874126,0.8330536912751678,False,False
Hi4D,/home/shangguanrz/project/pic-edit/datasets/Hi4D_pilot_v1/raw/pair14/hug14/images/4/000034.jpg,pair14/hug14/images/4/000034.jpg,940,1280,940,False,True,0.05519365026595745,264.24621040800025,5034.68682471742,358.91007394144424,5811.487125512161,person,358.91007394144424,5811.487125512161,0.8330536912751678,False,False
Hi4D,/home/shangguanrz/project/pic-edit/datasets/Hi4D_pilot_v1/raw/pair09/hug09/images/28/000065.jpg,pair09/hug09/images/28/000065.jpg,940,1280,940,False,True,0.04499501329787234,279.590873675845,4253.747174202128,309.7190208881012,6124.492002845775,person,309.7190208881012,6124.492002845775,0.8334731543624161,False,False
Hi4D,/home/shangguanrz/project/pic-edit/datasets/Hi4D_pilot_v1/raw/pair00/taichi00/images/4/000101.jpg,pair00/taichi00/images/4/000101.jpg,940,1280,940,False,True,0.05311835106382979,578.7773835923456,6203.643533909574,337.90645860708224,5932.267155963303,person,337.90645860708224,5932.267155963303,0.8336828859060403,False,False
Hi4D,/home/shangguanrz/project/pic-edit/datasets/Hi4D_pilot_v1/raw/pair14/dance14/images/16/000120.jpg,pair14/dance14/images/16/000120.jpg,940,1280,940,False,True,0.05458361037234043,273.0484220142978,4549.288885887633,311.337367543198,6119.222178072561,person,311.337367543198,6119.222178072561,0.8336828859060403,False,False
Hi4D,/home/shangguanrz/project/pic-edit/datasets/Hi4D_pilot_v1/raw/pair00/hug00/images/4/000125.jpg,pair00/hug00/images/4/000125.jpg,940,1280,940,False,True,0.05538065159574468,516.7587724318868,5615.914883228059,329.2926632765062,6008.856935229068,person,329.2926632765062,6008.856935229068,0.8341023489932886,False,False
Hi4D,/home/shangguanrz/project/pic-edit/datasets/Hi4D_pilot_v1/raw/pair00/taichi00/images/4/000047.jpg,pair00/taichi00/images/4/000047.jpg,940,1280,940,False,True,0.056717918882978724,591.9210948741182,6662.546480219415,323.71526822721484,6047.834475286019,person,323.71526822721484,6047.834475286019,0.8341023489932886,False,False
Hi4D,/home/shangguanrz/project/pic-edit/datasets/Hi4D_pilot_v1/raw/pair00/hug00/images/4/000133.jpg,pair00/hug00/images/4/000133.jpg,940,1280,940,False,True,0.055989860372340425,518.8477543461048,5763.68212890625,341.18921374892216,5917.777031734971,person,341.18921374892216,5917.777031734971,0.8351510067114094,False,False
Hi4D,/home/shangguanrz/project/pic-edit/datasets/Hi4D_pilot_v1/raw/pair09/bend09/images/88/000022.jpg,pair09/bend09/images/88/000022.jpg,940,1280,940,False,True,0.04192902260638298,345.6328072890052,4581.350866439495,285.11029614191887,6375.939971365352,person,285.11029614191887,6375.939971365352,0.8351510067114094,False,False
Hi4D,/home/shangguanrz/project/pic-edit/datasets/Hi4D_pilot_v1/raw/pair14/talk14/images/4/000035.jpg,pair14/talk14/images/4/000035.jpg,940,1280,940,False,True,0.05252576462765957,287.8476839972169,5298.490317486702,298.35911994644897,6225.863373739662,person,298.35911994644897,6225.863373739662,0.8351510067114094,False,False
Hi4D,/home/shangguanrz/project/pic-edit/datasets/Hi4D_pilot_v1/raw/pair14/dance14/images/16/000113.jpg,pair14/dance14/images/16/000113.jpg,940,1280,940,False,True,0.05518201462765957,277.4850418367716,4736.819242436835,304.323166073156,6188.174333204484,person,304.323166073156,6188.174333204484,0.8357802013422819,False,False
Hi4D,/home/shangguanrz/project/pic-edit/datasets/Hi4D_pilot_v1/raw/pair16/hug16/images/4/000099.jpg,pair16/hug16/images/4/000099.jpg,940,1280,940,False,True,0.05752825797872341,266.58164598414027,5009.619109458112,230.25514782018266,8617.052989363003,person,230.25514782018266,8617.052989363003,0.8357802013422819,False,False
Hi4D,/home/shangguanrz/project/pic-edit/datasets/Hi4D_pilot_v1/raw/pair16/hug16/images/4/000081.jpg,pair16/hug16/images/4/000081.jpg,940,1280,940,False,True,0.04505651595744681,264.0039361345655,4966.467129321809,228.19078678031778,8950.115589260595,person,228.19078678031778,8950.115589260595,0.8368288590604027,False,False
Hi4D,/home/shangguanrz/project/pic-edit/datasets/Hi4D_pilot_v1/raw/pair02/pose02/images/52/000097.jpg,pair02/pose02/images/52/000097.jpg,940,1280,940,False,True,0.07093833111702127,227.14468166651693,4174.567445146276,283.24984934900823,6451.229632224168,person,283.24984934900823,6451.229632224168,0.837248322147651,False,False
Hi4D,/home/shangguanrz/project/pic-edit/datasets/Hi4D_pilot_v1/raw/pair02/pose02/images/52/000088.jpg,pair02/pose02/images/52/000088.jpg,940,1280,940,False,True,0.07051695478723405,219.49481055311836,3985.9828478224736,304.1076950418715,6225.300852960792,person,304.1076950418715,6225.300852960792,0.8374580536912752,False,False
Hi4D,/home/shangguanrz/project/pic-edit/datasets/Hi4D_pilot_v1/raw/pair14/dance14/images/16/000134.jpg,pair14/dance14/images/16/000134.jpg,940,1280,940,False,True,0.05293384308510638,278.3934298124773,4672.548298287899,284.6664715425435,6439.115923566879,person,284.6664715425435,6439.115923566879,0.8374580536912752,False,False
Hi4D,/home/shangguanrz/project/pic-edit/datasets/Hi4D_pilot_v1/raw/pair14/hug14/images/4/000018.jpg,pair14/hug14/images/4/000018.jpg,940,1280,940,False,True,0.06267453457446809,335.0518115513084,6293.371571642288,335.11864485465816,5986.034738804749,person,335.11864485465816,5986.034738804749,0.838506711409396,False,False
Hi4D,/home/shangguanrz/project/pic-edit/datasets/Hi4D_pilot_v1/raw/pair00/hug00/images/4/000108.jpg,pair00/hug00/images/4/000108.jpg,940,1280,940,False,True,0.05286070478723404,496.6032085988305,5416.601759890293,323.96547028736546,6065.661248354609,person,323.96547028736546,6065.661248354609,0.8387164429530201,False,False
Hi4D,/home/shangguanrz/project/pic-edit/datasets/Hi4D_pilot_v1/raw/pair00/hug00/images/4/000123.jpg,pair00/hug00/images/4/000123.jpg,940,1280,940,False,True,0.05495595079787234,510.8124410226205,5549.382906000665,331.15888098360125,6028.462877139885,person,331.15888098360125,6028.462877139885,0.8387164429530201,False,False
Hi4D,/home/shangguanrz/project/pic-edit/datasets/Hi4D_pilot_v1/raw/pair09/bend09/images/88/000075.jpg,pair09/bend09/images/88/000075.jpg,940,1280,940,False,True,0.04626496010638298,340.33206821232693,4642.695416389628,268.37141095783505,6667.681471466109,person,268.37141095783505,6667.681471466109,0.8387164429530201,False,False
Hi4D,/home/shangguanrz/project/pic-edit/datasets/Hi4D_pilot_v1/raw/pair00/hug00/images/4/000103.jpg,pair00/hug00/images/4/000103.jpg,940,1280,940,False,True,0.05275681515957447,500.48552698493285,5465.335293384309,323.1620346163095,6086.712190622598,person,323.1620346163095,6086.712190622598,0.8389261744966443,False,False
Hi4D,/home/shangguanrz/project/pic-edit/datasets/Hi4D_pilot_v1/raw/pair09/bend09/images/88/000025.jpg,pair09/bend09/images/88/000025.jpg,940,1280,940,False,True,0.04496343085106383,344.4764480601344,4578.398146609043,297.4294182806231,6307.352070712087,person,297.4294182806231,6307.352070712087,0.8389261744966443,False,False
Hi4D,/home/shangguanrz/project/pic-edit/datasets/Hi4D_pilot_v1/raw/pair14/dance14/images/16/000119.jpg,pair14/dance14/images/16/000119.jpg,940,1280,940,False,True,0.05250748005319149,267.3478815174577,4507.48884225399,317.66042423857004,6150.758254074999,person,317.66042423857004,6150.758254074999,0.8393456375838926,False,False
Hi4D,/home/shangguanrz/project/pic-edit/datasets/Hi4D_pilot_v1/raw/pair14/hug14/images/4/000030.jpg,pair14/hug14/images/4/000030.jpg,940,1280,940,False,True,0.057008809840425535,295.7871543707865,5575.259703291224,337.73075132882576,5980.430313463883,person,337.73075132882576,5980.430313463883,0.8393456375838926,False,False
Hi4D,/home/shangguanrz/project/pic-edit/datasets/Hi4D_pilot_v1/raw/pair00/hug00/images/4/000122.jpg,pair00/hug00/images/4/000122.jpg,940,1280,940,False,True,0.054764793882978724,509.623412244268,5531.387217420212,329.3362231660292,6049.359377461327,person,329.3362231660292,6049.359377461327,0.8397651006711409,False,False
Hi4D,/home/shangguanrz/project/pic-edit/datasets/Hi4D_pilot_v1/raw/pair00/taichi00/images/4/000098.jpg,pair00/taichi00/images/4/000098.jpg,940,1280,940,False,True,0.05350731382978723,585.7464716998685,6274.255412649601,339.2588556482219,5981.679367843032,person,339.2588556482219,5981.679367843032,0.8410234899328859,False,False
Hi4D,/home/shangguanrz/project/pic-edit/datasets/Hi4D_pilot_v1/raw/pair00/taichi00/images/4/000099.jpg,pair00/taichi00/images/4/000099.jpg,940,1280,940,False,True,0.05351146941489362,584.7621798346679,6268.685526097074,343.9611243803156,5957.868548414391,person,343.9611243803156,5957.868548414391,0.8412332214765101,False,False
Hi4D,/home/shangguanrz/project/pic-edit/datasets/Hi4D_pilot_v1/raw/pair28/basketball28/images/4/000098.jpg,pair28/basketball28/images/4/000098.jpg,940,1280,940,False,True,0.0633344414893617,226.13954837635774,4180.43280418883,333.9019014467388,6023.357674155182,person,333.9019014467388,6023.357674155182,0.8416526845637584,False,False
Hi4D,/home/shangguanrz/project/pic-edit/datasets/Hi4D_pilot_v1/raw/pair09/bend09/images/88/000009.jpg,pair09/bend09/images/88/000009.jpg,940,1280,940,False,True,0.03694065824468085,366.9215322090199,4714.217794215426,300.2212685438035,6332.746161538914,person,300.2212685438035,6332.746161538914,0.8418624161073825,False,False
Hi4D,/home/shangguanrz/project/pic-edit/datasets/Hi4D_pilot_v1/raw/pair14/hug14/images/4/000038.jpg,pair14/hug14/images/4/000038.jpg,940,1280,940,False,True,0.053101728723404254,235.06948479528396,4563.356611535904,371.3638675328492,5867.683311081442,person,371.3638675328492,5867.683311081442,0.8418624161073825,False,False
Hi4D,/home/shangguanrz/project/pic-edit/datasets/Hi4D_pilot_v1/raw/pair00/hug00/images/4/000112.jpg,pair00/hug00/images/4/000112.jpg,940,1280,940,False,True,0.05292054521276596,496.57386971467116,5413.539041722074,326.0932695840531,6106.882788724602,person,326.0932695840531,6106.882788724602,0.8431208053691275,False,False
Hi4D,/home/shangguanrz/project/pic-edit/datasets/Hi4D_pilot_v1/raw/pair14/hug14/images/4/000087.jpg,pair14/hug14/images/4/000087.jpg,940,1280,940,False,True,0.06293882978723404,313.1325171613326,5932.913439162234,332.5794514678334,6049.808339092375,person,332.5794514678334,6049.808339092375,0.84375,False,False
Hi4D,/home/shangguanrz/project/pic-edit/datasets/Hi4D_pilot_v1/raw/pair00/hug00/images/4/000104.jpg,pair00/hug00/images/4/000104.jpg,940,1280,940,False,True,0.0528125,499.3609891177141,5459.617031665559,325.82248127748807,6112.6645756457565,person,325.82248127748807,6112.6645756457565,0.8439597315436241,False,False
Hi4D,/home/shangguanrz/project/pic-edit/datasets/Hi4D_pilot_v1/raw/pair00/hug00/images/4/000114.jpg,pair00/hug00/images/4/000114.jpg,940,1280,940,False,True,0.05293633643617021,498.86847943574827,5440.592243600399,326.8026166835651,6102.069987039437,person,326.8026166835651,6102.069987039437,0.8439597315436241,False,False
Hi4D,/home/shangguanrz/project/pic-edit/datasets/Hi4D_pilot_v1/raw/pair28/basketball28/images/4/000055.jpg,pair28/basketball28/images/4/000055.jpg,940,1280,940,False,True,0.05633809840425532,237.39461823832457,4316.007916389628,258.6354048388199,7067.581162540366,person,258.6354048388199,7067.581162540366,0.8441694630872483,False,False
Hi4D,/home/shangguanrz/project/pic-edit/datasets/Hi4D_pilot_v1/raw/pair00/hug00/images/4/000109.jpg,pair00/hug00/images/4/000109.jpg,940,1280,940,False,True,0.05281000664893617,497.5031893144317,5417.635534408245,326.7590233163058,6111.085589867828,person,326.7590233163058,6111.085589867828,0.8443791946308725,False,False
Hi4D,/home/shangguanrz/project/pic-edit/datasets/Hi4D_pilot_v1/raw/pair00/hug00/images/4/000128.jpg,pair00/hug00/images/4/000128.jpg,940,1280,940,False,True,0.05597905585106383,517.1352322925105,5731.875623337766,331.7288541497021,6056.001572722697,person,331.7288541497021,6056.001572722697,0.8443791946308725,False,False
Hi4D,/home/shangguanrz/project/pic-edit/datasets/Hi4D_pilot_v1/raw/pair00/hug00/images/4/000131.jpg,pair00/hug00/images/4/000131.jpg,940,1280,940,False,True,0.05630900930851064,516.4247622958349,5766.651429521276,340.1667081904727,6015.812330580597,person,340.1667081904727,6015.812330580597,0.8450083892617449,False,False
Hi4D,/home/shangguanrz/project/pic-edit/datasets/Hi4D_pilot_v1/raw/pair09/bend09/images/88/000024.jpg,pair09/bend09/images/88/000024.jpg,940,1280,940,False,True,0.04441821808510638,342.47465250337217,4576.048132064495,295.5788209183686,6526.760727926308,person,295.5788209183686,6526.760727926308,0.8452181208053691,False,False
Hi4D,/home/shangguanrz/project/pic-edit/datasets/Hi4D_pilot_v1/raw/pair00/yoga00/images/4/000114.jpg,pair00/yoga00/images/4/000114.jpg,940,1280,940,False,True,0.05293633643617021,537.4215098060921,5526.353868849734,317.9976102435065,6200.507807196198,person,317.9976102435065,6200.507807196198,0.8454278523489933,False,False
Hi4D,/home/shangguanrz/project/pic-edit/datasets/Hi4D_pilot_v1/raw/pair14/dance14/images/16/000163.jpg,pair14/dance14/images/16/000163.jpg,940,1280,940,False,True,0.05841672207446808,287.475945886496,4792.859478889628,339.6342040766889,6022.766791880622,person,339.6342040766889,6022.766791880622,0.8454278523489933,False,False
Hi4D,/home/shangguanrz/project/pic-edit/datasets/Hi4D_pilot_v1/raw/pair14/hug14/images/4/000062.jpg,pair14/hug14/images/4/000062.jpg,940,1280,940,False,True,0.049402426861702126,230.07628314351538,4449.21739943484,389.27689884045685,5836.518228759192,person,389.27689884045685,5836.518228759192,0.8458473154362416,False,False
Hi4D,/home/shangguanrz/project/pic-edit/datasets/Hi4D_pilot_v1/raw/pair09/bend09/images/88/000026.jpg,pair09/bend09/images/88/000026.jpg,940,1280,940,False,True,0.04526595744680851,343.50510567742384,4549.113624085771,298.4279227817795,6489.639158496329,person,298.4279227817795,6489.639158496329,0.8464765100671141,False,False
Hi4D,/home/shangguanrz/project/pic-edit/datasets/Hi4D_pilot_v1/raw/pair14/talk14/images/4/000012.jpg,pair14/talk14/images/4/000012.jpg,940,1280,940,False,True,0.050219414893617025,278.86408371726225,5182.700829039229,296.57159211598935,6532.988772717704,person,296.57159211598935,6532.988772717704,0.8464765100671141,False,False
Hi4D,/home/shangguanrz/project/pic-edit/datasets/Hi4D_pilot_v1/raw/pair00/hug00/images/4/000115.jpg,pair00/hug00/images/4/000115.jpg,940,1280,940,False,True,0.05298952792553192,501.49542788230974,5462.552526595745,329.40080733289693,6109.479287374129,person,329.40080733289693,6109.479287374129,0.8468959731543624,False,False
Hi4D,/home/shangguanrz/project/pic-edit/datasets/Hi4D_pilot_v1/raw/pair14/dance14/images/16/000129.jpg,pair14/dance14/images/16/000129.jpg,940,1280,940,False,True,0.058203956117021276,289.0450512459236,4816.999854554521,317.83319653364674,6228.821148494814,person,317.83319653364674,6228.821148494814,0.8468959731543624,False,False
Hi4D,/home/shangguanrz/project/pic-edit/datasets/Hi4D_pilot_v1/raw/pair14/hug14/images/4/000040.jpg,pair14/hug14/images/4/000040.jpg,940,1280,940,False,True,0.051018949468085106,230.82947874865195,4404.522751828457,374.52145581491754,5906.781568765388,person,374.52145581491754,5906.781568765388,0.8471057046979866,False,False
Hi4D,/home/shangguanrz/project/pic-edit/datasets/Hi4D_pilot_v1/raw/pair00/hug00/images/4/000126.jpg,pair00/hug00/images/4/000126.jpg,940,1280,940,False,True,0.05562998670212766,513.2140687879205,5639.893658577128,331.590986434509,6081.507161149578,person,331.590986434509,6081.507161149578,0.8473154362416107,False,False
Hi4D,/home/shangguanrz/project/pic-edit/datasets/Hi4D_pilot_v1/raw/pair00/hug00/images/4/000120.jpg,pair00/hug00/images/4/000120.jpg,940,1280,940,False,True,0.05400349069148936,505.0697709441239,5470.529525432181,329.1186639755931,6121.12025216706,person,329.1186639755931,6121.12025216706,0.8473154362416108,False,False
Hi4D,/home/shangguanrz/project/pic-edit/datasets/Hi4D_pilot_v1/raw/pair00/hug00/images/4/000106.jpg,pair00/hug00/images/4/000106.jpg,940,1280,940,False,True,0.05285322473404255,497.1018885736986,5435.531935671543,323.74252482277757,6164.002943701705,person,323.74252482277757,6164.002943701705,0.8477348993288591,False,False
Hi4D,/home/shangguanrz/project/pic-edit/datasets/Hi4D_pilot_v1/raw/pair00/hug00/images/4/000130.jpg,pair00/hug00/images/4/000130.jpg,940,1280,940,False,True,0.056283244680851066,517.0932664067942,5741.839594414893,335.4472028565627,6057.150806097485,person,335.4472028565627,6057.150806097485,0.8479446308724832,False,False
Hi4D,/home/shangguanrz/project/pic-edit/datasets/Hi4D_pilot_v1/raw/pair09/bend09/images/88/000023.jpg,pair09/bend09/images/88/000023.jpg,940,1280,940,False,True,0.04338680186170213,342.9807183246852,4581.293768700133,296.6492961266032,6582.1784545108485,person,296.6492961266032,6582.1784545108485,0.8483640939597316,False,False
Hi4D,/home/shangguanrz/project/pic-edit/datasets/Hi4D_pilot_v1/raw/pair14/hug14/images/4/000079.jpg,pair14/hug14/images/4/000079.jpg,940,1280,940,False,True,0.056019780585106385,261.1487354745472,5026.927048703457,337.89862658568927,6054.4582127285385,person,337.89862658568927,6054.4582127285385,0.8487835570469798,False,False
Hi4D,/home/shangguanrz/project/pic-edit/datasets/Hi4D_pilot_v1/raw/pair00/hug00/images/4/000111.jpg,pair00/hug00/images/4/000111.jpg,940,1280,940,False,True,0.05293301196808511,496.00910971768036,5398.757480053191,329.3906225292417,6133.147303412009,person,329.3906225292417,6133.147303412009,0.848993288590604,False,False
Hi4D,/home/shangguanrz/project/pic-edit/datasets/Hi4D_pilot_v1/raw/pair09/bend09/images/88/000073.jpg,pair09/bend09/images/88/000073.jpg,940,1280,940,False,True,0.04700714760638298,338.4561628286199,4593.557876911569,289.3905990326725,6708.808846682494,person,289.3905990326725,6708.808846682494,0.8498322147651007,False,False
Hi4D,/home/shangguanrz/project/pic-edit/datasets/Hi4D_pilot_v1/raw/pair02/pose02/images/52/000095.jpg,pair02/pose02/images/52/000095.jpg,940,1280,940,False,True,0.07094996675531914,224.10209210872003,4128.346440741357,295.98635107284247,6622.9309162175405,person,295.98635107284247,6622.9309162175405,0.8500419463087248,False,False
Hi4D,/home/shangguanrz/project/pic-edit/datasets/Hi4D_pilot_v1/raw/pair02/pose02/images/52/000090.jpg,pair02/pose02/images/52/000090.jpg,940,1280,940,False,True,0.07026097074468085,221.32037425861475,4010.1707737699467,311.1868555392708,6409.9663936741035,person,311.1868555392708,6409.9663936741035,0.8510906040268456,False,False
Hi4D,/home/shangguanrz/project/pic-edit/datasets/Hi4D_pilot_v1/raw/pair14/dance14/images/16/000112.jpg,pair14/dance14/images/16/000112.jpg,940,1280,940,False,True,0.05510472074468085,283.5551303139959,4858.947203291224,324.23030637100794,6198.700426778776,person,324.23030637100794,6198.700426778776,0.8510906040268457,False,False
Hi4D,/home/shangguanrz/project/pic-edit/datasets/Hi4D_pilot_v1/raw/pair01/fight01/images/52/000056.jpg,pair01/fight01/images/52/000056.jpg,940,1280,940,False,True,0.06045877659574468,222.42480433683363,3836.3153257978724,258.9830579281146,7548.318209687309,person,258.9830579281146,7548.318209687309,0.851510067114094,False,False
Hi4D,/home/shangguanrz/project/pic-edit/datasets/Hi4D_pilot_v1/raw/pair16/hug16/images/4/000079.jpg,pair16/hug16/images/4/000079.jpg,940,1280,940,False,True,0.046344747340425534,264.6548359111295,4951.347105634974,238.96369952024997,9112.536763823917,person,238.96369952024997,9112.536763823917,0.8517197986577181,False,False
Hi4D,/home/shangguanrz/project/pic-edit/datasets/Hi4D_pilot_v1/raw/pair14/dance14/images/16/000161.jpg,pair14/dance14/images/16/000161.jpg,940,1280,940,False,True,0.0527485039893617,288.9531370726793,4807.82459275266,320.80532074889294,6275.919996952265,person,320.80532074889294,6275.919996952265,0.8519295302013423,False,False
Hi4D,/home/shangguanrz/project/pic-edit/datasets/Hi4D_pilot_v1/raw/pair14/talk14/images/4/000079.jpg,pair14/talk14/images/4/000079.jpg,940,1280,940,False,True,0.056019780585106385,271.2636023357529,5309.757874833776,249.61176493389317,8153.960795808449,person,249.61176493389317,8153.960795808449,0.8521392617449665,False,False
Hi4D,/home/shangguanrz/project/pic-edit/datasets/Hi4D_pilot_v1/raw/pair14/hug14/images/4/000093.jpg,pair14/hug14/images/4/000093.jpg,940,1280,940,False,True,0.058587932180851066,299.0461134127007,5616.693463264628,319.00549752849633,6351.497999062624,person,319.00549752849633,6351.497999062624,0.8533976510067114,False,False
Hi4D,/home/shangguanrz/project/pic-edit/datasets/Hi4D_pilot_v1/raw/pair14/hug14/images/4/000094.jpg,pair14/hug14/images/4/000094.jpg,940,1280,940,False,True,0.056631482712765954,290.0770682038468,5533.261365525266,321.32243852884756,6300.307825172725,person,321.32243852884756,6300.307825172725,0.8533976510067114,False,False
Hi4D,/home/shangguanrz/project/pic-edit/datasets/Hi4D_pilot_v1/raw/pair28/fight28/images/4/000031.jpg,pair28/fight28/images/4/000031.jpg,940,1280,940,False,True,0.06482380319148937,285.86682274126804,4968.334202543218,277.8359388568246,7090.411235243566,person,277.8359388568246,7090.411235243566,0.8536073825503355,False,False
Hi4D,/home/shangguanrz/project/pic-edit/datasets/Hi4D_pilot_v1/raw/pair00/yoga00/images/4/000115.jpg,pair00/yoga00/images/4/000115.jpg,940,1280,940,False,True,0.05298952792553192,538.3684436509706,5518.428658992686,319.9892844435138,6340.565329202169,person,319.9892844435138,6340.565329202169,0.8538171140939598,False,False
Hi4D,/home/shangguanrz/project/pic-edit/datasets/Hi4D_pilot_v1/raw/pair14/dance14/images/16/000141.jpg,pair14/dance14/images/16/000141.jpg,940,1280,940,False,True,0.10389045877659575,272.52859993958265,4725.515302942154,307.52453814666376,6562.281602382069,person,307.52453814666376,6562.281602382069,0.8546560402684564,False,False
Hi4D,/home/shangguanrz/project/pic-edit/datasets/Hi4D_pilot_v1/raw/pair14/dance14/images/16/000150.jpg,pair14/dance14/images/16/000150.jpg,940,1280,940,False,True,0.06102559840425532,297.6088489570624,5094.455254737367,315.4018628731606,6434.454866940525,person,315.4018628731606,6434.454866940525,0.8546560402684564,False,False
Hi4D,/home/shangguanrz/project/pic-edit/datasets/Hi4D_pilot_v1/raw/pair14/hug14/images/4/000015.jpg,pair14/hug14/images/4/000015.jpg,940,1280,940,False,True,0.0613173204787234,321.44631875192704,5997.694564494681,331.5641272464974,6160.605029193206,person,331.5641272464974,6160.605029193206,0.8548657718120806,False,False
Hi4D,/home/shangguanrz/project/pic-edit/datasets/Hi4D_pilot_v1/raw/pair14/hug14/images/4/000043.jpg,pair14/hug14/images/4/000043.jpg,940,1280,940,False,True,0.049717420212765956,219.03966179213518,4244.53106299867,395.0129005723358,5925.349906078894,person,395.0129005723358,5925.349906078894,0.8550755033557047,False,False
Hi4D,/home/shangguanrz/project/pic-edit/datasets/Hi4D_pilot_v1/raw/pair14/hug14/images/4/000044.jpg,pair14/hug14/images/4/000044.jpg,940,1280,940,False,True,0.04961269946808511,219.87645162225797,4228.794454371676,397.87930164035146,5914.791172701058,person,397.87930164035146,5914.791172701058,0.8550755033557047,False,False
Hi4D,/home/shangguanrz/project/pic-edit/datasets/Hi4D_pilot_v1/raw/pair28/fight28/images/4/000034.jpg,pair28/fight28/images/4/000034.jpg,940,1280,940,False,True,0.06438414228723405,272.1436410120516,4749.823075964096,286.69704669396447,7018.865186197472,person,286.69704669396447,7018.865186197472,0.8557046979865772,False,False
Hi4D,/home/shangguanrz/project/pic-edit/datasets/Hi4D_pilot_v1/raw/pair00/hug00/images/4/000117.jpg,pair00/hug00/images/4/000117.jpg,940,1280,940,False,True,0.0531640625,498.37977777783715,5419.7060546875,336.87360546235703,6138.433124626373,person,336.87360546235703,6138.433124626373,0.8561241610738255,False,False
Hi4D,/home/shangguanrz/project/pic-edit/datasets/Hi4D_pilot_v1/raw/pair28/fight28/images/4/000037.jpg,pair28/fight28/images/4/000037.jpg,940,1280,940,False,True,0.06154753989361702,259.5899726069584,4640.054999168883,280.0761726188184,7187.068839358783,person,280.0761726188184,7187.068839358783,0.8563338926174496,False,False
Hi4D,/home/shangguanrz/project/pic-edit/datasets/Hi4D_pilot_v1/raw/pair14/hug14/images/4/000085.jpg,pair14/hug14/images/4/000085.jpg,940,1280,940,False,True,0.06338015292553191,306.04100721891035,5815.003843916224,354.5180955833297,6054.184226760609,person,354.5180955833297,6054.184226760609,0.8563338926174497,False,False
Hi4D,/home/shangguanrz/project/pic-edit/datasets/Hi4D_pilot_v1/raw/pair16/jump16/images/4/000074.jpg,pair16/jump16/images/4/000074.jpg,940,1280,940,False,True,0.05107214095744681,281.2197365757565,5132.661756150266,256.7454728598491,8264.410635851782,person,256.7454728598491,8264.410635851782,0.8578020134228188,False,False
Hi4D,/home/shangguanrz/project/pic-edit/datasets/Hi4D_pilot_v1/raw/pair14/dance14/images/16/000130.jpg,pair14/dance14/images/16/000130.jpg,940,1280,940,False,True,0.05774019281914894,290.2982743735117,4843.87688040226,323.6660485926546,6359.564633972992,person,323.6660485926546,6359.564633972992,0.8582214765100671,False,False
Hi4D,/home/shangguanrz/project/pic-edit/datasets/Hi4D_pilot_v1/raw/pair14/hug14/images/4/000063.jpg,pair14/hug14/images/4/000063.jpg,940,1280,940,False,True,0.04969082446808511,232.35852575644802,4512.864704537899,383.76796744357813,5972.606644647368,person,383.76796744357813,5972.606644647368,0.8584312080536913,False,False
Hi4D,/home/shangguanrz/project/pic-edit/datasets/Hi4D_pilot_v1/raw/pair14/hug14/images/4/000014.jpg,pair14/hug14/images/4/000014.jpg,940,1280,940,False,True,0.060238530585106385,311.9772512354479,5841.889617270612,336.70824118753353,6159.409765016591,person,336.70824118753353,6159.409765016591,0.8588506711409396,False,False
Hi4D,/home/shangguanrz/project/pic-edit/datasets/Hi4D_pilot_v1/raw/pair16/jump16/images/4/000077.jpg,pair16/jump16/images/4/000077.jpg,940,1280,940,False,True,0.0463139960106383,267.9466828894108,4810.599817154255,256.73724146015104,8414.0362290257,person,256.73724146015104,8414.0362290257,0.8588506711409396,False,False
Hi4D,/home/shangguanrz/project/pic-edit/datasets/Hi4D_pilot_v1/raw/pair16/jump16/images/4/000051.jpg,pair16/jump16/images/4/000051.jpg,940,1280,940,False,True,0.05164228723404255,257.86786209182435,4872.771609042553,267.9018363922481,7807.398862221025,person,267.9018363922481,7807.398862221025,0.8590604026845637,False,False
Hi4D,/home/shangguanrz/project/pic-edit/datasets/Hi4D_pilot_v1/raw/pair28/basketball28/images/4/000014.jpg,pair28/basketball28/images/4/000014.jpg,940,1280,940,False,True,0.0693467420212766,282.14801512737523,4765.426996758643,336.4767823980023,6162.237355314933,person,336.4767823980023,6162.237355314933,0.8592701342281879,False,False
Hi4D,/home/shangguanrz/project/pic-edit/datasets/Hi4D_pilot_v1/raw/pair02/pose02/images/52/000092.jpg,pair02/pose02/images/52/000092.jpg,940,1280,940,False,True,0.07045545212765958,221.6945540149485,4038.238800698138,315.3196336978645,6584.445200382694,person,315.3196336978645,6584.445200382694,0.8596895973154361,False,False
Hi4D,/home/shangguanrz/project/pic-edit/datasets/Hi4D_pilot_v1/raw/pair14/dance14/images/16/000125.jpg,pair14/dance14/images/16/000125.jpg,940,1280,940,False,True,0.05904172207446808,284.61885160035064,4768.036361369681,332.23768703816285,6218.994829599155,person,332.23768703816285,6218.994829599155,0.8598993288590604,False,False
Hi4D,/home/shangguanrz/project/pic-edit/datasets/Hi4D_pilot_v1/raw/pair14/hug14/images/4/000045.jpg,pair14/hug14/images/4/000045.jpg,940,1280,940,False,True,0.04964012632978723,225.57573805569305,4297.798080119681,395.93838282270025,5958.506438110425,person,395.93838282270025,5958.506438110425,0.8601090604026845,False,False
Hi4D,/home/shangguanrz/project/pic-edit/datasets/Hi4D_pilot_v1/raw/pair14/hug14/images/4/000047.jpg,pair14/hug14/images/4/000047.jpg,940,1280,940,False,True,0.049202958776595744,228.23989444879342,4372.103359790559,397.59609583223886,5955.021698798097,person,397.59609583223886,5955.021698798097,0.8601090604026845,False,False
Hi4D,/home/shangguanrz/project/pic-edit/datasets/Hi4D_pilot_v1/raw/pair14/hug14/images/4/000066.jpg,pair14/hug14/images/4/000066.jpg,940,1280,940,False,True,0.049552027925531913,237.57521870857778,4640.29138962766,387.221874319754,5983.9889959808015,person,387.221874319754,5983.9889959808015,0.8601090604026845,False,False
Hi4D,/home/shangguanrz/project/pic-edit/datasets/Hi4D_pilot_v1/raw/pair28/basketball28/images/4/000048.jpg,pair28/basketball28/images/4/000048.jpg,940,1280,940,False,True,0.05535405585106383,246.40289334950802,4324.396494763962,263.82639029253687,8144.753419795222,person,263.82639029253687,8144.753419795222,0.8603187919463087,False,False
Hi4D,/home/shangguanrz/project/pic-edit/datasets/Hi4D_pilot_v1/raw/pair28/fight28/images/4/000036.jpg,pair28/fight28/images/4/000036.jpg,940,1280,940,False,True,0.06201961436170213,263.02385145207245,4627.97862990359,289.75426637167556,7133.82571544502,person,289.75426637167556,7133.82571544502,0.8603187919463087,False,False
Hi4D,/home/shangguanrz/project/pic-edit/datasets/Hi4D_pilot_v1/raw/pair14/dance14/images/16/000186.jpg,pair14/dance14/images/16/000186.jpg,940,1280,940,False,True,0.045906748670212764,281.65517956380006,4750.237335854388,360.8910141231702,6064.892807689175,person,360.8910141231702,6064.892807689175,0.8611577181208054,False,False
Hi4D,/home/shangguanrz/project/pic-edit/datasets/Hi4D_pilot_v1/raw/pair02/pose02/images/52/000094.jpg,pair02/pose02/images/52/000094.jpg,940,1280,940,False,True,0.07084441489361702,222.65454098969468,4100.955992353724,311.2054590195067,6693.551692653463,person,311.2054590195067,6693.551692653463,0.861996644295302,False,False
Hi4D,/home/shangguanrz/project/pic-edit/datasets/Hi4D_pilot_v1/raw/pair12/highfive12/images/4/000051.jpg,pair12/highfive12/images/4/000051.jpg,940,1280,940,False,True,0.049284408244680854,246.81450618125564,5194.852674119016,282.238869640407,7595.747448853833,person,282.238869640407,7595.747448853833,0.8622063758389262,False,False
Hi4D,/home/shangguanrz/project/pic-edit/datasets/Hi4D_pilot_v1/raw/pair00/hug00/images/4/000119.jpg,pair00/hug00/images/4/000119.jpg,940,1280,940,False,True,0.053626163563829786,506.13993334497695,5481.092627992021,341.5209758964829,6157.408114256825,person,341.5209758964829,6157.408114256825,0.8626258389261745,False,False
Hi4D,/home/shangguanrz/project/pic-edit/datasets/Hi4D_pilot_v1/raw/pair14/hug14/images/4/000057.jpg,pair14/hug14/images/4/000057.jpg,940,1280,940,False,True,0.049394946808510636,225.10369343234703,4307.107691988032,396.3380850949584,5983.546916890081,person,396.3380850949584,5983.546916890081,0.8630453020134228,False,False
Hi4D,/home/shangguanrz/project/pic-edit/datasets/Hi4D_pilot_v1/raw/pair01/fight01/images/52/000052.jpg,pair01/fight01/images/52/000052.jpg,940,1280,940,False,True,0.06185339095744681,232.1095149064561,4076.705826130319,271.2581912650944,8112.670427925698,person,271.2581912650944,8112.670427925698,0.863255033557047,False,False
Hi4D,/home/shangguanrz/project/pic-edit/datasets/Hi4D_pilot_v1/raw/pair01/fight01/images/52/000051.jpg,pair01/fight01/images/52/000051.jpg,940,1280,940,False,True,0.062134308510638295,232.34005571866038,4080.322701961436,269.1569446727971,8211.480296296297,person,269.1569446727971,8211.480296296297,0.863464765100671,False,False
Hi4D,/home/shangguanrz/project/pic-edit/datasets/Hi4D_pilot_v1/raw/pair14/hug14/images/4/000072.jpg,pair14/hug14/images/4/000072.jpg,940,1280,940,False,True,0.04938663563829787,233.14158599708023,4651.608564660904,370.50611194733773,6061.090453074434,person,370.50611194733773,6061.090453074434,0.8636744966442953,False,False
Hi4D,/home/shangguanrz/project/pic-edit/datasets/Hi4D_pilot_v1/raw/pair14/hug14/images/4/000041.jpg,pair14/hug14/images/4/000041.jpg,940,1280,940,False,True,0.050189494680851064,225.78662307662304,4311.566510139628,391.22218982796335,6012.927033540078,person,391.22218982796335,6012.927033540078,0.8638842281879194,False,False
Hi4D,/home/shangguanrz/project/pic-edit/datasets/Hi4D_pilot_v1/raw/pair14/hug14/images/4/000048.jpg,pair14/hug14/images/4/000048.jpg,940,1280,940,False,True,0.04906665558510638,230.7985807727666,4387.345931682181,401.5956223098687,5995.872919090216,person,401.5956223098687,5995.872919090216,0.8653523489932886,False,False
Hi4D,/home/shangguanrz/project/pic-edit/datasets/Hi4D_pilot_v1/raw/pair09/hug09/images/28/000027.jpg,pair09/hug09/images/28/000027.jpg,940,1280,940,False,True,0.04534740691489362,276.0459389291289,4241.369867852393,322.21298991245396,6587.134790166377,person,322.21298991245396,6587.134790166377,0.8655620805369127,False,False
Hi4D,/home/shangguanrz/project/pic-edit/datasets/Hi4D_pilot_v1/raw/pair14/hug14/images/4/000074.jpg,pair14/hug14/images/4/000074.jpg,940,1280,940,False,True,0.04998753324468085,235.54898245661653,4684.259131898271,374.6418629354197,6055.735531165202,person,374.6418629354197,6055.735531165202,0.8661912751677852,False,False
Hi4D,/home/shangguanrz/project/pic-edit/datasets/Hi4D_pilot_v1/raw/pair14/hug14/images/4/000092.jpg,pair14/hug14/images/4/000092.jpg,940,1280,940,False,True,0.05970910904255319,313.52694603100576,5908.133352726064,330.812502252472,6387.4365678251315,person,330.812502252472,6387.4365678251315,0.8664010067114094,False,False
Hi4D,/home/shangguanrz/project/pic-edit/datasets/Hi4D_pilot_v1/raw/pair14/hug14/images/4/000052.jpg,pair14/hug14/images/4/000052.jpg,940,1280,940,False,True,0.04961768617021277,228.45873705989473,4405.451888713431,397.96585146988355,6021.259430270778,person,397.96585146988355,6021.259430270778,0.8670302013422819,False,False
Hi4D,/home/shangguanrz/project/pic-edit/datasets/Hi4D_pilot_v1/raw/pair14/hug14/images/4/000070.jpg,pair14/hug14/images/4/000070.jpg,940,1280,940,False,True,0.04931931515957447,237.5359591096977,4714.538979388298,372.5224652888072,6064.9360476742795,person,372.5224652888072,6064.9360476742795,0.8670302013422819,False,False
Hi4D,/home/shangguanrz/project/pic-edit/datasets/Hi4D_pilot_v1/raw/pair14/hug14/images/4/000059.jpg,pair14/hug14/images/4/000059.jpg,940,1280,940,False,True,0.049422373670212766,227.83638653465394,4339.60554147274,406.48342167969355,6007.172351319417,person,406.48342167969355,6007.172351319417,0.867239932885906,False,False
Hi4D,/home/shangguanrz/project/pic-edit/datasets/Hi4D_pilot_v1/raw/pair09/hug09/images/28/000064.jpg,pair09/hug09/images/28/000064.jpg,940,1280,940,False,True,0.04497589760638298,281.62370491243695,4269.410914644282,327.33217916459313,6509.51979423541,person,327.33217916459313,6509.51979423541,0.8676593959731543,False,False
Hi4D,/home/shangguanrz/project/pic-edit/datasets/Hi4D_pilot_v1/raw/pair14/hug14/images/4/000016.jpg,pair14/hug14/images/4/000016.jpg,940,1280,940,False,True,0.06239444813829787,333.07120335776654,6197.746717087766,338.1061091153913,6249.231435318814,person,338.1061091153913,6249.231435318814,0.8678691275167785,False,False
Hi4D,/home/shangguanrz/project/pic-edit/datasets/Hi4D_pilot_v1/raw/pair14/hug14/images/4/000056.jpg,pair14/hug14/images/4/000056.jpg,940,1280,940,False,True,0.04927027925531915,227.2388854488468,4305.897138879654,400.8001050426771,6022.952990440072,person,400.8001050426771,6022.952990440072,0.8682885906040269,False,False
Hi4D,/home/shangguanrz/project/pic-edit/datasets/Hi4D_pilot_v1/raw/pair14/talk14/images/4/000069.jpg,pair14/talk14/images/4/000069.jpg,940,1280,940,False,True,0.03455784574468085,277.87494001066375,5263.575652426862,310.17260499728496,6963.337298574201,person,310.17260499728496,6963.337298574201,0.8682885906040269,False,False
Hi4D,/home/shangguanrz/project/pic-edit/datasets/Hi4D_pilot_v1/raw/pair01/fight01/images/52/000055.jpg,pair01/fight01/images/52/000055.jpg,940,1280,940,False,True,0.06070894281914894,229.41716737248555,4008.8777634640956,279.9865761736514,8279.273666092944,person,279.9865761736514,8279.273666092944,0.868498322147651,False,False
Hi4D,/home/shangguanrz/project/pic-edit/datasets/Hi4D_pilot_v1/raw/pair14/hug14/images/4/000013.jpg,pair14/hug14/images/4/000013.jpg,940,1280,940,False,True,0.05880817819148936,303.050316810581,5702.572317569814,340.61669509004975,6238.054969749352,person,340.61669509004975,6238.054969749352,0.8687080536912752,False,False
Hi4D,/home/shangguanrz/project/pic-edit/datasets/Hi4D_pilot_v1/raw/pair14/talk14/images/4/000081.jpg,pair14/talk14/images/4/000081.jpg,940,1280,940,False,True,0.057982878989361705,272.4269602725062,5291.84881981383,273.3798754480715,8542.545870726302,person,273.3798754480715,8542.545870726302,0.8689177852348993,False,False
Hi4D,/home/shangguanrz/project/pic-edit/datasets/Hi4D_pilot_v1/raw/pair14/hug14/images/4/000060.jpg,pair14/hug14/images/4/000060.jpg,940,1280,940,False,True,0.04942902260638298,228.96367020925928,4364.722375748005,394.46945946062334,6050.466622084104,person,394.46945946062334,6050.466622084104,0.8699664429530201,False,False
Hi4D,/home/shangguanrz/project/pic-edit/datasets/Hi4D_pilot_v1/raw/pair14/hug14/images/4/000071.jpg,pair14/hug14/images/4/000071.jpg,940,1280,940,False,True,0.04950216090425532,236.7097871073397,4681.200860206117,370.62261475201393,6125.396337291206,person,370.62261475201393,6125.396337291206,0.8699664429530201,False,False
Hi4D,/home/shangguanrz/project/pic-edit/datasets/Hi4D_pilot_v1/raw/pair14/dance14/images/16/000148.jpg,pair14/dance14/images/16/000148.jpg,940,1280,940,False,True,0.11551529255319148,285.97834095578753,4826.582685754654,312.2626177293921,6996.714710859544,person,312.2626177293921,6996.714710859544,0.8703859060402684,False,False
Hi4D,/home/shangguanrz/project/pic-edit/datasets/Hi4D_pilot_v1/raw/pair28/basketball28/images/4/000038.jpg,pair28/basketball28/images/4/000038.jpg,940,1280,940,False,True,0.06485123005319149,224.0330662444578,4071.964116522606,334.29177990874155,6381.691925597125,person,334.29177990874155,6381.691925597125,0.8705956375838926,False,False
Hi4D,/home/shangguanrz/project/pic-edit/datasets/Hi4D_pilot_v1/raw/pair16/jump16/images/4/000075.jpg,pair16/jump16/images/4/000075.jpg,940,1280,940,False,True,0.04624501329787234,281.26368055045737,5081.918405086436,264.4401838175338,9080.801302931595,person,264.4401838175338,9080.801302931595,0.8710151006711409,False,False
Hi4D,/home/shangguanrz/project/pic-edit/datasets/Hi4D_pilot_v1/raw/pair16/jump16/images/4/000072.jpg,pair16/jump16/images/4/000072.jpg,940,1280,940,False,True,0.046881648936170216,288.308425257356,5296.22021484375,262.5405495658799,9229.516269109512,person,262.5405495658799,9229.516269109512,0.871015100671141,False,False
Hi4D,/home/shangguanrz/project/pic-edit/datasets/Hi4D_pilot_v1/raw/pair14/hug14/images/4/000083.jpg,pair14/hug14/images/4/000083.jpg,940,1280,940,False,True,0.06075132978723404,307.3513610894025,5753.962672456782,368.9508418791258,6151.227979274611,person,368.9508418791258,6151.227979274611,0.8712248322147651,False,False
Hi4D,/home/shangguanrz/project/pic-edit/datasets/Hi4D_pilot_v1/raw/pair14/talk14/images/4/000106.jpg,pair14/talk14/images/4/000106.jpg,940,1280,940,False,True,0.05872589760638298,254.15448502964864,4834.440793301197,325.32496821080673,6644.988108736735,person,325.32496821080673,6644.988108736735,0.8714345637583893,False,False
Hi4D,/home/shangguanrz/project/pic-edit/datasets/Hi4D_pilot_v1/raw/pair00/yoga00/images/4/000100.jpg,pair00/yoga00/images/4/000100.jpg,940,1280,940,False,True,0.053080119680851065,523.8445009461838,5469.995179521276,337.4754213663413,6378.903398431493,person,337.4754213663413,6378.903398431493,0.8718540268456376,False,False
Hi4D,/home/shangguanrz/project/pic-edit/datasets/Hi4D_pilot_v1/raw/pair14/hug14/images/4/000051.jpg,pair14/hug14/images/4/000051.jpg,940,1280,940,False,True,0.04991938164893617,228.95302386019978,4414.632594331782,409.9338285895626,6036.915480776791,person,409.9338285895626,6036.915480776791,0.8718540268456376,False,False
Hi4D,/home/shangguanrz/project/pic-edit/datasets/Hi4D_pilot_v1/raw/pair00/yoga00/images/4/000112.jpg,pair00/yoga00/images/4/000112.jpg,940,1280,940,False,True,0.05292054521276596,537.8081981711607,5604.842160488697,332.71766042940885,6481.509698441487,person,332.71766042940885,6481.509698441487,0.8726929530201342,False,False
Hi4D,/home/shangguanrz/project/pic-edit/datasets/Hi4D_pilot_v1/raw/pair16/jump16/images/4/000073.jpg,pair16/jump16/images/4/000073.jpg,940,1280,940,False,True,0.04651845079787234,288.14597519828806,5220.393523520612,265.54286860636006,9304.197216818793,person,265.54286860636006,9304.197216818793,0.8731124161073825,False,False
Hi4D,/home/shangguanrz/project/pic-edit/datasets/Hi4D_pilot_v1/raw/pair12/highfive12/images/4/000055.jpg,pair12/highfive12/images/4/000055.jpg,940,1280,940,False,True,0.0492436835106383,245.64645047951947,5228.119836685505,292.73468254058434,8348.661141895904,person,292.73468254058434,8348.661141895904,0.8752097315436242,False,False
Hi4D,/home/shangguanrz/project/pic-edit/datasets/Hi4D_pilot_v1/raw/pair09/bend09/images/88/000071.jpg,pair09/bend09/images/88/000071.jpg,940,1280,940,False,True,0.047144281914893615,333.82261270621933,4520.891518450798,317.5912282678835,7154.726134351069,person,317.5912282678835,7154.726134351069,0.8760486577181208,False,False
Hi4D,/home/shangguanrz/project/pic-edit/datasets/Hi4D_pilot_v1/raw/pair09/hug09/images/28/000028.jpg,pair09/hug09/images/28/000028.jpg,940,1280,940,False,True,0.0454155585106383,278.88027443716896,4234.226458610372,326.603144876847,6779.3760067197,person,326.603144876847,6779.3760067197,0.8766778523489933,False,False
Hi4D,/home/shangguanrz/project/pic-edit/datasets/Hi4D_pilot_v1/raw/pair14/dance14/images/16/000132.jpg,pair14/dance14/images/16/000132.jpg,940,1280,940,False,True,0.05421708776595745,282.1178816984875,4682.74793259641,327.50307024747013,6735.278026223723,person,327.50307024747013,6735.278026223723,0.8766778523489933,False,False
Hi4D,/home/shangguanrz/project/pic-edit/datasets/Hi4D_pilot_v1/raw/pair14/hug14/images/4/000088.jpg,pair14/hug14/images/4/000088.jpg,940,1280,940,False,True,0.06221658909574468,317.17321779434906,5986.433282081117,352.20277480274314,6304.774757867221,person,352.20277480274314,6304.774757867221,0.8766778523489933,False,False
Hi4D,/home/shangguanrz/project/pic-edit/datasets/Hi4D_pilot_v1/raw/pair09/bend09/images/88/000028.jpg,pair09/bend09/images/88/000028.jpg,940,1280,940,False,True,0.0454155585106383,344.50556421765594,4553.58356881649,321.78659871556,7037.194278373438,person,321.78659871556,7037.194278373438,0.87751677852349,False,False
Hi4D,/home/shangguanrz/project/pic-edit/datasets/Hi4D_pilot_v1/raw/pair14/hug14/images/4/000055.jpg,pair14/hug14/images/4/000055.jpg,940,1280,940,False,True,0.04923703457446808,227.5131031664694,4340.954143118351,398.8060192479056,6104.983985835137,person,398.8060192479056,6104.983985835137,0.8779362416107382,False,False
Hi4D,/home/shangguanrz/project/pic-edit/datasets/Hi4D_pilot_v1/raw/pair14/dance14/images/16/000162.jpg,pair14/dance14/images/16/000162.jpg,940,1280,940,False,True,0.054959275265957445,285.8132613744602,4778.507760555186,344.0304803461635,6428.559696824755,person,344.0304803461635,6428.559696824755,0.8785654362416107,False,False
Hi4D,/home/shangguanrz/project/pic-edit/datasets/Hi4D_pilot_v1/raw/pair01/fight01/images/52/000054.jpg,pair01/fight01/images/52/000054.jpg,940,1280,940,False,True,0.061156083776595746,233.68951369044248,3985.9915953291224,304.14667748397585,8096.122753792299,person,304.14667748397585,8096.122753792299,0.878984899328859,False,False
Hi4D,/home/shangguanrz/project/pic-edit/datasets/Hi4D_pilot_v1/raw/pair14/dance14/images/16/000185.jpg,pair14/dance14/images/16/000185.jpg,940,1280,940,False,True,0.046875,285.3106918636088,4766.014679604388,364.5250040714286,6266.041747843028,person,364.5250040714286,6266.041747843028,0.8791946308724832,False,False
Hi4D,/home/shangguanrz/project/pic-edit/datasets/Hi4D_pilot_v1/raw/pair16/jump16/images/4/000099.jpg,pair16/jump16/images/4/000099.jpg,940,1280,940,False,True,0.05752825797872341,253.0134689696454,4564.058084690824,284.45097075565354,9057.343049272527,person,284.45097075565354,9057.343049272527,0.8791946308724832,False,False
Hi4D,/home/shangguanrz/project/pic-edit/datasets/Hi4D_pilot_v1/raw/pair14/dance14/images/16/000122.jpg,pair14/dance14/images/16/000122.jpg,940,1280,940,False,True,0.057893949468085106,285.70508967893807,4761.172010056516,346.74787568941326,6425.376810337351,person,346.74787568941326,6425.376810337351,0.8794043624161074,False,False
Hi4D,/home/shangguanrz/project/pic-edit/datasets/Hi4D_pilot_v1/raw/pair00/yoga00/images/4/000103.jpg,pair00/yoga00/images/4/000103.jpg,940,1280,940,False,True,0.05275681515957447,519.0066681856914,5470.971721243351,338.9037773830927,6557.97804765565,person,338.9037773830927,6557.97804765565,0.8798238255033557,False,False
Hi4D,/home/shangguanrz/project/pic-edit/datasets/Hi4D_pilot_v1/raw/pair28/basketball28/images/4/000058.jpg,pair28/basketball28/images/4/000058.jpg,940,1280,940,False,True,0.057249833776595746,245.80738148334714,4404.797612616357,311.743071410834,7705.669212133979,person,311.743071410834,7705.669212133979,0.8808724832214765,False,False
Hi4D,/home/shangguanrz/project/pic-edit/datasets/Hi4D_pilot_v1/raw/pair14/hug14/images/4/000095.jpg,pair14/hug14/images/4/000095.jpg,940,1280,940,False,True,0.055441323138297874,290.4086527912635,5529.012238198138,352.14794781194723,6461.160140156328,person,352.14794781194723,6461.160140156328,0.8825503355704698,False,False
Hi4D,/home/shangguanrz/project/pic-edit/datasets/Hi4D_pilot_v1/raw/pair14/hug14/images/4/000090.jpg,pair14/hug14/images/4/000090.jpg,940,1280,940,False,True,0.060774601063829786,329.34076631225685,6229.268720910904,344.8563186166668,6532.1555639278,person,344.8563186166668,6532.1555639278,0.8827600671140939,False,False
Hi4D,/home/shangguanrz/project/pic-edit/datasets/Hi4D_pilot_v1/raw/pair14/hug14/images/4/000064.jpg,pair14/hug14/images/4/000064.jpg,940,1280,940,False,True,0.04982629654255319,235.0904287447645,4574.743299119016,396.28633016175905,6160.546349403194,person,396.28633016175905,6160.546349403194,0.8829697986577181,False,False
Hi4D,/home/shangguanrz/project/pic-edit/datasets/Hi4D_pilot_v1/raw/pair28/basketball28/images/4/000035.jpg,pair28/basketball28/images/4/000035.jpg,940,1280,940,False,True,0.0664735704787234,223.8376150312279,4071.290288397606,355.3583581279852,6429.260479489608,person,355.3583581279852,6429.260479489608,0.8831795302013423,False,False
Hi4D,/home/shangguanrz/project/pic-edit/datasets/Hi4D_pilot_v1/raw/pair12/highfive12/images/4/000057.jpg,pair12/highfive12/images/4/000057.jpg,940,1280,940,False,True,0.05008228058510638,243.8163147322081,5197.105936253324,304.49675671152755,8502.595850093201,person,304.49675671152755,8502.595850093201,0.8840184563758389,False,False
Hi4D,/home/shangguanrz/project/pic-edit/datasets/Hi4D_pilot_v1/raw/pair14/hug14/images/4/000078.jpg,pair14/hug14/images/4/000078.jpg,940,1280,940,False,True,0.05452958776595745,249.36466633844503,4873.34484084109,376.7001832988904,6245.749140122626,person,376.7001832988904,6245.749140122626,0.8846476510067114,False,False
Hi4D,/home/shangguanrz/project/pic-edit/datasets/Hi4D_pilot_v1/raw/pair14/hug14/images/4/000067.jpg,pair14/hug14/images/4/000067.jpg,940,1280,940,False,True,0.0493251329787234,241.39222768247268,4745.871633976064,381.41794340769655,6239.378092702787,person,381.41794340769655,6239.378092702787,0.8848573825503356,False,False
Hi4D,/home/shangguanrz/project/pic-edit/datasets/Hi4D_pilot_v1/raw/pair14/hug14/images/4/000068.jpg,pair14/hug14/images/4/000068.jpg,940,1280,940,False,True,0.04906416223404255,237.07740607624308,4726.057191240026,389.04620139610864,6234.916361319101,person,389.04620139610864,6234.916361319101,0.8863255033557047,False,False
Hi4D,/home/shangguanrz/project/pic-edit/datasets/Hi4D_pilot_v1/raw/pair14/talk14/images/4/000101.jpg,pair14/talk14/images/4/000101.jpg,940,1280,940,False,True,0.05528590425531915,272.8914481767598,5460.69384765625,339.3378073250691,6704.641349696988,person,339.3378073250691,6704.641349696988,0.8863255033557047,False,False
Hi4D,/home/shangguanrz/project/pic-edit/datasets/Hi4D_pilot_v1/raw/pair14/hug14/images/4/000091.jpg,pair14/hug14/images/4/000091.jpg,940,1280,940,False,True,0.06043716755319149,324.65535431115427,6200.894624750665,352.4132760314976,6579.833950254264,person,352.4132760314976,6579.833950254264,0.8865352348993288,False,False
Hi4D,/home/shangguanrz/project/pic-edit/datasets/Hi4D_pilot_v1/raw/pair09/bend09/images/88/000027.jpg,pair09/bend09/images/88/000027.jpg,940,1280,940,False,True,0.04534740691489362,342.5083321877172,4553.960012882314,333.0550307950512,6946.009336975416,person,333.0550307950512,6946.009336975416,0.886744966442953,False,False
Hi4D,/home/shangguanrz/project/pic-edit/datasets/Hi4D_pilot_v1/raw/pair14/dance14/images/16/000117.jpg,pair14/dance14/images/16/000117.jpg,940,1280,940,False,True,0.0516298204787234,257.89246501138496,4341.71931100399,342.40619300414994,6677.197290255342,person,342.40619300414994,6677.197290255342,0.8871644295302014,False,False
Hi4D,/home/shangguanrz/project/pic-edit/datasets/Hi4D_pilot_v1/raw/pair00/yoga00/images/4/000117.jpg,pair00/yoga00/images/4/000117.jpg,940,1280,940,False,True,0.0531640625,539.4527383077301,5512.184892370346,336.261923252368,6873.154768272347,person,336.261923252368,6873.154768272347,0.8873741610738255,False,False
Hi4D,/home/shangguanrz/project/pic-edit/datasets/Hi4D_pilot_v1/raw/pair14/talk14/images/4/000104.jpg,pair14/talk14/images/4/000104.jpg,940,1280,940,False,True,0.05743434175531915,263.888725839815,5229.317372423538,338.932851772828,6756.402790614472,person,338.932851772828,6756.402790614472,0.8877936241610739,False,False
Hi4D,/home/shangguanrz/project/pic-edit/datasets/Hi4D_pilot_v1/raw/pair14/talk14/images/4/000043.jpg,pair14/talk14/images/4/000043.jpg,940,1280,940,False,True,0.049717420212765956,259.5492914820646,5174.855125914229,296.91744672055904,9474.116382238919,person,296.91744672055904,9474.116382238919,0.8888422818791946,False,False
Hi4D,/home/shangguanrz/project/pic-edit/datasets/Hi4D_pilot_v1/raw/pair28/basketball28/images/4/000068.jpg,pair28/basketball28/images/4/000068.jpg,940,1280,940,False,True,0.08128823138297872,291.4363869286707,4788.256295711436,326.7933189529196,7521.7314420978655,person,326.7933189529196,7521.7314420978655,0.8901006711409396,False,False
Hi4D,/home/shangguanrz/project/pic-edit/datasets/Hi4D_pilot_v1/raw/pair00/hug00/images/4/000045.jpg,pair00/hug00/images/4/000045.jpg,940,1280,940,False,True,0.04897190824468085,583.2975484303837,7105.869576961436,347.66047131703397,6702.609827574456,person,347.66047131703397,6702.609827574456,0.8905201342281879,False,False
Hi4D,/home/shangguanrz/project/pic-edit/datasets/Hi4D_pilot_v1/raw/pair00/hug00/images/4/000050.jpg,pair00/hug00/images/4/000050.jpg,940,1280,940,False,True,0.048877992021276594,580.400877869685,7033.957249418218,354.68156913693116,6635.488673139159,person,354.68156913693116,6635.488673139159,0.8905201342281879,False,False
Hi4D,/home/shangguanrz/project/pic-edit/datasets/Hi4D_pilot_v1/raw/pair14/hug14/images/4/000049.jpg,pair14/hug14/images/4/000049.jpg,940,1280,940,False,True,0.049437333776595746,230.10769460618414,4411.051882480053,410.1855132293452,6207.58630278473,person,410.1855132293452,6207.58630278473,0.8905201342281879,False,False
Hi4D,/home/shangguanrz/project/pic-edit/datasets/Hi4D_pilot_v1/raw/pair00/hug00/images/4/000040.jpg,pair00/hug00/images/4/000040.jpg,940,1280,940,False,True,0.04896442819148936,582.4636322345438,7246.157403174867,344.8302768697159,6743.762990418911,person,344.8302768697159,6743.762990418911,0.8907298657718121,False,False
Hi4D,/home/shangguanrz/project/pic-edit/datasets/Hi4D_pilot_v1/raw/pair14/dance14/images/16/000183.jpg,pair14/dance14/images/16/000183.jpg,940,1280,940,False,True,0.04855053191489362,292.5951766501243,4833.140115940824,367.8161523448405,6538.908834836892,person,367.8161523448405,6538.908834836892,0.8907298657718121,False,False
Hi4D,/home/shangguanrz/project/pic-edit/datasets/Hi4D_pilot_v1/raw/pair14/dance14/images/16/000184.jpg,pair14/dance14/images/16/000184.jpg,940,1280,940,False,True,0.047759308510638296,288.90039470280493,4795.911392536569,374.25840650211177,6447.7185363579865,person,374.25840650211177,6447.7185363579865,0.8917785234899329,False,False
Hi4D,/home/shangguanrz/project/pic-edit/datasets/Hi4D_pilot_v1/raw/pair28/basketball28/images/4/000017.jpg,pair28/basketball28/images/4/000017.jpg,940,1280,940,False,True,0.07186751994680851,292.00762512296393,4875.09235787899,363.6999954605861,6608.250117125277,person,363.6999954605861,6608.250117125277,0.8917785234899329,False,False
Hi4D,/home/shangguanrz/project/pic-edit/datasets/Hi4D_pilot_v1/raw/pair16/hug16/images/4/000109.jpg,pair16/hug16/images/4/000109.jpg,940,1280,940,False,True,0.05995927526595745,266.2175493401982,4989.839272357048,297.66335089332284,10012.77618114522,person,297.66335089332284,10012.77618114522,0.8926174496644295,False,False
Hi4D,/home/shangguanrz/project/pic-edit/datasets/Hi4D_pilot_v1/raw/pair00/yoga00/images/4/000108.jpg,pair00/yoga00/images/4/000108.jpg,940,1280,940,False,True,0.05286070478723404,526.9691276299624,5623.602113115026,349.09601110232484,6781.4807604004045,person,349.09601110232484,6781.4807604004045,0.8934563758389262,False,False
Hi4D,/home/shangguanrz/project/pic-edit/datasets/Hi4D_pilot_v1/raw/pair14/dance14/images/16/000179.jpg,pair14/dance14/images/16/000179.jpg,940,1280,940,False,True,0.051719581117021275,298.56916911993807,4952.073273354388,368.6273820745012,6609.548635218842,person,368.6273820745012,6609.548635218842,0.8940855704697986,False,False
Hi4D,/home/shangguanrz/project/pic-edit/datasets/Hi4D_pilot_v1/raw/pair14/talk14/images/4/000044.jpg,pair14/talk14/images/4/000044.jpg,940,1280,940,False,True,0.04961269946808511,262.34862455362753,5154.754571143617,302.96983935015163,9809.529317526434,person,302.96983935015163,9809.529317526434,0.8940855704697986,False,False
Hi4D,/home/shangguanrz/project/pic-edit/datasets/Hi4D_pilot_v1/raw/pair14/talk14/images/4/000109.jpg,pair14/talk14/images/4/000109.jpg,940,1280,940,False,True,0.05915226063829787,241.85309871260856,4760.004259474734,333.6460868208883,7256.971268354723,person,333.6460868208883,7256.971268354723,0.8940855704697986,False,False
Hi4D,/home/shangguanrz/project/pic-edit/datasets/Hi4D_pilot_v1/raw/pair09/hug09/images/28/000026.jpg,pair09/hug09/images/28/000026.jpg,940,1280,940,False,True,0.04526595744680851,281.88029323481175,4288.085428440824,344.3673229995522,6975.825984135587,person,344.3673229995522,6975.825984135587,0.8953439597315436,False,False
Hi4D,/home/shangguanrz/project/pic-edit/datasets/Hi4D_pilot_v1/raw/pair14/talk14/images/4/000020.jpg,pair14/talk14/images/4/000020.jpg,940,1280,940,False,True,0.052376163563829785,282.68933094047,5186.651637300532,345.0408558277145,6983.967044216227,person,345.0408558277145,6983.967044216227,0.8961828859060403,False,False
Hi4D,/home/shangguanrz/project/pic-edit/datasets/Hi4D_pilot_v1/raw/pair14/hug14/images/4/000011.jpg,pair14/hug14/images/4/000011.jpg,940,1280,940,False,True,0.05573803191489362,301.7239678774607,5660.37049119016,357.693620202381,6805.573959223085,person,357.693620202381,6805.573959223085,0.8966023489932886,False,False
Hi4D,/home/shangguanrz/project/pic-edit/datasets/Hi4D_pilot_v1/raw/pair12/highfive12/images/4/000053.jpg,pair12/highfive12/images/4/000053.jpg,940,1280,940,False,True,0.04931266622340426,252.41791176957847,5378.440107629654,313.2764405685373,9225.99485365069,person,313.2764405685373,9225.99485365069,0.8972315436241611,False,False
Hi4D,/home/shangguanrz/project/pic-edit/datasets/Hi4D_pilot_v1/raw/pair14/hug14/images/4/000053.jpg,pair14/hug14/images/4/000053.jpg,940,1280,940,False,True,0.04939660904255319,229.13172987156074,4353.133435837766,425.3948133807064,6266.76960726268,person,425.3948133807064,6266.76960726268,0.8982802013422819,False,False
Hi4D,/home/shangguanrz/project/pic-edit/datasets/Hi4D_pilot_v1/raw/pair14/talk14/images/4/000111.jpg,pair14/talk14/images/4/000111.jpg,940,1280,940,False,True,0.059465591755319146,238.6891225483851,4695.120948304521,340.17813184139726,7189.55866814105,person,340.17813184139726,7189.55866814105,0.8984899328859061,False,False
Hi4D,/home/shangguanrz/project/pic-edit/datasets/Hi4D_pilot_v1/raw/pair14/dance14/images/16/000159.jpg,pair14/dance14/images/16/000159.jpg,940,1280,940,False,True,0.05293550531914894,287.4018343703786,4813.093542220745,343.1805153953429,7201.249542015134,person,343.1805153953429,7201.249542015134,0.9003775167785235,False,False
Hi4D,/home/shangguanrz/project/pic-edit/datasets/Hi4D_pilot_v1/raw/pair14/talk14/images/4/000054.jpg,pair14/talk14/images/4/000054.jpg,940,1280,940,False,True,0.036368018617021276,257.7329855303842,5063.207872755984,340.406600563133,7318.784799804289,person,340.406600563133,7318.784799804289,0.9003775167785235,False,False
Hi4D,/home/shangguanrz/project/pic-edit/datasets/Hi4D_pilot_v1/raw/pair16/hug16/images/4/000111.jpg,pair16/hug16/images/4/000111.jpg,940,1280,940,False,True,0.06006316489361702,264.1031091494925,4976.638152426862,306.6174089136258,10182.923800616198,person,306.6174089136258,10182.923800616198,0.901006711409396,False,False
Hi4D,/home/shangguanrz/project/pic-edit/datasets/Hi4D_pilot_v1/raw/pair09/hug09/images/28/000029.jpg,pair09/hug09/images/28/000029.jpg,940,1280,940,False,True,0.045449634308510636,279.2285594990913,4237.9306640625,340.8169289397508,7355.230372847765,person,340.8169289397508,7355.230372847765,0.9016359060402684,False,False
Hi4D,/home/shangguanrz/project/pic-edit/datasets/Hi4D_pilot_v1/raw/pair14/hug14/images/4/000003.jpg,pair14/hug14/images/4/000003.jpg,940,1280,940,False,True,0.05570561835106383,308.59366415970567,5779.317663314495,367.5637155413789,6897.960410171656,person,367.5637155413789,6897.960410171656,0.9016359060402686,False,False
Hi4D,/home/shangguanrz/project/pic-edit/datasets/Hi4D_pilot_v1/raw/pair14/talk14/images/4/000045.jpg,pair14/talk14/images/4/000045.jpg,940,1280,940,False,True,0.04964012632978723,261.81948340297987,5135.825527759309,315.0473774854154,9834.680167430735,person,315.0473774854154,9834.680167430735,0.9018456375838926,False,False
Hi4D,/home/shangguanrz/project/pic-edit/datasets/Hi4D_pilot_v1/raw/pair14/dance14/images/16/000182.jpg,pair14/dance14/images/16/000182.jpg,940,1280,940,False,True,0.04921126994680851,295.36113290710654,4870.434341755319,380.51310120747917,6728.608120233289,person,380.51310120747917,6728.608120233289,0.90373322147651,False,False
Hi4D,/home/shangguanrz/project/pic-edit/datasets/Hi4D_pilot_v1/raw/pair14/hug14/images/4/000098.jpg,pair14/hug14/images/4/000098.jpg,940,1280,940,False,True,0.0599468085106383,306.1153544178372,5712.861276180186,359.7344296146497,7087.55841129744,person,359.7344296146497,7087.55841129744,0.9043624161073825,False,False
Hi4D,/home/shangguanrz/project/pic-edit/datasets/Hi4D_pilot_v1/raw/pair14/talk14/images/4/000074.jpg,pair14/talk14/images/4/000074.jpg,940,1280,940,False,True,0.04998753324468085,269.64881325823086,5271.388142037899,313.6154605433711,10141.283706613745,person,313.6154605433711,10141.283706613745,0.9045721476510067,False,False
Hi4D,/home/shangguanrz/project/pic-edit/datasets/Hi4D_pilot_v1/raw/pair14/hug14/images/4/000076.jpg,pair14/hug14/images/4/000076.jpg,940,1280,940,False,True,0.05219498005319149,239.71353092599423,4775.17431640625,405.6821851808987,6581.492540810747,person,405.6821851808987,6581.492540810747,0.9047818791946308,False,False
Hi4D,/home/shangguanrz/project/pic-edit/datasets/Hi4D_pilot_v1/raw/pair14/hug14/images/4/000002.jpg,pair14/hug14/images/4/000002.jpg,940,1280,940,False,True,0.05584358377659574,310.98832539054484,5769.816354305186,371.88095364034757,6936.544395489508,person,371.88095364034757,6936.544395489508,0.904991610738255,False,False
Hi4D,/home/shangguanrz/project/pic-edit/datasets/Hi4D_pilot_v1/raw/pair14/hug14/images/4/000097.jpg,pair14/hug14/images/4/000097.jpg,940,1280,940,False,True,0.05804188829787234,300.20980859760675,5646.022419381649,358.73388574321865,7170.325146881728,person,358.73388574321865,7170.325146881728,0.9052013422818792,False,False
Hi4D,/home/shangguanrz/project/pic-edit/datasets/Hi4D_pilot_v1/raw/pair14/dance14/images/16/000152.jpg,pair14/dance14/images/16/000152.jpg,940,1280,940,False,True,0.06598238031914894,311.0858931870631,5250.804105718085,353.81385074148386,7344.724245985116,person,353.81385074148386,7344.724245985116,0.9058305369127517,False,False
Hi4D,/home/shangguanrz/project/pic-edit/datasets/Hi4D_pilot_v1/raw/pair14/hug14/images/4/000010.jpg,pair14/hug14/images/4/000010.jpg,940,1280,940,False,True,0.054723238031914895,304.685866725774,5688.724110704788,371.5210089529344,7004.27235525917,person,371.5210089529344,7004.27235525917,0.9066694630872483,False,False
Hi4D,/home/shangguanrz/project/pic-edit/datasets/Hi4D_pilot_v1/raw/pair14/hug14/images/4/000075.jpg,pair14/hug14/images/4/000075.jpg,940,1280,940,False,True,0.05112367021276596,239.84848242423388,4738.293072639628,402.7802851452429,6628.535056081804,person,402.7802851452429,6628.535056081804,0.9070889261744967,False,False
Hi4D,/home/shangguanrz/project/pic-edit/datasets/Hi4D_pilot_v1/raw/pair09/hug09/images/28/000062.jpg,pair09/hug09/images/28/000062.jpg,940,1280,940,False,True,0.044999168882978724,280.5843160481623,4254.990670711436,366.1214379956447,7180.5993199808745,person,366.1214379956447,7180.5993199808745,0.9077181208053691,False,False
Hi4D,/home/shangguanrz/project/pic-edit/datasets/Hi4D_pilot_v1/raw/pair14/hug14/images/4/000004.jpg,pair14/hug14/images/4/000004.jpg,940,1280,940,False,True,0.05556765292553192,311.1448968092258,5793.864974650931,376.9713830067646,6955.4940221069255,person,376.9713830067646,6955.4940221069255,0.9081375838926173,False,False
Hi4D,/home/shangguanrz/project/pic-edit/datasets/Hi4D_pilot_v1/raw/pair14/dance14/images/16/000180.jpg,pair14/dance14/images/16/000180.jpg,940,1280,940,False,True,0.05090176196808511,301.2833640701417,4939.884869514628,389.6353859628858,6813.608222404625,person,389.6353859628858,6813.608222404625,0.9085570469798658,False,False
Hi4D,/home/shangguanrz/project/pic-edit/datasets/Hi4D_pilot_v1/raw/pair14/dance14/images/16/000143.jpg,pair14/dance14/images/16/000143.jpg,940,1280,940,False,True,0.10575382313829787,289.1420949543694,4898.822577293883,358.12322724768376,7436.6196743252285,person,358.12322724768376,7436.6196743252285,0.90876677852349,False,False
Hi4D,/home/shangguanrz/project/pic-edit/datasets/Hi4D_pilot_v1/raw/pair14/hug14/images/4/000001.jpg,pair14/hug14/images/4/000001.jpg,940,1280,940,False,True,0.05582529920212766,310.0559828526405,5789.215425531915,372.4240725736034,7079.733906852566,person,372.4240725736034,7079.733906852566,0.9096057046979866,False,False
Hi4D,/home/shangguanrz/project/pic-edit/datasets/Hi4D_pilot_v1/raw/pair14/hug14/images/4/000008.jpg,pair14/hug14/images/4/000008.jpg,940,1280,940,False,True,0.054661735372340425,306.1033412864868,5703.540683178191,374.2193398604392,7042.574743349998,person,374.2193398604392,7042.574743349998,0.9096057046979866,False,False
Hi4D,/home/shangguanrz/project/pic-edit/datasets/Hi4D_pilot_v1/raw/pair09/bend09/images/88/000077.jpg,pair09/bend09/images/88/000077.jpg,940,1280,940,False,True,0.05754404920212766,351.2582213098293,4721.666898686835,365.9879501227716,7348.768537599106,person,365.9879501227716,7348.768537599106,0.9100251677852349,False,False
Hi4D,/home/shangguanrz/project/pic-edit/datasets/Hi4D_pilot_v1/raw/pair28/fight28/images/4/000078.jpg,pair28/fight28/images/4/000078.jpg,940,1280,940,False,True,0.04813164893617021,262.6520421316096,4800.952044547872,354.96795764651944,7665.230917119769,person,354.96795764651944,7665.230917119769,0.9102348993288591,False,False
Hi4D,/home/shangguanrz/project/pic-edit/datasets/Hi4D_pilot_v1/raw/pair12/highfive12/images/4/000058.jpg,pair12/highfive12/images/4/000058.jpg,940,1280,940,False,True,0.05027177526595745,248.42611579041838,5299.64460397274,332.2862613609429,8900.140409200909,person,332.2862613609429,8900.140409200909,0.9104446308724832,False,False
Hi4D,/home/shangguanrz/project/pic-edit/datasets/Hi4D_pilot_v1/raw/pair14/talk14/images/4/000118.jpg,pair14/talk14/images/4/000118.jpg,940,1280,940,False,True,0.06341505984042553,247.9701628458074,4752.91259765625,388.4104378003705,6955.215663482146,person,388.4104378003705,6955.215663482146,0.9104446308724832,False,False
Hi4D,/home/shangguanrz/project/pic-edit/datasets/Hi4D_pilot_v1/raw/pair14/dance14/images/16/000181.jpg,pair14/dance14/images/16/000181.jpg,940,1280,940,False,True,0.05004820478723404,297.51916472811456,4896.102331283245,391.83461968908045,6885.6233550812785,person,391.83461968908045,6885.6233550812785,0.9108640939597316,False,False
Hi4D,/home/shangguanrz/project/pic-edit/datasets/Hi4D_pilot_v1/raw/pair14/hug14/images/4/000007.jpg,pair14/hug14/images/4/000007.jpg,940,1280,940,False,True,0.05491190159574468,309.9253839428687,5745.036527593085,380.8832721202649,7034.403037741638,person,380.8832721202649,7034.403037741638,0.9110738255033557,False,False
Hi4D,/home/shangguanrz/project/pic-edit/datasets/Hi4D_pilot_v1/raw/pair14/hug14/images/4/000009.jpg,pair14/hug14/images/4/000009.jpg,940,1280,940,False,True,0.05445063164893617,303.26700117049467,5684.313819398271,374.65126897145933,7067.60029075328,person,374.65126897145933,7067.60029075328,0.9110738255033557,False,False
Hi4D,/home/shangguanrz/project/pic-edit/datasets/Hi4D_pilot_v1/raw/pair14/talk14/images/4/000047.jpg,pair14/talk14/images/4/000047.jpg,940,1280,940,False,True,0.049202958776595744,266.5394546875536,5229.139492603059,323.4044247971845,10100.152214245381,person,323.4044247971845,10100.152214245381,0.9112835570469798,False,False
Hi4D,/home/shangguanrz/project/pic-edit/datasets/Hi4D_pilot_v1/raw/pair14/hug14/images/4/000006.jpg,pair14/hug14/images/4/000006.jpg,940,1280,940,False,True,0.05516040558510638,309.29574494749886,5751.685702709441,381.6503733948768,7027.735688509022,person,381.6503733948768,7027.735688509022,0.911493288590604,False,False
Hi4D,/home/shangguanrz/project/pic-edit/datasets/Hi4D_pilot_v1/raw/pair14/talk14/images/4/000027.jpg,pair14/talk14/images/4/000027.jpg,940,1280,940,False,True,0.05080036569148936,286.2332293815665,5249.276938580452,371.66858377277765,7235.122838166634,person,371.66858377277765,7235.122838166634,0.9117030201342282,False,False
Hi4D,/home/shangguanrz/project/pic-edit/datasets/Hi4D_pilot_v1/raw/pair09/hug09/images/28/000030.jpg,pair09/hug09/images/28/000030.jpg,940,1280,940,False,True,0.045577626329787235,281.90325787810514,4262.237138464096,355.0838234182103,7808.366516172008,person,355.0838234182103,7808.366516172008,0.9125419463087248,False,False
Hi4D,/home/shangguanrz/project/pic-edit/datasets/Hi4D_pilot_v1/raw/pair09/bend09/images/88/000030.jpg,pair09/bend09/images/88/000030.jpg,940,1280,940,False,True,0.045577626329787235,340.65449770285346,4521.402208693484,356.5920269137889,7821.6130066859105,person,356.5920269137889,7821.6130066859105,0.9131711409395973,False,False
Hi4D,/home/shangguanrz/project/pic-edit/datasets/Hi4D_pilot_v1/raw/pair14/dance14/images/16/000146.jpg,pair14/dance14/images/16/000146.jpg,940,1280,940,False,True,0.1111045545212766,285.4923639048975,4832.646941489362,364.2024486485031,7714.7121255677575,person,364.2024486485031,7714.7121255677575,0.9138003355704698,False,False
Hi4D,/home/shangguanrz/project/pic-edit/datasets/Hi4D_pilot_v1/raw/pair09/hug09/images/28/000025.jpg,pair09/hug09/images/28/000025.jpg,940,1280,940,False,True,0.04496343085106383,288.16586277567455,4434.274216672207,370.69193732860407,7521.748038534115,person,370.69193732860407,7521.748038534115,0.9142197986577181,False,False
Hi4D,/home/shangguanrz/project/pic-edit/datasets/Hi4D_pilot_v1/raw/pair14/hug14/images/4/000099.jpg,pair14/hug14/images/4/000099.jpg,940,1280,940,False,True,0.061172706117021275,312.0096487198118,5877.321756565824,371.92313888554014,7433.804690977572,person,371.92313888554014,7433.804690977572,0.9146392617449665,False,False
Hi4D,/home/shangguanrz/project/pic-edit/datasets/Hi4D_pilot_v1/raw/pair16/jump16/images/4/000046.jpg,pair16/jump16/images/4/000046.jpg,940,1280,940,False,True,0.05839511303191489,248.08173400838217,4642.937344165559,330.6142003119671,9796.560821484993,person,330.6142003119671,9796.560821484993,0.9150587248322148,False,False
Hi4D,/home/shangguanrz/project/pic-edit/datasets/Hi4D_pilot_v1/raw/pair28/basketball28/images/4/000104.jpg,pair28/basketball28/images/4/000104.jpg,940,1280,940,False,True,0.056633976063829784,244.77517105411653,4332.806484790559,382.6395766646789,7457.133497868522,person,382.6395766646789,7457.133497868522,0.9190436241610738,False,False
Hi4D,/home/shangguanrz/project/pic-edit/datasets/Hi4D_pilot_v1/raw/pair09/hug09/images/28/000061.jpg,pair09/hug09/images/28/000061.jpg,940,1280,940,False,True,0.044930186170212764,280.0881161382966,4263.191873753324,386.79457397831334,7447.673285198556,person,386.79457397831334,7447.673285198556,0.9194630872483222,False,False
Hi4D,/home/shangguanrz/project/pic-edit/datasets/Hi4D_pilot_v1/raw/pair09/bend09/images/88/000069.jpg,pair09/bend09/images/88/000069.jpg,940,1280,940,False,True,0.046772772606382976,334.1635596428376,4526.027509973404,364.9136251535982,8284.27759021682,person,364.9136251535982,8284.27759021682,0.9200922818791946,False,False
Hi4D,/home/shangguanrz/project/pic-edit/datasets/Hi4D_pilot_v1/raw/pair00/yoga00/images/4/000119.jpg,pair00/yoga00/images/4/000119.jpg,940,1280,940,False,True,0.053626163563829786,536.8529327201758,5475.395113031915,381.49267950680434,7642.385679979778,person,381.49267950680434,7642.385679979778,0.920511744966443,False,False
Hi4D,/home/shangguanrz/project/pic-edit/datasets/Hi4D_pilot_v1/raw/pair14/hug14/images/4/000100.jpg,pair14/hug14/images/4/000100.jpg,940,1280,940,False,True,0.0620453789893617,322.26471361759405,6072.216339760638,377.70118487669436,7735.561038607939,person,377.70118487669436,7735.561038607939,0.9209312080536913,False,False
Hi4D,/home/shangguanrz/project/pic-edit/datasets/Hi4D_pilot_v1/raw/pair14/talk14/images/4/000072.jpg,pair14/talk14/images/4/000072.jpg,940,1280,940,False,True,0.04938663563829787,267.3468539357563,5201.640188663564,333.66203448853696,10036.750809061488,person,333.66203448853696,10036.750809061488,0.9209312080536913,False,False
Hi4D,/home/shangguanrz/project/pic-edit/datasets/Hi4D_pilot_v1/raw/pair09/bend09/images/88/000032.jpg,pair09/bend09/images/88/000032.jpg,940,1280,940,False,True,0.0457421875,335.7671760827397,4501.54627244016,370.57123252824715,8311.485321704387,person,370.57123252824715,8311.485321704387,0.9223993288590604,False,False
Hi4D,/home/shangguanrz/project/pic-edit/datasets/Hi4D_pilot_v1/raw/pair09/hug09/images/28/000060.jpg,pair09/hug09/images/28/000060.jpg,940,1280,940,False,True,0.044879488031914896,278.9084650556012,4246.193182762633,395.2421379812504,7742.424037668591,person,395.2421379812504,7742.424037668591,0.9255453020134228,False,False
Hi4D,/home/shangguanrz/project/pic-edit/datasets/Hi4D_pilot_v1/raw/pair28/basketball28/images/4/000060.jpg,pair28/basketball28/images/4/000060.jpg,940,1280,940,False,True,0.058016954787234044,263.82768828785754,4643.559414478059,369.2110952513895,8661.032204575486,person,369.2110952513895,8661.032204575486,0.9255453020134228,False,False
Hi4D,/home/shangguanrz/project/pic-edit/datasets/Hi4D_pilot_v1/raw/pair28/fight28/images/4/000049.jpg,pair28/fight28/images/4/000049.jpg,940,1280,940,False,True,0.05513048537234042,268.40149651309275,4823.80205909242,361.4743209528593,8908.371395680299,person,361.4743209528593,8908.371395680299,0.9255453020134228,False,False
Hi4D,/home/shangguanrz/project/pic-edit/datasets/Hi4D_pilot_v1/raw/pair14/talk14/images/4/000146.jpg,pair14/talk14/images/4/000146.jpg,940,1280,940,False,True,0.1111045545212766,345.96438278025124,6834.263578374335,413.3289412900652,7370.094463289829,person,413.3289412900652,7370.094463289829,0.925964765100671,False,False
Hi4D,/home/shangguanrz/project/pic-edit/datasets/Hi4D_pilot_v1/raw/pair09/bend09/images/88/000079.jpg,pair09/bend09/images/88/000079.jpg,940,1280,940,False,True,0.0574891954787234,357.9209458077855,4833.868434175532,395.89042759359995,7761.050617969727,person,395.89042759359995,7761.050617969727,0.9259647651006712,False,False
Hi4D,/home/shangguanrz/project/pic-edit/datasets/Hi4D_pilot_v1/raw/pair14/talk14/images/4/000099.jpg,pair14/talk14/images/4/000099.jpg,940,1280,940,False,True,0.061172706117021275,274.1375097112183,5549.126309009309,351.7863714637752,9467.721691491182,person,351.7863714637752,9467.721691491182,0.9261744966442953,False,False
Hi4D,/home/shangguanrz/project/pic-edit/datasets/Hi4D_pilot_v1/raw/pair14/dance14/images/16/000153.jpg,pair14/dance14/images/16/000153.jpg,940,1280,940,False,True,0.06608045212765958,302.34036498738396,5125.134807180851,402.1058972714699,7795.838113898436,person,402.1058972714699,7795.838113898436,0.9284815436241611,False,False
Hi4D,/home/shangguanrz/project/pic-edit/datasets/Hi4D_pilot_v1/raw/pair14/talk14/images/4/000141.jpg,pair14/talk14/images/4/000141.jpg,940,1280,940,False,True,0.10389045877659575,346.09589049283494,6742.726645611702,419.42769619932267,7591.099831821565,person,419.42769619932267,7591.099831821565,0.9293204697986577,False,False
Hi4D,/home/shangguanrz/project/pic-edit/datasets/Hi4D_pilot_v1/raw/pair28/basketball28/images/4/000101.jpg,pair28/basketball28/images/4/000101.jpg,940,1280,940,False,True,0.05819065824468085,249.60530663095162,4326.50529837101,432.71807928934066,7388.392788412843,person,432.71807928934066,7388.392788412843,0.9301593959731544,False,False
Hi4D,/home/shangguanrz/project/pic-edit/datasets/Hi4D_pilot_v1/raw/pair14/talk14/images/4/000114.jpg,pair14/talk14/images/4/000114.jpg,940,1280,940,False,True,0.058260472074468085,244.37019249493312,4700.209264876995,410.0226996527202,8030.399910883369,person,410.0226996527202,8030.399910883369,0.9320469798657718,False,False
Hi4D,/home/shangguanrz/project/pic-edit/datasets/Hi4D_pilot_v1/raw/pair09/bend09/images/88/000067.jpg,pair09/bend09/images/88/000067.jpg,940,1280,940,False,True,0.04596658909574468,337.5581915411758,4534.916628573803,386.36265272009797,8721.444979508196,person,386.36265272009797,8721.444979508196,0.9324664429530201,False,False
Hi4D,/home/shangguanrz/project/pic-edit/datasets/Hi4D_pilot_v1/raw/pair14/talk14/images/4/000143.jpg,pair14/talk14/images/4/000143.jpg,940,1280,940,False,True,0.10575382313829787,351.9663459182919,6823.08319481383,421.97296192536214,7826.511432076734,person,421.97296192536214,7826.511432076734,0.9335151006711409,False,False
Hi4D,/home/shangguanrz/project/pic-edit/datasets/Hi4D_pilot_v1/raw/pair14/dance14/images/16/000154.jpg,pair14/dance14/images/16/000154.jpg,940,1280,940,False,True,0.06531998005319149,305.5948666623677,5168.277000914229,406.5995383820913,8193.94178314561,person,406.5995383820913,8193.94178314561,0.933515100671141,False,False
Hi4D,/home/shangguanrz/project/pic-edit/datasets/Hi4D_pilot_v1/raw/pair14/dance14/images/16/000158.jpg,pair14/dance14/images/16/000158.jpg,940,1280,940,False,True,0.056932347074468086,294.9182957836329,4959.164633892952,390.4076102642482,8665.58584902087,person,390.4076102642482,8665.58584902087,0.9337248322147651,False,False
Hi4D,/home/shangguanrz/project/pic-edit/datasets/Hi4D_pilot_v1/raw/pair09/hug09/images/28/000059.jpg,pair09/hug09/images/28/000059.jpg,940,1280,940,False,True,0.04480801196808511,277.88718812956216,4245.95684424867,418.9589770855628,8073.8203560846705,person,418.9589770855628,8073.8203560846705,0.9339345637583892,False,False
Hi4D,/home/shangguanrz/project/pic-edit/datasets/Hi4D_pilot_v1/raw/pair14/talk14/images/4/000049.jpg,pair14/talk14/images/4/000049.jpg,940,1280,940,False,True,0.049437333776595746,255.93629190618498,5134.351302775931,347.4629853520261,10626.566400508482,person,347.4629853520261,10626.566400508482,0.9351929530201342,False,False
Hi4D,/home/shangguanrz/project/pic-edit/datasets/Hi4D_pilot_v1/raw/pair14/talk14/images/4/000116.jpg,pair14/talk14/images/4/000116.jpg,940,1280,940,False,True,0.06061502659574468,243.67050015996517,4708.949551196809,424.63040139235414,8094.515169323441,person,424.63040139235414,8094.515169323441,0.9358221476510067,False,False
Hi4D,/home/shangguanrz/project/pic-edit/datasets/Hi4D_pilot_v1/raw/pair14/talk14/images/4/000091.jpg,pair14/talk14/images/4/000091.jpg,940,1280,940,False,True,0.06043716755319149,255.2587951773052,5175.271276595745,363.97652479881316,10175.60978309752,person,363.97652479881316,10175.60978309752,0.936241610738255,False,False
Hi4D,/home/shangguanrz/project/pic-edit/datasets/Hi4D_pilot_v1/raw/pair14/talk14/images/4/000138.jpg,pair14/talk14/images/4/000138.jpg,940,1280,940,False,True,0.10147606382978723,348.5123595224349,6804.478349401596,450.6816721557095,7714.689526462395,person,450.6816721557095,7714.689526462395,0.9370805369127517,False,False
Hi4D,/home/shangguanrz/project/pic-edit/datasets/Hi4D_pilot_v1/raw/pair09/bend09/images/88/000065.jpg,pair09/bend09/images/88/000065.jpg,940,1280,940,False,True,0.04499501329787234,336.06514773057455,4516.887861535904,399.7235968853497,8725.456140813154,person,399.7235968853497,8725.456140813154,0.9375,False,False
Hi4D,/home/shangguanrz/project/pic-edit/datasets/Hi4D_pilot_v1/raw/pair09/hug09/images/28/000032.jpg,pair09/hug09/images/28/000032.jpg,940,1280,940,False,True,0.0457421875,276.41290760879446,4226.629654255319,415.24759133673945,8470.698613784198,person,415.24759133673945,8470.698613784198,0.9379194630872483,False,False
Hi4D,/home/shangguanrz/project/pic-edit/datasets/Hi4D_pilot_v1/raw/pair00/yoga00/images/4/000122.jpg,pair00/yoga00/images/4/000122.jpg,940,1280,940,False,True,0.054764793882978724,535.6291030003723,5413.588067237367,419.2063335318003,8427.805425159888,person,419.2063335318003,8427.805425159888,0.9383389261744967,False,False
Hi4D,/home/shangguanrz/project/pic-edit/datasets/Hi4D_pilot_v1/raw/pair14/talk14/images/4/000086.jpg,pair14/talk14/images/4/000086.jpg,940,1280,940,False,True,0.06329205452127659,268.2514112125214,5417.619805518617,352.92086675713114,10901.879305250024,person,352.92086675713114,10901.879305250024,0.9385486577181208,False,False
Hi4D,/home/shangguanrz/project/pic-edit/datasets/Hi4D_pilot_v1/raw/pair14/talk14/images/4/000123.jpg,pair14/talk14/images/4/000123.jpg,940,1280,940,False,True,0.07076213430851064,257.74045499191936,5110.030283826462,436.70106795621433,8165.094045712622,person,436.70106795621433,8165.094045712622,0.9391778523489933,False,False
Hi4D,/home/shangguanrz/project/pic-edit/datasets/Hi4D_pilot_v1/raw/pair28/basketball28/images/4/000102.jpg,pair28/basketball28/images/4/000102.jpg,940,1280,940,False,True,0.04361785239361702,253.17482489026364,4355.770642869016,405.85472368695014,8788.217544794512,person,405.85472368695014,8788.217544794512,0.9391778523489933,False,False
Hi4D,/home/shangguanrz/project/pic-edit/datasets/Hi4D_pilot_v1/raw/pair00/yoga00/images/4/000128.jpg,pair00/yoga00/images/4/000128.jpg,940,1280,940,False,True,0.05597905585106383,535.9152150514602,5348.459971326462,419.05862293382074,8540.818696527429,person,419.05862293382074,8540.818696527429,0.9393875838926175,False,False
Hi4D,/home/shangguanrz/project/pic-edit/datasets/Hi4D_pilot_v1/raw/pair00/yoga00/images/4/000121.jpg,pair00/yoga00/images/4/000121.jpg,940,1280,940,False,True,0.03796708776595745,539.432111252455,5446.94231008976,518.6276779133377,7270.422850383222,person,518.6276779133377,7270.422850383222,0.9400167785234899,False,False
Hi4D,/home/shangguanrz/project/pic-edit/datasets/Hi4D_pilot_v1/raw/pair14/dance14/images/16/000155.jpg,pair14/dance14/images/16/000155.jpg,940,1280,940,False,True,0.06477726063829788,304.8458567244157,5168.852746841755,424.3069728743065,8478.913796130482,person,424.3069728743065,8478.913796130482,0.9400167785234899,False,False
Hi4D,/home/shangguanrz/project/pic-edit/datasets/Hi4D_pilot_v1/raw/pair00/yoga00/images/4/000129.jpg,pair00/yoga00/images/4/000129.jpg,940,1280,940,False,True,0.0385688164893617,533.4592106315333,5341.901336020612,515.0114549108603,7276.665537270087,person,515.0114549108603,7276.665537270087,0.94001677852349,False,False
Hi4D,/home/shangguanrz/project/pic-edit/datasets/Hi4D_pilot_v1/raw/pair14/talk14/images/4/000128.jpg,pair14/talk14/images/4/000128.jpg,940,1280,940,False,True,0.07757064494680851,291.11414026620434,5599.972178357712,422.42072075498436,8521.940816060487,person,422.42072075498436,8521.940816060487,0.9402265100671141,False,False
Hi4D,/home/shangguanrz/project/pic-edit/datasets/Hi4D_pilot_v1/raw/pair14/talk14/images/4/000136.jpg,pair14/talk14/images/4/000136.jpg,940,1280,940,False,True,0.09843999335106383,355.61913087258466,6850.289384557846,455.1059884685896,7996.914254878014,person,455.1059884685896,7996.914254878014,0.9410654362416107,False,False
Hi4D,/home/shangguanrz/project/pic-edit/datasets/Hi4D_pilot_v1/raw/pair09/bend09/images/88/000081.jpg,pair09/bend09/images/88/000081.jpg,940,1280,940,False,True,0.057312998670212764,357.79065071351937,4963.807669132314,428.09581150015384,8578.908280701755,person,428.09581150015384,8578.908280701755,0.9423238255033557,False,False
Hi4D,/home/shangguanrz/project/pic-edit/datasets/Hi4D_pilot_v1/raw/pair14/talk14/images/4/000133.jpg,pair14/talk14/images/4/000133.jpg,940,1280,940,False,True,0.09231050531914893,348.08458287276636,6729.011594082447,447.596007735825,8212.335488300247,person,447.596007735825,8212.335488300247,0.9423238255033557,False,False
Hi4D,/home/shangguanrz/project/pic-edit/datasets/Hi4D_pilot_v1/raw/pair09/hug09/images/28/000058.jpg,pair09/hug09/images/28/000058.jpg,940,1280,940,False,True,0.04470994015957447,278.8109367932869,4259.464324301862,442.5474907255076,8395.849629292577,person,442.5474907255076,8395.849629292577,0.9425335570469798,False,False
Hi4D,/home/shangguanrz/project/pic-edit/datasets/Hi4D_pilot_v1/raw/pair00/yoga00/images/4/000124.jpg,pair00/yoga00/images/4/000124.jpg,940,1280,940,False,True,0.03796958111702128,538.9934644486473,5403.412846991357,533.1758386330541,7294.912805329385,person,533.1758386330541,7294.912805329385,0.9425335570469799,False,False
Hi4D,/home/shangguanrz/project/pic-edit/datasets/Hi4D_pilot_v1/raw/pair14/talk14/images/4/000057.jpg,pair14/talk14/images/4/000057.jpg,940,1280,940,False,True,0.049394946808510636,253.8494402131866,4859.665018284574,373.2692195794195,10289.1581769437,person,373.2692195794195,10289.1581769437,0.942743288590604,False,False
Hi4D,/home/shangguanrz/project/pic-edit/datasets/Hi4D_pilot_v1/raw/pair28/basketball28/images/4/000071.jpg,pair28/basketball28/images/4/000071.jpg,940,1280,940,False,True,0.08426113696808511,296.9559135130219,4877.5478515625,611.4263283987532,7163.638930481284,person,611.4263283987532,7163.638930481284,0.9431627516778524,False,False
Hi4D,/home/shangguanrz/project/pic-edit/datasets/Hi4D_pilot_v1/raw/pair00/yoga00/images/4/000126.jpg,pair00/yoga00/images/4/000126.jpg,940,1280,940,False,True,0.05562998670212766,537.375233136431,5392.600648271276,425.36753249114264,8754.749818204811,person,425.36753249114264,8754.749818204811,0.9433724832214765,False,False
Hi4D,/home/shangguanrz/project/pic-edit/datasets/Hi4D_pilot_v1/raw/pair14/talk14/images/4/000059.jpg,pair14/talk14/images/4/000059.jpg,940,1280,940,False,True,0.049422373670212766,256.6204510343566,4921.883591672207,373.9949868231252,10305.823631350926,person,373.9949868231252,10305.823631350926,0.9433724832214765,False,False
Hi4D,/home/shangguanrz/project/pic-edit/datasets/Hi4D_pilot_v1/raw/pair28/basketball28/images/4/000096.jpg,pair28/basketball28/images/4/000096.jpg,940,1280,940,False,True,0.04977310505319149,232.06783292235812,4177.87853224734,442.2838515270344,8629.321931474831,person,442.2838515270344,8629.321931474831,0.9450503355704698,False,False
Hi4D,/home/shangguanrz/project/pic-edit/datasets/Hi4D_pilot_v1/raw/pair09/bend09/images/88/000087.jpg,pair09/bend09/images/88/000087.jpg,940,1280,940,False,True,0.056171875,363.08236068327966,4966.747953374335,434.77383026825123,8793.503037315591,person,434.77383026825123,8793.503037315591,0.9452600671140939,False,False
Hi4D,/home/shangguanrz/project/pic-edit/datasets/Hi4D_pilot_v1/raw/pair14/talk14/images/4/000067.jpg,pair14/talk14/images/4/000067.jpg,940,1280,940,False,True,0.0493251329787234,278.4011650374703,5303.31828665226,371.5194677871527,10834.052928280615,person,371.5194677871527,10834.052928280615,0.945260067114094,False,False
Hi4D,/home/shangguanrz/project/pic-edit/datasets/Hi4D_pilot_v1/raw/pair28/fight28/images/4/000052.jpg,pair28/fight28/images/4/000052.jpg,940,1280,940,False,True,0.055977393617021275,275.7007911106805,4890.325371924867,415.67288466860356,9164.624935697848,person,415.67288466860356,9164.624935697848,0.9456795302013423,False,False
Hi4D,/home/shangguanrz/project/pic-edit/datasets/Hi4D_pilot_v1/raw/pair14/talk14/images/4/000131.jpg,pair14/talk14/images/4/000131.jpg,940,1280,940,False,True,0.0866938164893617,325.643114454771,6138.910052360372,459.2293487728714,8418.907835341246,person,459.2293487728714,8418.907835341246,0.9463087248322147,False,False
Hi4D,/home/shangguanrz/project/pic-edit/datasets/Hi4D_pilot_v1/raw/pair09/bend09/images/88/000089.jpg,pair09/bend09/images/88/000089.jpg,940,1280,940,False,True,0.05601811835106383,360.0255605784839,4896.75334524601,443.40780698451044,8722.959022076264,person,443.40780698451044,8722.959022076264,0.9465184563758389,False,False
Hi4D,/home/shangguanrz/project/pic-edit/datasets/Hi4D_pilot_v1/raw/pair09/bend09/images/88/000063.jpg,pair09/bend09/images/88/000063.jpg,940,1280,940,False,True,0.044969248670212764,336.60797673547467,4524.827439328457,421.4529741318643,9180.437960460062,person,421.4529741318643,9180.437960460062,0.9469379194630873,False,False
Hi4D,/home/shangguanrz/project/pic-edit/datasets/Hi4D_pilot_v1/raw/pair09/hug09/images/28/000023.jpg,pair09/hug09/images/28/000023.jpg,940,1280,940,False,True,0.04338680186170213,296.2991176455633,4509.33484665891,429.4164678053242,8995.491181322168,person,429.4164678053242,8995.491181322168,0.9469379194630873,False,False
Hi4D,/home/shangguanrz/project/pic-edit/datasets/Hi4D_pilot_v1/raw/pair14/talk14/images/4/000052.jpg,pair14/talk14/images/4/000052.jpg,940,1280,940,False,True,0.04961768617021277,259.53320484193216,5146.501142785904,371.00859083833126,11235.519251839098,person,371.00859083833126,11235.519251839098,0.9473573825503356,False,False
Hi4D,/home/shangguanrz/project/pic-edit/datasets/Hi4D_pilot_v1/raw/pair09/hug09/images/28/000033.jpg,pair09/hug09/images/28/000033.jpg,940,1280,940,False,True,0.04582945478723404,276.1272363899089,4205.390500332447,441.847443253348,8980.07557361493,person,441.847443253348,8980.07557361493,0.9481963087248322,False,False
Hi4D,/home/shangguanrz/project/pic-edit/datasets/Hi4D_pilot_v1/raw/pair14/talk14/images/4/000126.jpg,pair14/talk14/images/4/000126.jpg,940,1280,940,False,True,0.07424950132978723,276.15515910578074,5337.068193151596,446.3311686229253,8823.428807263723,person,446.3311686229253,8823.428807263723,0.9484060402684564,False,False
Hi4D,/home/shangguanrz/project/pic-edit/datasets/Hi4D_pilot_v1/raw/pair28/basketball28/images/4/000097.jpg,pair28/basketball28/images/4/000097.jpg,940,1280,940,False,True,0.049065824468085106,225.17073088428347,4155.565585521941,438.3640227262336,9005.06320046216,person,438.3640227262336,9005.06320046216,0.9484060402684564,False,False
Hi4D,/home/shangguanrz/project/pic-edit/datasets/Hi4D_pilot_v1/raw/pair28/fight28/images/4/000063.jpg,pair28/fight28/images/4/000063.jpg,940,1280,940,False,True,0.057763464095744683,288.963014652633,5160.555456283245,427.2141865564412,9421.284986622763,person,427.2141865564412,9421.284986622763,0.9494546979865772,False,False
Hi4D,/home/shangguanrz/project/pic-edit/datasets/Hi4D_pilot_v1/raw/pair09/bend09/images/88/000085.jpg,pair09/bend09/images/88/000085.jpg,940,1280,940,False,True,0.05639128989361702,364.0893605064893,4994.932700299202,446.28324651343405,8987.459750709437,person,446.28324651343405,8987.459750709437,0.9498741610738255,False,False
Hi4D,/home/shangguanrz/project/pic-edit/datasets/Hi4D_pilot_v1/raw/pair09/hug09/images/28/000057.jpg,pair09/hug09/images/28/000057.jpg,940,1280,940,False,True,0.044605219414893614,277.43932310927227,4248.53282912234,452.1377600066118,8894.385693909955,person,452.1377600066118,8894.385693909955,0.9498741610738255,False,False
Hi4D,/home/shangguanrz/project/pic-edit/datasets/Hi4D_pilot_v1/raw/pair14/dance14/images/16/000156.jpg,pair14/dance14/images/16/000156.jpg,940,1280,940,False,True,0.06463098404255319,304.47360897752276,5132.337059507979,453.42513627477484,8870.039953656567,person,453.42513627477484,8870.039953656567,0.9498741610738255,False,False
Hi4D,/home/shangguanrz/project/pic-edit/datasets/Hi4D_pilot_v1/raw/pair09/bend09/images/88/000034.jpg,pair09/bend09/images/88/000034.jpg,940,1280,940,False,True,0.04591090425531915,338.6805334898237,4501.5361328125,435.49672020423225,9452.988363565248,person,435.49672020423225,9452.988363565248,0.9511325503355705,False,False
Hi4D,/home/shangguanrz/project/pic-edit/datasets/Hi4D_pilot_v1/raw/pair14/dance14/images/16/000157.jpg,pair14/dance14/images/16/000157.jpg,940,1280,940,False,True,0.06198886303191489,301.31094566280353,5077.852393617021,440.25980955285587,9439.627776195899,person,440.25980955285587,9439.627776195899,0.9515520134228188,False,False
Hi4D,/home/shangguanrz/project/pic-edit/datasets/Hi4D_pilot_v1/raw/pair14/talk14/images/4/000062.jpg,pair14/talk14/images/4/000062.jpg,940,1280,940,False,True,0.049402426861702126,267.8213737344191,5043.216287815824,391.5145504463582,10834.650758879674,person,391.5145504463582,10834.650758879674,0.9523909395973154,False,False
Hi4D,/home/shangguanrz/project/pic-edit/datasets/Hi4D_pilot_v1/raw/pair09/bend09/images/88/000083.jpg,pair09/bend09/images/88/000083.jpg,940,1280,940,False,True,0.05662150930851064,361.07446922474514,4978.672197057846,456.24202949855356,9019.03246080777,person,456.24202949855356,9019.03246080777,0.9528104026845637,False,False
Hi4D,/home/shangguanrz/project/pic-edit/datasets/Hi4D_pilot_v1/raw/pair00/yoga00/images/4/000131.jpg,pair00/yoga00/images/4/000131.jpg,940,1280,940,False,True,0.05630900930851064,535.625901632689,5393.724567819149,459.23066842960804,9076.671625795878,person,459.23066842960804,9076.671625795878,0.9538590604026846,False,False
Hi4D,/home/shangguanrz/project/pic-edit/datasets/Hi4D_pilot_v1/raw/pair09/hug09/images/28/000056.jpg,pair09/hug09/images/28/000056.jpg,940,1280,940,False,True,0.04458776595744681,276.18041235116766,4239.605821974734,463.3827090064799,9088.206948599769,person,463.3827090064799,9088.206948599769,0.9549077181208054,False,False
Hi4D,/home/shangguanrz/project/pic-edit/datasets/Hi4D_pilot_v1/raw/pair09/bend09/images/88/000061.jpg,pair09/bend09/images/88/000061.jpg,940,1280,940,False,True,0.044930186170212764,337.2643911543612,4529.036797706117,451.8107714992326,9614.983542153323,person,451.8107714992326,9614.983542153323,0.9555369127516778,False,False
Hi4D,/home/shangguanrz/project/pic-edit/datasets/Hi4D_pilot_v1/raw/pair28/basketball28/images/4/000089.jpg,pair28/basketball28/images/4/000089.jpg,940,1280,940,False,True,0.07011136968085106,253.16437261468306,4384.311751994681,626.2965364758381,8110.379881854926,person,626.2965364758381,8110.379881854926,0.9555369127516778,False,False
Hi4D,/home/shangguanrz/project/pic-edit/datasets/Hi4D_pilot_v1/raw/pair09/hug09/images/28/000034.jpg,pair09/hug09/images/28/000034.jpg,940,1280,940,False,True,0.04591090425531915,278.7672037000082,4232.099827543218,454.36850498531635,9502.266660147656,person,454.36850498531635,9502.266660147656,0.955746644295302,False,False
Hi4D,/home/shangguanrz/project/pic-edit/datasets/Hi4D_pilot_v1/raw/pair09/bend09/images/88/000036.jpg,pair09/bend09/images/88/000036.jpg,940,1280,940,False,True,0.04608543882978723,333.78527998233506,4492.725762549867,442.442772896336,9963.16424116424,person,442.442772896336,9963.16424116424,0.9561661073825504,False,False
Hi4D,/home/shangguanrz/project/pic-edit/datasets/Hi4D_pilot_v1/raw/pair09/hug09/images/28/000022.jpg,pair09/hug09/images/28/000022.jpg,940,1280,940,False,True,0.04192902260638298,292.2195563533285,4488.97919090758,454.44466821842576,9658.166445398932,person,454.44466821842576,9658.166445398932,0.9567953020134228,False,False
Hi4D,/home/shangguanrz/project/pic-edit/datasets/Hi4D_pilot_v1/raw/pair28/fight28/images/4/000067.jpg,pair28/fight28/images/4/000067.jpg,940,1280,940,False,True,0.05602061170212766,280.8994917659913,5082.940221908245,444.42895756215466,10064.632680639093,person,444.42895756215466,10064.632680639093,0.9576342281879194,False,False
Hi4D,/home/shangguanrz/project/pic-edit/datasets/Hi4D_pilot_v1/raw/pair28/fight28/images/4/000070.jpg,pair28/fight28/images/4/000070.jpg,940,1280,940,False,True,0.054380817819148934,284.19909812074917,5104.116543384309,452.0669560758189,10037.11668121318,person,452.0669560758189,10037.11668121318,0.9586828859060403,False,False
Hi4D,/home/shangguanrz/project/pic-edit/datasets/Hi4D_pilot_v1/raw/pair00/yoga00/images/4/000136.jpg,pair00/yoga00/images/4/000136.jpg,940,1280,940,False,True,0.055333277925531915,531.0207979777325,5446.963617852393,471.64805796458904,9553.873699522499,person,471.64805796458904,9553.873699522499,0.9591023489932886,False,False
Hi4D,/home/shangguanrz/project/pic-edit/datasets/Hi4D_pilot_v1/raw/pair16/hug16/images/4/000150.jpg,pair16/hug16/images/4/000150.jpg,940,1280,940,False,True,0.09041306515957447,260.776220412209,4894.612356632314,430.4664906522277,10514.121330623377,person,430.4664906522277,10514.121330623377,0.9597315436241611,False,False
Hi4D,/home/shangguanrz/project/pic-edit/datasets/Hi4D_pilot_v1/raw/pair09/bend09/images/88/000059.jpg,pair09/bend09/images/88/000059.jpg,940,1280,940,False,True,0.04480801196808511,335.29017601014806,4500.557450964096,462.09856260714855,9942.747777807437,person,462.09856260714855,9942.747777807437,0.9599412751677853,False,False
Hi4D,/home/shangguanrz/project/pic-edit/datasets/Hi4D_pilot_v1/raw/pair14/talk14/images/4/000064.jpg,pair14/talk14/images/4/000064.jpg,940,1280,940,False,True,0.04982629654255319,276.69540802066604,5195.506191821809,410.882369466715,11367.198263835064,person,410.882369466715,11367.198263835064,0.9603607382550337,False,False
Hi4D,/home/shangguanrz/project/pic-edit/datasets/Hi4D_pilot_v1/raw/pair16/hug16/images/4/000118.jpg,pair16/hug16/images/4/000118.jpg,940,1280,940,False,True,0.06366023936170213,263.32982818278424,4955.234800947474,413.1591440198741,11523.317259746147,person,413.1591440198741,11523.317259746147,0.9614093959731544,False,False
Hi4D,/home/shangguanrz/project/pic-edit/datasets/Hi4D_pilot_v1/raw/pair14/talk14/images/4/000094.jpg,pair14/talk14/images/4/000094.jpg,940,1280,940,False,True,0.056631482712765954,258.308370776606,5172.167251911569,414.8402934647875,11626.52117753079,person,414.8402934647875,11626.52117753079,0.9620385906040269,False,False
Hi4D,/home/shangguanrz/project/pic-edit/datasets/Hi4D_pilot_v1/raw/pair00/yoga00/images/4/000133.jpg,pair00/yoga00/images/4/000133.jpg,940,1280,940,False,True,0.055989860372340425,537.8580539952904,5464.572816240026,488.6662474006023,9745.809400139355,person,488.6662474006023,9745.809400139355,0.962248322147651,False,False
Hi4D,/home/shangguanrz/project/pic-edit/datasets/Hi4D_pilot_v1/raw/pair28/fight28/images/4/000054.jpg,pair28/fight28/images/4/000054.jpg,940,1280,940,False,True,0.056288231382978726,279.58492433261205,4938.482640043218,459.1052142702032,10238.277852565829,person,459.1052142702032,10238.277852565829,0.9626677852348993,False,False
Hi4D,/home/shangguanrz/project/pic-edit/datasets/Hi4D_pilot_v1/raw/pair09/bend09/images/88/000057.jpg,pair09/bend09/images/88/000057.jpg,940,1280,940,False,True,0.044605219414893614,334.895322586169,4489.986348902926,465.631211867422,10205.96044027019,person,465.631211867422,10205.96044027019,0.9641359060402684,False,False
Hi4D,/home/shangguanrz/project/pic-edit/datasets/Hi4D_pilot_v1/raw/pair16/hug16/images/4/000148.jpg,pair16/hug16/images/4/000148.jpg,940,1280,940,False,True,0.08791223404255319,262.23691901355477,4942.434663813165,441.01523418625425,10994.14356422679,person,441.01523418625425,10994.14356422679,0.9643456375838926,False,False
Hi4D,/home/shangguanrz/project/pic-edit/datasets/Hi4D_pilot_v1/raw/pair28/basketball28/images/4/000063.jpg,pair28/basketball28/images/4/000063.jpg,940,1280,940,False,True,0.057763464095744683,273.19055810971406,4695.778767037899,521.8556308585376,9588.792447005557,person,521.8556308585376,9588.792447005557,0.9643456375838926,False,False
Hi4D,/home/shangguanrz/project/pic-edit/datasets/Hi4D_pilot_v1/raw/pair28/basketball28/images/4/000093.jpg,pair28/basketball28/images/4/000093.jpg,940,1280,940,False,True,0.0491015625,250.26469855828762,4457.708350648271,541.9947004351084,9264.154809561935,person,541.9947004351084,9264.154809561935,0.9643456375838926,False,False
Hi4D,/home/shangguanrz/project/pic-edit/datasets/Hi4D_pilot_v1/raw/pair28/basketball28/images/4/000095.jpg,pair28/basketball28/images/4/000095.jpg,940,1280,940,False,True,0.0632421875,236.3358730507847,4234.458693484043,623.6012919386675,8980.504361016307,person,623.6012919386675,8980.504361016307,0.9643456375838926,False,False
Hi4D,/home/shangguanrz/project/pic-edit/datasets/Hi4D_pilot_v1/raw/pair28/fight28/images/4/000060.jpg,pair28/fight28/images/4/000060.jpg,940,1280,940,False,True,0.058016954787234044,291.7019658416522,5202.72089012633,470.93189397182266,10251.824545949166,person,470.93189397182266,10251.824545949166,0.964765100671141,False,False
Hi4D,/home/shangguanrz/project/pic-edit/datasets/Hi4D_pilot_v1/raw/pair09/hug09/images/28/000035.jpg,pair09/hug09/images/28/000035.jpg,940,1280,940,False,True,0.04599401595744681,278.7119353724961,4233.955182014628,494.0982127179623,10079.15118379302,person,494.0982127179623,10079.15118379302,0.9656040268456376,False,False
Hi4D,/home/shangguanrz/project/pic-edit/datasets/Hi4D_pilot_v1/raw/pair28/fight28/images/4/000072.jpg,pair28/fight28/images/4/000072.jpg,940,1280,940,False,True,0.05312001329787234,284.0713611116449,5125.689245345745,465.5715356494322,10363.959563328506,person,465.5715356494322,10363.959563328506,0.9656040268456376,False,False
Hi4D,/home/shangguanrz/project/pic-edit/datasets/Hi4D_pilot_v1/raw/pair09/hug09/images/28/000021.jpg,pair09/hug09/images/28/000021.jpg,940,1280,940,False,True,0.040325797872340426,284.38344686222376,4419.16838430851,473.62999600665404,10303.077264725796,person,473.62999600665404,10303.077264725796,0.9658137583892618,False,False
Hi4D,/home/shangguanrz/project/pic-edit/datasets/Hi4D_pilot_v1/raw/pair28/fight28/images/4/000075.jpg,pair28/fight28/images/4/000075.jpg,940,1280,940,False,True,0.050344913563829786,282.1916737026519,5147.061845495346,463.55170824980905,10461.93309583804,person,463.55170824980905,10461.93309583804,0.9658137583892618,False,False
Hi4D,/home/shangguanrz/project/pic-edit/datasets/Hi4D_pilot_v1/raw/pair28/fight28/images/4/000073.jpg,pair28/fight28/images/4/000073.jpg,940,1280,940,False,True,0.052152593085106384,284.53379971970793,5141.29559715758,471.2632393923062,10429.423453411944,person,471.2632393923062,10429.423453411944,0.9664429530201342,False,False
Hi4D,/home/shangguanrz/project/pic-edit/datasets/Hi4D_pilot_v1/raw/pair09/bend09/images/88/000038.jpg,pair09/bend09/images/88/000038.jpg,940,1280,940,False,True,0.04603141622340425,336.6362686739782,4482.930871841755,477.73403841179953,10338.205656654243,person,477.73403841179953,10338.205656654243,0.9668624161073825,False,False
Hi4D,/home/shangguanrz/project/pic-edit/datasets/Hi4D_pilot_v1/raw/pair28/basketball28/images/4/000100.jpg,pair28/basketball28/images/4/000100.jpg,940,1280,940,False,True,0.045861037234042556,235.4706859482581,4224.819793051862,479.43177644138194,10322.650606233734,person,479.43177644138194,10322.650606233734,0.9670721476510067,False,False
Hi4D,/home/shangguanrz/project/pic-edit/datasets/Hi4D_pilot_v1/raw/pair28/basketball28/images/4/000077.jpg,pair28/basketball28/images/4/000077.jpg,940,1280,940,False,True,0.07687084441489361,297.87954418685644,4949.56550241024,539.7670364042623,9942.84683827755,person,539.7670364042623,9942.84683827755,0.9681208053691275,False,False
Hi4D,/home/shangguanrz/project/pic-edit/datasets/Hi4D_pilot_v1/raw/pair28/basketball28/images/4/000064.jpg,pair28/basketball28/images/4/000064.jpg,940,1280,940,False,True,0.05743683510638298,282.7185979940438,4726.743735455452,551.7135257491383,9926.266642490804,person,551.7135257491383,9926.266642490804,0.9683305369127517,False,False
Hi4D,/home/shangguanrz/project/pic-edit/datasets/Hi4D_pilot_v1/raw/pair09/bend09/images/88/000055.jpg,pair09/bend09/images/88/000055.jpg,940,1280,940,False,True,0.044562001329787236,333.4948152252158,4478.074977144282,487.2702159826254,10463.18581972954,person,487.2702159826254,10463.18581972954,0.9685402684563759,False,False
Hi4D,/home/shangguanrz/project/pic-edit/datasets/Hi4D_pilot_v1/raw/pair28/basketball28/images/4/000091.jpg,pair28/basketball28/images/4/000091.jpg,940,1280,940,False,True,0.048091755319148936,256.7647717023878,4440.013516040559,603.0629413317082,9729.581238078723,person,603.0629413317082,9729.581238078723,0.9685402684563759,False,False
Hi4D,/home/shangguanrz/project/pic-edit/datasets/Hi4D_pilot_v1/raw/pair09/bend09/images/88/000054.jpg,pair09/bend09/images/88/000054.jpg,940,1280,940,False,True,0.044291057180851065,332.52697478507963,4464.869763962766,488.3950526428495,10475.621280530926,person,488.3950526428495,10475.621280530926,0.9689597315436241,False,False
Hi4D,/home/shangguanrz/project/pic-edit/datasets/Hi4D_pilot_v1/raw/pair28/fight28/images/4/000055.jpg,pair28/fight28/images/4/000055.jpg,940,1280,940,False,True,0.05633809840425532,283.3711127595915,5019.253407579788,478.11755588378765,10655.056673842842,person,478.11755588378765,10655.056673842842,0.9693791946308725,False,False
Hi4D,/home/shangguanrz/project/pic-edit/datasets/Hi4D_pilot_v1/raw/pair09/bend09/images/88/000052.jpg,pair09/bend09/images/88/000052.jpg,940,1280,940,False,True,0.0435513630319149,334.32836118633253,4452.982712765957,486.456209471552,10640.623613009018,person,486.456209471552,10640.623613009018,0.9695889261744965,False,False
Hi4D,/home/shangguanrz/project/pic-edit/datasets/Hi4D_pilot_v1/raw/pair09/hug09/images/28/000054.jpg,pair09/hug09/images/28/000054.jpg,940,1280,940,False,True,0.044291057180851065,277.13793065244124,4242.629789311835,523.5698422609997,10175.85644345319,person,523.5698422609997,10175.85644345319,0.9695889261744967,False,False
Hi4D,/home/shangguanrz/project/pic-edit/datasets/Hi4D_pilot_v1/raw/pair09/bend09/images/88/000044.jpg,pair09/bend09/images/88/000044.jpg,940,1280,940,False,True,0.04491439494680851,332.0887036576105,4446.852871509309,492.10297395720875,10546.849028400598,person,492.10297395720875,10546.849028400598,0.9697986577181208,False,False
Hi4D,/home/shangguanrz/project/pic-edit/datasets/Hi4D_pilot_v1/raw/pair09/bend09/images/88/000040.jpg,pair09/bend09/images/88/000040.jpg,940,1280,940,False,True,0.045916722074468085,335.7776936241112,4507.349027593085,499.7448910256662,10577.645439747448,person,499.7448910256662,10577.645439747448,0.9708473154362416,False,False
Hi4D,/home/shangguanrz/project/pic-edit/datasets/Hi4D_pilot_v1/raw/pair09/bend09/images/88/000046.jpg,pair09/bend09/images/88/000046.jpg,940,1280,940,False,True,0.04353889627659575,330.28948906872154,4430.017723570479,493.9471479910937,10952.137025932356,person,493.9471479910937,10952.137025932356,0.9727348993288591,False,False
Hi4D,/home/shangguanrz/project/pic-edit/datasets/Hi4D_pilot_v1/raw/pair16/hug16/images/4/000120.jpg,pair16/hug16/images/4/000120.jpg,940,1280,940,False,True,0.06441655585106383,261.09079341661237,4940.521910322474,459.6663868624276,12656.63390193098,person,459.6663868624276,12656.63390193098,0.9733640939597314,False,False
Hi4D,/home/shangguanrz/project/pic-edit/datasets/Hi4D_pilot_v1/raw/pair28/basketball28/images/4/000092.jpg,pair28/basketball28/images/4/000092.jpg,940,1280,940,False,True,0.06663065159574467,257.42797191847825,4510.407236951462,699.934460776096,9677.910420148006,person,699.934460776096,9677.910420148006,0.9733640939597316,False,False
Hi4D,/home/shangguanrz/project/pic-edit/datasets/Hi4D_pilot_v1/raw/pair09/hug09/images/28/000036.jpg,pair09/hug09/images/28/000036.jpg,940,1280,940,False,True,0.04608543882978723,276.0671763968122,4226.732743932846,520.8155891466307,10683.986938975175,person,520.8155891466307,10683.986938975175,0.9735738255033557,False,False
Hi4D,/home/shangguanrz/project/pic-edit/datasets/Hi4D_pilot_v1/raw/pair28/fight28/images/4/000057.jpg,pair28/fight28/images/4/000057.jpg,940,1280,940,False,True,0.05686918218085106,290.66507377768596,5147.679032995346,503.71378080834387,11016.092708554446,person,503.71378080834387,11016.092708554446,0.973993288590604,False,False
Hi4D,/home/shangguanrz/project/pic-edit/datasets/Hi4D_pilot_v1/raw/pair28/basketball28/images/4/000066.jpg,pair28/basketball28/images/4/000066.jpg,940,1280,940,False,True,0.05649351728723404,287.1243434695973,4790.963773686835,646.4338903289434,10070.315424427921,person,646.4338903289434,10070.315424427921,0.9744127516778524,False,False
Hi4D,/home/shangguanrz/project/pic-edit/datasets/Hi4D_pilot_v1/raw/pair09/bend09/images/88/000042.jpg,pair09/bend09/images/88/000042.jpg,940,1280,940,False,True,0.045658244680851064,333.4831839976348,4447.072629238697,527.4141898111864,10811.357736857737,person,527.4141898111864,10811.357736857737,0.9748322147651007,False,False
Hi4D,/home/shangguanrz/project/pic-edit/datasets/Hi4D_pilot_v1/raw/pair09/bend09/images/88/000048.jpg,pair09/bend09/images/88/000048.jpg,940,1280,940,False,True,0.042926363031914896,330.73515686572216,4428.109063331117,507.35012303690326,11069.149124691225,person,507.35012303690326,11069.149124691225,0.9748322147651007,False,False
Hi4D,/home/shangguanrz/project/pic-edit/datasets/Hi4D_pilot_v1/raw/pair09/bend09/images/88/000050.jpg,pair09/bend09/images/88/000050.jpg,940,1280,940,False,True,0.04347406914893617,329.81042427442486,4421.303960272607,520.6531947194194,10945.178570447868,person,520.6531947194194,10945.178570447868,0.9748322147651007,False,False
Hi4D,/home/shangguanrz/project/pic-edit/datasets/Hi4D_pilot_v1/raw/pair28/basketball28/images/4/000088.jpg,pair28/basketball28/images/4/000088.jpg,940,1280,940,False,True,0.04623836436170213,255.66694455318935,4416.403309923538,640.501303639196,10130.962592154365,person,640.501303639196,10130.962592154365,0.9748322147651007,False,False
Hi4D,/home/shangguanrz/project/pic-edit/datasets/Hi4D_pilot_v1/raw/pair09/hug09/images/28/000020.jpg,pair09/hug09/images/28/000020.jpg,940,1280,940,False,True,0.039009308510638295,279.3630110195397,4352.956865026596,506.29189899121434,11174.768178888671,person,506.29189899121434,11174.768178888671,0.9750419463087248,False,False
Hi4D,/home/shangguanrz/project/pic-edit/datasets/Hi4D_pilot_v1/raw/pair28/basketball28/images/4/000067.jpg,pair28/basketball28/images/4/000067.jpg,940,1280,940,False,True,0.05602061170212766,291.4954282164627,4783.381243766622,663.4887946173238,10092.760128242495,person,663.4887946173238,10092.760128242495,0.9754614093959731,False,False
Hi4D,/home/shangguanrz/project/pic-edit/datasets/Hi4D_pilot_v1/raw/pair09/hug09/images/28/000053.jpg,pair09/hug09/images/28/000053.jpg,940,1280,940,False,True,0.0440234375,277.99269671804933,4257.235528174867,557.2663120202781,10916.619476268412,person,557.2663120202781,10916.619476268412,0.9773489932885906,False,False
Hi4D,/home/shangguanrz/project/pic-edit/datasets/Hi4D_pilot_v1/raw/pair16/hug16/images/4/000138.jpg,pair16/hug16/images/4/000138.jpg,940,1280,940,False,True,0.0720703125,263.8431203776271,4958.975388547207,496.2367117513721,12787.633940244252,person,496.2367117513721,12787.633940244252,0.9781879194630873,False,False
Hi4D,/home/shangguanrz/project/pic-edit/datasets/Hi4D_pilot_v1/raw/pair09/hug09/images/28/000037.jpg,pair09/hug09/images/28/000037.jpg,940,1280,940,False,True,0.04607878989361702,280.71318666284145,4269.384817569814,533.9797139791981,11270.977747313276,person,533.9797139791981,11270.977747313276,0.9783976510067114,False,False
Hi4D,/home/shangguanrz/project/pic-edit/datasets/Hi4D_pilot_v1/raw/pair16/hug16/images/4/000122.jpg,pair16/hug16/images/4/000122.jpg,940,1280,940,False,True,0.06549368351063829,262.1230767359287,4935.017256067154,476.710372088503,13598.815052443651,person,476.710372088503,13598.815052443651,0.9783976510067114,False,False
Hi4D,/home/shangguanrz/project/pic-edit/datasets/Hi4D_pilot_v1/raw/pair09/hug09/images/28/000019.jpg,pair09/hug09/images/28/000019.jpg,940,1280,940,False,True,0.037706117021276596,280.04589565588697,4305.464812583112,525.646889516579,12130.637361364492,person,525.646889516579,12130.637361364492,0.9796560402684564,False,False
Hi4D,/home/shangguanrz/project/pic-edit/datasets/Hi4D_pilot_v1/raw/pair09/hug09/images/28/000052.jpg,pair09/hug09/images/28/000052.jpg,940,1280,940,False,True,0.0435513630319149,280.4202631036585,4275.94354637633,598.5424012007218,11509.764853785187,person,598.5424012007218,11509.764853785187,0.9809144295302014,False,False
Hi4D,/home/shangguanrz/project/pic-edit/datasets/Hi4D_pilot_v1/raw/pair09/hug09/images/28/000038.jpg,pair09/hug09/images/28/000038.jpg,940,1280,940,False,True,0.04603141622340425,278.82663338904257,4260.772658327793,569.3963494463352,11851.592584472217,person,569.3963494463352,11851.592584472217,0.9811241610738255,False,False
Hi4D,/home/shangguanrz/project/pic-edit/datasets/Hi4D_pilot_v1/raw/pair16/hug16/images/4/000134.jpg,pair16/hug16/images/4/000134.jpg,940,1280,940,False,True,0.06758560505319149,263.7493031596965,4958.721503075133,518.6464534646258,13249.476004592423,person,518.6464534646258,13249.476004592423,0.9815436241610738,False,False
Hi4D,/home/shangguanrz/project/pic-edit/datasets/Hi4D_pilot_v1/raw/pair16/hug16/images/4/000136.jpg,pair16/hug16/images/4/000136.jpg,940,1280,940,False,True,0.06956117021276596,263.8874913859064,4965.555580950798,519.2459203878902,13376.049474295298,person,519.2459203878902,13376.049474295298,0.9819630872483222,False,False
Hi4D,/home/shangguanrz/project/pic-edit/datasets/Hi4D_pilot_v1/raw/pair09/hug09/images/28/000018.jpg,pair09/hug09/images/28/000018.jpg,940,1280,940,False,True,0.0365483710106383,273.1282275572196,4204.665880568484,541.4040456839207,12907.309038771731,person,541.4040456839207,12907.309038771731,0.9828020134228188,False,False
Hi4D,/home/shangguanrz/project/pic-edit/datasets/Hi4D_pilot_v1/raw/pair28/basketball28/images/4/000070.jpg,pair28/basketball28/images/4/000070.jpg,940,1280,940,False,True,0.054380817819148934,295.92289239262607,4844.782849900266,705.3517720456435,10774.536384464325,person,705.3517720456435,10774.536384464325,0.983011744966443,False,False
Hi4D,/home/shangguanrz/project/pic-edit/datasets/Hi4D_pilot_v1/raw/pair09/hug09/images/28/000051.jpg,pair09/hug09/images/28/000051.jpg,940,1280,940,False,True,0.043580452127659576,280.9019062411952,4267.157881067154,613.0527668404802,11899.890942850121,person,613.0527668404802,11899.890942850121,0.9832214765100671,False,False
Hi4D,/home/shangguanrz/project/pic-edit/datasets/Hi4D_pilot_v1/raw/pair16/hug16/images/4/000132.jpg,pair16/hug16/images/4/000132.jpg,940,1280,940,False,True,0.0661045545212766,264.2403841886168,4972.452626329788,532.6860024442027,13818.47969493514,person,532.6860024442027,13818.47969493514,0.9844798657718121,False,False
Hi4D,/home/shangguanrz/project/pic-edit/datasets/Hi4D_pilot_v1/raw/pair09/hug09/images/28/000042.jpg,pair09/hug09/images/28/000042.jpg,940,1280,940,False,True,0.045658244680851064,278.4380344845634,4261.16913231383,608.790411519306,12862.8317988318,person,608.790411519306,12862.8317988318,0.9846895973154361,False,False
Hi4D,/home/shangguanrz/project/pic-edit/datasets/Hi4D_pilot_v1/raw/pair09/hug09/images/28/000040.jpg,pair09/hug09/images/28/000040.jpg,940,1280,940,False,True,0.045916722074468085,278.43592547439465,4270.08387009641,614.130070408431,12660.617274207074,person,614.130070408431,12660.617274207074,0.9848993288590604,False,False
Hi4D,/home/shangguanrz/project/pic-edit/datasets/Hi4D_pilot_v1/raw/pair09/hug09/images/28/000041.jpg,pair09/hug09/images/28/000041.jpg,940,1280,940,False,True,0.045851063829787236,277.60104469661536,4263.504841256649,611.4834529618478,12802.285672097258,person,611.4834529618478,12802.285672097258,0.9848993288590604,False,False
Hi4D,/home/shangguanrz/project/pic-edit/datasets/Hi4D_pilot_v1/raw/pair28/basketball28/images/4/000073.jpg,pair28/basketball28/images/4/000073.jpg,940,1280,940,False,True,0.052152593085106384,284.48764068260624,4839.098726313165,700.9741661764879,11114.144827780756,person,700.9741661764879,11114.144827780756,0.9851090604026846,False,False
Hi4D,/home/shangguanrz/project/pic-edit/datasets/Hi4D_pilot_v1/raw/pair09/hug09/images/28/000050.jpg,pair09/hug09/images/28/000050.jpg,940,1280,940,False,True,0.04347406914893617,281.38600030445633,4263.57921584109,637.9348343194355,12399.083889392317,person,637.9348343194355,12399.083889392317,0.9855285234899329,False,False
Hi4D,/home/shangguanrz/project/pic-edit/datasets/Hi4D_pilot_v1/raw/pair28/basketball28/images/4/000072.jpg,pair28/basketball28/images/4/000072.jpg,940,1280,940,False,True,0.05312001329787234,288.03672335049646,4869.586207613032,713.9792507318438,11018.85084103821,person,713.9792507318438,11018.85084103821,0.9855285234899329,False,False
Hi4D,/home/shangguanrz/project/pic-edit/datasets/Hi4D_pilot_v1/raw/pair09/hug09/images/28/000001.jpg,pair09/hug09/images/28/000001.jpg,940,1280,940,False,True,0.03699301861702128,318.89033936180647,4610.884734458112,577.0662280866416,13875.859557638787,person,577.0662280866416,13875.859557638787,0.9865771812080537,False,False
Hi4D,/home/shangguanrz/project/pic-edit/datasets/Hi4D_pilot_v1/raw/pair09/hug09/images/28/000043.jpg,pair09/hug09/images/28/000043.jpg,940,1280,940,False,True,0.045464594414893617,281.8087304783332,4281.352435172872,625.9994859953536,13054.972064535405,person,625.9994859953536,13054.972064535405,0.9867869127516778,False,False
Hi4D,/home/shangguanrz/project/pic-edit/datasets/Hi4D_pilot_v1/raw/pair09/hug09/images/28/000017.jpg,pair09/hug09/images/28/000017.jpg,940,1280,940,False,True,0.03579039228723404,277.2067830718821,4147.862439744016,579.332209724497,14346.811156057058,person,579.332209724497,14346.811156057058,0.986996644295302,False,False
Hi4D,/home/shangguanrz/project/pic-edit/datasets/Hi4D_pilot_v1/raw/pair28/basketball28/images/4/000087.jpg,pair28/basketball28/images/4/000087.jpg,940,1280,940,False,True,0.04575382313829787,266.70386692685963,4557.532548620346,722.2478049226157,11490.00706409902,person,722.2478049226157,11490.00706409902,0.9872063758389262,False,False
Hi4D,/home/shangguanrz/project/pic-edit/datasets/Hi4D_pilot_v1/raw/pair09/hug09/images/28/000002.jpg,pair09/hug09/images/28/000002.jpg,940,1280,940,False,True,0.03694564494680851,320.09402984566907,4613.573148686835,605.4286382206917,15128.171311234966,person,605.4286382206917,15128.171311234966,0.988255033557047,False,False
Hi4D,/home/shangguanrz/project/pic-edit/datasets/Hi4D_pilot_v1/raw/pair09/hug09/images/28/000048.jpg,pair09/hug09/images/28/000048.jpg,940,1280,940,False,True,0.042926363031914896,281.0010924858441,4268.308053523936,643.5202332410471,13135.24610675545,person,643.5202332410471,13135.24610675545,0.988255033557047,False,False
Hi4D,/home/shangguanrz/project/pic-edit/datasets/Hi4D_pilot_v1/raw/pair28/basketball28/images/4/000075.jpg,pair28/basketball28/images/4/000075.jpg,940,1280,940,False,True,0.050344913563829786,287.3063642489472,4851.966921542553,706.12093511927,12041.4468097431,person,706.12093511927,12041.4468097431,0.988255033557047,False,False
Hi4D,/home/shangguanrz/project/pic-edit/datasets/Hi4D_pilot_v1/raw/pair28/basketball28/images/4/000076.jpg,pair28/basketball28/images/4/000076.jpg,940,1280,940,False,True,0.049427360372340426,287.08551601240566,4899.047903507314,703.3275857053859,12523.40794011023,person,703.3275857053859,12523.40794011023,0.9886744966442953,False,False
Hi4D,/home/shangguanrz/project/pic-edit/datasets/Hi4D_pilot_v1/raw/pair28/basketball28/images/4/000083.jpg,pair28/basketball28/images/4/000083.jpg,940,1280,940,False,True,0.0737890625,287.3625463508762,4677.847001745346,809.8692544509897,11517.46833545055,person,809.8692544509897,11517.46833545055,0.9888842281879194,False,False
Hi4D,/home/shangguanrz/project/pic-edit/datasets/Hi4D_pilot_v1/raw/pair09/hug09/images/28/000044.jpg,pair09/hug09/images/28/000044.jpg,940,1280,940,False,True,0.04491439494680851,281.4243375062133,4268.038231382979,656.357017224297,13187.28428466469,person,656.357017224297,13187.28428466469,0.9888842281879195,False,False
Hi4D,/home/shangguanrz/project/pic-edit/datasets/Hi4D_pilot_v1/raw/pair09/hug09/images/28/000049.jpg,pair09/hug09/images/28/000049.jpg,940,1280,940,False,True,0.04313746675531915,281.7764318037648,4274.236421625665,665.8323183133158,12942.213394175278,person,665.8323183133158,12942.213394175278,0.9888842281879195,False,False
Hi4D,/home/shangguanrz/project/pic-edit/datasets/Hi4D_pilot_v1/raw/pair09/hug09/images/28/000016.jpg,pair09/hug09/images/28/000016.jpg,940,1280,940,False,True,0.03547373670212766,274.4383286579317,4167.175843583776,628.1587729303939,15841.041481708251,person,628.1587729303939,15841.041481708251,0.9903523489932886,False,False
Hi4D,/home/shangguanrz/project/pic-edit/datasets/Hi4D_pilot_v1/raw/pair09/hug09/images/28/000045.jpg,pair09/hug09/images/28/000045.jpg,940,1280,940,False,True,0.044170545212765956,280.77056799087654,4261.184861203457,683.2996585580644,13447.889419087136,person,683.2996585580644,13447.889419087136,0.9903523489932886,False,False
Hi4D,/home/shangguanrz/project/pic-edit/datasets/Hi4D_pilot_v1/raw/pair09/hug09/images/28/000003.jpg,pair09/hug09/images/28/000003.jpg,940,1280,940,False,True,0.03692569813829787,320.6976641563875,4635.652239860372,636.0910676317255,15901.14912332141,person,636.0910676317255,15901.14912332141,0.9907718120805369,False,False
Hi4D,/home/shangguanrz/project/pic-edit/datasets/Hi4D_pilot_v1/raw/pair09/hug09/images/28/000046.jpg,pair09/hug09/images/28/000046.jpg,940,1280,940,False,True,0.04353889627659575,282.32868909814226,4280.202023769947,686.9808189701977,13673.90842144022,person,686.9808189701977,13673.90842144022,0.9914010067114094,False,False
Hi4D,/home/shangguanrz/project/pic-edit/datasets/Hi4D_pilot_v1/raw/pair28/basketball28/images/4/000080.jpg,pair28/basketball28/images/4/000080.jpg,940,1280,940,False,True,0.07612117686170213,314.7597428507911,4884.312271442819,906.3729086294461,12232.54472506971,person,906.3729086294461,12232.54472506971,0.9916107382550335,False,False
Hi4D,/home/shangguanrz/project/pic-edit/datasets/Hi4D_pilot_v1/raw/pair28/basketball28/images/4/000085.jpg,pair28/basketball28/images/4/000085.jpg,940,1280,940,False,True,0.04525681515957447,271.65660167053426,4631.464874916888,807.0783718667462,12937.45850518685,person,807.0783718667462,12937.45850518685,0.9920302013422819,False,False
Hi4D,/home/shangguanrz/project/pic-edit/datasets/Hi4D_pilot_v1/raw/pair09/hug09/images/28/000015.jpg,pair09/hug09/images/28/000015.jpg,940,1280,940,False,True,0.03554438164893617,286.27768084427083,4255.417677859043,660.6262364730072,16976.100567920184,person,660.6262364730072,16976.100567920184,0.9922399328859061,False,False
Hi4D,/home/shangguanrz/project/pic-edit/datasets/Hi4D_pilot_v1/raw/pair09/hug09/images/28/000004.jpg,pair09/hug09/images/28/000004.jpg,940,1280,940,False,True,0.03692154255319149,327.3899076348411,4716.66455078125,684.704427714034,17134.72780579336,person,684.704427714034,17134.72780579336,0.9932885906040269,False,False
Hi4D,/home/shangguanrz/project/pic-edit/datasets/Hi4D_pilot_v1/raw/pair09/hug09/images/28/000014.jpg,pair09/hug09/images/28/000014.jpg,940,1280,940,False,True,0.03584773936170213,291.6045885735532,4352.900712682846,695.2991862252743,17694.947448591014,person,695.2991862252743,17694.947448591014,0.9939177852348993,False,False
Hi4D,/home/shangguanrz/project/pic-edit/datasets/Hi4D_pilot_v1/raw/pair28/basketball28/images/4/000084.jpg,pair28/basketball28/images/4/000084.jpg,940,1280,940,False,True,0.04531748670212766,281.14946571546966,4736.294527094415,867.547335679159,13646.365403304178,person,867.547335679159,13646.365403304178,0.9951761744966443,False,False
Hi4D,/home/shangguanrz/project/pic-edit/datasets/Hi4D_pilot_v1/raw/pair09/hug09/images/28/000013.jpg,pair09/hug09/images/28/000013.jpg,940,1280,940,False,True,0.036212599734042554,300.2602960988642,4473.51006690492,735.711060165294,18357.41449572856,person,735.711060165294,18357.41449572856,0.9958053691275168,False,False
Hi4D,/home/shangguanrz/project/pic-edit/datasets/Hi4D_pilot_v1/raw/pair09/hug09/images/28/000005.jpg,pair09/hug09/images/28/000005.jpg,940,1280,940,False,True,0.03693234707446808,333.2833043055439,4859.968853889628,735.8849439790005,18451.895493908705,person,735.8849439790005,18451.895493908705,0.9962248322147651,False,False
Hi4D,/home/shangguanrz/project/pic-edit/datasets/Hi4D_pilot_v1/raw/pair09/hug09/images/28/000006.jpg,pair09/hug09/images/28/000006.jpg,940,1280,940,False,True,0.03690824468085106,330.62950544057253,4837.772658327793,747.3599365058872,18484.99400705053,person,747.3599365058872,18484.99400705053,0.9966442953020134,False,False
Hi4D,/home/shangguanrz/project/pic-edit/datasets/Hi4D_pilot_v1/raw/pair28/basketball28/images/4/000081.jpg,pair28/basketball28/images/4/000081.jpg,940,1280,940,False,True,0.0466938164893617,302.38528381423646,4743.843500664893,1018.1373424764676,14431.917572215627,person,1018.1373424764676,14431.917572215627,0.9966442953020134,False,False
Hi4D,/home/shangguanrz/project/pic-edit/datasets/Hi4D_pilot_v1/raw/pair09/hug09/images/28/000012.jpg,pair09/hug09/images/28/000012.jpg,940,1280,940,False,True,0.036493517287234045,315.87610461192196,4661.475461269947,785.3492398948945,19592.83964351935,person,785.3492398948945,19592.83964351935,0.9970637583892618,False,False
Hi4D,/home/shangguanrz/project/pic-edit/datasets/Hi4D_pilot_v1/raw/pair28/basketball28/images/4/000079.jpg,pair28/basketball28/images/4/000079.jpg,940,1280,940,False,True,0.047562333776595744,325.5908293232976,4971.39862450133,1020.8527986765213,14786.993039162278,person,1020.8527986765213,14786.993039162278,0.9970637583892618,False,False
Hi4D,/home/shangguanrz/project/pic-edit/datasets/Hi4D_pilot_v1/raw/pair09/hug09/images/28/000008.jpg,pair09/hug09/images/28/000008.jpg,940,1280,940,False,True,0.03694065824468085,324.40660559305405,4665.2197265625,813.2783655759876,19670.854498986515,person,813.2783655759876,19670.854498986515,0.9979026845637584,False,False
Hi4D,/home/shangguanrz/project/pic-edit/datasets/Hi4D_pilot_v1/raw/pair09/hug09/images/28/000009.jpg,pair09/hug09/images/28/000009.jpg,940,1280,940,False,True,0.03694065824468085,319.9165364477418,4629.152312583112,849.5935643766271,20209.650685334433,person,849.5935643766271,20209.650685334433,0.9985318791946309,False,False
Hi4D,/home/shangguanrz/project/pic-edit/datasets/Hi4D_pilot_v1/raw/pair09/hug09/images/28/000011.jpg,pair09/hug09/images/28/000011.jpg,940,1280,940,False,True,0.036704621010638296,322.26026272881677,4739.207135139628,828.3527526195429,20547.115382333748,person,828.3527526195429,20547.115382333748,0.9985318791946309,False,False
Hi4D,/home/shangguanrz/project/pic-edit/datasets/Hi4D_pilot_v1/raw/pair09/hug09/images/28/000010.jpg,pair09/hug09/images/28/000010.jpg,940,1280,940,False,True,0.03687084441489362,321.13783487608777,4693.897637549867,852.5868880939126,20729.835575132292,person,852.5868880939126,20729.835575132292,0.9991610738255033,False,False
