elapsed_seconds,used_gib,stage
0.0009895139373838902,0.612548828125,startup
0.05160364496987313,0.612548828125,startup
0.10268873791210353,0.612548828125,startup
0.15756275900639594,0.612548828125,startup
0.20777508791070431,0.612548828125,startup
0.2615423839306459,0.612548828125,startup
0.3174059729790315,0.612548828125,startup
0.36789805197622627,0.612548828125,startup
0.446737541933544,0.612548828125,startup
0.4969907639315352,0.612548828125,startup
0.5478266569552943,0.612548828125,startup
0.5986069010104984,0.612548828125,startup
0.6589146299520507,0.612548828125,startup
0.7141950689256191,0.612548828125,startup
0.7646057279780507,0.612548828125,startup
0.8193705879384652,0.612548828125,startup
0.8700950479833409,0.612548828125,startup
0.9202837150078267,0.612548828125,startup
0.9704673109808937,0.612548828125,startup
1.0217230980051681,0.612548828125,startup
1.072285432019271,0.612548828125,startup
1.1313305859221146,0.612548828125,startup
1.1819698009639978,0.612548828125,startup
1.234642262919806,0.612548828125,startup
1.2848842699313536,0.612548828125,startup
1.3683830929221585,0.612548828125,startup
1.4189314319519326,0.612548828125,startup
1.4691066449740902,0.612548828125,startup
1.5195036309305578,0.612548828125,startup
1.5710963769815862,0.612548828125,startup
1.631683217943646,0.612548828125,startup
1.6960709400009364,0.612548828125,startup
1.7540572209982201,0.612548828125,startup
1.8592788209207356,0.612548828125,startup
1.9970527399564162,0.612548828125,startup
2.0625214769970626,0.612548828125,startup
2.127155410940759,0.612548828125,startup
2.1808806349290535,0.612548828125,startup
2.231526153977029,0.612548828125,startup
2.2822314529912546,0.612548828125,startup
2.332399128936231,0.612548828125,startup
2.382809001021087,0.612548828125,startup
2.4333378459559754,0.612548828125,startup
2.4834670269628987,0.612548828125,startup
2.5336322690127417,0.612548828125,startup
2.5838833649177104,0.612548828125,startup
2.634511803975329,0.612548828125,startup
2.6882691479986534,0.612548828125,startup
2.738713287981227,0.612548828125,startup
2.79904584097676,0.612548828125,startup
2.8569765909342095,0.612548828125,startup
2.9073422650108114,0.612548828125,startup
2.957889896002598,0.612548828125,startup
3.0083561110077426,0.612548828125,startup
3.059137634932995,0.612548828125,startup
3.1092656819382682,0.612548828125,startup
3.1596901669399813,0.612548828125,startup
3.298846291960217,0.612548828125,startup
3.3490462779300287,0.612548828125,startup
3.400993034010753,0.612548828125,startup
3.452477274928242,0.612548828125,startup
3.5027225270168856,0.612548828125,startup
3.554062486975454,0.612548828125,startup
3.6059799030190334,0.612548828125,startup
3.6637895489111543,0.612548828125,startup
3.7141999759478495,0.612548828125,startup
3.7649276360170916,0.612548828125,startup
3.815382667002268,0.612548828125,startup
3.8679494339739904,0.612548828125,startup
3.91822587500792,0.612548828125,startup
3.968799174996093,0.612548828125,startup
4.0189312369329855,0.612548828125,startup
4.069103261921555,0.612548828125,startup
4.119219689979218,0.612548828125,startup
4.169327834970318,0.612548828125,startup
4.2194386079208925,0.612548828125,startup
4.26954684802331,0.612548828125,startup
4.319655140978284,0.612548828125,startup
4.369765506009571,0.612548828125,startup
4.420288192923181,0.612548828125,startup
4.470841686939821,0.6285400390625,startup
4.520998583990149,0.64312744140625,startup
4.571211474016309,1.06695556640625,load_cached_training_backbone
4.621708749909885,1.06695556640625,load_cached_training_backbone
4.672355004935525,1.06695556640625,load_cached_training_backbone
4.723473888006993,1.06695556640625,load_cached_training_backbone
4.773908718023449,1.06695556640625,load_cached_training_backbone
4.824016803991981,1.06695556640625,load_cached_training_backbone
4.874624505988322,1.06695556640625,load_cached_training_backbone
4.925668646930717,1.06695556640625,load_cached_training_backbone
4.976266840007156,1.06695556640625,load_cached_training_backbone
5.0264062830246985,1.06695556640625,load_cached_training_backbone
5.0770149709424,1.06695556640625,load_cached_training_backbone
5.127436904935166,1.06695556640625,load_cached_training_backbone
5.177558586001396,1.06695556640625,load_cached_training_backbone
5.228364362963475,1.06695556640625,load_cached_training_backbone
5.278767691925168,1.06695556640625,load_cached_training_backbone
5.328896366991103,1.06695556640625,load_cached_training_backbone
5.379086292930879,1.06695556640625,load_cached_training_backbone
5.536172137944959,1.06695556640625,load_cached_training_backbone
5.586317174020223,1.06695556640625,load_cached_training_backbone
5.636457436019555,1.49078369140625,load_cached_training_backbone
5.686606102972291,1.49078369140625,load_cached_training_backbone
5.736748817958869,1.70172119140625,load_cached_training_backbone
5.786908863927238,1.98492431640625,load_cached_training_backbone
5.837029146961868,2.25836181640625,load_cached_training_backbone
5.887153233983554,2.50836181640625,load_cached_training_backbone
5.937287979992107,2.77398681640625,load_cached_training_backbone
5.987405365915038,3.01031494140625,load_cached_training_backbone
6.037523186998442,3.27984619140625,load_cached_training_backbone
6.08765996992588,3.53765869140625,load_cached_training_backbone
6.137801565928385,3.83843994140625,load_cached_training_backbone
6.187930686981417,4.16265869140625,load_cached_training_backbone
6.238050163956359,4.49078369140625,load_cached_training_backbone
6.288165815989487,4.79937744140625,load_cached_training_backbone
6.338283326942474,5.10015869140625,load_cached_training_backbone
6.3884055379312485,5.34820556640625,load_cached_training_backbone
6.438527788966894,5.59234619140625,load_cached_training_backbone
6.488646426005289,5.83062744140625,load_cached_training_backbone
6.538772717001848,5.85015869140625,adapter_optimizer_setup
6.58889688400086,5.85015869140625,adapter_optimizer_setup
6.639011972001754,5.85015869140625,adapter_optimizer_setup
6.689133337000385,5.85015869140625,adapter_optimizer_setup
6.739249694976024,5.85015869140625,adapter_optimizer_setup
6.789366764947772,5.85015869140625,adapter_optimizer_setup
6.839481666916981,5.85015869140625,adapter_optimizer_setup
6.889595887972973,5.85015869140625,adapter_optimizer_setup
6.93971118493937,5.85015869140625,adapter_optimizer_setup
6.989825206925161,5.85015869140625,adapter_optimizer_setup
7.039939258946106,5.85015869140625,adapter_optimizer_setup
7.0900522959418595,5.85015869140625,adapter_optimizer_setup
7.140168936923146,5.85015869140625,adapter_optimizer_setup
7.190343532944098,5.85015869140625,adapter_optimizer_setup
7.2405138339381665,6.10406494140625,adapter_optimizer_setup
7.29066632501781,6.29937744140625,adapter_optimizer_setup
7.350738440989517,6.33843994140625,between_stages
7.400953502976336,6.33843994140625,between_stages
7.451101628947072,6.33843994140625,between_stages
7.501221310929395,6.33843994140625,between_stages
7.551345785963349,6.36968994140625,between_stages
7.601468816981651,6.36968994140625,between_stages
7.6515785799128935,6.36968994140625,between_stages
7.701689985929988,6.36968994140625,between_stages
7.751801327918656,6.36968994140625,between_stages
7.801911875023507,6.36968994140625,between_stages
7.852020086022094,6.36968994140625,between_stages
7.9021318620070815,6.36968994140625,between_stages
7.9522466589696705,6.36968994140625,between_stages
8.012519918964244,6.36968994140625,between_stages
8.066294581978582,6.36968994140625,between_stages
8.116411413997412,6.36968994140625,between_stages
8.16652825998608,6.36968994140625,between_stages
8.216650850954466,6.36968994140625,between_stages
8.266770191956311,6.36968994140625,between_stages
8.31688903993927,6.36968994140625,between_stages
8.366999411024153,6.36968994140625,between_stages
8.417109177913517,6.36968994140625,between_stages
8.467216709977947,6.36968994140625,between_stages
8.51732607500162,6.36968994140625,between_stages
8.567431947914883,6.36968994140625,between_stages
8.61758393398486,6.36968994140625,between_stages
8.667702195933089,6.36968994140625,between_stages
8.719280636985786,6.36968994140625,between_stages
8.769443602999672,6.36968994140625,between_stages
8.820110257016495,6.36968994140625,between_stages
8.870301058981568,6.36968994140625,between_stages
8.920439239940606,6.36968994140625,between_stages
8.970577640924603,6.36968994140625,between_stages
9.020702137961052,6.36968994140625,between_stages
9.07081601896789,6.36968994140625,between_stages
9.120926796924323,6.36968994140625,between_stages
9.171034567989409,6.36968994140625,between_stages
9.221150603960268,6.36968994140625,between_stages
9.498969723004848,6.36968994140625,between_stages
9.549100974923931,6.36968994140625,between_stages
9.59921617701184,6.36968994140625,between_stages
9.64932881295681,6.36968994140625,between_stages
9.699444554978982,6.36968994140625,between_stages
9.7495581000112,6.36968994140625,between_stages
9.799674651934765,6.36968994140625,between_stages
9.853873583022505,6.36968994140625,between_stages
9.90399412997067,6.36968994140625,between_stages
9.954112472943962,6.36968994140625,between_stages
10.00422872393392,6.36968994140625,between_stages
10.054344299947843,6.36968994140625,between_stages
10.106046490953304,6.36968994140625,between_stages
10.156172027927823,6.36968994140625,between_stages
10.20629080501385,6.36968994140625,between_stages
10.256409107008949,6.36968994140625,between_stages
10.306527092005126,6.36968994140625,between_stages
10.35663785901852,6.36968994140625,between_stages
10.406747265951708,6.36968994140625,between_stages
10.458463546005078,6.36968994140625,between_stages
10.508578812936321,6.36968994140625,between_stages
10.558694413979538,6.36968994140625,between_stages
10.608806760981679,6.36968994140625,between_stages
10.658916212967597,6.36968994140625,between_stages
10.71428852993995,6.36968994140625,between_stages
10.764406561967917,6.36968994140625,between_stages
10.814527411945164,6.36968994140625,between_stages
10.864639168954454,6.36968994140625,between_stages
10.914746430935338,6.36968994140625,between_stages
10.969028495019302,6.36968994140625,between_stages
11.01934945397079,6.36968994140625,between_stages
11.069502628990449,6.36968994140625,between_stages
11.119612741982564,6.36968994140625,between_stages
11.16972150199581,6.36968994140625,between_stages
11.224996574921533,6.36968994140625,between_stages
11.275116576929577,6.36968994140625,between_stages
11.325239668018185,6.36968994140625,between_stages
11.375350259942934,6.36968994140625,between_stages
11.425457921926863,6.36968994140625,between_stages
11.479943996993825,6.36968994140625,between_stages
11.530058352975175,6.36968994140625,between_stages
11.580175619921647,6.36968994140625,between_stages
11.630287106963806,6.36968994140625,between_stages
11.680397132993676,6.36968994140625,between_stages
11.735249602003023,6.36968994140625,between_stages
11.785367108997889,6.36968994140625,between_stages
11.835484281997196,6.36968994140625,between_stages
11.88559733191505,6.36968994140625,between_stages
11.935709013952874,6.36968994140625,between_stages
11.99012245493941,6.36968994140625,between_stages
12.040240340982564,6.36968994140625,between_stages
12.090357003966346,6.36968994140625,between_stages
12.140467489953153,6.36968994140625,between_stages
12.190577075933106,6.36968994140625,between_stages
12.244525157962926,6.36968994140625,between_stages
12.294641450978816,6.36968994140625,between_stages
12.34475600195583,6.36968994140625,between_stages
12.394900737912394,6.36968994140625,between_stages
12.44500866101589,6.36968994140625,between_stages
12.500287171918899,6.36968994140625,between_stages
12.550430199946277,6.36968994140625,between_stages
12.600545036024414,6.36968994140625,between_stages
12.650652952957898,6.36968994140625,between_stages
12.700759329949506,6.36968994140625,between_stages
12.755799997015856,6.36968994140625,between_stages
12.805918869911693,6.36968994140625,between_stages
12.856036055949517,6.36968994140625,between_stages
12.906173306982964,6.36968994140625,between_stages
12.956283038947731,6.36968994140625,between_stages
13.01027584692929,6.36968994140625,between_stages
13.060397282941267,6.36968994140625,between_stages
13.110515984939411,6.36968994140625,between_stages
13.160626921919174,6.36968994140625,between_stages
13.210736186942086,6.36968994140625,between_stages
13.260863518924452,6.36968994140625,between_stages
13.310981096001342,6.36968994140625,between_stages
13.364173596957698,6.36968994140625,between_stages
13.414285377948545,6.36968994140625,between_stages
13.464394334936514,6.36968994140625,between_stages
13.5145081699593,6.36968994140625,between_stages
13.572345563909039,6.36968994140625,between_stages
13.622469305992126,6.36968994140625,between_stages
13.672580052982084,6.36968994140625,between_stages
13.722695497912355,6.36968994140625,between_stages
13.779827573918737,6.36968994140625,between_stages
13.82994875102304,6.36968994140625,between_stages
13.880055902991444,6.36968994140625,between_stages
13.932014522957616,6.36968994140625,between_stages
13.987012411933392,6.36968994140625,between_stages
14.037124048918486,6.36968994140625,between_stages
14.087236333987676,6.36968994140625,between_stages
14.137348115909845,6.36968994140625,between_stages
14.194308377918787,6.36968994140625,between_stages
14.24442254495807,6.36968994140625,between_stages
14.294528826954775,6.36968994140625,between_stages
14.34464276197832,6.36968994140625,between_stages
14.401465463917702,6.36968994140625,between_stages
14.451583136920817,6.36968994140625,between_stages
14.50169277691748,6.36968994140625,between_stages
14.553643662016839,6.36968994140625,between_stages
14.608516610926017,6.36968994140625,between_stages
14.658636123989709,6.36968994140625,between_stages
14.708753475919366,6.36968994140625,between_stages
14.758877001935616,6.36968994140625,between_stages
14.81637185101863,6.36968994140625,between_stages
14.866487707942724,6.36968994140625,between_stages
14.916601234930567,6.36968994140625,between_stages
14.966715810936876,6.36968994140625,between_stages
15.024488959927112,6.36968994140625,between_stages
15.074604196939617,6.36968994140625,between_stages
15.124735372024588,6.36968994140625,between_stages
15.174852474941872,6.36968994140625,between_stages
15.231934610987082,6.36968994140625,between_stages
15.282047875924036,6.36968994140625,between_stages
15.332158711971715,6.36968994140625,between_stages
15.382274630013853,6.36968994140625,between_stages
15.432387121021748,6.36968994140625,between_stages
15.482503623934463,6.36968994140625,between_stages
15.532619713922031,6.36968994140625,between_stages
15.58273367700167,6.36968994140625,between_stages
15.632871374022216,7.00445556640625,zero_equivalence_validation
15.683009483967908,9.00445556640625,zero_equivalence_validation
15.73313733690884,11.01031494140625,zero_equivalence_validation
15.78326025698334,11.01031494140625,zero_equivalence_validation
15.833386188023724,11.01031494140625,zero_equivalence_validation
15.88352130097337,11.01031494140625,zero_equivalence_validation
15.933650702005252,11.01226806640625,zero_equivalence_validation
15.983775084023364,11.02203369140625,zero_equivalence_validation
16.033895879983902,11.02203369140625,zero_equivalence_validation
16.084020125912502,11.02398681640625,zero_equivalence_validation
16.134142668917775,11.02398681640625,zero_equivalence_validation
16.184385883971117,11.02398681640625,zero_equivalence_validation
16.23449580196757,11.02398681640625,zero_equivalence_validation
16.28460653696675,11.02398681640625,zero_equivalence_validation
16.334715144941583,11.02398681640625,zero_equivalence_validation
16.38482460193336,11.02398681640625,zero_equivalence_validation
16.43493440002203,11.02398681640625,zero_equivalence_validation
16.48504356399644,11.02398681640625,zero_equivalence_validation
16.535154300974682,11.02398681640625,zero_equivalence_validation
16.585845194989815,11.02398681640625,zero_equivalence_validation
16.636924538994208,11.02398681640625,zero_equivalence_validation
16.68703786493279,11.02398681640625,zero_equivalence_validation
16.73715449194424,11.02398681640625,zero_equivalence_validation
16.787266899016686,11.02398681640625,zero_equivalence_validation
16.837377178948373,11.02398681640625,zero_equivalence_validation
16.887495851959102,11.02398681640625,zero_equivalence_validation
16.939016322954558,11.02398681640625,zero_equivalence_validation
16.989125979016535,11.02398681640625,zero_equivalence_validation
17.039248817018233,11.02398681640625,zero_equivalence_validation
17.218996583018452,11.02398681640625,between_stages
17.269134279922582,11.46929931640625,first_forward
17.319249845924787,11.46929931640625,first_forward
17.369363992009312,11.47320556640625,first_forward
17.419483523932286,11.47320556640625,first_forward
17.469601991935633,11.47320556640625,first_forward
17.52020506095141,11.47320556640625,first_forward
17.570832989993505,11.47320556640625,first_forward
17.620936712017283,11.47320556640625,first_forward
17.67104837798979,11.47320556640625,first_forward
17.721161794965155,11.47320556640625,first_forward
17.77127313800156,11.47320556640625,first_forward
17.821388673968613,11.47515869140625,first_forward
17.87153738795314,11.48297119140625,first_backward
17.921674050972797,11.48297119140625,first_backward
17.971918592927977,11.48297119140625,first_backward
18.022032585926354,11.48297119140625,first_backward
18.07214970095083,11.48297119140625,first_backward
18.12226400792133,11.48297119140625,first_backward
18.172378699993715,11.48297119140625,first_backward
18.22248994000256,11.48297119140625,first_backward
18.272602582001127,11.48297119140625,first_backward
18.32271643495187,11.48687744140625,first_backward
18.373251329991035,11.48687744140625,first_backward
18.423369014984928,11.48687744140625,first_backward
18.47348372300621,11.48687744140625,first_backward
18.523600648972206,11.48687744140625,first_backward
18.573711610981263,11.48687744140625,first_backward
18.623826747993007,11.48687744140625,first_backward
18.673945023911074,11.48687744140625,first_backward
18.72405884996988,11.48687744140625,first_backward
18.774175980943255,11.48687744140625,first_backward
18.824293407960795,11.48687744140625,first_backward
18.874413534998894,11.48687744140625,first_backward
18.92455049592536,11.48687744140625,first_backward
18.975878002936952,11.48687744140625,first_backward
19.025996626005508,11.48687744140625,first_backward
19.0761143109994,11.48687744140625,first_backward
19.126232652924955,11.49664306640625,first_backward
19.176364835933782,11.49664306640625,first_backward
19.226501520955935,11.49664306640625,first_backward
19.276634822948836,11.49664306640625,first_backward
19.32675454695709,12.00250244140625,first_backward
19.376884755911306,17.00640869140625,first_backward
19.427000292926095,17.00640869140625,first_backward
19.47711343492847,17.00640869140625,first_backward
19.527225745958276,17.00640869140625,first_backward
19.577351443003863,17.00640869140625,first_optimizer
19.627493579988368,17.00640869140625,warmup
19.677603752934374,17.00640869140625,warmup
19.72855013399385,17.00640869140625,warmup
19.778662191005424,17.00640869140625,warmup
19.82877527293749,17.00640869140625,warmup
19.87888822995592,17.00640869140625,warmup
19.92899615992792,17.00640869140625,warmup
19.979125372949056,17.00640869140625,warmup
20.029298492940143,17.00640869140625,warmup
20.079415236017667,17.00640869140625,warmup
20.129555450985208,17.00640869140625,warmup
20.1808093249565,17.00640869140625,warmup
20.230924549978226,17.00640869140625,warmup
20.281037083012052,17.00640869140625,warmup
20.331151479971595,17.00640869140625,warmup
20.381263369927183,17.00640869140625,warmup
20.431376616936177,17.00640869140625,warmup
20.48149234894663,17.00640869140625,warmup
20.531606393982656,17.00640869140625,warmup
20.58172311191447,17.00640869140625,warmup
20.633175382972695,17.00836181640625,warmup
20.683325315010734,17.00836181640625,warmup
20.733526285970584,17.00836181640625,warmup
20.783643077942543,17.00836181640625,warmup
20.833791889017448,17.00836181640625,warmup
20.88393144600559,17.00836181640625,warmup
20.934049076982774,17.00836181640625,warmup
20.984164568944834,17.00836181640625,warmup
21.03431290597655,17.00836181640625,warmup
21.084430297953077,17.00836181640625,warmup
21.13454305496998,17.00836181640625,warmup
21.184660146012902,17.00836181640625,warmup
21.23477976792492,17.00836181640625,warmup
21.2849008589983,17.00836181640625,warmup
21.33501414093189,17.00836181640625,warmup
21.38514528295491,17.00836181640625,warmup
21.43527058395557,18.01031494140625,warmup
21.48538451991044,18.01031494140625,warmup
21.53549578099046,18.01031494140625,warmup
21.58560507791117,18.01031494140625,warmup
21.635717379976995,18.01031494140625,warmup
21.685840231948532,18.01031494140625,warmup
21.735999793978408,18.01031494140625,warmup
21.786746117984876,18.01031494140625,warmup
21.836870139930397,18.01031494140625,warmup
21.886983520002104,18.01031494140625,warmup
21.937097831978463,18.01031494140625,warmup
21.987207973957993,18.01031494140625,warmup
22.037319345981814,18.01031494140625,warmup
22.087431367952377,18.01031494140625,warmup
22.137550833984278,18.01031494140625,warmup
22.187684639939107,18.01031494140625,warmup
22.23781328694895,18.01031494140625,warmup
22.287926528952084,18.01031494140625,warmup
22.338038436020724,18.01031494140625,warmup
22.38872830593027,18.01031494140625,warmup
22.438840155955404,18.01031494140625,warmup
22.48896339291241,18.01031494140625,warmup
22.53907605994027,18.01031494140625,warmup
22.589321319945157,18.01031494140625,warmup
22.639430832932703,18.01031494140625,warmup
22.689543048967607,18.01031494140625,warmup
22.739654431003146,18.01031494140625,warmup
22.790505670011044,18.01031494140625,warmup
22.840688801021315,18.01031494140625,warmup
22.890801292960532,18.01031494140625,warmup
22.940913788974285,18.01031494140625,warmup
22.991027670912445,18.01031494140625,warmup
23.041146322968416,18.01031494140625,warmup
23.091259607928805,18.01031494140625,warmup
23.141369910910726,18.01031494140625,warmup
23.192120658932254,18.01031494140625,warmup
23.242234117002226,18.01031494140625,warmup
23.292346272966824,18.01031494140625,warmup
23.342460313928314,18.01031494140625,warmup
23.39257336698938,18.01031494140625,warmup
23.442684856941923,18.01031494140625,warmup
23.49280538992025,18.01031494140625,warmup
23.542912915931083,18.01031494140625,warmup
23.593022936955094,18.01031494140625,warmup
23.643134518992156,18.01031494140625,warmup
23.693243454908952,18.01031494140625,warmup
23.743356577004306,18.01031494140625,warmup
23.793469934957102,18.01031494140625,warmup
23.843584765912965,18.01031494140625,warmup
23.893703356967308,18.01031494140625,warmup
23.944888119935058,18.01031494140625,warmup
23.995003190939315,18.01031494140625,warmup
24.045114722917788,18.01031494140625,warmup
24.095226543955505,18.01031494140625,warmup
24.145399490953423,18.01031494140625,warmup
24.19601655693259,18.01031494140625,warmup
24.24612862698268,18.01031494140625,warmup
24.296237780014053,18.01031494140625,warmup
24.346347445971332,18.01031494140625,warmup
24.397317879018374,18.01031494140625,warmup
24.44742918096017,18.01031494140625,warmup
24.49753937695641,18.01031494140625,warmup
24.54764947993681,18.01031494140625,warmup
24.59775880095549,18.01031494140625,warmup
24.64788719196804,18.01031494140625,warmup
24.698000369011424,18.01031494140625,warmup
24.748115204973146,18.01031494140625,warmup
24.798226361977868,18.01031494140625,warmup
24.848340308992192,18.01031494140625,warmup
24.898454814916477,18.01031494140625,warmup
24.9485692079179,18.01031494140625,warmup
24.998683479963802,18.01031494140625,warmup
25.04879486595746,18.01031494140625,warmup
25.098907248000614,18.01031494140625,warmup
25.14902355801314,18.01031494140625,warmup
25.199139846023172,18.01031494140625,warmup
25.249280045973137,18.01031494140625,warmup
25.299394688918255,18.01031494140625,warmup
25.34958611393813,18.01031494140625,warmup
25.399702201015316,18.01031494140625,warmup
25.449816347914748,18.01031494140625,warmup
25.499930704943836,18.01031494140625,warmup
25.550048177014105,18.01031494140625,warmup
25.600165987969376,18.01031494140625,warmup
25.65027756395284,18.01031494140625,warmup
25.700391241000034,18.01031494140625,warmup
25.750502737937495,18.01031494140625,warmup
25.800615314976312,18.01031494140625,warmup
25.85074571997393,18.01031494140625,warmup
25.900888192933053,18.01031494140625,warmup
25.951001112000085,18.01031494140625,warmup
26.001178724924102,18.01031494140625,warmup
26.051296361954883,18.01031494140625,warmup
26.101419508922845,18.01031494140625,warmup
26.151532150921412,18.01031494140625,warmup
26.20164509199094,18.01031494140625,warmup
26.251902638934553,18.01031494140625,warmup
26.302016590023413,18.01031494140625,warmup
26.352128837024793,18.01031494140625,warmup
26.402239647926763,18.01031494140625,warmup
26.45235017000232,18.01031494140625,warmup
26.502463900949806,18.01031494140625,warmup
26.552576737012714,18.01031494140625,warmup
26.60269490000792,18.01031494140625,warmup
26.652831646963023,18.01031494140625,warmup
26.702961387927644,18.01031494140625,warmup
26.753074308973737,18.01031494140625,warmup
26.803194215986878,18.01031494140625,warmup
26.85330959793646,18.01031494140625,warmup
26.903420384973288,18.01031494140625,warmup
26.953529770951718,18.01031494140625,warmup
27.003639181959443,18.01031494140625,warmup
27.053752274950966,18.01031494140625,warmup
27.103896025917493,18.01031494140625,warmup
27.154022163012996,18.01031494140625,warmup
27.20413493795786,18.01031494140625,warmup
27.25425181002356,18.01031494140625,warmup
27.304375812993385,18.01031494140625,warmup
27.3544976079138,18.01031494140625,warmup
27.404611855978146,18.01031494140625,warmup
27.454727966920473,18.01031494140625,warmup
27.5048420089297,18.01031494140625,warmup
27.554978185915388,18.01031494140625,warmup
27.605089290998876,18.01031494140625,warmup
27.65521187300328,18.01031494140625,warmup
27.705330634955317,18.01031494140625,warmup
27.755444475915283,18.01031494140625,warmup
27.805555484024808,18.01031494140625,warmup
27.855666348943487,18.01031494140625,warmup
27.905775576015003,18.01031494140625,warmup
27.955907803960145,18.01031494140625,steady_train
28.006021120003425,18.01031494140625,steady_train
28.056315404945053,18.01031494140625,steady_train
28.106426432961598,18.01031494140625,steady_train
28.156539196963422,18.01031494140625,steady_train
28.206650720909238,18.01031494140625,steady_train
28.25676440296229,18.01031494140625,steady_train
28.306890078936704,18.01031494140625,steady_train
28.35700762597844,18.01031494140625,steady_train
28.407123827957548,18.01031494140625,steady_train
28.457240203977562,18.01031494140625,steady_train
28.507351520005614,18.01031494140625,steady_train
28.557464535930194,18.01031494140625,steady_train
28.607575807953253,18.01031494140625,steady_train
28.657701369957067,18.01031494140625,steady_train
28.707812572014518,18.01031494140625,steady_train
28.757922473945655,18.01031494140625,steady_train
28.80836766399443,18.01031494140625,steady_train
28.858479034970514,18.01031494140625,steady_train
28.90859269700013,18.01031494140625,steady_train
28.95871244301088,18.01031494140625,steady_train
29.0088256750023,18.01031494140625,steady_train
29.05893852293957,18.01031494140625,steady_train
29.109202298917808,18.01031494140625,steady_train
29.159314728924073,18.01031494140625,steady_train
29.209427521913312,18.01031494140625,steady_train
29.259541953913867,18.01031494140625,steady_train
29.309656028985046,18.01031494140625,steady_train
29.359772556927055,18.01031494140625,steady_train
29.409904866945,18.01031494140625,steady_train
29.460017179022543,18.01031494140625,steady_train
29.510131871909834,18.01031494140625,steady_train
29.56024665699806,18.01031494140625,steady_train
29.61036263895221,18.01031494140625,steady_train
29.660478175967,18.01031494140625,steady_train
29.71060020790901,18.01031494140625,steady_train
29.760716120013967,18.01031494140625,steady_train
29.81082797597628,18.01031494140625,steady_train
29.860940782004036,18.01031494140625,steady_train
29.911052813986316,18.01031494140625,steady_train
29.961161550949328,18.01031494140625,steady_train
30.011279427912086,18.01031494140625,steady_train
30.061407923931256,18.01031494140625,steady_train
30.111521931015886,18.01031494140625,steady_train
30.161633656010963,18.01031494140625,steady_train
30.211743813939393,18.01031494140625,steady_train
30.261865920969285,18.01031494140625,steady_train
30.312975673936307,18.01031494140625,steady_train
30.363104295916855,18.01031494140625,steady_train
30.413311996962875,18.01031494140625,steady_train
30.464438659953885,18.01031494140625,steady_train
30.514550306019373,18.01031494140625,steady_train
30.56589734798763,18.01031494140625,steady_train
30.616008115001023,18.01031494140625,steady_train
30.666119431960396,18.01031494140625,steady_train
30.716229829005897,18.01031494140625,steady_train
30.76633989997208,18.01031494140625,steady_train
30.816949103958905,18.01031494140625,steady_train
30.867061560973525,18.01031494140625,steady_train
30.9171740579186,18.01031494140625,steady_train
30.967285843915306,18.01031494140625,steady_train
31.017396900919266,18.01031494140625,steady_train
31.067523686913773,18.01031494140625,steady_train
31.117647273931652,18.01031494140625,steady_train
31.167760637006722,18.01031494140625,steady_train
31.217884048004635,18.01031494140625,steady_train
31.267998468945734,18.01031494140625,steady_train
31.318113515968435,18.01031494140625,steady_train
31.368229232961312,18.01031494140625,steady_train
31.418342220014893,18.01031494140625,steady_train
31.468466635909863,18.01031494140625,steady_train
31.51858147792518,18.01031494140625,steady_train
31.568694614921696,18.01031494140625,steady_train
31.618807489983737,18.01031494140625,steady_train
31.66978408396244,18.01031494140625,steady_train
31.719901485019363,18.01031494140625,steady_train
31.770016312017106,18.01031494140625,steady_train
31.820258072926663,18.01031494140625,steady_train
31.870378875988536,18.01031494140625,steady_train
31.920492161996663,18.01031494140625,steady_train
31.970600393018685,18.01031494140625,steady_train
32.020713889971375,18.01031494140625,steady_train
32.07082433695905,18.01031494140625,steady_train
32.120939409011044,18.01031494140625,steady_train
32.17105594999157,18.01031494140625,steady_train
32.22116907592863,18.01031494140625,steady_train
32.27128013293259,18.01031494140625,steady_train
32.32139103091322,18.01031494140625,steady_train
32.372106521972455,18.01031494140625,steady_train
32.422219911939465,18.01031494140625,steady_train
32.47233234194573,18.01031494140625,steady_train
32.52244473993778,18.01031494140625,steady_train
32.57255790696945,18.01031494140625,steady_train
32.62266940297559,18.01031494140625,steady_train
32.672780644963495,18.01031494140625,steady_train
32.722888836986385,18.01031494140625,steady_train
32.77299706195481,18.01031494140625,steady_train
32.82407129695639,18.01031494140625,steady_train
32.8741818430135,18.01031494140625,steady_train
32.924293929943815,18.01031494140625,steady_train
32.97440435702447,18.01031494140625,steady_train
33.024516092962585,18.01031494140625,steady_train
33.07462865393609,18.01031494140625,steady_train
33.124740523984656,18.01031494140625,steady_train
33.1748644229956,18.01031494140625,steady_train
33.224974959972315,18.01031494140625,steady_train
33.276139306952246,18.01031494140625,steady_train
33.326258882996626,18.01031494140625,steady_train
33.376372435945086,18.01031494140625,steady_train
33.42691068002023,18.01031494140625,steady_train
33.47706917091273,18.01031494140625,steady_train
33.52718359301798,18.01031494140625,steady_train
33.57729968999047,18.01031494140625,steady_train
33.627426435938105,18.01031494140625,steady_train
33.677573398919776,18.01031494140625,steady_train
33.72769009391777,18.01031494140625,steady_train
33.777818351984024,18.01031494140625,steady_train
33.82793497398961,18.01031494140625,steady_train
33.87805757392198,18.01031494140625,steady_train
33.92817041592207,18.01031494140625,steady_train
33.97828408901114,18.01031494140625,steady_train
34.02839622402098,18.01031494140625,steady_train
34.078507637022994,18.01031494140625,steady_train
34.12862054898869,18.01031494140625,steady_train
34.178731814958155,18.01031494140625,steady_train
34.22884939098731,18.01031494140625,steady_train
34.2789697520202,18.01031494140625,steady_train
34.329084625002,18.01031494140625,steady_train
34.37919977190904,18.01031494140625,steady_train
34.43062572099734,18.01031494140625,steady_train
34.48103798297234,18.01031494140625,steady_train
34.531151065952145,18.01031494140625,steady_train
34.58125951793045,18.01031494140625,steady_train
34.63137228391133,18.01031494140625,steady_train
34.68163274996914,18.01031494140625,steady_train
34.73174471198581,18.01031494140625,steady_train
34.78204492200166,18.01031494140625,steady_train
34.83305106498301,18.01031494140625,steady_train
34.88316169299651,18.01031494140625,steady_train
34.933273144997656,18.01031494140625,steady_train
34.98338375601452,18.01031494140625,steady_train
35.03352500696201,18.01031494140625,steady_train
35.083644398953766,18.01031494140625,steady_train
35.13375321601052,18.01031494140625,steady_train
35.183869051979855,18.01031494140625,steady_train
35.23397820896935,18.01031494140625,steady_train
35.284089499968104,18.01031494140625,steady_train
35.33420193300117,18.01031494140625,steady_train
35.38468092295807,18.01031494140625,steady_train
35.434796959976666,18.01031494140625,steady_train
35.48491572099738,18.01031494140625,steady_train
35.53503080201335,18.01031494140625,steady_train
35.58515248494223,18.01031494140625,steady_train
35.63526386092417,18.01031494140625,steady_train
35.68537549790926,18.01031494140625,steady_train
35.73548930394463,18.01031494140625,steady_train
35.786433147965,18.01031494140625,steady_train
35.83654888893943,18.01031494140625,steady_train
35.886662691948004,18.01031494140625,steady_train
35.936774602974765,18.01031494140625,steady_train
35.98688858398236,18.01031494140625,steady_train
36.037003620993346,18.01031494140625,steady_train
36.087118687923066,18.01031494140625,steady_train
36.13722906995099,18.01031494140625,steady_train
36.187340860953555,18.01031494140625,steady_train
36.23744990199339,18.01031494140625,steady_train
36.28756411897484,18.01031494140625,steady_train
36.337688490981236,18.01031494140625,steady_train
36.38780260796193,18.01031494140625,steady_train
36.43791862996295,18.01031494140625,steady_train
36.48806924093515,18.01031494140625,steady_train
36.53915429394692,18.01031494140625,steady_train
36.58926909591537,18.01031494140625,steady_train
36.639379577944055,18.01031494140625,steady_train
36.68949364393484,18.01031494140625,steady_train
36.73960676102433,18.01031494140625,steady_train
36.789720786968246,18.01031494140625,steady_train
36.83983222790994,18.01031494140625,steady_train
36.889944799942896,18.01031494140625,steady_train
36.940063023008406,18.01031494140625,steady_train
36.99017577897757,18.01031494140625,steady_train
37.04028782993555,18.01031494140625,steady_train
37.090396921965294,18.01031494140625,steady_train
37.140508083975874,18.01031494140625,steady_train
37.19061817997135,18.01031494140625,steady_train
37.24073119799141,18.01031494140625,steady_train
37.29084226896521,18.01031494140625,steady_train
37.34095984499436,18.01031494140625,steady_train
37.391071587917395,18.01031494140625,steady_train
37.44118476391304,18.01031494140625,steady_train
37.49129691591952,18.01031494140625,steady_train
37.54140751296654,18.01031494140625,steady_train
37.591520783957094,18.01031494140625,steady_train
37.6416344899917,18.01031494140625,steady_train
37.69174724700861,18.01031494140625,steady_train
37.741867288947105,18.01031494140625,steady_train
37.79197930591181,18.01031494140625,steady_train
37.84209192695562,18.01031494140625,steady_train
37.892221197951585,18.01031494140625,steady_train
37.94234004593454,18.01031494140625,steady_train
37.99373470793944,18.01031494140625,steady_train
38.04385159397498,18.01031494140625,steady_train
38.09397608600557,18.01031494140625,steady_train
38.144087331951596,18.01031494140625,steady_train
38.194195917923935,18.01031494140625,steady_train
38.244307135930285,18.01031494140625,steady_train
38.29442020796705,18.01031494140625,steady_train
38.344530423986726,18.01031494140625,steady_train
38.39464692596812,18.01031494140625,steady_train
38.444760927930474,18.01031494140625,steady_train
38.494879742967896,18.01031494140625,steady_train
38.54503288993146,18.01031494140625,steady_train
38.59523990692105,18.01031494140625,steady_train
38.64535310794599,18.01031494140625,steady_train
38.69546758092474,18.01031494140625,steady_train
38.74557791091502,18.01031494140625,steady_train
38.795688492944464,18.01031494140625,steady_train
38.845800195937045,18.01031494140625,steady_train
38.89591189601924,18.01031494140625,steady_train
38.94601959292777,18.01031494140625,steady_train
38.99613263993524,18.01031494140625,steady_train
39.04624405596405,18.01031494140625,steady_train
39.09635182796046,18.01031494140625,steady_train
39.14646293991245,18.01031494140625,steady_train
39.19657447200734,18.01031494140625,steady_train
39.24710370297544,18.01031494140625,steady_train
39.297217999002896,18.01031494140625,steady_train
39.347335499944165,18.01031494140625,steady_train
39.39744009799324,18.01031494140625,steady_train
39.447560633998364,18.01031494140625,steady_train
39.49768166500144,18.01031494140625,steady_train
39.547796470928006,18.01031494140625,steady_train
39.597913692938164,18.01031494140625,steady_train
39.64803058991674,18.01031494140625,steady_train
39.69814765092451,18.01031494140625,steady_train
39.74826207791921,18.01031494140625,steady_train
39.79837712994777,18.01031494140625,steady_train
39.848494411911815,18.01031494140625,steady_train
39.89861937391106,18.01031494140625,steady_train
39.948745360947214,18.01031494140625,steady_train
39.998875850928016,18.01031494140625,steady_train
40.04899367399048,18.01031494140625,steady_train
40.09911852597725,18.01031494140625,steady_train
40.1492421469884,18.01031494140625,steady_train
40.19935969891958,18.01031494140625,steady_train
40.24947611591779,18.01031494140625,steady_train
40.29958952602465,18.01031494140625,steady_train
40.34969977801666,18.01031494140625,steady_train
40.39981087995693,18.01031494140625,steady_train
40.44992313697003,18.01031494140625,steady_train
40.50004248297773,18.01031494140625,steady_train
40.550161028979346,18.01031494140625,steady_train
40.60027885099407,18.01031494140625,steady_train
40.65046606794931,18.01031494140625,steady_train
40.700584915000945,18.01031494140625,steady_train
40.75071918696631,18.01031494140625,steady_train
40.80084906797856,18.01031494140625,steady_train
40.85098215402104,18.01031494140625,steady_train
40.902370351948775,18.01031494140625,steady_train
40.95248652296141,18.01031494140625,steady_train
41.00259741197806,18.01031494140625,steady_train
41.05390046199318,18.01031494140625,steady_train
41.10401495802216,18.01031494140625,steady_train
41.15412794100121,18.01031494140625,steady_train
41.20424282702152,18.01031494140625,steady_train
41.254359487909824,18.01031494140625,steady_train
41.30447566497605,18.01031494140625,steady_train
41.35458857193589,18.01031494140625,steady_train
41.40470151393674,18.01031494140625,steady_train
41.45481451996602,18.01031494140625,steady_train
41.50563132890966,18.01031494140625,steady_train
41.555952424998395,18.01031494140625,steady_train
41.60606546700001,18.01031494140625,steady_train
41.656181878992356,18.01031494140625,steady_train
41.70646562392358,18.01031494140625,steady_train
41.75659173692111,18.01031494140625,steady_train
41.80670503794681,18.01031494140625,steady_train
41.85681783501059,18.01031494140625,steady_train
41.90693288098555,18.01031494140625,steady_train
41.957081562955864,18.01031494140625,steady_train
42.007199418963864,18.01031494140625,steady_train
42.057316026999615,18.01031494140625,steady_train
42.10844379395712,18.01031494140625,steady_train
42.158561796997674,18.01031494140625,steady_train
42.20867613295559,18.01031494140625,steady_train
42.25966433191206,18.01031494140625,steady_train
42.309782187920064,18.01031494140625,steady_train
42.359897113987245,18.01031494140625,steady_train
42.41001034597866,18.01031494140625,steady_train
42.46012432698626,18.01031494140625,steady_train
42.51023820892442,18.01031494140625,steady_train
42.560356630943716,18.01031494140625,steady_train
42.61047254700679,18.01031494140625,steady_train
42.6605848550098,18.01031494140625,steady_train
42.71069957094733,18.01031494140625,steady_train
42.760823712917045,18.01031494140625,steady_train
42.8109491399955,18.01031494140625,steady_train
42.86134027992375,18.01031494140625,steady_train
42.91149011591915,18.01031494140625,steady_train
42.962185311014764,18.01031494140625,steady_train
43.01230294792913,18.01031494140625,steady_train
43.062418984016404,18.01031494140625,steady_train
43.112533736974,18.01031494140625,steady_train
43.162647267919965,18.01031494140625,steady_train
43.212769503938034,18.01031494140625,steady_train
43.26289324101526,18.01031494140625,steady_train
43.313005707925186,18.01031494140625,steady_train
43.36311748996377,18.01031494140625,steady_train
43.4132295770105,18.01031494140625,steady_train
43.46334360202309,18.01031494140625,steady_train
43.51345989992842,18.01031494140625,steady_train
43.56357274192851,18.01031494140625,steady_train
43.61368702398613,18.01031494140625,steady_train
43.66380235401448,18.01031494140625,steady_train
43.71399153000675,18.01031494140625,steady_train
43.7641079230234,18.01031494140625,steady_train
43.81422385992482,18.01031494140625,steady_train
43.864340341999196,18.01031494140625,steady_train
43.91449613298755,18.01031494140625,steady_train
43.96461055893451,18.01031494140625,steady_train
44.01472653099336,18.01031494140625,steady_train
44.06609744799789,18.01031494140625,steady_train
44.116212374996394,18.01031494140625,steady_train
44.166328012011945,18.01031494140625,steady_train
44.21645031799562,18.01031494140625,steady_train
44.2665680849459,18.01031494140625,steady_train
44.31668655597605,18.01031494140625,steady_train
44.366801621974446,18.01031494140625,steady_train
44.416917269001715,18.01031494140625,steady_train
44.46702901599929,18.01031494140625,steady_train
44.51714536291547,18.01031494140625,steady_train
44.56725823297165,18.01031494140625,steady_train
44.617373051005416,18.01031494140625,steady_train
44.667490982916206,18.01031494140625,steady_train
44.71761151496321,18.01031494140625,steady_train
44.76773167599458,18.01031494140625,steady_train
44.81786382291466,18.01031494140625,steady_train
44.86798069998622,18.01031494140625,steady_train
44.91937860194594,18.01031494140625,steady_train
44.969491287949495,18.01031494140625,steady_train
45.0196078409208,18.01031494140625,steady_train
45.06971997092478,18.01031494140625,steady_train
45.12027750199195,18.01031494140625,steady_train
45.170391059014946,18.01031494140625,steady_train
45.22159056097735,18.01031494140625,steady_train
45.27170541300438,18.01031494140625,steady_train
45.32181757397484,18.01031494140625,steady_train
45.37193080596626,18.01031494140625,steady_train
45.422044578008354,18.01031494140625,steady_train
45.47216317395214,18.01031494140625,steady_train
45.522278139949776,18.01031494140625,steady_train
45.57239068695344,18.01031494140625,steady_train
45.62250534794293,18.01031494140625,steady_train
45.67268765391782,18.01031494140625,steady_train
45.7228012769483,18.01031494140625,steady_train
45.77291265700478,18.01031494140625,steady_train
45.823026357917115,18.01031494140625,steady_train
45.873138369992375,18.01031494140625,steady_train
45.92325209302362,18.01031494140625,steady_train
45.97336532291956,18.01031494140625,steady_train
46.02347708493471,18.01031494140625,steady_train
46.0736127019627,18.01031494140625,steady_train
46.12372879800387,18.01031494140625,steady_train
46.17384248995222,18.01031494140625,steady_train
46.22396818792913,18.01031494140625,steady_train
46.274080407922156,18.01031494140625,steady_train
46.32419744494837,18.01031494140625,steady_train
46.374311742023565,18.01031494140625,steady_train
46.42445747891907,18.01031494140625,steady_train
46.47459249000531,18.01031494140625,steady_train
46.52469020499848,18.01031494140625,steady_train
46.574791503022425,18.01031494140625,steady_train
46.624904285999946,18.01031494140625,steady_train
46.675012378022075,18.01031494140625,steady_train
46.72519557294436,18.01031494140625,steady_train
46.775323389912955,18.01031494140625,steady_train
46.82668284792453,18.01031494140625,steady_train
46.87869963294361,18.01031494140625,steady_train
46.92881176795345,18.01031494140625,steady_train
46.978927096002735,18.01031494140625,steady_train
47.02904132299591,18.01031494140625,steady_train
47.079153212951496,18.01031494140625,steady_train
47.13004247692879,18.01031494140625,steady_train
47.18015700997785,18.01031494140625,steady_train
47.23030660091899,18.01031494140625,steady_train
47.28042770293541,18.01031494140625,steady_train
47.33053980395198,18.01031494140625,steady_train
47.38065393094439,18.01031494140625,steady_train
47.431286770966835,18.01031494140625,steady_train
47.48140168294776,18.01031494140625,steady_train
47.53151408396661,18.01031494140625,steady_train
47.58162749593612,18.01031494140625,steady_train
47.631740732933395,18.01031494140625,steady_train
47.68187381897587,18.01031494140625,steady_train
47.731988062965684,18.01031494140625,steady_train
47.7820992419729,18.01031494140625,steady_train
47.83223864901811,18.01031494140625,steady_train
47.88235557998996,18.01031494140625,steady_train
47.93247555696871,18.01031494140625,steady_train
47.98259221401531,18.01031494140625,steady_train
48.03307173401117,18.01031494140625,steady_train
48.083184051909484,18.01031494140625,steady_train
48.13328005198855,18.01031494140625,steady_train
48.18337978795171,18.01031494140625,steady_train
48.23348845692817,18.01031494140625,steady_train
48.28360335796606,18.01031494140625,steady_train
48.333721088944,18.01031494140625,steady_train
48.38383589696605,18.01031494140625,steady_train
48.43396435293835,18.01031494140625,steady_train
48.484079240006395,18.01031494140625,steady_train
48.53419589193072,18.01031494140625,steady_train
48.584311073995195,18.01031494140625,steady_train
48.63442531891633,18.01031494140625,steady_train
48.684538212022744,18.01031494140625,steady_train
48.7346476590028,18.01031494140625,steady_train
48.78476674400736,18.01031494140625,steady_train
48.83489733200986,18.01031494140625,steady_train
48.88501159392763,18.01031494140625,steady_train
48.93570026697125,18.01031494140625,steady_train
48.98581350396853,18.01031494140625,steady_train
49.03593013691716,18.01031494140625,steady_train
49.086045417003334,18.01031494140625,steady_train
49.136195012019016,18.01031494140625,steady_train
49.186315475963056,18.01031494140625,steady_train
49.23643016500864,18.01031494140625,steady_train
49.287923165014945,18.01031494140625,steady_train
49.33803433191497,18.01031494140625,steady_train
49.38819792191498,18.01031494140625,steady_train
49.43831395893358,18.01031494140625,steady_train
49.48842709593009,18.01031494140625,steady_train
49.538538721972145,18.01031494140625,steady_train
49.588652864913456,18.01031494140625,steady_train
49.63876767200418,18.01031494140625,steady_train
49.688890467979945,18.01031494140625,steady_train
49.73900380998384,18.01031494140625,steady_train
49.789116475963965,18.01031494140625,steady_train
49.8392358670244,18.01031494140625,steady_train
49.88935092499014,18.01031494140625,steady_train
49.939463480957784,18.01031494140625,steady_train
49.9895777819911,18.01031494140625,steady_train
50.03969207999762,18.01031494140625,steady_train
50.0898087460082,18.01031494140625,steady_train
50.13994478294626,18.01031494140625,steady_train
50.19006047490984,18.01031494140625,steady_train
50.24062564992346,18.01031494140625,steady_train
50.29073975700885,18.01031494140625,steady_train
50.34086353192106,18.01031494140625,steady_train
50.391737662954256,18.01031494140625,steady_train
50.44185065396596,18.01031494140625,steady_train
50.49201332591474,18.01031494140625,steady_train
50.542130396934226,18.01031494140625,steady_train
50.59225019591395,18.01031494140625,steady_train
50.64236738590989,18.01031494140625,steady_train
50.69248233200051,18.01031494140625,steady_train
50.7426008079201,18.01031494140625,steady_train
50.79271961096674,18.01031494140625,steady_train
50.84283327800222,18.01031494140625,steady_train
50.89295925293118,18.01031494140625,steady_train
50.94307550101075,18.01031494140625,steady_train
50.9932588909287,18.01031494140625,steady_train
51.04337337391917,18.01031494140625,steady_train
51.0934909459902,18.01031494140625,steady_train
51.144993813941255,18.01031494140625,steady_train
51.195740438997746,18.01031494140625,steady_train
51.245850657927804,18.01031494140625,steady_train
51.29597223398741,18.01031494140625,steady_train
51.346763578942046,18.01031494140625,steady_train
51.39688655093778,18.01031494140625,steady_train
51.44700299296528,18.01031494140625,steady_train
51.497153393924236,18.01031494140625,steady_train
51.54726717097219,18.01031494140625,steady_train
51.598441964015365,18.01031494140625,steady_train
51.64855703001376,18.01031494140625,steady_train
51.698668635915965,18.01031494140625,steady_train
51.748790908954106,18.01031494140625,steady_train
51.799971521948464,18.01031494140625,steady_train
51.85008884500712,18.01031494140625,steady_train
51.90020725899376,18.01031494140625,steady_train
51.95032352593262,18.01031494140625,steady_train
52.00105371593963,18.01031494140625,steady_train
52.05117061699275,18.01031494140625,steady_train
52.10128427401651,18.01031494140625,steady_train
52.15140153595712,18.01031494140625,steady_train
52.201516772969626,18.01031494140625,steady_train
52.25163498392794,18.01031494140625,steady_train
52.30175379093271,18.01031494140625,steady_train
52.35188567696605,18.01031494140625,steady_train
52.40199868893251,18.01031494140625,steady_train
52.45211600593757,18.01031494140625,steady_train
52.502232527011074,18.01031494140625,steady_train
52.552346504991874,18.01031494140625,steady_train
52.60248375101946,18.01031494140625,steady_train
52.6526047619991,18.01031494140625,steady_train
52.70272159401793,18.01031494140625,steady_train
52.75282878091093,18.01031494140625,steady_train
52.802939757937565,18.01031494140625,steady_train
52.85305202496238,18.01031494140625,steady_train
52.903165105963126,18.01031494140625,steady_train
52.95327926194295,18.01031494140625,steady_train
53.00339486496523,18.01031494140625,steady_train
53.05351097101811,18.01031494140625,steady_train
53.10431464097928,18.01031494140625,steady_train
53.15442843094934,18.01031494140625,steady_train
53.20455003902316,18.01031494140625,steady_train
53.25467456597835,18.01031494140625,steady_train
53.30480986693874,18.01031494140625,steady_train
53.355870679952204,18.01031494140625,steady_train
53.40714334696531,18.01031494140625,steady_train
53.45726955693681,18.01031494140625,steady_train
53.507404971984215,18.01031494140625,steady_train
53.55753722193185,18.01031494140625,steady_train
53.60767924902029,18.01031494140625,steady_train
53.65782039100304,18.01031494140625,steady_train
53.70794458792079,18.01031494140625,steady_train
53.75805946497712,18.01031494140625,steady_train
53.80838030099403,18.01031494140625,steady_train
53.85849210200831,18.01031494140625,steady_train
53.90860409801826,18.01031494140625,steady_train
53.958715679938905,18.01031494140625,steady_train
54.00882946292404,18.01031494140625,steady_train
54.05894444801379,18.01031494140625,steady_train
54.10905439092312,18.01031494140625,steady_train
54.15916878799908,18.01031494140625,steady_train
54.209283433970995,18.01031494140625,steady_train
54.25942280492745,18.01031494140625,steady_train
54.30954061693046,18.01031494140625,steady_train
54.359659692971036,18.01031494140625,steady_train
54.40981468593236,18.01031494140625,steady_train
54.45993194798939,18.01031494140625,steady_train
54.51004639395978,18.01031494140625,steady_train
54.56016933498904,18.01031494140625,steady_train
54.61028736294247,18.01031494140625,steady_train
54.66040496900678,18.01031494140625,steady_train
54.710521435015835,18.01031494140625,steady_train
54.76064693299122,18.01031494140625,steady_train
54.81078084791079,18.01031494140625,steady_train
54.86089561600238,18.01031494140625,steady_train
54.91100804798771,18.01031494140625,steady_train
54.961123329005204,18.01031494140625,steady_train
55.01123360102065,18.01031494140625,steady_train
55.06135361699853,18.01031494140625,steady_train
55.111478258972056,18.01031494140625,steady_train
55.16159073996823,18.01031494140625,steady_train
55.2117158829933,18.01031494140625,steady_train
55.261836768942885,18.01031494140625,steady_train
55.31196195492521,18.01031494140625,steady_train
55.36207527294755,18.01031494140625,steady_train
55.41219065792393,18.01031494140625,steady_train
55.462301624938846,18.01031494140625,steady_train
55.51241557300091,18.01031494140625,steady_train
55.56372602493502,18.01031494140625,steady_train
55.61384038196411,18.01031494140625,steady_train
55.66396034299396,18.01031494140625,steady_train
55.714072085916996,18.01031494140625,steady_train
55.764186252024956,18.01031494140625,steady_train
55.81431526795495,18.01031494140625,steady_train
55.86443644599058,18.01031494140625,steady_train
55.91454916191287,18.01031494140625,steady_train
55.964659457909875,18.01031494140625,steady_train
56.01477289001923,18.01031494140625,steady_train
56.064888156950474,18.01031494140625,steady_train
56.11500111292116,18.01031494140625,steady_train
56.16517876996659,18.01031494140625,steady_train
56.215294472989626,18.01031494140625,steady_train
56.26540704793297,18.01031494140625,steady_train
56.31692240596749,18.01031494140625,steady_train
56.36704464594368,18.01031494140625,steady_train
56.41716871294193,18.01031494140625,steady_train
56.46728646592237,18.01031494140625,steady_train
56.517435896908864,18.01031494140625,steady_train
56.56755621393677,18.01031494140625,steady_train
56.617671601008624,18.01031494140625,steady_train
56.667788172955625,18.01031494140625,steady_train
56.719135174993426,18.01031494140625,steady_train
56.76925611495972,18.01031494140625,steady_train
56.81937877298333,18.01031494140625,steady_train
56.86949631990865,18.01031494140625,steady_train
56.91961620596703,18.01031494140625,steady_train
56.969729202915914,18.01031494140625,steady_train
57.01984230999369,18.01031494140625,steady_train
57.0699643510161,18.01031494140625,steady_train
57.12007854192052,18.01031494140625,steady_train
57.170196158927865,18.01031494140625,steady_train
57.220315531943925,18.01031494140625,steady_train
57.27065987791866,18.01031494140625,steady_train
57.32077907293569,18.01031494140625,steady_train
57.37089343101252,18.01031494140625,steady_train
57.4210053429706,18.01031494140625,steady_train
57.47112054401077,18.01031494140625,steady_train
57.52241100696847,18.01031494140625,steady_train
57.57252317899838,18.01031494140625,steady_train
57.6226451540133,18.01031494140625,steady_train
57.67276296694763,18.01031494140625,steady_train
57.72288970393129,18.01031494140625,steady_train
57.77300547098275,18.01031494140625,steady_train
57.82383297791239,18.01031494140625,steady_train
57.87394497997593,18.01031494140625,steady_train
57.92405859194696,18.01031494140625,steady_train
57.97417046991177,18.01031494140625,steady_train
58.02428588992916,18.01031494140625,steady_train
58.07440012693405,18.01031494140625,steady_train
58.12451648898423,18.01031494140625,steady_train
58.174626861931756,18.01031494140625,steady_train
58.22474149300251,18.01031494140625,steady_train
58.27486768900417,18.01031494140625,steady_train
58.325004810933024,18.01031494140625,steady_train
58.3751483829692,18.01031494140625,steady_train
58.425269459956326,18.01031494140625,steady_train
58.47538724693004,18.01031494140625,steady_train
58.52550041291397,18.01031494140625,steady_train
58.575614669010974,18.01031494140625,steady_train
58.62573301594239,18.01031494140625,steady_train
58.67584755294956,18.01031494140625,steady_train
58.725976579939015,18.01031494140625,steady_train
58.77609538694378,18.01031494140625,steady_train
58.8262171089882,18.01031494140625,steady_train
58.87632950395346,18.01031494140625,steady_train
58.92644501198083,18.01031494140625,steady_train
58.97655915399082,18.01031494140625,steady_train
59.02667158993427,18.01031494140625,steady_train
59.076784485951066,18.01031494140625,steady_train
59.12689341790974,18.01031494140625,steady_train
59.17700323101599,18.01031494140625,steady_train
59.22712958592456,18.01031494140625,steady_train
59.27727112791035,18.01031494140625,steady_train
59.327384595992044,18.01031494140625,steady_train
59.37749887094833,18.01031494140625,steady_train
59.427612922969274,18.01031494140625,steady_train
59.477725366014056,18.01031494140625,steady_train
59.52822463493794,18.01031494140625,steady_train
59.578341181972064,18.01031494140625,steady_train
59.629118051961996,18.01031494140625,steady_train
59.67991281498689,18.01031494140625,steady_train
59.73002788296435,18.01031494140625,steady_train
59.78117659594864,18.01031494140625,steady_train
59.831291441922076,18.01031494140625,steady_train
59.88139988400508,18.01031494140625,steady_train
59.93151259096339,18.01031494140625,steady_train
59.98162378696725,18.01031494140625,steady_train
60.03173600893933,18.01031494140625,steady_train
60.08184814697597,18.01031494140625,steady_train
60.13196817797143,18.01031494140625,steady_train
60.18208513397258,18.01031494140625,steady_train
60.232243775972165,18.01031494140625,steady_train
60.28241800190881,18.01031494140625,steady_train
60.33253902499564,18.01031494140625,steady_train
60.382651405991055,18.01031494140625,steady_train
60.43276150699239,18.01031494140625,steady_train
60.482919314992614,18.01031494140625,steady_train
60.5330309899291,18.01031494140625,steady_train
60.58314394194167,18.01031494140625,steady_train
60.63325748499483,18.01031494140625,steady_train
60.6833697760012,18.01031494140625,steady_train
60.733480966999196,18.01031494140625,steady_train
60.78360001393594,18.01031494140625,steady_train
60.83372126100585,18.01031494140625,steady_train
60.883834123960696,18.01031494140625,steady_train
60.93395869398955,18.01031494140625,steady_train
60.984073800966144,18.01031494140625,steady_train
61.03418812295422,18.01031494140625,steady_train
61.08430964499712,18.01031494140625,steady_train
61.13442519202363,18.01031494140625,steady_train
61.18453875393607,18.01031494140625,steady_train
61.23465306102298,18.01031494140625,steady_train
61.28476858593058,18.01031494140625,steady_train
61.33489286294207,18.01031494140625,steady_train
61.385012479964644,18.01031494140625,steady_train
61.43540647998452,18.01031494140625,steady_train
61.48552529292647,18.01031494140625,steady_train
61.53571604995523,18.01031494140625,steady_train
61.58582853595726,18.01031494140625,steady_train
61.63593997701537,18.01031494140625,steady_train
61.686053380020894,18.01031494140625,steady_train
61.736174465972,18.01031494140625,steady_train
61.786288472940214,18.01031494140625,steady_train
61.83643740497064,18.01031494140625,steady_train
61.88657215097919,18.01031494140625,steady_train
61.93668344197795,18.01031494140625,steady_train
61.986796459998004,18.01031494140625,steady_train
62.036907730973326,18.01031494140625,steady_train
62.087020366918296,18.01031494140625,steady_train
62.1371337599121,18.01031494140625,steady_train
62.18724531098269,18.01031494140625,steady_train
62.23735538893379,18.01031494140625,steady_train
62.2874686649302,18.01031494140625,steady_train
62.33757898095064,18.01031494140625,steady_train
62.387692117947154,18.01031494140625,steady_train
62.43782537593506,18.01031494140625,steady_train
62.487941220984794,18.01031494140625,steady_train
62.53805814799853,18.01031494140625,steady_train
62.58817514101975,18.01031494140625,steady_train
62.638539957930334,18.01031494140625,steady_train
62.688739383011125,18.01031494140625,steady_train
62.73886450892314,18.01031494140625,steady_train
62.78898804599885,18.01031494140625,steady_train
62.839112136978656,18.01031494140625,steady_train
62.88924092997331,18.01031494140625,steady_train
62.93935583997518,18.01031494140625,steady_train
62.989471076987684,18.01031494140625,steady_train
63.03958777000662,18.01031494140625,steady_train
63.089710584958084,18.01031494140625,steady_train
63.1398270719219,18.01031494140625,steady_train
63.18994170392398,18.01031494140625,steady_train
63.24005301692523,18.01031494140625,steady_train
63.29016380594112,18.01031494140625,steady_train
63.34027674898971,18.01031494140625,steady_train
63.39038965094369,18.01031494140625,steady_train
63.44050677400082,18.01031494140625,steady_train
63.49062299891375,18.01031494140625,steady_train
63.5412609949708,18.01031494140625,steady_train
63.59178480494302,18.01031494140625,steady_train
63.64189590699971,18.01031494140625,steady_train
63.692007637931965,18.01031494140625,steady_train
63.742121869931,18.01031494140625,steady_train
63.792231916915625,18.01031494140625,steady_train
63.84234751295298,18.01031494140625,steady_train
63.89321539795492,18.01031494140625,steady_train
63.94332489394583,18.01031494140625,steady_train
63.99378554499708,18.01031494140625,steady_train
64.04538061202038,18.01031494140625,steady_train
64.09549696196336,18.01031494140625,steady_train
64.14561266393866,18.01031494140625,steady_train
64.19641371897887,18.01031494140625,steady_train
64.24652577494271,18.01031494140625,steady_train
64.29664077202324,18.01031494140625,steady_train
64.34675303893164,18.01031494140625,steady_train
64.39805288100615,18.01031494140625,steady_train
64.44816854398232,18.01031494140625,steady_train
64.49828414001968,18.01031494140625,steady_train
64.54840378591325,18.01031494140625,steady_train
64.59852114797104,18.01031494140625,steady_train
64.64864193100948,18.01031494140625,steady_train
64.6987584020244,18.01031494140625,steady_train
64.74888877396006,18.01031494140625,steady_train
64.79901183501352,18.01031494140625,steady_train
64.84942596091423,18.01031494140625,steady_train
64.89954397792462,18.01031494140625,steady_train
64.94965881993994,18.01031494140625,steady_train
64.99977645592298,18.01031494140625,steady_train
65.04990026797168,18.01031494140625,steady_train
65.10001738392748,18.01031494140625,steady_train
65.15013296995312,18.01031494140625,steady_train
65.20026167796459,18.01031494140625,steady_train
65.25038418394979,18.01031494140625,steady_train
65.3004992819624,18.01031494140625,steady_train
65.35061202291399,18.01031494140625,steady_train
65.40072414895985,18.01031494140625,steady_train
65.45083636196796,18.01031494140625,steady_train
65.50096236891113,18.01031494140625,steady_train
65.55108307499904,18.01031494140625,steady_train
65.60119822097477,18.01031494140625,steady_train
65.65131583402399,18.01031494140625,steady_train
65.7014319349546,18.01031494140625,steady_train
65.75154728698544,18.01031494140625,steady_train
65.80166421295144,18.01031494140625,steady_train
65.85310599999502,18.01031494140625,steady_train
65.90322170197032,18.01031494140625,steady_train
65.95467535301577,18.01031494140625,steady_train
66.00479341100436,18.01031494140625,steady_train
66.0549095569877,18.01031494140625,steady_train
66.10502301901579,18.01031494140625,steady_train
66.1551371809328,18.01031494140625,steady_train
66.20526333793532,18.01031494140625,steady_train
66.25538547895849,18.01031494140625,steady_train
66.30549866100773,18.01031494140625,steady_train
66.35561496892478,18.01031494140625,steady_train
66.4065368269803,18.01031494140625,steady_train
66.45665017596912,18.01031494140625,steady_train
66.50676271494012,18.01031494140625,steady_train
66.556894171983,18.01031494140625,steady_train
66.60700608894695,18.01031494140625,steady_train
66.65828682098072,18.01031494140625,steady_train
66.70839424291626,18.01031494140625,steady_train
66.75854019902181,18.01031494140625,steady_train
66.808783571003,18.01031494140625,steady_train
66.85908966592979,18.01031494140625,steady_train
66.90920197800733,18.01031494140625,steady_train
66.95931436098181,18.01031494140625,steady_train
67.0094255459262,18.01031494140625,steady_train
67.05954249901697,18.01031494140625,steady_train
67.10965623601805,18.01031494140625,steady_train
67.15976969199255,18.01031494140625,steady_train
67.20994187390897,18.01031494140625,steady_train
67.26005894399714,18.01031494140625,steady_train
67.31017288693693,18.01031494140625,steady_train
67.36028658796567,18.01031494140625,steady_train
67.41039832495153,18.01031494140625,steady_train
67.46051126695238,18.01031494140625,steady_train
67.51062683400232,18.01031494140625,steady_train
67.56073887995444,18.01031494140625,steady_train
67.6108694979921,18.01031494140625,steady_train
67.66098459996283,18.01031494140625,steady_train
67.71235935599543,18.01031494140625,steady_train
67.76340218901169,18.01031494140625,steady_train
67.81351738597732,18.01031494140625,steady_train
67.8636314489413,18.01031494140625,steady_train
67.91374291991815,18.01031494140625,steady_train
67.9638623119099,18.01031494140625,steady_train
68.01397633797023,18.01031494140625,steady_train
68.06438089394942,18.01031494140625,steady_train
68.11449283594266,18.01031494140625,steady_train
68.16545654390939,18.01031494140625,steady_train
68.21556810592301,18.01031494140625,steady_train
68.26568320894148,18.01031494140625,steady_train
68.31579711392988,18.01031494140625,steady_train
68.36614268599078,18.01031494140625,steady_train
68.41625611798372,18.01031494140625,steady_train
68.46636953495909,18.01031494140625,steady_train
68.51648146600928,18.01031494140625,steady_train
68.56795003300067,18.01031494140625,steady_train
68.61806159396656,18.01031494140625,steady_train
68.66820853191894,18.01031494140625,steady_train
68.71832263295073,18.01031494140625,steady_train
68.76844235497992,18.01031494140625,steady_train
68.81856462697033,18.01031494140625,steady_train
68.86867744394112,18.01031494140625,steady_train
68.91878953902051,18.01031494140625,steady_train
68.96890154096764,18.01031494140625,steady_train
69.0190145180095,18.01031494140625,steady_train
69.06912769097835,18.01031494140625,steady_train
69.11924183100928,18.01031494140625,steady_train
69.17037036898546,18.01031494140625,steady_train
69.22050707193557,18.01031494140625,steady_train
69.27063268399797,18.01031494140625,steady_train
69.32074654498138,18.01031494140625,steady_train
69.37088020192459,18.01031494140625,steady_train
69.4210075539304,18.01031494140625,steady_train
69.47112381295301,18.01031494140625,steady_train
69.52123543294147,18.01031494140625,steady_train
69.57134759798646,18.01031494140625,steady_train
69.62145652691834,18.01031494140625,steady_train
69.67157281201798,18.01031494140625,steady_train
69.72169627400581,18.01031494140625,steady_train
69.77181084093172,18.01031494140625,steady_train
69.8219272979768,18.01031494140625,steady_train
69.87204540497623,18.01031494140625,steady_train
69.92216135596391,18.01031494140625,steady_train
70.13473031797912,18.01031494140625,steady_train
70.1854651379399,18.01031494140625,steady_train
70.2365976559231,18.01031494140625,steady_train
70.28783889801707,18.01031494140625,steady_train
70.33797036600299,18.01031494140625,steady_train
70.38811709801666,18.01031494140625,steady_train
70.43824466399383,18.01031494140625,steady_train
70.48836068599485,18.01031494140625,steady_train
70.53848393994849,18.01031494140625,steady_train
70.58859941398259,18.01031494140625,steady_train
70.63871035096236,18.01031494140625,steady_train
70.68885348294862,18.01031494140625,steady_train
70.73898658494,18.01031494140625,steady_train
70.78910764097236,18.01031494140625,steady_train
70.83924687793478,18.01031494140625,steady_train
70.8893620549934,18.01031494140625,steady_train
70.93947709095664,18.01031494140625,steady_train
70.98959063296206,18.01031494140625,steady_train
71.03970464493614,18.01031494140625,steady_train
71.08981876692269,18.01031494140625,steady_train
71.13993145199493,18.01031494140625,steady_train
71.19004319992382,18.01031494140625,steady_train
71.24015617591795,18.01031494140625,steady_train
71.29026861395687,18.01031494140625,steady_train
71.34038117597811,18.01031494140625,steady_train
71.3904943219386,18.01031494140625,steady_train
71.44060977897607,18.01031494140625,steady_train
71.49072222993709,18.01031494140625,steady_train
71.5408356830012,18.01031494140625,steady_train
71.59179739491083,18.01031494140625,steady_train
71.64191607199609,18.01031494140625,steady_train
71.69203084998298,18.01031494140625,steady_train
71.74215213092975,18.01031494140625,steady_train
71.79226501798257,18.01031494140625,steady_train
71.84237642493099,18.01031494140625,steady_train
71.89250333595555,18.01031494140625,steady_train
71.94265194691252,18.01031494140625,steady_train
71.9927690050099,18.01031494140625,steady_train
72.04289444093592,18.01031494140625,steady_train
72.09301330393646,18.01031494140625,steady_train
72.14313068496995,18.01031494140625,steady_train
72.19325115601532,18.01031494140625,steady_train
72.2437130069593,18.01031494140625,steady_train
72.29383201093879,18.01031494140625,steady_train
72.34419719001744,18.01031494140625,steady_train
72.3943186319666,18.01031494140625,steady_train
72.4444818169577,18.01031494140625,steady_train
72.49462807993405,18.01031494140625,steady_train
72.54474493698217,18.01031494140625,steady_train
72.59487146395259,18.01031494140625,steady_train
72.64498485496733,18.01031494140625,steady_train
72.6951028109761,18.01031494140625,steady_train
72.74522659298964,18.01031494140625,steady_train
72.79534658498596,18.01031494140625,steady_train
72.84546520200092,18.01031494140625,steady_train
72.89561886398587,18.01031494140625,steady_train
72.94574034493417,18.01031494140625,steady_train
72.99586242600344,18.01031494140625,steady_train
73.04597732296679,18.01031494140625,steady_train
73.09609064599499,18.01031494140625,steady_train
73.14620329695754,18.01031494140625,steady_train
73.19631752790883,18.01031494140625,steady_train
73.24643429601565,18.01031494140625,steady_train
73.2965458179824,18.01031494140625,steady_train
73.34666137897875,18.01031494140625,steady_train
73.39677888492588,18.01031494140625,steady_train
73.44689235300757,18.01031494140625,steady_train
73.4970108299749,18.01031494140625,steady_train
73.54840295691974,18.01031494140625,steady_train
73.5985191729851,18.01031494140625,steady_train
73.64863730594516,18.01031494140625,steady_train
73.69874900591094,18.01031494140625,steady_train
73.74887487792876,18.01031494140625,steady_train
73.798990115989,18.01031494140625,steady_train
73.84910498699173,18.01031494140625,steady_train
73.89921871293336,18.01031494140625,steady_train
73.94932928599883,18.01031494140625,steady_train
73.9994436330162,18.01031494140625,steady_train
74.0495608689962,18.01031494140625,steady_train
74.09967493091244,18.01031494140625,steady_train
74.14978862693533,18.01031494140625,steady_train
74.19990378501825,18.01031494140625,steady_train
74.25113278697245,18.01031494140625,steady_train
74.30124850897118,18.01031494140625,steady_train
74.3513657359872,18.01031494140625,steady_train
74.40148034796584,18.01031494140625,steady_train
74.45159661897924,18.01031494140625,steady_train
74.50171368091833,18.01031494140625,steady_train
74.55182899197098,18.01031494140625,steady_train
74.60194200393744,18.01031494140625,steady_train
74.65205933095422,18.01031494140625,steady_train
74.70276188000571,18.01031494140625,steady_train
74.75288835191168,18.01031494140625,steady_train
74.80301068502013,18.01031494140625,steady_train
74.85313044092618,18.01031494140625,steady_train
74.90324728796259,18.01031494140625,steady_train
74.95336147490889,18.01031494140625,steady_train
75.00349556596484,18.01031494140625,steady_train
75.05361466994509,18.01031494140625,steady_train
75.10373067902401,18.01031494140625,steady_train
75.15412807895336,18.01031494140625,steady_train
75.2042413969757,18.01031494140625,steady_train
75.2543557829922,18.01031494140625,steady_train
75.30538429296575,18.01031494140625,steady_train
75.35550382791553,18.01031494140625,steady_train
75.40563115896657,18.01031494140625,steady_train
75.45574794698041,18.01031494140625,steady_train
75.50588641501963,18.01031494140625,steady_train
75.55600781994872,18.01031494140625,steady_train
75.6061179129174,18.01031494140625,steady_train
75.65622839902062,18.01031494140625,steady_train
75.7063511069864,18.01031494140625,steady_train
75.7564681089716,18.01031494140625,steady_train
75.80658168892842,18.01031494140625,steady_train
75.85669243696611,18.01031494140625,steady_train
75.90680045296904,18.01031494140625,steady_train
75.9569114089245,18.01031494140625,steady_train
76.00702334102243,18.01031494140625,steady_train
76.05713389301673,18.01031494140625,steady_train
76.10724983597174,18.01031494140625,steady_train
76.15736658195965,18.01031494140625,steady_train
76.20747857901733,18.01031494140625,steady_train
76.25870095100254,18.01031494140625,steady_train
76.30951225094032,18.01031494140625,steady_train
76.35962646699045,18.01031494140625,steady_train
76.40973930398468,18.01031494140625,steady_train
76.45986290695146,18.01031494140625,steady_train
76.5099761330057,18.01031494140625,steady_train
76.5601261749398,18.01031494140625,steady_train
76.61024839093443,18.01031494140625,steady_train
76.66038895293605,18.01031494140625,steady_train
76.7105037899455,18.01031494140625,steady_train
76.7606205670163,18.01031494140625,steady_train
76.81074088800233,18.01031494140625,steady_train
76.86086616001558,18.01031494140625,steady_train
76.91124916099943,18.01031494140625,steady_train
76.96136666298844,18.01031494140625,steady_train
77.0114831199171,18.01031494140625,steady_train
77.06159880198538,18.01031494140625,steady_train
77.11171175295021,18.01031494140625,steady_train
77.16183045995422,18.01031494140625,steady_train
77.21194848197047,18.01031494140625,steady_train
77.26228263694793,18.01031494140625,steady_train
77.31240164395422,18.01031494140625,steady_train
77.36252321500797,18.01031494140625,steady_train
77.41263607493602,18.01031494140625,steady_train
77.46275482501369,18.01031494140625,steady_train
77.51288614596706,18.01031494140625,steady_train
77.5630020579556,18.01031494140625,steady_train
77.61311832501087,18.01031494140625,steady_train
77.66409010894131,18.01031494140625,steady_train
77.71420559997205,18.01031494140625,steady_train
77.76431955595035,18.01031494140625,steady_train
77.81443591392599,18.01031494140625,steady_train
77.86454888095614,18.01031494140625,steady_train
77.91466592194047,18.01031494140625,steady_train
77.96477735892404,18.01031494140625,steady_train
78.01488928496838,18.01031494140625,steady_train
78.0650033520069,18.01031494140625,steady_train
78.11511798296124,18.01031494140625,steady_train
78.1652356259292,18.01031494140625,steady_train
78.21535243198741,18.01031494140625,steady_train
78.2654703889275,18.01031494140625,steady_train
78.31564265000634,18.01031494140625,steady_train
78.36702487396542,18.01031494140625,steady_train
78.4171352739213,18.01031494140625,steady_train
78.46725079091266,18.01031494140625,steady_train
78.51736480300315,18.01031494140625,steady_train
78.5675041709328,18.01031494140625,steady_train
78.61885344202165,18.01031494140625,steady_train
78.66914518899284,18.01031494140625,steady_train
78.71956723392941,18.01031494140625,steady_train
78.76969918096438,18.01031494140625,steady_train
78.8198145829374,18.01031494140625,steady_train
78.87029139802326,18.01031494140625,steady_train
78.92040630395059,18.01031494140625,steady_train
78.97051812696736,18.01031494140625,steady_train
79.0206300530117,18.01031494140625,steady_train
79.0707506450126,18.01031494140625,steady_train
79.12101738597266,18.01031494140625,steady_train
79.17113207897637,18.01031494140625,steady_train
79.22124874999281,18.01031494140625,steady_train
79.2713670169469,18.01031494140625,steady_train
79.32148747402243,18.01031494140625,steady_train
79.37160346098244,18.01031494140625,steady_train
79.42171942791902,18.01031494140625,steady_train
79.47185394598637,18.01031494140625,steady_train
79.52198179496918,18.01031494140625,steady_train
79.5720967479283,18.01031494140625,steady_train
79.62220941402484,18.01031494140625,steady_train
79.67232485092245,18.01031494140625,steady_train
79.72244046197738,18.01031494140625,steady_train
79.77255699492525,18.01031494140625,steady_train
79.82267130201217,18.01031494140625,steady_train
79.87278656300623,18.01031494140625,steady_train
79.92290461994708,18.01031494140625,steady_train
79.97302355093416,18.01031494140625,steady_train
80.02313751901966,18.01031494140625,steady_train
80.07325188897084,18.01031494140625,steady_train
80.12336737592705,18.01031494140625,steady_train
80.17348208895419,18.01031494140625,steady_train
80.22359265992418,18.01031494140625,steady_train
80.27371509792283,18.01031494140625,steady_train
80.32382883795071,18.01031494140625,steady_train
80.37394479592331,18.01031494140625,steady_train
80.42405739298556,18.01031494140625,steady_train
80.47417374991346,18.01031494140625,steady_train
80.52428879996296,18.01031494140625,steady_train
80.57440427294932,18.01031494140625,steady_train
80.62496794294566,18.01031494140625,steady_train
80.67511521501001,18.01031494140625,steady_train
80.72524772700854,18.01031494140625,steady_train
80.7756178729469,18.01031494140625,steady_train
80.82575063896365,18.01031494140625,steady_train
80.87690121599007,18.01031494140625,steady_train
80.92701652797405,18.01031494140625,steady_train
80.97712943993974,18.01031494140625,steady_train
81.02725136792287,18.01031494140625,steady_train
81.07736610400025,18.01031494140625,steady_train
81.12747942598071,18.01031494140625,steady_train
81.17758991301525,18.01031494140625,steady_train
81.22770559496712,18.01031494140625,steady_train
81.27781760599464,18.01031494140625,steady_train
81.32793000293896,18.01031494140625,steady_train
81.37804139894433,18.01031494140625,steady_train
81.42815561091993,18.01031494140625,steady_train
81.47826592891943,18.01031494140625,steady_train
81.5283799659228,18.01031494140625,steady_train
81.57849566591904,18.01031494140625,steady_train
81.62861060898285,18.01031494140625,steady_train
81.67872193502262,18.01031494140625,steady_train
81.72883692302275,18.01031494140625,steady_train
81.77896761894226,18.01031494140625,steady_train
81.829082135926,18.01031494140625,steady_train
81.87919432693161,18.01031494140625,steady_train
81.92930860898923,18.01031494140625,steady_train
81.97944916598499,18.01031494140625,steady_train
82.0295997869689,18.01031494140625,steady_train
82.0797154349275,18.01031494140625,steady_train
82.12982710194774,18.01031494140625,steady_train
82.17994003696367,18.01031494140625,steady_train
82.2300638150191,18.01031494140625,steady_train
82.28017640195321,18.01031494140625,steady_train
82.33028975396883,18.01031494140625,steady_train
82.38041068497114,18.01031494140625,steady_train
82.43052640592214,18.01031494140625,steady_train
82.48090138297994,18.01031494140625,steady_train
82.53101744398009,18.01031494140625,steady_train
82.58113297098316,18.01031494140625,steady_train
82.63124470296316,18.01031494140625,steady_train
82.68135991995223,18.01031494140625,steady_train
82.73156985698733,18.01031494140625,steady_train
82.78169971692842,18.01031494140625,steady_train
82.83181351993699,18.01031494140625,steady_train
82.88192921096925,18.01031494140625,steady_train
82.93215353298001,18.01031494140625,steady_train
82.98226606997196,18.01031494140625,steady_train
83.03238031698857,18.01031494140625,steady_train
83.08249272895046,18.01031494140625,steady_train
83.13394879491534,18.01031494140625,steady_train
83.18405779101886,18.01031494140625,steady_train
83.23418307292741,18.01031494140625,steady_train
83.28429412096739,18.01031494140625,steady_train
83.33440484292805,18.01031494140625,steady_train
83.38572012400255,18.01031494140625,steady_train
83.43620628095232,18.01031494140625,steady_train
83.48631858092267,18.01031494140625,steady_train
83.53643054899294,18.01031494140625,steady_train
83.58654526993632,18.01031494140625,steady_train
83.63666907302104,18.01031494140625,steady_train
83.68678150791675,18.01031494140625,steady_train
83.73689569497947,18.01031494140625,steady_train
83.78701350593474,18.01031494140625,steady_train
83.83713404496666,18.01031494140625,steady_train
83.88724577100947,18.01031494140625,steady_train
83.93735989695415,18.01031494140625,steady_train
83.9874757740181,18.01031494140625,steady_train
84.03759025700856,18.01031494140625,steady_train
84.08770324895158,18.01031494140625,steady_train
84.13781827094499,18.01031494140625,steady_train
84.18793646595441,18.01031494140625,steady_train
84.23804908897728,18.01031494140625,steady_train
84.28815692092758,18.01031494140625,steady_train
84.33826878794935,18.01031494140625,steady_train
84.38838242401835,18.01031494140625,steady_train
84.43852855497971,18.01031494140625,steady_train
84.48869133798871,18.01031494140625,steady_train
84.53946536697913,18.01031494140625,steady_train
84.58957907895092,18.01031494140625,steady_train
84.63969872600865,18.01031494140625,steady_train
84.68981935200281,18.01031494140625,steady_train
84.73993587796576,18.01031494140625,steady_train
84.79107649100479,18.01031494140625,steady_train
84.84119486401323,18.01031494140625,steady_train
84.89132223592605,18.01031494140625,steady_train
84.94245226401836,18.01031494140625,steady_train
84.99256627098657,18.01031494140625,steady_train
85.04267988796346,18.01031494140625,steady_train
85.09279696794692,18.01031494140625,steady_train
85.14291285502259,18.01031494140625,steady_train
85.19302661297843,18.01031494140625,steady_train
85.24314201495145,18.01031494140625,steady_train
85.29325733100995,18.01031494140625,steady_train
85.34336837695446,18.01031494140625,steady_train
85.39348228892777,18.01031494140625,steady_train
85.4435954169603,18.01031494140625,steady_train
85.49370737397112,18.01031494140625,steady_train
85.54421851900406,18.01031494140625,steady_train
85.59433566092048,18.01031494140625,steady_train
85.64445609692484,18.01031494140625,steady_train
85.69456973893102,18.01031494140625,steady_train
85.74468986492138,18.01031494140625,steady_train
85.79481311200652,18.01031494140625,steady_train
85.84492977894843,18.01031494140625,steady_train
85.89504422200844,18.01031494140625,steady_train
85.94636859302409,18.01031494140625,steady_train
85.99649043602403,18.01031494140625,steady_train
86.04662117094267,18.01031494140625,steady_train
86.09673854894936,18.01031494140625,steady_train
86.1468518510228,18.01031494140625,steady_train
86.19698386802338,18.01031494140625,steady_train
86.24711540399585,18.01031494140625,steady_train
86.29723374499008,18.01031494140625,steady_train
86.34734277194366,18.01031494140625,steady_train
86.39745250996202,18.01031494140625,steady_train
86.4475635009585,18.01031494140625,steady_train
86.49767472792882,18.01031494140625,steady_train
86.54779166996013,18.01031494140625,steady_train
86.59791035600938,18.01031494140625,steady_train
86.6480254479684,18.01031494140625,steady_train
86.69814418093301,18.01031494140625,steady_train
86.748264721944,18.01031494140625,steady_train
86.799691417953,18.01031494140625,steady_train
86.84981352102477,18.01031494140625,steady_train
86.89992703299504,18.01031494140625,steady_train
86.95003727497533,18.01031494140625,steady_train
87.00015520199668,18.01031494140625,steady_train
87.05026975797955,18.01031494140625,steady_train
87.1016851849854,18.01031494140625,steady_train
87.15340728894807,18.01031494140625,steady_train
87.20351592695806,18.01031494140625,steady_train
87.25362731399946,18.01031494140625,steady_train
87.3037392559927,18.01031494140625,steady_train
87.353885198012,18.01031494140625,steady_train
87.40399799495935,18.01031494140625,steady_train
87.4541091119172,18.01031494140625,steady_train
87.50422275695018,18.01031494140625,steady_train
87.55442921898793,18.01031494140625,steady_train
87.60455299192108,18.01031494140625,steady_train
87.65466920798644,18.01031494140625,steady_train
87.704784180969,18.01031494140625,steady_train
87.75489916093647,18.01031494140625,steady_train
87.80501424800605,18.01031494140625,steady_train
87.85512883099727,18.01031494140625,steady_train
87.90524355799425,18.01031494140625,steady_train
87.95535770000424,18.01031494140625,steady_train
88.00547257100698,18.01031494140625,steady_train
88.05558802792802,18.01031494140625,steady_train
88.10570324398577,18.01031494140625,steady_train
88.15581490693148,18.01031494140625,steady_train
88.20592898793984,18.01031494140625,steady_train
88.25608256296255,18.01031494140625,steady_train
88.30627959698904,18.01031494140625,steady_train
88.35643993702251,18.01031494140625,steady_train
88.40655935998075,18.01031494140625,steady_train
88.45667320699431,18.01031494140625,steady_train
88.50678640801925,18.01031494140625,steady_train
88.55689985095523,18.01031494140625,steady_train
88.60701453092042,18.01031494140625,steady_train
88.6571486130124,18.01031494140625,steady_train
88.70726753491908,18.01031494140625,steady_train
88.75739580695517,18.01031494140625,steady_train
88.80754026398063,18.01031494140625,steady_train
88.85780671995599,18.01031494140625,steady_train
88.90792314591818,18.01031494140625,steady_train
88.9580357959494,18.01031494140625,steady_train
89.00814874097705,18.01031494140625,steady_train
89.05825977295171,18.01031494140625,steady_train
89.10837610496674,18.01031494140625,steady_train
89.15923600294627,18.01031494140625,steady_train
89.2093495799927,18.01031494140625,steady_train
89.25946276099421,18.01031494140625,steady_train
89.30957865400705,18.01031494140625,steady_train
89.35970324091613,18.01031494140625,steady_train
89.40981710702181,18.01031494140625,steady_train
89.45993055799045,18.01031494140625,steady_train
89.51084761694074,18.01031494140625,steady_train
89.56097318499815,18.01031494140625,steady_train
89.61108400695957,18.01031494140625,steady_train
89.66119657398667,18.01031494140625,steady_train
89.7122056609951,18.01031494140625,steady_train
89.76231911894865,18.01031494140625,steady_train
89.81243300496135,18.01031494140625,steady_train
89.86254695197567,18.01031494140625,steady_train
89.91266396397259,18.01031494140625,steady_train
89.9627822060138,18.01031494140625,steady_train
90.01289646793157,18.01031494140625,steady_train
90.06301402894314,18.01031494140625,steady_train
90.11312863591593,18.01031494140625,steady_train
90.16324511298444,18.01031494140625,steady_train
90.21335811994504,18.01031494140625,steady_train
90.26357772899792,18.01031494140625,steady_train
90.31368611799553,18.01031494140625,steady_train
90.36387416999787,18.01031494140625,steady_train
90.4139895819826,18.01031494140625,steady_train
90.46410257695243,18.01031494140625,steady_train
90.51421507599298,18.01031494140625,steady_train
90.56432771100663,18.01031494140625,steady_train
90.61443981295452,18.01031494140625,steady_train
90.66455048602074,18.01031494140625,steady_train
90.71466552198399,18.01031494140625,steady_train
90.76477903791238,18.01031494140625,steady_train
90.81539463798981,18.01031494140625,steady_train
90.86552550992928,18.01031494140625,steady_train
90.91564184299204,18.01031494140625,steady_train
90.96575386496261,18.01031494140625,steady_train
91.01588110695593,18.01031494140625,steady_train
91.06599364301655,18.01031494140625,steady_train
91.11610852892045,18.01031494140625,steady_train
91.1662384410156,18.01031494140625,steady_train
91.21636065293569,18.01031494140625,steady_train
91.26648250501603,18.01031494140625,steady_train
91.31659924099222,18.01031494140625,steady_train
91.36672812397592,18.01031494140625,steady_train
91.41683924093377,18.01031494140625,steady_train
91.46697803796269,18.01031494140625,steady_train
91.51708975294605,18.01031494140625,steady_train
91.56720774597488,18.01031494140625,steady_train
91.6173162329942,18.01031494140625,steady_train
91.66742663399782,18.01031494140625,steady_train
91.71753937192261,18.01031494140625,steady_train
91.76765514397994,18.01031494140625,steady_train
91.81776836898644,18.01031494140625,steady_train
91.86811294592917,18.01031494140625,steady_train
91.91832212801091,18.01031494140625,steady_train
91.96843345393427,18.01031494140625,steady_train
92.01854659093078,18.01031494140625,steady_train
92.06869944697246,18.01031494140625,steady_train
92.11882893496659,18.01031494140625,steady_train
92.1689410120016,18.01031494140625,steady_train
92.21905767801218,18.01031494140625,steady_train
92.26917516498361,18.01031494140625,steady_train
92.31929639098234,18.01031494140625,steady_train
92.36940939794295,18.01031494140625,steady_train
92.41952185996342,18.01031494140625,steady_train
92.47078564797994,18.01031494140625,steady_train
92.52090275392402,18.01031494140625,steady_train
92.57101620198227,18.01031494140625,steady_train
92.62112908891868,18.01031494140625,steady_train
92.67124093999155,18.01031494140625,steady_train
92.72135313693434,18.01031494140625,steady_train
92.7714708589483,18.01031494140625,steady_train
92.82158906501718,18.01031494140625,steady_train
92.87170192692429,18.01031494140625,steady_train
92.92268556996714,18.01031494140625,steady_train
92.97280246799346,18.01031494140625,steady_train
93.02291921898723,18.01031494140625,steady_train
93.07303289195988,18.01031494140625,steady_train
93.12314709892962,18.01031494140625,steady_train
93.17350691894535,18.01031494140625,steady_train
93.22361865092535,18.01031494140625,steady_train
93.27372947195545,18.01031494140625,steady_train
93.32384194491897,18.01031494140625,steady_train
93.37396272202022,18.01031494140625,steady_train
93.42407396296039,18.01031494140625,steady_train
93.47418365092017,18.01031494140625,steady_train
93.52431158092804,18.01031494140625,steady_train
93.5744294730248,18.01031494140625,steady_train
93.62454072595574,18.01031494140625,steady_train
93.67465172195807,18.01031494140625,steady_train
93.72479322901927,18.01031494140625,steady_train
93.77491005090997,18.01031494140625,steady_train
93.82502134691458,18.01031494140625,steady_train
93.87513503397349,18.01031494140625,steady_train
93.92524463601876,18.01031494140625,steady_train
93.97535324294586,18.01031494140625,steady_train
94.02616456791293,18.01031494140625,steady_train
94.07633430394344,18.01031494140625,steady_train
94.1264541799901,18.01031494140625,steady_train
94.1765674269991,18.01031494140625,steady_train
94.2267671629088,18.01031494140625,steady_train
94.2769188209204,18.01031494140625,steady_train
94.32703213300556,18.01031494140625,steady_train
94.3771464289166,18.01031494140625,steady_train
94.42791515798308,18.01031494140625,steady_train
94.47803151991684,18.01031494140625,steady_train
94.5281458129175,18.01031494140625,steady_train
94.57826480898075,18.01031494140625,steady_train
94.6283875509398,18.01031494140625,steady_train
94.67850607796572,18.01031494140625,steady_train
94.72862195002381,18.01031494140625,steady_train
94.77874172700103,18.01031494140625,steady_train
94.82885206397623,18.01031494140625,steady_train
94.87897909502499,18.01031494140625,steady_train
94.92910508194473,18.01031494140625,steady_train
94.97922355798073,18.01031494140625,steady_train
95.0293410399463,18.01031494140625,steady_train
95.07945735799149,18.01031494140625,steady_train
95.12957717792597,18.01031494140625,steady_train
95.17986487096641,18.01031494140625,steady_train
95.23038401000667,18.01031494140625,steady_train
95.28049898298923,18.01031494140625,steady_train
95.33063062396832,18.01031494140625,steady_train
95.38075443101116,18.01031494140625,steady_train
95.43087427702267,18.01031494140625,steady_train
95.48098762496375,18.01031494140625,steady_train
95.53110132098664,18.01031494140625,steady_train
95.5812393130036,18.01031494140625,steady_train
95.63134986395016,18.01031494140625,steady_train
95.6814607270062,18.01031494140625,steady_train
95.73283295391593,18.01031494140625,steady_train
95.7829463549424,18.01031494140625,steady_train
95.83305777795613,18.01031494140625,steady_train
95.88317032996565,18.01031494140625,steady_train
95.93328470201232,18.01031494140625,steady_train
95.98339714691974,18.01031494140625,steady_train
96.03364917996805,18.01031494140625,steady_train
96.08376087597571,18.01031494140625,steady_train
96.13388696801849,18.01031494140625,steady_train
96.18400170991663,18.01031494140625,steady_train
96.23411351093091,18.01031494140625,steady_train
96.28422546293586,18.01031494140625,steady_train
96.33434176491573,18.01031494140625,steady_train
96.38445845292881,18.01031494140625,steady_train
96.43457209295593,18.01031494140625,steady_train
96.48468654497992,18.01031494140625,steady_train
96.53480139793828,18.01031494140625,steady_train
96.58491564693395,18.01031494140625,steady_train
96.6350302909268,18.01031494140625,steady_train
96.68514632293954,18.01031494140625,steady_train
96.73525917402003,18.01031494140625,steady_train
96.78537488693837,18.01031494140625,steady_train
96.83548791101202,18.01031494140625,steady_train
96.88559881097171,18.01031494140625,steady_train
96.93571433296893,18.01031494140625,steady_train
96.98583679401781,18.01031494140625,steady_train
97.03596232598647,18.01031494140625,steady_train
97.08607477799524,18.01031494140625,steady_train
97.1361870339606,18.01031494140625,steady_train
97.18630133697297,18.01031494140625,steady_train
97.23641246196348,18.01031494140625,steady_train
97.28654005401768,18.01031494140625,steady_train
97.33675583195873,18.01031494140625,steady_train
97.38803376897704,18.01031494140625,steady_train
97.43814477999695,18.01031494140625,steady_train
97.48934405797627,18.01031494140625,steady_train
97.53945496992674,18.01031494140625,steady_train
97.58956535195466,18.01031494140625,steady_train
97.63967441802379,18.01031494140625,steady_train
97.68978396500461,18.01031494140625,steady_train
97.74064210092183,18.01031494140625,steady_train
97.7907523419708,18.01031494140625,steady_train
97.84089508396573,18.01031494140625,steady_train
97.89100882492494,18.01031494140625,steady_train
97.94113925297279,18.01031494140625,steady_train
97.99126780300867,18.01031494140625,steady_train
98.04140313493554,18.01031494140625,steady_train
98.09151659195777,18.01031494140625,steady_train
98.14162923395634,18.01031494140625,steady_train
98.19174325594213,18.01031494140625,steady_train
98.24186567298602,18.01031494140625,steady_train
98.29198172898032,18.01031494140625,steady_train
98.34209347597789,18.01031494140625,steady_train
98.39220796397422,18.01031494140625,steady_train
98.44232233602088,18.01031494140625,steady_train
98.49243736790959,18.01031494140625,steady_train
98.5425513839582,18.01031494140625,steady_train
98.59266699594446,18.01031494140625,steady_train
98.64278324192856,18.01031494140625,steady_train
98.69289645901881,18.01031494140625,steady_train
98.7430875269929,18.01031494140625,steady_train
98.79320300300606,18.01031494140625,steady_train
98.84331569401547,18.01031494140625,steady_train
98.89342804101761,18.01031494140625,steady_train
98.94353900896385,18.01031494140625,steady_train
98.99364971998148,18.01031494140625,steady_train
99.04377139091957,18.01031494140625,steady_train
99.09389919799287,18.01031494140625,steady_train
99.14503473695368,18.01031494140625,steady_train
99.1951571139507,18.01031494140625,steady_train
99.24533032102045,18.01031494140625,steady_train
99.29544502799399,18.01031494140625,steady_train
99.34555808396544,18.01031494140625,steady_train
99.39567510096822,18.01031494140625,steady_train
99.44579258793965,18.01031494140625,steady_train
99.49591073999181,18.01031494140625,steady_train
99.54602528200485,18.01031494140625,steady_train
99.59615061699878,18.01031494140625,steady_train
99.64626316993963,18.01031494140625,steady_train
99.6963744959794,18.01031494140625,steady_train
99.74650348292198,18.01031494140625,steady_train
99.79661490500439,18.01031494140625,steady_train
99.84672748192679,18.01031494140625,steady_train
99.89683864300605,18.01031494140625,steady_train
99.94696567999199,18.01031494140625,steady_train
99.99707746692002,18.01031494140625,steady_train
100.04718997492455,18.01031494140625,steady_train
100.09730392694473,18.01031494140625,steady_train
100.14741789794061,18.01031494140625,steady_train
100.19804389297497,18.01031494140625,steady_train
100.24815651995596,18.01031494140625,steady_train
100.29826933098957,18.01031494140625,steady_train
100.34913505392615,18.01031494140625,steady_train
100.39926338195801,18.01031494140625,steady_train
100.44938374392223,18.01031494140625,steady_train
100.49949941597879,18.01031494140625,steady_train
100.54961812798865,18.01031494140625,steady_train
100.59975616494194,18.01031494140625,steady_train
100.64988059201278,18.01031494140625,steady_train
100.69999617396388,18.01031494140625,steady_train
100.7501153309131,18.01031494140625,steady_train
100.8002298369538,18.01031494140625,steady_train
100.85034724301659,18.01031494140625,steady_train
100.9004615410231,18.01031494140625,steady_train
100.95057401293889,18.01031494140625,steady_train
101.00068310892675,18.01031494140625,steady_train
101.05080027098302,18.01031494140625,steady_train
101.10091147792991,18.01031494140625,steady_train
101.15102750901133,18.01031494140625,steady_train
101.20114569598809,18.01031494140625,steady_train
101.25125990796369,18.01031494140625,steady_train
101.30206234799698,18.01031494140625,steady_train
101.35277015692554,18.01031494140625,steady_train
101.40289338398725,18.01031494140625,steady_train
101.45300721691456,18.01031494140625,steady_train
101.50311938801315,18.01031494140625,steady_train
101.55322974501178,18.01031494140625,steady_train
101.60354651894886,18.01031494140625,steady_train
101.65365755197126,18.01031494140625,steady_train
101.70377060491592,18.01031494140625,steady_train
101.75389616598841,18.01031494140625,steady_train
101.80400697898585,18.01031494140625,steady_train
101.8541194209829,18.01031494140625,steady_train
101.90423252701294,18.01031494140625,steady_train
101.95563254493754,18.01031494140625,steady_train
102.0057455659844,18.01031494140625,steady_train
102.05586740293074,18.01031494140625,steady_train
102.10597863991279,18.01031494140625,steady_train
102.15609201195184,18.01031494140625,steady_train
102.20620603801217,18.01031494140625,steady_train
102.25632055092137,18.01031494140625,steady_train
102.30647719593253,18.01031494140625,steady_train
102.3566376279341,18.01031494140625,steady_train
102.40675478498451,18.01031494140625,steady_train
102.45688172301743,18.01031494140625,steady_train
102.50700087298173,18.01031494140625,steady_train
102.55712292599492,18.01031494140625,steady_train
102.60723611700814,18.01031494140625,steady_train
102.65735272993334,18.01031494140625,steady_train
102.70814207394142,18.01031494140625,steady_train
102.75825924100354,18.01031494140625,steady_train
102.80837575800251,18.01031494140625,steady_train
102.85848966892809,18.01031494140625,steady_train
102.90860312595032,18.01031494140625,steady_train
102.95871745795012,18.01031494140625,steady_train
103.00883099995553,18.01031494140625,steady_train
103.05894365697168,18.01031494140625,steady_train
103.10905692295637,18.01031494140625,steady_train
103.15916821500286,18.01031494140625,steady_train
103.20928528695367,18.01031494140625,steady_train
103.25940842891578,18.01031494140625,steady_train
103.30952551099472,18.01031494140625,steady_train
103.35963806696236,18.01031494140625,steady_train
103.4097563449759,18.01031494140625,steady_train
103.46114532696083,18.01031494140625,steady_train
103.51125792693347,18.01031494140625,steady_train
103.56137150595896,18.01031494140625,steady_train
103.61148421792313,18.01031494140625,steady_train
103.66159499902278,18.01031494140625,steady_train
103.71170706592966,18.01031494140625,steady_train
103.76183419197332,18.01031494140625,steady_train
103.81195884395856,18.01031494140625,steady_train
103.86206910701003,18.01031494140625,steady_train
103.91218213399407,18.01031494140625,steady_train
103.96264834795147,18.01031494140625,steady_train
104.01275956002064,18.01031494140625,steady_train
104.06288087798748,18.01031494140625,steady_train
104.11299562000204,18.01031494140625,steady_train
104.16310778493062,18.01031494140625,steady_train
104.21322234196123,18.01031494140625,steady_train
104.26333720900584,18.01031494140625,steady_train
104.31345190200955,18.01031494140625,steady_train
104.3635674539255,18.01031494140625,steady_train
104.4136790499324,18.01031494140625,steady_train
104.46379282791167,18.01031494140625,steady_train
104.51390909892507,18.01031494140625,steady_train
104.56403789494652,18.01031494140625,steady_train
104.61415064695757,18.01031494140625,steady_train
104.66426986898296,18.01031494140625,steady_train
104.71439038193785,18.01031494140625,steady_train
104.76450625795405,18.01031494140625,steady_train
104.81462179496884,18.01031494140625,steady_train
104.86473614594433,18.01031494140625,steady_train
104.91486891801469,18.01031494140625,steady_train
104.96500621491577,18.01031494140625,steady_train
105.01512394298334,18.01031494140625,steady_train
105.06523428892251,18.01031494140625,steady_train
105.11535241093952,18.01031494140625,steady_train
105.16547495196573,18.01031494140625,steady_train
105.21558974997606,18.01031494140625,steady_train
105.2657028469257,18.01031494140625,steady_train
105.31581957801245,18.01031494140625,steady_train
105.36593420594,18.01031494140625,steady_train
105.41605038696434,18.01031494140625,steady_train
105.46618538897019,18.01031494140625,steady_train
105.51632707600947,18.01031494140625,steady_train
105.56702827394474,18.01031494140625,steady_train
105.61714171699714,18.01031494140625,steady_train
105.66725499299355,18.01031494140625,steady_train
105.71736804000102,18.01031494140625,steady_train
105.76801162492484,18.01031494140625,steady_train
105.81811994791497,18.01031494140625,steady_train
105.86823179991916,18.01031494140625,steady_train
105.91834304097574,18.01031494140625,steady_train
105.96845644793939,18.01031494140625,steady_train
106.01858041493688,18.01031494140625,steady_train
106.06869318697136,18.01031494140625,steady_train
106.11880457401276,18.01031494140625,steady_train
106.16891853092238,18.01031494140625,steady_train
106.21903483301867,18.01031494140625,steady_train
106.26914912892971,18.01031494140625,steady_train
106.31926234497223,18.01031494140625,steady_train
106.3693740379531,18.01031494140625,steady_train
106.41948762501124,18.01031494140625,steady_train
106.46960634191055,18.01031494140625,steady_train
106.51972351793665,18.01031494140625,steady_train
106.56983875995502,18.01031494140625,steady_train
106.61997177696321,18.01031494140625,steady_train
106.6708696159767,18.01031494140625,steady_train
106.72098610794637,18.01031494140625,steady_train
106.7711055149557,18.01031494140625,steady_train
106.82123473694082,18.01031494140625,steady_train
106.87135857401881,18.01031494140625,steady_train
106.9214747089427,18.01031494140625,steady_train
106.9715912520187,18.01031494140625,steady_train
107.02172658895142,18.01031494140625,steady_train
107.07184891495854,18.01031494140625,steady_train
107.12197494797874,18.01031494140625,steady_train
107.17208936996758,18.01031494140625,steady_train
107.22220266598742,18.01031494140625,steady_train
107.27231444197241,18.01031494140625,steady_train
107.32242559897713,18.01031494140625,steady_train
107.37253764702473,18.01031494140625,steady_train
107.42265149799641,18.01031494140625,steady_train
107.47276294091716,18.01031494140625,steady_train
107.52400849293917,18.01031494140625,steady_train
107.57411842397414,18.01031494140625,steady_train
107.62423155095894,18.01031494140625,steady_train
107.67433977301698,18.01031494140625,steady_train
107.72444938600529,18.01031494140625,steady_train
107.774608341977,18.01031494140625,steady_train
107.82475214393344,18.01031494140625,steady_train
107.87488037592266,18.01031494140625,steady_train
107.92500169295818,18.01031494140625,steady_train
107.97546415298712,18.01031494140625,steady_train
108.02557309495751,18.01031494140625,steady_train
108.07568202191032,18.01031494140625,steady_train
108.12579365901183,18.01031494140625,steady_train
108.17590608494356,18.01031494140625,steady_train
108.22601761692204,18.01031494140625,steady_train
108.27612941898406,18.01031494140625,steady_train
108.32624621002469,18.01031494140625,steady_train
108.37635941291228,18.01031494140625,steady_train
108.42710021301173,18.01031494140625,steady_train
108.47744845296256,18.01031494140625,steady_train
108.5275609960081,18.01031494140625,steady_train
108.57767246791627,18.01031494140625,steady_train
108.6278748139739,18.01031494140625,steady_train
108.67799183097668,18.01031494140625,steady_train
108.72810845298227,18.01031494140625,steady_train
108.77822634892073,18.01031494140625,steady_train
108.82840719493106,18.01031494140625,steady_train
108.87852574291173,18.01031494140625,steady_train
108.92864208994433,18.01031494140625,steady_train
108.9787576609524,18.01031494140625,steady_train
109.03008471394423,18.01031494140625,steady_train
109.08020074001979,18.01031494140625,steady_train
109.13031566201244,18.01031494140625,steady_train
109.18043225002475,18.01031494140625,steady_train
109.23058014095295,18.01031494140625,steady_train
109.28069294791203,18.01031494140625,steady_train
109.33080374996644,18.01031494140625,steady_train
109.38091328495648,18.01031494140625,steady_train
109.4310243439395,18.01031494140625,steady_train
109.48114037001505,18.01031494140625,steady_train
109.53125401295256,18.01031494140625,steady_train
109.58136822492816,18.01031494140625,steady_train
109.6314852759242,18.01031494140625,steady_train
109.68160098791122,18.01031494140625,steady_train
109.73171654902399,18.01031494140625,steady_train
109.78183050197549,18.01031494140625,steady_train
109.83194204897154,18.01031494140625,steady_train
109.88207937998232,18.01031494140625,steady_train
109.93219867593143,18.01031494140625,steady_train
109.98312872101087,18.01031494140625,steady_train
110.03324626293033,18.01031494140625,steady_train
110.0833584649954,18.01031494140625,steady_train
110.13347165193409,18.01031494140625,steady_train
110.18358503794298,18.01031494140625,steady_train
110.233696796,18.01031494140625,steady_train
110.28381055698264,18.01031494140625,steady_train
110.33392596396152,18.01031494140625,steady_train
110.38403922494035,18.01031494140625,steady_train
110.4341506519122,18.01031494140625,steady_train
110.48426516901236,18.01031494140625,steady_train
110.53437747200951,18.01031494140625,steady_train
110.58576163894031,18.01031494140625,steady_train
110.63588406099007,18.01031494140625,steady_train
110.68599703791551,18.01031494140625,steady_train
110.73611323500518,18.01031494140625,steady_train
110.78622763999738,18.01031494140625,steady_train
110.83634404791519,18.01031494140625,steady_train
110.88645991892554,18.01031494140625,steady_train
110.93657276593149,18.01031494140625,steady_train
110.98757552995812,18.01031494140625,steady_train
111.03769184695557,18.01031494140625,steady_train
111.08781114791054,18.01031494140625,steady_train
111.13793137599714,18.01031494140625,steady_train
111.18804408796132,18.01031494140625,steady_train
111.23815588001162,18.01031494140625,steady_train
111.28826658194885,18.01031494140625,steady_train
111.33837514801417,18.01031494140625,steady_train
111.38848509895615,18.01031494140625,steady_train
111.4385926509276,18.01031494140625,steady_train
111.48870373296086,18.01031494140625,steady_train
111.53881492093205,18.01031494140625,steady_train
111.58892958296929,18.01031494140625,steady_train
111.63904248992912,18.01031494140625,steady_train
111.68915252597071,18.01031494140625,steady_train
111.73926447401755,18.01031494140625,steady_train
111.78938267892227,18.01031494140625,steady_train
111.83951162197627,18.01031494140625,steady_train
111.8896659129532,18.01031494140625,steady_train
111.93977607600391,18.01031494140625,steady_train
111.98988908797037,18.01031494140625,steady_train
112.04000385000836,18.01031494140625,steady_train
112.09014053002466,18.01031494140625,steady_train
112.14025555201806,18.01031494140625,steady_train
112.19036631891504,18.01031494140625,steady_train
112.24047565099318,18.01031494140625,steady_train
112.29058541799895,18.01031494140625,steady_train
112.34069754101802,18.01031494140625,steady_train
112.39081041200552,18.01031494140625,steady_train
112.44092467892915,18.01031494140625,steady_train
112.49103474093135,18.01031494140625,steady_train
112.54210077493917,18.01031494140625,steady_train
112.59221552195959,18.01031494140625,steady_train
112.64233060891274,18.01031494140625,steady_train
112.6924424439203,18.01031494140625,steady_train
112.74255715101026,18.01031494140625,steady_train
112.792669178918,18.01031494140625,steady_train
112.8427846999839,18.01031494140625,steady_train
112.89289853698574,18.01031494140625,steady_train
112.94301242998336,18.01031494140625,steady_train
112.99312793195713,18.01031494140625,steady_train
113.04324573802296,18.01031494140625,steady_train
113.09336324001197,18.01031494140625,steady_train
113.14347990194801,18.01031494140625,steady_train
113.19359296897892,18.01031494140625,steady_train
113.24370539595839,18.01031494140625,steady_train
113.29382088792045,18.01031494140625,steady_train
113.34402144397609,18.01031494140625,steady_train
113.3941357859876,18.01031494140625,steady_train
113.44424962194171,18.01031494140625,steady_train
113.49436002399307,18.01031494140625,steady_train
113.54447442595847,18.01031494140625,steady_train
113.59458693896886,18.01031494140625,steady_train
113.64470260997768,18.01031494140625,steady_train
113.6948197010206,18.01031494140625,steady_train
113.74493498797528,18.01031494140625,steady_train
113.79510163597297,18.01031494140625,steady_train
113.84521690791007,18.01031494140625,steady_train
113.89648152992595,18.01031494140625,steady_train
113.94721483497415,18.01031494140625,steady_train
113.9973288369365,18.01031494140625,steady_train
114.04744144901633,18.01031494140625,steady_train
114.09851199598052,18.01031494140625,steady_train
114.14862558396999,18.01031494140625,steady_train
114.19943953992333,18.01031494140625,steady_train
114.24954904895276,18.01031494140625,steady_train
114.2996628920082,18.01031494140625,steady_train
114.34982351295184,18.01031494140625,steady_train
114.39998496498447,18.01031494140625,steady_train
114.45010190596804,18.01031494140625,steady_train
114.50021505402401,18.01031494140625,steady_train
114.55118292791303,18.01031494140625,steady_train
114.60129618400242,18.01031494140625,steady_train
114.6514133309247,18.01031494140625,steady_train
114.70152926794253,18.01031494140625,steady_train
114.75274431600701,18.01031494140625,steady_train
114.80287232797127,18.01031494140625,steady_train
114.85298619396053,18.01031494140625,steady_train
114.9031030809274,18.01031494140625,steady_train
114.9532250999473,18.01031494140625,steady_train
115.00334259099327,18.01031494140625,steady_train
115.05346002802253,18.01031494140625,steady_train
115.10357691801619,18.01031494140625,steady_train
115.1536930250004,18.01031494140625,steady_train
115.20380878797732,18.01031494140625,steady_train
115.25392478296999,18.01031494140625,steady_train
115.30404155096039,18.01031494140625,steady_train
115.35419479897246,18.01031494140625,steady_train
115.40432135493029,18.01031494140625,steady_train
115.45443755597807,18.01031494140625,steady_train
115.50455254898407,18.01031494140625,steady_train
115.55466497095767,18.01031494140625,steady_train
115.60477671201807,18.01031494140625,steady_train
115.65489127498586,18.01031494140625,steady_train
115.7050008069491,18.01031494140625,steady_train
115.75511712499429,18.01031494140625,steady_train
115.80523137398995,18.01031494140625,steady_train
115.85573110100813,18.01031494140625,steady_train
115.90597938699648,18.01031494140625,steady_train
115.9562481730245,18.01031494140625,steady_train
116.00637698394712,18.01031494140625,steady_train
116.0564906069776,18.01031494140625,steady_train
116.10783037892543,18.01031494140625,steady_train
116.15930068201851,18.01031494140625,steady_train
116.20941500295885,18.01031494140625,steady_train
116.25952823495027,18.01031494140625,steady_train
116.3096433019964,18.01031494140625,steady_train
116.35975996800698,18.01031494140625,steady_train
116.40988723596092,18.01031494140625,steady_train
116.46000166295562,18.01031494140625,steady_train
116.51011491497047,18.01031494140625,steady_train
116.56151004100684,18.01031494140625,steady_train
116.61162515298929,18.01031494140625,steady_train
116.66174318897538,18.01031494140625,steady_train
116.71186631196178,18.01031494140625,steady_train
116.76198465400375,18.01031494140625,steady_train
116.81210294994526,18.01031494140625,steady_train
116.86222129699308,18.01031494140625,steady_train
116.91233808000106,18.01031494140625,steady_train
116.96245533693582,18.01031494140625,steady_train
117.01256891293451,18.01031494140625,steady_train
117.0626831590198,18.01031494140625,steady_train
117.1127963369945,18.01031494140625,steady_train
117.16291174397338,18.01031494140625,steady_train
117.21302985597868,18.01031494140625,steady_train
117.26314660301432,18.01031494140625,steady_train
117.31346249894705,18.01031494140625,steady_train
117.36358428595122,18.01031494140625,steady_train
117.4137018629117,18.01031494140625,steady_train
117.46381618501619,18.01031494140625,steady_train
117.51398739498109,18.01031494140625,steady_train
117.5641134729376,18.01031494140625,steady_train
117.61422424390912,18.01031494140625,steady_train
117.66433497692924,18.01031494140625,steady_train
117.71444736793637,18.01031494140625,steady_train
117.76455746102147,18.01031494140625,steady_train
117.81467674300075,18.01031494140625,steady_train
117.86480447894428,18.01031494140625,steady_train
117.91491951991338,18.01031494140625,steady_train
117.96643271693029,18.01031494140625,steady_train
118.01654691400472,18.01031494140625,steady_train
118.06666178698651,18.01031494140625,steady_train
118.11677836801391,18.01031494140625,steady_train
118.16689126100391,18.01031494140625,steady_train
118.21770438994281,18.01031494140625,steady_train
118.2678370809881,18.01031494140625,steady_train
118.31798936193809,18.01031494140625,steady_train
118.36810576496646,18.01031494140625,steady_train
118.41821994597558,18.01031494140625,steady_train
118.46834643895272,18.01031494140625,steady_train
118.51846718601882,18.01031494140625,steady_train
118.56858101696707,18.01031494140625,steady_train
118.618698648992,18.01031494140625,steady_train
118.66881340998225,18.01031494140625,steady_train
118.7189277629368,18.01031494140625,steady_train
118.76907666993793,18.01031494140625,steady_train
118.81928097701166,18.01031494140625,steady_train
118.8693940580124,18.01031494140625,steady_train
118.91950692492537,18.01031494140625,steady_train
118.96961942093913,18.01031494140625,steady_train
119.01973561896011,18.01031494140625,steady_train
119.06988924602047,18.01031494140625,steady_train
119.12130061700009,18.01031494140625,steady_train
119.17141397402156,18.01031494140625,steady_train
119.22152892092708,18.01031494140625,steady_train
119.27164366899524,18.01031494140625,steady_train
119.32175975502469,18.01031494140625,steady_train
119.37188147101551,18.01031494140625,steady_train
119.42199387797154,18.01031494140625,steady_train
119.4721111409599,18.01031494140625,steady_train
119.52222898299806,18.01031494140625,steady_train
119.57234273897484,18.01031494140625,steady_train
119.62257574591786,18.01031494140625,steady_train
119.67269494698849,18.01031494140625,steady_train
119.72280373494141,18.01031494140625,steady_train
119.77291349193547,18.01031494140625,steady_train
119.82302260398865,18.01031494140625,steady_train
119.87313421594445,18.01031494140625,steady_train
119.92326937697362,18.01031494140625,steady_train
119.97338189696893,18.01031494140625,steady_train
120.02381287899334,18.01031494140625,steady_train
120.07392733194865,18.01031494140625,steady_train
120.12404094391968,18.01031494140625,steady_train
120.17415108997375,18.01031494140625,steady_train
120.22468958492391,18.01031494140625,steady_train
120.27592059795279,18.01031494140625,steady_train
120.32603094098158,18.01031494140625,steady_train
120.3762312119361,18.01031494140625,steady_train
120.42636362893973,18.01031494140625,steady_train
120.47647655091714,18.01031494140625,steady_train
120.52658746193629,18.01031494140625,steady_train
120.57750826596748,18.01031494140625,steady_train
120.62762187898625,18.01031494140625,steady_train
120.6777324610157,18.01031494140625,steady_train
120.72784253198188,18.01031494140625,steady_train
120.77796348300762,18.01031494140625,steady_train
120.8280749359401,18.01031494140625,steady_train
120.8781879019225,18.01031494140625,steady_train
120.92830022401176,18.01031494140625,steady_train
120.978409986943,18.01031494140625,steady_train
121.02852024801541,18.01031494140625,steady_train
121.07865343498997,18.01031494140625,steady_train
121.12876525195315,18.01031494140625,steady_train
121.1788849409204,18.01031494140625,steady_train
121.22900029597804,18.01031494140625,steady_train
121.27911456301808,18.01031494140625,steady_train
121.32922829291783,18.01031494140625,steady_train
121.37933809193783,18.01031494140625,steady_train
121.4294519139221,18.01031494140625,steady_train
121.47956558992155,18.01031494140625,steady_train
121.52967840700876,18.01031494140625,steady_train
121.57979189499747,18.01031494140625,steady_train
121.6299058420118,18.01031494140625,steady_train
121.68002023291774,18.01031494140625,steady_train
121.73013500496745,18.01031494140625,steady_train
121.78025229694322,18.01031494140625,steady_train
121.83036353893112,18.01031494140625,steady_train
121.8804718250176,18.01031494140625,steady_train
121.93058420799207,18.01031494140625,steady_train
121.98069593892433,18.01031494140625,steady_train
122.03082484193146,18.01031494140625,steady_train
122.08093831292354,18.01031494140625,steady_train
122.13105313491542,18.01031494140625,steady_train
122.18116427201312,18.01031494140625,steady_train
122.23127946292516,18.01031494140625,steady_train
122.28139512101188,18.01031494140625,steady_train
122.33212292497046,18.01031494140625,steady_train
122.38223708700389,18.01031494140625,steady_train
122.43236987502314,18.01031494140625,steady_train
122.48248587502167,18.01031494140625,steady_train
122.53281220700592,18.01031494140625,steady_train
122.58292358799372,18.01031494140625,steady_train
122.63303770998027,18.01031494140625,steady_train
122.68314606696367,18.01031494140625,steady_train
122.7332572590094,18.01031494140625,steady_train
122.78338731592521,18.01031494140625,steady_train
122.83351539296564,18.01031494140625,steady_train
122.88362451991998,18.01031494140625,steady_train
122.93373596691526,18.01031494140625,steady_train
122.98385375295766,18.01031494140625,steady_train
123.03466568898875,18.01031494140625,steady_train
123.08477899595164,18.01031494140625,steady_train
123.13489253690932,18.01031494140625,steady_train
123.18500278797,18.01031494140625,steady_train
123.23511809099,18.01031494140625,steady_train
123.28523492696695,18.01031494140625,steady_train
123.33534683997277,18.01031494140625,steady_train
123.38546209700871,18.01031494140625,steady_train
123.43558083893731,18.01031494140625,steady_train
123.48569433100056,18.01031494140625,steady_train
123.53580625797622,18.01031494140625,steady_train
123.58592096401844,18.01031494140625,steady_train
123.63608928094618,18.01031494140625,steady_train
123.68621254793834,18.01031494140625,steady_train
123.7363271289505,18.01031494140625,steady_train
123.7864438520046,18.01031494140625,steady_train
123.83656171394978,18.01031494140625,steady_train
123.88667333999183,18.01031494140625,steady_train
123.93678406102117,18.01031494140625,steady_train
123.98691531794611,18.01031494140625,steady_train
124.03702788497321,18.01031494140625,steady_train
124.08713782194536,18.01031494140625,steady_train
124.13725490996148,18.01031494140625,steady_train
124.18736690201331,18.01031494140625,steady_train
124.237479193951,18.01031494140625,steady_train
124.28759345598519,18.01031494140625,steady_train
124.33881829702295,18.01031494140625,steady_train
124.38893145998009,18.01031494140625,steady_train
124.43904556101188,18.01031494140625,steady_train
124.48915887391195,18.01031494140625,steady_train
124.53926865092944,18.01031494140625,steady_train
124.58937719801906,18.01031494140625,steady_train
124.63948667491786,18.01031494140625,steady_train
124.6895973259816,18.01031494140625,steady_train
124.73970708798151,18.01031494140625,steady_train
124.7898905799957,18.01031494140625,steady_train
124.84000684600323,18.01031494140625,steady_train
124.89012107800227,18.01031494140625,steady_train
124.94023232592735,18.01031494140625,steady_train
124.99034893291537,18.01031494140625,steady_train
125.04046562500298,18.01031494140625,steady_train
125.09057739598211,18.01031494140625,steady_train
125.14068585901987,18.01031494140625,steady_train
125.19162629195489,18.01031494140625,steady_train
125.24173507001251,18.01031494140625,steady_train
125.29186488001142,18.01031494140625,steady_train
125.34197854192462,18.01031494140625,steady_train
125.39210097398609,18.01031494140625,steady_train
125.44222736090887,18.01031494140625,steady_train
125.4923467739718,18.01031494140625,steady_train
125.54245885100681,18.01031494140625,steady_train
125.59259692800697,18.01031494140625,steady_train
125.64272901893128,18.01031494140625,steady_train
125.69284462591168,18.01031494140625,steady_train
125.7429694639286,18.01031494140625,steady_train
125.79308666998986,18.01031494140625,steady_train
125.84320033201948,18.01031494140625,steady_train
125.89331461396068,18.01031494140625,steady_train
125.94343038497027,18.01031494140625,steady_train
125.99354324198794,18.01031494140625,steady_train
126.04365479992703,18.01031494140625,steady_train
126.09376609092578,18.01031494140625,steady_train
126.14388884301297,18.01031494140625,steady_train
126.19400791393127,18.01031494140625,steady_train
126.24412138096523,18.01031494140625,steady_train
126.29423754895106,18.01031494140625,steady_train
126.34435369097628,18.01031494140625,steady_train
126.39522738498636,18.01031494140625,steady_train
126.4459319539601,18.01031494140625,steady_train
126.49604899191763,18.01031494140625,steady_train
126.5461633040104,18.01031494140625,steady_train
126.59627725102473,18.01031494140625,steady_train
126.64659331692383,18.01031494140625,steady_train
126.69670577393845,18.01031494140625,steady_train
126.74681955599226,18.01031494140625,steady_train
126.79696391196921,18.01031494140625,steady_train
126.84707741392776,18.01031494140625,steady_train
126.89719040098134,18.01031494140625,steady_train
126.94730092294049,18.01031494140625,steady_train
126.9984917959664,18.01031494140625,steady_train
127.04860208299942,18.01031494140625,steady_train
127.09871143498458,18.01031494140625,steady_train
127.14883013593499,18.01031494140625,steady_train
127.19894517899957,18.01031494140625,steady_train
127.24905901402235,18.01031494140625,steady_train
127.29917264694814,18.01031494140625,steady_train
127.34928708302323,18.01031494140625,steady_train
127.3994007059373,18.01031494140625,steady_train
127.44951543293428,18.01031494140625,steady_train
127.49962849891745,18.01031494140625,steady_train
127.54974706599023,18.01031494140625,steady_train
127.59987617796287,18.01031494140625,steady_train
127.64999199600425,18.01031494140625,steady_train
127.70010969194118,18.01031494140625,steady_train
127.75138378399424,18.01031494140625,steady_train
127.8015008859802,18.01031494140625,steady_train
127.85161763802171,18.01031494140625,steady_train
127.90172933100257,18.01031494140625,steady_train
127.95184581191279,18.01031494140625,steady_train
128.0019721039571,18.01031494140625,steady_train
128.0521000699373,18.01031494140625,steady_train
128.10220998700242,18.01031494140625,steady_train
128.1523221549578,18.01031494140625,steady_train
128.20243942097295,18.01031494140625,steady_train
128.25259523291606,18.01031494140625,steady_train
128.30271336098667,18.01031494140625,steady_train
128.35282632301096,18.01031494140625,steady_train
128.4029380789725,18.01031494140625,steady_train
128.45310352102388,18.01031494140625,steady_train
128.50404615001753,18.01031494140625,steady_train
128.55416115594562,18.01031494140625,steady_train
128.60427328792866,18.01031494140625,steady_train
128.65438756591175,18.01031494140625,steady_train
128.7044991729781,18.01031494140625,steady_train
128.75460932892747,18.01031494140625,steady_train
128.80472117091995,18.01031494140625,steady_train
128.85483430395834,18.01031494140625,steady_train
128.9049518899992,18.01031494140625,steady_train
128.95506289601326,18.01031494140625,steady_train
129.00518771796487,18.01031494140625,steady_train
129.0552986599505,18.01031494140625,steady_train
129.1054077029694,18.01031494140625,steady_train
129.15551884495653,18.01031494140625,steady_train
129.20563174097333,18.01031494140625,steady_train
129.25574252801016,18.01031494140625,steady_train
129.30585381598212,18.01031494140625,steady_train
129.35597403696738,18.01031494140625,steady_train
129.4060854529962,18.01031494140625,steady_train
129.45619626599364,18.01031494140625,steady_train
129.50630894792266,18.01031494140625,steady_train
129.55641968897544,18.01031494140625,steady_train
129.6065345769748,18.01031494140625,steady_train
129.65664993296377,18.01031494140625,steady_train
129.70676551992074,18.01031494140625,steady_train
129.75687259295955,18.01031494140625,steady_train
129.80697974399664,18.01031494140625,steady_train
129.85709294094704,18.01031494140625,steady_train
129.9072091379203,18.01031494140625,steady_train
129.95745117391925,18.01031494140625,steady_train
130.00762572092935,18.01031494140625,steady_train
130.05774615402333,18.01031494140625,steady_train
130.10787156492006,18.01031494140625,steady_train
130.15798045299016,18.01031494140625,steady_train
130.20809093897697,18.01031494140625,steady_train
130.25820199097507,18.01031494140625,steady_train
130.30831523693632,18.01031494140625,steady_train
130.35843158396892,18.01031494140625,steady_train
130.4085464120144,18.01031494140625,steady_train
130.4592999869492,18.01031494140625,steady_train
130.50941461895127,18.01031494140625,steady_train
130.55999319895636,18.01031494140625,steady_train
130.61010643094778,18.01031494140625,steady_train
130.66022108192556,18.01031494140625,steady_train
130.7103343529161,18.01031494140625,steady_train
130.7604452460073,18.01031494140625,steady_train
130.8105559030082,18.01031494140625,steady_train
130.86066779494286,18.01031494140625,steady_train
130.91078034194652,18.01031494140625,steady_train
130.96089175797533,18.01031494140625,steady_train
131.01122139999643,18.01031494140625,steady_train
131.06133167597,18.01031494140625,steady_train
131.1114432939794,18.01031494140625,steady_train
131.16155476495624,18.01031494140625,steady_train
131.21271265891846,18.01031494140625,steady_train
131.26282254001126,18.01031494140625,steady_train
131.3129342229804,18.01031494140625,steady_train
131.36304580501746,18.01031494140625,steady_train
131.4131553019397,18.01031494140625,steady_train
131.46326278697234,18.01031494140625,steady_train
131.5133729709778,18.01031494140625,steady_train
131.56348467699718,18.01031494140625,steady_train
131.61359732900746,18.01031494140625,steady_train
131.6637087810086,18.01031494140625,steady_train
131.7138218979817,18.01031494140625,steady_train
131.7639370849356,18.01031494140625,steady_train
131.81404841097537,18.01031494140625,steady_train
131.86415684898384,18.01031494140625,steady_train
131.91429403494112,18.01031494140625,steady_train
131.96444325800985,18.01031494140625,steady_train
132.01455466495827,18.01031494140625,steady_train
132.06468852597754,18.01031494140625,steady_train
132.11482810799498,18.01031494140625,steady_train
132.16494574490935,18.01031494140625,steady_train
132.21505800401792,18.01031494140625,steady_train
132.26516966393683,18.01031494140625,steady_train
132.31527805095538,18.01031494140625,steady_train
132.3653873379808,18.01031494140625,steady_train
132.4154997089645,18.01031494140625,steady_train
132.46561297192238,18.01031494140625,steady_train
132.51572785398457,18.01031494140625,steady_train
132.56584391999058,18.01031494140625,steady_train
132.6159886670066,18.01031494140625,steady_train
132.66610313393176,18.01031494140625,steady_train
132.7162180750165,18.01031494140625,steady_train
132.76633000199217,18.01031494140625,steady_train
132.8164437089581,18.01031494140625,steady_train
132.86665302095935,18.01031494140625,steady_train
132.91676491801627,18.01031494140625,steady_train
132.9669022349408,18.01031494140625,steady_train
133.01790485391393,18.01031494140625,steady_train
133.06801367993467,18.01031494140625,steady_train
133.11812815698795,18.01031494140625,steady_train
133.16823944996577,18.01031494140625,steady_train
133.21835059591103,18.01031494140625,steady_train
133.26846166700125,18.01031494140625,steady_train
133.31857326393947,18.01031494140625,steady_train
133.3686843769392,18.01031494140625,steady_train
133.41879282298032,18.01031494140625,steady_train
133.4701582469279,18.01031494140625,steady_train
133.52029773395043,18.01031494140625,steady_train
133.570406804909,18.01031494140625,steady_train
133.6205179609824,18.01031494140625,steady_train
133.67068357393146,18.01031494140625,steady_train
133.7207998050144,18.01031494140625,steady_train
133.77091940294486,18.01031494140625,steady_train
133.82103787001688,18.01031494140625,steady_train
133.87115315697156,18.01031494140625,steady_train
133.921268622973,18.01031494140625,steady_train
133.97138086496852,18.01031494140625,steady_train
134.02147810801398,18.01031494140625,steady_train
134.0715855699964,18.01031494140625,steady_train
134.1217016959563,18.01031494140625,steady_train
134.17181545798667,18.01031494140625,steady_train
134.22204586397856,18.01031494140625,steady_train
134.27216121193487,18.01031494140625,steady_train
134.3222740079509,18.01031494140625,steady_train
134.3723827949725,18.01031494140625,steady_train
134.42249455593992,18.01031494140625,steady_train
134.4726047689328,18.01031494140625,steady_train
134.52272044494748,18.01031494140625,steady_train
134.57283420790918,18.01031494140625,steady_train
134.6229887349764,18.01031494140625,steady_train
134.67310599191114,18.01031494140625,steady_train
134.72322014300153,18.01031494140625,steady_train
134.77342839899939,18.01031494140625,steady_train
134.823562295991,18.01031494140625,steady_train
135.0130889749853,18.01031494140625,steady_train
135.0632194019854,18.01031494140625,steady_train
135.11333395994734,18.01031494140625,steady_train
135.16364589892328,18.01031494140625,steady_train
135.213757950929,18.01031494140625,steady_train
135.26388220395893,18.01031494140625,steady_train
135.31399172497913,18.01031494140625,steady_train
135.36410131701268,18.01031494140625,steady_train
135.4151309359586,18.01031494140625,steady_train
135.46524205291644,18.01031494140625,steady_train
135.51535372494254,18.01031494140625,steady_train
135.56546302093193,18.01031494140625,steady_train
135.61557453300338,18.01031494140625,steady_train
135.66568540991284,18.01031494140625,steady_train
135.7159610859817,18.01031494140625,steady_train
135.76616847293917,18.01031494140625,steady_train
135.8162793900119,18.01031494140625,steady_train
135.8663920519175,18.01031494140625,steady_train
135.91650478797965,18.01031494140625,steady_train
135.9666192899458,18.01031494140625,steady_train
136.0167334069265,18.01031494140625,steady_train
136.06684481399134,18.01031494140625,steady_train
136.11802690301556,18.01031494140625,steady_train
136.16813579399604,18.01031494140625,steady_train
136.2182464109501,18.01031494140625,steady_train
136.26837713399436,18.01031494140625,steady_train
136.31848927098326,18.01031494140625,steady_train
136.36859994695988,18.01031494140625,steady_train
136.4187113349326,18.01031494140625,steady_train
136.46882751199882,18.01031494140625,steady_train
136.51895701594185,18.01031494140625,steady_train
136.56906843092293,18.01031494140625,steady_train
136.61917918699328,18.01031494140625,steady_train
136.66928895900492,18.01031494140625,steady_train
136.71938333497383,18.01031494140625,steady_train
136.76949455193244,18.01031494140625,steady_train
136.8196165539557,18.01031494140625,steady_train
136.87015091592912,18.01031494140625,steady_train
136.92165383091196,18.01031494140625,steady_train
136.97176723799203,18.01031494140625,steady_train
137.02188459492754,18.01031494140625,steady_train
137.07199647196103,18.01031494140625,steady_train
137.1223381459713,18.01031494140625,steady_train
137.1738232159987,18.01031494140625,steady_train
137.2246654590126,18.01031494140625,steady_train
137.27477841591462,18.01031494140625,steady_train
137.32489375793375,18.01031494140625,steady_train
137.3750068899244,18.01031494140625,steady_train
137.4251384419622,18.01031494140625,steady_train
137.47525839495938,18.01031494140625,steady_train
137.52536955592223,18.01031494140625,steady_train
137.57548048801254,18.01031494140625,steady_train
137.62667332601268,18.01031494140625,steady_train
137.67678485496435,18.01031494140625,steady_train
137.72689629602246,18.01031494140625,steady_train
137.77700845291838,18.01031494140625,steady_train
137.8271181549644,18.01031494140625,steady_train
137.8772299309494,18.01031494140625,steady_train
137.92764276301023,18.01031494140625,steady_train
137.9777563989628,18.01031494140625,steady_train
138.02798022597563,18.01031494140625,steady_train
138.07821481092833,18.01031494140625,steady_train
138.12836037401576,18.01031494140625,steady_train
138.17847644002177,18.01031494140625,steady_train
138.2285933229141,18.01031494140625,steady_train
138.27870758494828,18.01031494140625,steady_train
138.3288243409479,18.01031494140625,steady_train
138.37893959891517,18.01031494140625,steady_train
138.42905512498692,18.01031494140625,steady_train
138.47916740295477,18.01031494140625,steady_train
138.5292823939817,18.01031494140625,steady_train
138.57939902099315,18.01031494140625,steady_train
138.62951380794402,18.01031494140625,steady_train
138.67962768499274,18.01031494140625,steady_train
138.72973801195621,18.01031494140625,steady_train
138.7798504140228,18.01031494140625,steady_train
138.8299757199129,18.01031494140625,steady_train
138.88009881298058,18.01031494140625,steady_train
138.93022359500173,18.01031494140625,steady_train
138.98033533699345,18.01031494140625,steady_train
139.03044916898943,18.01031494140625,steady_train
139.0805608149385,18.01031494140625,steady_train
139.13067487301305,18.01031494140625,steady_train
139.18079129396938,18.01031494140625,steady_train
139.23090256599244,18.01031494140625,steady_train
139.28302722494118,18.01031494140625,steady_train
139.33313795691356,18.01031494140625,steady_train
139.38436792592984,18.01031494140625,steady_train
139.4345594670158,18.01031494140625,steady_train
139.48467157396954,18.01031494140625,steady_train
139.534783380921,18.01031494140625,steady_train
139.58489366294816,18.01031494140625,steady_train
139.63500563893467,18.01031494140625,steady_train
139.6851187159773,18.01031494140625,steady_train
139.73523050791118,18.01031494140625,steady_train
139.78534380102064,18.01031494140625,steady_train
139.8354585180059,18.01031494140625,steady_train
139.88557932898402,18.01031494140625,steady_train
139.93569032091182,18.01031494140625,steady_train
139.98580269294325,18.01031494140625,steady_train
140.03591415600386,18.01031494140625,steady_train
140.08602379192598,18.01031494140625,steady_train
140.136136409943,18.01031494140625,steady_train
140.18624666694086,18.01031494140625,steady_train
140.23636626801454,18.01031494140625,steady_train
140.28648040501866,18.01031494140625,steady_train
140.33661092701368,18.01031494140625,steady_train
140.3867207429139,18.01031494140625,steady_train
140.4376647620229,18.01031494140625,steady_train
140.48784315993544,18.01031494140625,steady_train
140.53800265700556,18.01031494140625,steady_train
140.58811548398808,18.01031494140625,steady_train
140.63823146000504,18.01031494140625,steady_train
140.68834494194016,18.01031494140625,steady_train
140.73845935892314,18.01031494140625,steady_train
140.78856991499197,18.01031494140625,steady_train
140.838681736961,18.01031494140625,steady_train
140.8887913869694,18.01031494140625,steady_train
140.9389082120033,18.01031494140625,steady_train
140.98902112897485,18.01031494140625,steady_train
141.03913156990893,18.01031494140625,steady_train
141.0892462269403,18.01031494140625,steady_train
141.13936141494196,18.01031494140625,steady_train
141.1894761219155,18.01031494140625,steady_train
141.24000210594386,18.01031494140625,steady_train
141.29011650395114,18.01031494140625,steady_train
141.34022711601574,18.01031494140625,steady_train
141.3915337829385,18.01031494140625,steady_train
141.44164553598966,18.01031494140625,steady_train
141.49175665795337,18.01031494140625,steady_train
141.54188001295552,18.01031494140625,steady_train
141.59199246601202,18.01031494140625,steady_train
141.64210683701094,18.01031494140625,steady_train
141.6922178589739,18.01031494140625,steady_train
141.74233043193817,18.01031494140625,steady_train
141.79244561400265,18.01031494140625,steady_train
141.8425655500032,18.01031494140625,steady_train
141.89268402801827,18.01031494140625,steady_train
141.9427974189166,18.01031494140625,steady_train
141.99291107198223,18.01031494140625,steady_train
142.04304228397086,18.01031494140625,steady_train
142.09316543594468,18.01031494140625,steady_train
142.14327972196043,18.01031494140625,steady_train
142.19339059002232,18.01031494140625,steady_train
142.24350586195942,18.01031494140625,steady_train
142.29362463694997,18.01031494140625,steady_train
142.34374456992373,18.01031494140625,steady_train
142.39386793598533,18.01031494140625,steady_train
142.44445993099362,18.01031494140625,steady_train
142.49457394401543,18.01031494140625,steady_train
142.54468493093736,18.01031494140625,steady_train
142.59479800798,18.01031494140625,steady_train
142.64491307898425,18.01031494140625,steady_train
142.69502742600162,18.01031494140625,steady_train
142.7451421879232,18.01031494140625,steady_train
142.79525739501696,18.01031494140625,steady_train
142.8453681570245,18.01031494140625,steady_train
142.89547898399178,18.01031494140625,steady_train
142.94558828196023,18.01031494140625,steady_train
142.99569937901106,18.01031494140625,steady_train
143.04581142100506,18.01031494140625,steady_train
143.09592417802196,18.01031494140625,steady_train
143.14603923994582,18.01031494140625,steady_train
143.19614979194012,18.01031494140625,steady_train
143.2462591829244,18.01031494140625,steady_train
143.29722848697565,18.01031494140625,steady_train
143.3479634069372,18.01031494140625,steady_train
143.3980758630205,18.01031494140625,steady_train
143.44818824599497,18.01031494140625,steady_train
143.49829831300303,18.01031494140625,steady_train
143.54840861901175,18.01031494140625,steady_train
143.59851855190936,18.01031494140625,steady_train
143.64864984794986,18.01031494140625,steady_train
143.69876208994538,18.01031494140625,steady_train
143.74887773802038,18.01031494140625,steady_train
143.79898868896998,18.01031494140625,steady_train
143.84928074094933,18.01031494140625,steady_train
143.89938904799055,18.01031494140625,steady_train
143.94949981896207,18.01031494140625,steady_train
143.999612355954,18.01031494140625,steady_train
144.0503060260089,18.01031494140625,steady_train
144.1004191469401,18.01031494140625,steady_train
144.15053003991488,18.01031494140625,steady_train
144.20065228198655,18.01031494140625,steady_train
144.25077149295248,18.01031494140625,steady_train
144.30089178599883,18.01031494140625,steady_train
144.3510048969183,18.01031494140625,steady_train
144.40115157491527,18.01031494140625,steady_train
144.4512831659522,18.01031494140625,steady_train
144.5014015379129,18.01031494140625,steady_train
144.55151796597056,18.01031494140625,steady_train
144.60163251298945,18.01031494140625,steady_train
144.65174883895088,18.01031494140625,steady_train
144.70187640096992,18.01031494140625,steady_train
144.75199069292285,18.01031494140625,steady_train
144.80210598395206,18.01031494140625,steady_train
144.8522219909355,18.01031494140625,steady_train
144.90233519300818,18.01031494140625,steady_train
144.9524443160044,18.01031494140625,steady_train
145.00255487696268,18.01031494140625,steady_train
145.05266829393804,18.01031494140625,steady_train
145.10278423200361,18.01031494140625,steady_train
145.1529045229545,18.01031494140625,steady_train
145.2030158949783,18.01031494140625,steady_train
145.25312583195046,18.01031494140625,steady_train
145.30324136000127,18.01031494140625,steady_train
145.35434654797427,18.01031494140625,steady_train
145.40568110591266,18.01031494140625,steady_train
145.45579093694687,18.01031494140625,steady_train
145.505903558922,18.01031494140625,steady_train
145.5560133709805,18.01031494140625,steady_train
145.6061494029127,18.01031494140625,steady_train
145.65627269493416,18.01031494140625,steady_train
145.70638165296987,18.01031494140625,steady_train
145.7564925039187,18.01031494140625,steady_train
145.80660360096954,18.01031494140625,steady_train
145.85671816195827,18.01031494140625,steady_train
145.90682860894594,18.01031494140625,steady_train
145.95693934196606,18.01031494140625,steady_train
146.00705095892772,18.01031494140625,steady_train
146.0573451949749,18.01031494140625,steady_train
146.10747675702441,18.01031494140625,steady_train
146.15759067900945,18.01031494140625,steady_train
146.2077022709418,18.01031494140625,steady_train
146.2578146129381,18.01031494140625,steady_train
146.3079246589914,18.01031494140625,steady_train
146.35803604696412,18.01031494140625,steady_train
146.40815040899906,18.01031494140625,steady_train
146.4582653749967,18.01031494140625,steady_train
146.50837667798623,18.01031494140625,steady_train
146.55886872892734,18.01031494140625,steady_train
146.60906662396155,18.01031494140625,steady_train
146.6591815269785,18.01031494140625,steady_train
146.70929865795188,18.01031494140625,steady_train
146.75943000102416,18.01031494140625,steady_train
146.80955680797342,18.01031494140625,steady_train
146.8596729990095,18.01031494140625,steady_train
146.90978724102024,18.01031494140625,steady_train
146.95989947300404,18.01031494140625,steady_train
147.01001196994912,18.01031494140625,steady_train
147.06012526201084,18.01031494140625,steady_train
147.1102369329892,18.01031494140625,steady_train
147.16035209596157,18.01031494140625,steady_train
147.2104681719793,18.01031494140625,steady_train
147.26058210001793,18.01031494140625,steady_train
147.31069682200905,18.01031494140625,steady_train
147.36081148392987,18.01031494140625,steady_train
147.41092380601913,18.01031494140625,steady_train
147.46103962301277,18.01031494140625,steady_train
147.51115559996106,18.01031494140625,steady_train
147.5617321539903,18.01031494140625,steady_train
147.6118408869952,18.01031494140625,steady_train
147.6619988679886,18.01031494140625,steady_train
147.71211774495896,18.01031494140625,steady_train
147.76337078295182,18.01031494140625,steady_train
147.81347868999,18.01031494140625,steady_train
147.8635949069867,18.01031494140625,steady_train
147.91370458400343,18.01031494140625,steady_train
147.96382093592547,18.01031494140625,steady_train
148.01393115799874,18.01031494140625,steady_train
148.06404899491463,18.01031494140625,steady_train
148.11416679096874,18.01031494140625,steady_train
148.1642754030181,18.01031494140625,steady_train
148.21438520099036,18.01031494140625,steady_train
148.26449678698555,18.01031494140625,steady_train
148.314608264016,18.01031494140625,steady_train
148.36471909098327,18.01031494140625,steady_train
148.41482844902202,18.01031494140625,steady_train
148.4649563760031,18.01031494140625,steady_train
148.51506992802024,18.01031494140625,steady_train
148.56518393498845,18.01031494140625,steady_train
148.61531428201124,18.01031494140625,steady_train
148.66542542399839,18.01031494140625,steady_train
148.71555633097887,18.01031494140625,steady_train
148.76570194296073,18.01031494140625,steady_train
148.81581723794807,18.01031494140625,steady_train
148.8659315709956,18.01031494140625,steady_train
148.91673811501823,18.01031494140625,steady_train
148.9668653269764,18.01031494140625,steady_train
149.01698111894075,18.01031494140625,steady_train
149.06709027197212,18.01031494140625,steady_train
149.1172025189735,18.01031494140625,steady_train
149.1673131189309,18.01031494140625,steady_train
149.21742366696708,18.01031494140625,steady_train
149.26753170299344,18.01031494140625,steady_train
149.31764290097635,18.01031494140625,steady_train
149.36775485798717,18.01031494140625,steady_train
149.41787489398848,18.01031494140625,steady_train
149.4680176419206,18.01031494140625,steady_train
149.5181427890202,18.01031494140625,steady_train
149.56825512996875,18.01031494140625,steady_train
149.61836721294094,18.01031494140625,steady_train
149.66847954993136,18.01031494140625,steady_train
149.71859036094975,18.01031494140625,steady_train
149.76869979291223,18.01031494140625,steady_train
149.8188108910108,18.01031494140625,steady_train
149.8689230919117,18.01031494140625,steady_train
149.91903689992614,18.01031494140625,steady_train
149.96914533199742,18.01031494140625,steady_train
150.01925655792002,18.01031494140625,steady_train
150.06937475700397,18.01031494140625,steady_train
150.11950533196796,18.01031494140625,steady_train
150.16961762402207,18.01031494140625,steady_train
150.2197292249184,18.01031494140625,steady_train
150.26984564296436,18.01031494140625,steady_train
150.31997019494884,18.01031494140625,steady_train
150.37010433594696,18.01031494140625,steady_train
150.42022016400006,18.01031494140625,steady_train
150.47033243102487,18.01031494140625,steady_train
150.52076086192392,18.01031494140625,steady_train
150.5708934540162,18.01031494140625,steady_train
150.62100684992038,18.01031494140625,steady_train
150.67112260195427,18.01031494140625,steady_train
150.72123928996734,18.01031494140625,steady_train
150.77135415095836,18.01031494140625,steady_train
150.82146750891116,18.01031494140625,steady_train
150.87157657498028,18.01031494140625,steady_train
150.92168547795154,18.01031494140625,steady_train
150.9717952889623,18.01031494140625,steady_train
151.02190845599398,18.01031494140625,steady_train
151.07206440193113,18.01031494140625,steady_train
151.122196089942,18.01031494140625,steady_train
151.1723055220209,18.01031494140625,steady_train
151.2224164439831,18.01031494140625,steady_train
151.27252503996715,18.01031494140625,steady_train
151.3226370930206,18.01031494140625,steady_train
151.37277409993112,18.01031494140625,steady_train
151.42289312696084,18.01031494140625,steady_train
151.47307150391862,18.01031494140625,steady_train
151.5234034799505,18.01031494140625,steady_train
151.57351598097011,18.01031494140625,steady_train
151.62362688290887,18.01031494140625,steady_train
151.67373803595547,18.01031494140625,steady_train
151.7238486679271,18.01031494140625,steady_train
151.77397306996863,18.01031494140625,steady_train
151.82408657693304,18.01031494140625,steady_train
151.87473568192217,18.01031494140625,steady_train
151.92484650202096,18.01031494140625,steady_train
151.97496611997485,18.01031494140625,steady_train
152.02507716801483,18.01031494140625,steady_train
152.0753154560225,18.01031494140625,steady_train
152.1256726150168,18.01031494140625,steady_train
152.17578440194484,18.01031494140625,steady_train
152.22589664894622,18.01031494140625,steady_train
152.2760174300056,18.01031494140625,steady_train
152.32613628194667,18.01031494140625,steady_train
152.37625031394418,18.01031494140625,steady_train
152.4263650769135,18.01031494140625,steady_train
152.476478504017,18.01031494140625,steady_train
152.5266047209734,18.01031494140625,steady_train
152.57671622699127,18.01031494140625,steady_train
152.62683036993258,18.01031494140625,steady_train
152.67694649694022,18.01031494140625,steady_train
152.72706086293329,18.01031494140625,steady_train
152.77717655501328,18.01031494140625,steady_train
152.8272890819935,18.01031494140625,steady_train
152.8774041639408,18.01031494140625,steady_train
152.92751812492497,18.01031494140625,steady_train
152.97763463191222,18.01031494140625,steady_train
153.02775043994188,18.01031494140625,steady_train
153.07823364494834,18.01031494140625,steady_train
153.1283473429503,18.01031494140625,steady_train
153.17846134491265,18.01031494140625,steady_train
153.22857372602448,18.01031494140625,steady_train
153.2786835390143,18.01031494140625,steady_train
153.32879423093982,18.01031494140625,steady_train
153.37890538293868,18.01031494140625,steady_train
153.4290144200204,18.01031494140625,steady_train
153.47912664199248,18.01031494140625,steady_train
153.52923801902216,18.01031494140625,steady_train
153.57977323094383,18.01031494140625,steady_train
153.62990931002423,18.01031494140625,steady_train
153.68002820794936,18.01031494140625,steady_train
153.73013851500582,18.01031494140625,steady_train
153.78025029192213,18.01031494140625,steady_train
153.83155550493393,18.01031494140625,steady_train
153.88310256099794,18.01031494140625,steady_train
153.93321285792626,18.01031494140625,steady_train
153.98332122899592,18.01031494140625,steady_train
154.03343297191896,18.01031494140625,steady_train
154.08356614795048,18.01031494140625,steady_train
154.1336859249277,18.01031494140625,steady_train
154.1837945629377,18.01031494140625,steady_train
154.23390461399686,18.01031494140625,steady_train
154.28403181699105,18.01031494140625,steady_train
154.3341489089653,18.01031494140625,steady_train
154.384262750973,18.01031494140625,steady_train
154.43437490193173,18.01031494140625,steady_train
154.48448927002028,18.01031494140625,steady_train
154.5346065859776,18.01031494140625,steady_train
154.58472657902166,18.01031494140625,steady_train
154.63484219601378,18.01031494140625,steady_train
154.68583123898134,18.01031494140625,steady_train
154.73594332998618,18.01031494140625,steady_train
154.78606116294395,18.01031494140625,steady_train
154.83707192190923,18.01031494140625,steady_train
154.88722945400514,18.01031494140625,steady_train
154.93736427498516,18.01031494140625,steady_train
154.98747761594132,18.01031494140625,steady_train
155.0376461489359,18.01031494140625,steady_train
155.0877760099247,18.01031494140625,steady_train
155.13788855297025,18.01031494140625,steady_train
155.18800370395184,18.01031494140625,steady_train
155.2381329810014,18.01031494140625,steady_train
155.28825989400502,18.01031494140625,steady_train
155.33837120002136,18.01031494140625,steady_train
155.3884821269894,18.01031494140625,steady_train
155.4385906739626,18.01031494140625,steady_train
155.48870278592221,18.01031494140625,steady_train
155.53881834901404,18.01031494140625,steady_train
155.58893718093168,18.01031494140625,steady_train
155.63905038801022,18.01031494140625,steady_train
155.69051413494162,18.01031494140625,steady_train
155.74062521092128,18.01031494140625,steady_train
155.79073570796754,18.01031494140625,steady_train
155.8408481000224,18.01031494140625,steady_train
155.89096534298733,18.01031494140625,steady_train
155.94189543195534,18.01031494140625,steady_train
155.99200669897255,18.01031494140625,steady_train
156.0421192239737,18.01031494140625,steady_train
156.09223139297683,18.01031494140625,steady_train
156.142341134022,18.01031494140625,steady_train
156.1924551819684,18.01031494140625,steady_train
156.24256871291436,18.01031494140625,steady_train
156.29269801091868,18.01031494140625,steady_train
156.3428207929246,18.01031494140625,steady_train
156.3929339449387,18.01031494140625,steady_train
156.4430478819413,18.01031494140625,steady_train
156.49316189193632,18.01031494140625,steady_train
156.54327965492848,18.01031494140625,steady_train
156.59340475592762,18.01031494140625,steady_train
156.64378331997432,18.01031494140625,steady_train
156.69389638397843,18.01031494140625,steady_train
156.74401082098484,18.01031494140625,steady_train
156.79412691900507,18.01031494140625,steady_train
156.84424983500503,18.01031494140625,steady_train
156.8943655679468,18.01031494140625,steady_train
156.94448186992668,18.01031494140625,steady_train
156.99459976691287,18.01031494140625,steady_train
157.0447218589252,18.01031494140625,steady_train
157.09483735100366,18.01031494140625,steady_train
157.14496362791397,18.01031494140625,steady_train
157.19507910998072,18.01031494140625,steady_train
157.24519580695778,18.01031494140625,steady_train
157.2953072739765,18.01031494140625,steady_train
157.34544517996255,18.01031494140625,steady_train
157.39557453792077,18.01031494140625,steady_train
157.44568541401532,18.01031494140625,steady_train
157.49579828593414,18.01031494140625,steady_train
157.54590919602197,18.01031494140625,steady_train
157.59602116502356,18.01031494140625,steady_train
157.6461524280021,18.01031494140625,steady_train
157.69627796800341,18.01031494140625,steady_train
157.74774199002422,18.01031494140625,steady_train
157.7992637619609,18.01031494140625,steady_train
157.849377844017,18.01031494140625,steady_train
157.89949132699985,18.01031494140625,steady_train
157.94960020296276,18.01031494140625,steady_train
157.99975116597489,18.01031494140625,steady_train
158.05122135800775,18.01031494140625,steady_train
158.10258012998383,18.01031494140625,steady_train
158.15268883795943,18.01031494140625,steady_train
158.2028426739853,18.01031494140625,steady_train
158.25297350098845,18.01031494140625,steady_train
158.3031016929308,18.01031494140625,steady_train
158.35321991995443,18.01031494140625,steady_train
158.40333012200426,18.01031494140625,steady_train
158.4534394389484,18.01031494140625,steady_train
158.5035697700223,18.01031494140625,steady_train
158.5537037269678,18.01031494140625,steady_train
158.60381599492393,18.01031494140625,steady_train
158.65393005590886,18.01031494140625,steady_train
158.70404431794304,18.01031494140625,steady_train
158.7541599359829,18.01031494140625,steady_train
158.80427582294215,18.01031494140625,steady_train
158.85438830999192,18.01031494140625,steady_train
158.9045025659725,18.01031494140625,steady_train
158.95461775397416,18.01031494140625,steady_train
159.0047293099342,18.01031494140625,steady_train
159.0548442369327,18.01031494140625,steady_train
159.1049736799905,18.01031494140625,steady_train
159.1550917419372,18.01031494140625,steady_train
159.20520624297205,18.01031494140625,steady_train
159.25532130594365,18.01031494140625,steady_train
159.30543554201722,18.01031494140625,steady_train
159.3555519839283,18.01031494140625,steady_train
159.40573015599512,18.01031494140625,steady_train
159.455896136933,18.01031494140625,steady_train
159.50601733394433,18.01031494140625,steady_train
159.55612756102346,18.01031494140625,steady_train
159.60624091897625,18.01031494140625,steady_train
159.6563532060245,18.01031494140625,steady_train
159.70646592299454,18.01031494140625,steady_train
159.75658300996292,18.01031494140625,steady_train
159.80669869598933,18.01031494140625,steady_train
159.85681506292894,18.01031494140625,steady_train
159.90693599591032,18.01031494140625,steady_train
159.95705240697134,18.01031494140625,steady_train
160.00717051501852,18.01031494140625,steady_train
160.05728695192374,18.01031494140625,steady_train
160.10827189101838,18.01031494140625,steady_train
160.15921798499767,18.01031494140625,steady_train
160.20933192491066,18.01031494140625,steady_train
160.26067385892384,18.01031494140625,steady_train
160.31080520001706,18.01031494140625,steady_train
160.36092092702165,18.01031494140625,steady_train
160.41103399498388,18.01031494140625,steady_train
160.46114897099324,18.01031494140625,steady_train
160.5112741229823,18.01031494140625,steady_train
160.56139563093893,18.01031494140625,steady_train
160.61152956192382,18.01031494140625,steady_train
160.66164379392285,18.01031494140625,steady_train
160.71271147800144,18.01031494140625,steady_train
160.76282575400546,18.01031494140625,steady_train
160.81294758594595,18.01031494140625,steady_train
160.8630797789665,18.01031494140625,steady_train
160.91321319993585,18.01031494140625,steady_train
160.9633304469753,18.01031494140625,steady_train
161.01345165993553,18.01031494140625,steady_train
161.0635708819609,18.01031494140625,steady_train
161.11369114893023,18.01031494140625,steady_train
161.16443821194116,18.01031494140625,steady_train
161.21455584501382,18.01031494140625,steady_train
161.26467473094817,18.01031494140625,steady_train
161.3148164729355,18.01031494140625,steady_train
161.3649633959867,18.01031494140625,steady_train
161.41508229193278,18.01031494140625,steady_train
161.46520086901728,18.01031494140625,steady_train
161.51532641693484,18.01031494140625,steady_train
161.5654484629631,18.01031494140625,steady_train
161.6155655499315,18.01031494140625,steady_train
161.6656798729673,18.01031494140625,steady_train
161.71579078398645,18.01031494140625,steady_train
161.765905180946,18.01031494140625,steady_train
161.81602388899773,18.01031494140625,steady_train
161.8661415699171,18.01031494140625,steady_train
161.91625670192298,18.01031494140625,steady_train
161.96655396791175,18.01031494140625,steady_train
162.0166718949331,18.01031494140625,steady_train
162.06678702693898,18.01031494140625,steady_train
162.11689980898518,18.01031494140625,steady_train
162.16705275594722,18.01031494140625,steady_train
162.21717398392502,18.01031494140625,steady_train
162.26730901096016,18.01031494140625,steady_train
162.31745538697578,18.01031494140625,steady_train
162.36760127393063,18.01031494140625,steady_train
162.4177204449661,18.01031494140625,steady_train
162.4678354029311,18.01031494140625,steady_train
162.51796822191682,18.01031494140625,steady_train
162.56808069592807,18.01031494140625,steady_train
162.61819561896846,18.01031494140625,steady_train
162.66830943594687,18.01031494140625,steady_train
162.71980996697675,18.01031494140625,steady_train
162.7699264549883,18.01031494140625,steady_train
162.82003964099567,18.01031494140625,steady_train
162.8701595190214,18.01031494140625,steady_train
162.92028380092233,18.01031494140625,steady_train
162.97040100290906,18.01031494140625,steady_train
163.02051915496122,18.01031494140625,steady_train
163.07063694193494,18.01031494140625,steady_train
163.12188976991456,18.01031494140625,steady_train
163.17200819100253,18.01031494140625,steady_train
163.22212720301468,18.01031494140625,steady_train
163.2722448760178,18.01031494140625,steady_train
163.32236019696575,18.01031494140625,steady_train
163.37247583491262,18.01031494140625,steady_train
163.42259179695975,18.01031494140625,steady_train
163.47270683397073,18.01031494140625,steady_train
163.522820930928,18.01031494140625,steady_train
163.57293669192586,18.01031494140625,steady_train
163.62305541499518,18.01031494140625,steady_train
163.67316879099235,18.01031494140625,steady_train
163.723280053935,18.01031494140625,steady_train
163.7733931299299,18.01031494140625,steady_train
163.82350860792212,18.01031494140625,steady_train
163.8736223189626,18.01031494140625,steady_train
163.92373827996198,18.01031494140625,steady_train
163.97386759193614,18.01031494140625,steady_train
164.0239795539528,18.01031494140625,steady_train
164.07409571192693,18.01031494140625,steady_train
164.12421027896926,18.01031494140625,steady_train
164.17432527593337,18.01031494140625,steady_train
164.22557328396942,18.01031494140625,steady_train
164.27609232394025,18.01031494140625,steady_train
164.32620512193535,18.01031494140625,steady_train
164.3763190730242,18.01031494140625,steady_train
164.42697227397002,18.01031494140625,steady_train
164.4770875959657,18.01031494140625,steady_train
164.5272034179652,18.01031494140625,steady_train
164.57732424500864,18.01031494140625,steady_train
164.62743696197867,18.01031494140625,steady_train
164.67757054895628,18.01031494140625,steady_train
164.7276939599542,18.01031494140625,steady_train
164.7778118919814,18.01031494140625,steady_train
164.82792465994135,18.01031494140625,steady_train
164.87804427195806,18.01031494140625,steady_train
164.92925963900052,18.01031494140625,steady_train
164.9793753810227,18.01031494140625,steady_train
165.0294889669167,18.01031494140625,steady_train
165.07960578997154,18.01031494140625,steady_train
165.12972208100837,18.01031494140625,steady_train
165.17984182795044,18.01031494140625,steady_train
165.22997082595248,18.01031494140625,steady_train
165.28008522291202,18.01031494140625,steady_train
165.33020215900615,18.01031494140625,steady_train
165.38031832198612,18.01031494140625,steady_train
165.43043668894097,18.01031494140625,steady_train
165.48055404494517,18.01031494140625,steady_train
165.53066923702136,18.01031494140625,steady_train
165.58078430395108,18.01031494140625,steady_train
165.6308984659845,18.01031494140625,steady_train
165.68101491895504,18.01031494140625,steady_train
165.73113216995262,18.01031494140625,steady_train
165.78124610194936,18.01031494140625,steady_train
165.83135529898573,18.01031494140625,steady_train
165.88146625692025,18.01031494140625,steady_train
165.9315792529378,18.01031494140625,steady_train
165.98172103997786,18.01031494140625,steady_train
166.03186938201543,18.01031494140625,steady_train
166.08198981999885,18.01031494140625,steady_train
166.13210357096978,18.01031494140625,steady_train
166.18222006899305,18.01031494140625,steady_train
166.23352121491916,18.01031494140625,steady_train
166.28363788698334,18.01031494140625,steady_train
166.33375879900996,18.01031494140625,steady_train
166.38387840299401,18.01031494140625,steady_train
166.4339912990108,18.01031494140625,steady_train
166.48453240899835,18.01031494140625,steady_train
166.5346427069744,18.01031494140625,steady_train
166.5847550019389,18.01031494140625,steady_train
166.63487505493686,18.01031494140625,steady_train
166.6849879079964,18.01031494140625,steady_train
166.735104593914,18.01031494140625,steady_train
166.78524292691145,18.01031494140625,steady_train
166.8353617649991,18.01031494140625,steady_train
166.88548071100377,18.01031494140625,steady_train
166.93562762695365,18.01031494140625,steady_train
166.98574154591188,18.01031494140625,steady_train
167.035863675992,18.01031494140625,steady_train
167.08598010696005,18.01031494140625,steady_train
167.13609252893366,18.01031494140625,steady_train
167.1862034680089,18.01031494140625,steady_train
167.23631795390975,18.01031494140625,steady_train
167.286631929921,18.01031494140625,steady_train
167.33674344292376,18.01031494140625,steady_train
167.38687068398576,18.01031494140625,steady_train
167.43776288896333,18.01031494140625,steady_train
167.4879045250127,18.01031494140625,steady_train
167.53802749793977,18.01031494140625,steady_train
167.5881457249634,18.01031494140625,steady_train
167.63843124592677,18.01031494140625,steady_train
167.6885490620043,18.01031494140625,steady_train
167.7386675690068,18.01031494140625,steady_train
167.78878435201477,18.01031494140625,steady_train
167.83890014397912,18.01031494140625,steady_train
167.8890153359389,18.01031494140625,steady_train
167.93912853696384,18.01031494140625,steady_train
167.98923962493427,18.01031494140625,steady_train
168.0393531669397,18.01031494140625,steady_train
168.08946804900188,18.01031494140625,steady_train
168.1395830049878,18.01031494140625,steady_train
168.1896974130068,18.01031494140625,steady_train
168.23980959900655,18.01031494140625,steady_train
168.29055236501154,18.01031494140625,steady_train
168.34066594194155,18.01031494140625,steady_train
168.39126408100128,18.01031494140625,steady_train
168.4413746689679,18.01031494140625,steady_train
168.4914852369111,18.01031494140625,steady_train
168.54161606694106,18.01031494140625,steady_train
168.59173470002133,18.01031494140625,steady_train
168.6418716959888,18.01031494140625,steady_train
168.69200448901393,18.01031494140625,steady_train
168.74213695595972,18.01031494140625,steady_train
168.7922504330054,18.01031494140625,steady_train
168.8423647469608,18.01031494140625,steady_train
168.8924843739951,18.01031494140625,steady_train
168.94262390595395,18.01031494140625,steady_train
168.99274336791132,18.01031494140625,steady_train
169.04286733898334,18.01031494140625,steady_train
169.09298364294227,18.01031494140625,steady_train
169.14309587993193,18.01031494140625,steady_train
169.19320873601828,18.01031494140625,steady_train
169.24332463298924,18.01031494140625,steady_train
169.29343705193605,18.01031494140625,steady_train
169.34355152200442,18.01031494140625,steady_train
169.3936654080171,18.01031494140625,steady_train
169.44380582298618,18.01031494140625,steady_train
169.4939801589353,18.01031494140625,steady_train
169.54409572901204,18.01031494140625,steady_train
169.59421473392285,18.01031494140625,steady_train
169.64433685794938,18.01031494140625,steady_train
169.69445199891925,18.01031494140625,steady_train
169.74456675292458,18.01031494140625,steady_train
169.79515593894757,18.01031494140625,steady_train
169.84527096897364,18.01031494140625,steady_train
169.89538645499852,18.01031494140625,steady_train
169.94550161494408,18.01031494140625,steady_train
169.99561564892065,18.01031494140625,steady_train
170.04572901898064,18.01031494140625,steady_train
170.0958397500217,18.01031494140625,steady_train
170.1459585489938,18.01031494140625,steady_train
170.19607337994967,18.01031494140625,steady_train
170.24618791497778,18.01031494140625,steady_train
170.29630112892482,18.01031494140625,steady_train
170.3476333799772,18.01031494140625,steady_train
170.39774844399653,18.01031494140625,steady_train
170.44787566293962,18.01031494140625,steady_train
170.49799295398407,18.01031494140625,steady_train
170.54810574802104,18.01031494140625,steady_train
170.59821991901845,18.01031494140625,steady_train
170.64833447395358,18.01031494140625,steady_train
170.69844802794978,18.01031494140625,steady_train
170.7485719069373,18.01031494140625,steady_train
170.79867745295633,18.01031494140625,steady_train
170.8487904620124,18.01031494140625,steady_train
170.89890735200606,18.01031494140625,steady_train
170.94902637100313,18.01031494140625,steady_train
170.9991474869894,18.01031494140625,steady_train
171.04926497093402,18.01031494140625,steady_train
171.0993808460189,18.01031494140625,steady_train
171.14951466198545,18.01031494140625,steady_train
171.19965103594586,18.01031494140625,steady_train
171.24977209593635,18.01031494140625,steady_train
171.29991773492657,18.01031494140625,steady_train
171.35003498999868,18.01031494140625,steady_train
171.40015122899786,18.01031494140625,steady_train
171.4502684889594,18.01031494140625,steady_train
171.50038764299825,18.01031494140625,steady_train
171.55050394299906,18.01031494140625,steady_train
171.60062099795323,18.01031494140625,steady_train
171.65073692600708,18.01031494140625,steady_train
171.7008531319443,18.01031494140625,steady_train
171.7509795349324,18.01031494140625,steady_train
171.801100189914,18.01031494140625,steady_train
171.85121787898242,18.01031494140625,steady_train
171.9013351899339,18.01031494140625,steady_train
171.9514992389595,18.01031494140625,steady_train
172.00162770296447,18.01031494140625,steady_train
172.05174191191327,18.01031494140625,steady_train
172.10185230791103,18.01031494140625,steady_train
172.15197568701115,18.01031494140625,steady_train
172.20208697998896,18.01031494140625,steady_train
172.25222664594185,18.01031494140625,steady_train
172.30234409892,18.01031494140625,steady_train
172.3524659689283,18.01031494140625,steady_train
172.40259552292991,18.01031494140625,steady_train
172.4528382170247,18.01031494140625,steady_train
172.50349728693254,18.01031494140625,steady_train
172.55361246492248,18.01031494140625,steady_train
172.60372462391388,18.01031494140625,steady_train
172.65383736300282,18.01031494140625,steady_train
172.70459805300925,18.01031494140625,steady_train
172.75471056695096,18.01031494140625,steady_train
172.8058364719618,18.01031494140625,steady_train
172.85594360996038,18.01031494140625,steady_train
172.90605132491328,18.01031494140625,steady_train
172.9561889480101,18.01031494140625,steady_train
173.0063103439752,18.01031494140625,steady_train
173.0564253369812,18.01031494140625,steady_train
173.10654049692675,18.01031494140625,steady_train
173.15714174101595,18.01031494140625,steady_train
173.20726009493228,18.01031494140625,steady_train
173.25737708900124,18.01031494140625,steady_train
173.30751832202077,18.01031494140625,steady_train
173.35811791196465,18.01031494140625,steady_train
173.40823280101176,18.01031494140625,steady_train
173.4583494749386,18.01031494140625,steady_train
173.50846371299122,18.01031494140625,steady_train
173.5585799770197,18.01031494140625,steady_train
173.60869517596439,18.01031494140625,steady_train
173.6588086449774,18.01031494140625,steady_train
173.7089068290079,18.01031494140625,steady_train
173.75902537198272,18.01031494140625,steady_train
173.8091426009778,18.01031494140625,steady_train
173.85926044394728,18.01031494140625,steady_train
173.90937881392892,18.01031494140625,steady_train
173.95953105692752,18.01031494140625,steady_train
174.0096680119168,18.01031494140625,steady_train
174.05978399096057,18.01031494140625,steady_train
174.10989751992747,18.01031494140625,steady_train
174.16001025401056,18.01031494140625,steady_train
174.21012162195984,18.01031494140625,steady_train
174.2602345709456,18.01031494140625,steady_train
174.31034645496402,18.01031494140625,steady_train
174.36046075297054,18.01031494140625,steady_train
174.41057256702334,18.01031494140625,steady_train
174.46133535495028,18.01031494140625,steady_train
174.51280664396472,18.01031494140625,steady_train
174.5629235879751,18.01031494140625,steady_train
174.6130413679639,18.01031494140625,steady_train
174.66315712896176,18.01031494140625,steady_train
174.71329747792333,18.01031494140625,steady_train
174.76371801202185,18.01031494140625,steady_train
174.8138304949971,18.01031494140625,steady_train
174.8639383019181,18.01031494140625,steady_train
174.914053921937,18.01031494140625,steady_train
174.96434622991364,18.01031494140625,steady_train
175.0144817889668,18.01031494140625,steady_train
175.06459280697163,18.01031494140625,steady_train
175.11470626702067,18.01031494140625,steady_train
175.16483791393694,18.01031494140625,steady_train
175.21497035201173,18.01031494140625,steady_train
175.2650848570047,18.01031494140625,steady_train
175.31520168401767,18.01031494140625,steady_train
175.3653158629313,18.01031494140625,steady_train
175.4154326019343,18.01031494140625,steady_train
175.46554528991692,18.01031494140625,steady_train
175.5156612319406,18.01031494140625,steady_train
175.56660188001115,18.01031494140625,steady_train
175.61671430291608,18.01031494140625,steady_train
175.666827822919,18.01031494140625,steady_train
175.71739715593867,18.01031494140625,steady_train
175.76757165393792,18.01031494140625,steady_train
175.8176888069138,18.01031494140625,steady_train
175.8678024659166,18.01031494140625,steady_train
175.91807226196397,18.01031494140625,steady_train
175.9681873510126,18.01031494140625,steady_train
176.0183049099287,18.01031494140625,steady_train
176.0684168729931,18.01031494140625,steady_train
176.1185427160235,18.01031494140625,steady_train
176.16866165900137,18.01031494140625,steady_train
176.21877592802048,18.01031494140625,steady_train
176.26888841600157,18.01031494140625,steady_train
176.3189982830081,18.01031494140625,steady_train
176.36911004700232,18.01031494140625,steady_train
176.41922504501417,18.01031494140625,steady_train
176.46934716799296,18.01031494140625,steady_train
176.51946123095695,18.01031494140625,steady_train
176.56957539892755,18.01031494140625,steady_train
176.61969027190935,18.01031494140625,steady_train
176.66980577493086,18.01031494140625,steady_train
176.7199214519933,18.01031494140625,steady_train
176.7700388500234,18.01031494140625,steady_train
176.8201849089237,18.01031494140625,steady_train
176.87034237594344,18.01031494140625,steady_train
176.92046249401756,18.01031494140625,steady_train
176.97057874698658,18.01031494140625,steady_train
177.0206946739927,18.01031494140625,steady_train
177.07080682192463,18.01031494140625,steady_train
177.12091888091527,18.01031494140625,steady_train
177.17103419394698,18.01031494140625,steady_train
177.22114964597858,18.01031494140625,steady_train
177.27126416494139,18.01031494140625,steady_train
177.3213801609818,18.01031494140625,steady_train
177.37151656590868,18.01031494140625,steady_train
177.421633685939,18.01031494140625,steady_train
177.47174635902047,18.01031494140625,steady_train
177.52209349290933,18.01031494140625,steady_train
177.57220918498933,18.01031494140625,steady_train
177.62232105701696,18.01031494140625,steady_train
177.6724725739332,18.01031494140625,steady_train
177.72259710694198,18.01031494140625,steady_train
177.7727125309175,18.01031494140625,steady_train
177.82283087691758,18.01031494140625,steady_train
177.87295001500752,18.01031494140625,steady_train
177.92307041794993,18.01031494140625,steady_train
177.97318352002185,18.01031494140625,steady_train
178.02330058300868,18.01031494140625,steady_train
178.0734166649636,18.01031494140625,steady_train
178.1235317030223,18.01031494140625,steady_train
178.1736529209884,18.01031494140625,steady_train
178.22377868392505,18.01031494140625,steady_train
178.2741024509305,18.01031494140625,steady_train
178.32421564799733,18.01031494140625,steady_train
178.37432634993456,18.01031494140625,steady_train
178.42444198392332,18.01031494140625,steady_train
178.47455603501294,18.01031494140625,steady_train
178.52467357798014,18.01031494140625,steady_train
178.57479207892902,18.01031494140625,steady_train
178.62569420190994,18.01031494140625,steady_train
178.67580891994294,18.01031494140625,steady_train
178.72592516092118,18.01031494140625,steady_train
178.77604350296315,18.01031494140625,steady_train
178.82626427698415,18.01031494140625,steady_train
178.8763936579926,18.01031494140625,steady_train
178.92654226499144,18.01031494140625,steady_train
178.97701674397103,18.01031494140625,steady_train
179.02713025000412,18.01031494140625,steady_train
179.07728729699738,18.01031494140625,steady_train
179.1274158959277,18.01031494140625,steady_train
179.1775345369242,18.01031494140625,steady_train
179.22767158900388,18.01031494140625,steady_train
179.27778707095422,18.01031494140625,steady_train
179.3279069889104,18.01031494140625,steady_train
179.37802312499844,18.01031494140625,steady_train
179.4281441529747,18.01031494140625,steady_train
179.4782575549325,18.01031494140625,steady_train
179.52837191696744,18.01031494140625,steady_train
179.57848651101813,18.01031494140625,steady_train
179.6286012820201,18.01031494140625,steady_train
179.67871704802383,18.01031494140625,steady_train
179.72883205895778,18.01031494140625,steady_train
179.77894774696324,18.01031494140625,steady_train
179.829063193989,18.01031494140625,steady_train
179.87917714600917,18.01031494140625,steady_train
179.92929074692074,18.01031494140625,steady_train
179.97940475901123,18.01031494140625,steady_train
180.02951783197932,18.01031494140625,steady_train
180.08011252398137,18.01031494140625,steady_train
180.13022731500678,18.01031494140625,steady_train
180.18034256796818,18.01031494140625,steady_train
180.23091250495054,18.01031494140625,steady_train
180.28105160198174,18.01031494140625,steady_train
180.33118547301274,18.01031494140625,steady_train
180.38129920500796,18.01031494140625,steady_train
180.43141521094367,18.01031494140625,steady_train
180.48152535699774,18.01031494140625,steady_train
180.53163695393596,18.01031494140625,steady_train
180.58174770092592,18.01031494140625,steady_train
180.63187355501577,18.01031494140625,steady_train
180.68199017900042,18.01031494140625,steady_train
180.73210788692813,18.01031494140625,steady_train
180.78222546796314,18.01031494140625,steady_train
180.83233968995046,18.01031494140625,steady_train
180.88247257599141,18.01031494140625,steady_train
180.93301718798466,18.01031494140625,steady_train
180.98316107795108,18.01031494140625,steady_train
181.03328653692733,18.01031494140625,steady_train
181.08340540295467,18.01031494140625,steady_train
181.1335185089847,18.01031494140625,steady_train
181.1837033869233,18.01031494140625,steady_train
181.23383175302297,18.01031494140625,steady_train
181.283957534004,18.01031494140625,steady_train
181.33407151594292,18.01031494140625,steady_train
181.38421064300928,18.01031494140625,steady_train
181.43433185399044,18.01031494140625,steady_train
181.4844452389516,18.01031494140625,steady_train
181.53455706092063,18.01031494140625,steady_train
181.5846715969965,18.01031494140625,steady_train
181.63480886793695,18.01031494140625,steady_train
181.68492625595536,18.01031494140625,steady_train
181.73504031600896,18.01031494140625,steady_train
181.7851535929367,18.01031494140625,steady_train
181.83526933996473,18.01031494140625,steady_train
181.88538425101433,18.01031494140625,steady_train
181.93549885193352,18.01031494140625,steady_train
181.98561123898253,18.01031494140625,steady_train
182.03572746098507,18.01031494140625,steady_train
182.08584443794098,18.01031494140625,steady_train
182.13597500801552,18.01031494140625,steady_train
182.18609277892392,18.01031494140625,steady_train
182.2373039459344,18.01031494140625,steady_train
182.28741779597476,18.01031494140625,steady_train
182.3375315379817,18.01031494140625,steady_train
182.3876473789569,18.01031494140625,steady_train
182.4377676199656,18.01031494140625,steady_train
182.48789115494583,18.01031494140625,steady_train
182.5380073969718,18.01031494140625,steady_train
182.5881217769347,18.01031494140625,steady_train
182.63823343301192,18.01031494140625,steady_train
182.68835174001288,18.01031494140625,steady_train
182.7384701910196,18.01031494140625,steady_train
182.78861058794428,18.01031494140625,steady_train
182.83873507892713,18.01031494140625,steady_train
182.888863593922,18.01031494140625,steady_train
182.93898738001008,18.01031494140625,steady_train
182.98914860596415,18.01031494140625,steady_train
183.0392662169179,18.01031494140625,steady_train
183.08937937801238,18.01031494140625,steady_train
183.1394919139566,18.01031494140625,steady_train
183.18960575992242,18.01031494140625,steady_train
183.23971874197014,18.01031494140625,steady_train
183.2898298469372,18.01031494140625,steady_train
183.33995620394126,18.01031494140625,steady_train
183.39008858602028,18.01031494140625,steady_train
183.44022275996394,18.01031494140625,steady_train
183.4903412249405,18.01031494140625,steady_train
183.54045521095395,18.01031494140625,steady_train
183.59057278197724,18.01031494140625,steady_train
183.64070600294508,18.01031494140625,steady_train
183.69081994402222,18.01031494140625,steady_train
183.74093368893955,18.01031494140625,steady_train
183.79104807495605,18.01031494140625,steady_train
183.84116935101338,18.01031494140625,steady_train
183.89128555601928,18.01031494140625,steady_train
183.94140053796582,18.01031494140625,steady_train
183.99151618697215,18.01031494140625,steady_train
184.041639994015,18.01031494140625,steady_train
184.09175738494378,18.01031494140625,steady_train
184.14188244997058,18.01031494140625,steady_train
184.19277373491786,18.01031494140625,steady_train
184.24289011594374,18.01031494140625,steady_train
184.29300638695713,18.01031494140625,steady_train
184.34312231699005,18.01031494140625,steady_train
184.39323805691674,18.01031494140625,steady_train
184.44335109891836,18.01031494140625,steady_train
184.49346423894167,18.01031494140625,steady_train
184.54358081892133,18.01031494140625,steady_train
184.59369274496567,18.01031494140625,steady_train
184.6438079699874,18.01031494140625,steady_train
184.6939253009623,18.01031494140625,steady_train
184.74403745599557,18.01031494140625,steady_train
184.79415599594358,18.01031494140625,steady_train
184.84426957101095,18.01031494140625,steady_train
184.89438910700846,18.01031494140625,steady_train
184.94453026296105,18.01031494140625,steady_train
184.99464803293813,18.01031494140625,steady_train
185.04533786897082,18.01031494140625,steady_train
185.09593256900553,18.01031494140625,steady_train
185.14605026994832,18.01031494140625,steady_train
185.19616442499682,18.01031494140625,steady_train
185.24627840600442,18.01031494140625,steady_train
185.296391500975,18.01031494140625,steady_train
185.34650748502463,18.01031494140625,steady_train
185.39662375091575,18.01031494140625,steady_train
185.4467430349905,18.01031494140625,steady_train
185.4968633609824,18.01031494140625,steady_train
185.54697897692677,18.01031494140625,steady_train
185.5970940119587,18.01031494140625,steady_train
185.64721615193412,18.01031494140625,steady_train
185.69733082095627,18.01031494140625,steady_train
185.74744456098415,18.01031494140625,steady_train
185.797596925986,18.01031494140625,steady_train
185.84771361202002,18.01031494140625,steady_train
185.89782566798385,18.01031494140625,steady_train
185.94794349791482,18.01031494140625,steady_train
185.9980628970079,18.01031494140625,steady_train
186.0481805629097,18.01031494140625,steady_train
186.09829803800676,18.01031494140625,steady_train
186.1487651829375,18.01031494140625,steady_train
186.19888916693162,18.01031494140625,steady_train
186.24900713202078,18.01031494140625,steady_train
186.29912498302292,18.01031494140625,steady_train
186.3492456069216,18.01031494140625,steady_train
186.3993619380053,18.01031494140625,steady_train
186.4494791229954,18.01031494140625,steady_train
186.49959595291875,18.01031494140625,steady_train
186.5497137409402,18.01031494140625,steady_train
186.59982840099838,18.01031494140625,steady_train
186.6499418859603,18.01031494140625,steady_train
186.7000516859116,18.01031494140625,steady_train
186.75016138597857,18.01031494140625,steady_train
186.80027316592168,18.01031494140625,steady_train
186.8503964219708,18.01031494140625,steady_train
186.90053601493128,18.01031494140625,steady_train
186.95066249999218,18.01031494140625,steady_train
187.0007798949955,18.01031494140625,steady_train
187.0509343459271,18.01031494140625,steady_train
187.10214247496333,18.01031494140625,steady_train
187.15225644002203,18.01031494140625,steady_train
187.20238648401573,18.01031494140625,steady_train
187.2525009799283,18.01031494140625,steady_train
187.30261180293746,18.01031494140625,steady_train
187.3530138839269,18.01031494140625,steady_train
187.40312808693852,18.01031494140625,steady_train
187.4532435069559,18.01031494140625,steady_train
187.5033583579352,18.01031494140625,steady_train
187.55347407096997,18.01031494140625,steady_train
187.60388982098084,18.01031494140625,steady_train
187.65400214493275,18.01031494140625,steady_train
187.70411598100327,18.01031494140625,steady_train
187.7542302949587,18.01031494140625,steady_train
187.80434377898928,18.01031494140625,steady_train
187.85445722891018,18.01031494140625,steady_train
187.90457204799168,18.01031494140625,steady_train
187.95469340798445,18.01031494140625,steady_train
188.00480758200865,18.01031494140625,steady_train
188.05492065194994,18.01031494140625,steady_train
188.10503491200507,18.01031494140625,steady_train
188.1551485499367,18.01031494140625,steady_train
188.2052629549289,18.01031494140625,steady_train
188.25537805992644,18.01031494140625,steady_train
188.3054928749334,18.01031494140625,steady_train
188.35560839890968,18.01031494140625,steady_train
188.40572047792375,18.01031494140625,steady_train
188.4558341309894,18.01031494140625,steady_train
188.5059689009795,18.01031494140625,steady_train
188.55608860997017,18.01031494140625,steady_train
188.60620580497198,18.01031494140625,steady_train
188.65632319299038,18.01031494140625,steady_train
188.70644088997506,18.01031494140625,steady_train
188.75655138201546,18.01031494140625,steady_train
188.80666721996386,18.01031494140625,steady_train
188.85678291495424,18.01031494140625,steady_train
188.9069008299848,18.01031494140625,steady_train
188.95702237891965,18.01031494140625,steady_train
189.00715596298687,18.01031494140625,steady_train
189.05728974193335,18.01031494140625,steady_train
189.1088127969997,18.01031494140625,steady_train
189.1589296410093,18.01031494140625,steady_train
189.20904518500902,18.01031494140625,steady_train
189.25916154391598,18.01031494140625,steady_train
189.30927405296825,18.01031494140625,steady_train
189.3598062809324,18.01031494140625,steady_train
189.40991816099267,18.01031494140625,steady_train
189.46097549900878,18.01031494140625,steady_train
189.51109107292723,18.01031494140625,steady_train
189.56183482299093,18.01031494140625,steady_train
189.6119629269233,18.01031494140625,steady_train
189.66208038595505,18.01031494140625,steady_train
189.7121987650171,18.01031494140625,steady_train
189.76343904295936,18.01031494140625,steady_train
189.81355148693547,18.01031494140625,steady_train
189.8636647859821,18.01031494140625,steady_train
189.9137776599964,18.01031494140625,steady_train
189.96464535791893,18.01031494140625,steady_train
190.01476600801107,18.01031494140625,steady_train
190.0649006019812,18.01031494140625,steady_train
190.11505685001612,18.01031494140625,steady_train
190.16521310491953,18.01031494140625,steady_train
190.21532913798,18.01031494140625,steady_train
190.2654422359774,18.01031494140625,steady_train
190.31618538999464,18.01031494140625,steady_train
190.36629754293244,18.01031494140625,steady_train
190.41641287191305,18.01031494140625,steady_train
190.46652526198886,18.01031494140625,steady_train
190.5166431349935,18.01031494140625,steady_train
190.5667590230005,18.01031494140625,steady_train
190.61688932601828,18.01031494140625,steady_train
190.6670062809717,18.01031494140625,steady_train
190.7171204299666,18.01031494140625,steady_train
190.76723422296345,18.01031494140625,steady_train
190.81735299597494,18.01031494140625,steady_train
190.86746562097687,18.01031494140625,steady_train
190.91759146901313,18.01031494140625,steady_train
190.9677115229424,18.01031494140625,steady_train
191.01783663092647,18.01031494140625,steady_train
191.06797450501472,18.01031494140625,steady_train
191.1180888689123,18.01031494140625,steady_train
191.16820234595798,18.01031494140625,steady_train
191.21831923502032,18.01031494140625,steady_train
191.26843338797335,18.01031494140625,steady_train
191.31861972191837,18.01031494140625,steady_train
191.36954204598442,18.01031494140625,steady_train
191.4196559439879,18.01031494140625,steady_train
191.46976870193612,18.01031494140625,steady_train
191.52040009596385,18.01031494140625,steady_train
191.57051403797232,18.01031494140625,steady_train
191.62062752700876,18.01031494140625,steady_train
191.67071963695344,18.01031494140625,steady_train
191.72082053299528,18.01031494140625,steady_train
191.7709352519596,18.01031494140625,steady_train
191.82106001593638,18.01031494140625,steady_train
191.8711711789947,18.01031494140625,steady_train
191.92128168593626,18.01031494140625,steady_train
191.97139533399604,18.01031494140625,steady_train
192.02151092793792,18.01031494140625,steady_train
192.07163289096206,18.01031494140625,steady_train
192.12175079400185,18.01031494140625,steady_train
192.17187399801333,18.01031494140625,steady_train
192.22198933700565,18.01031494140625,steady_train
192.272103844909,18.01031494140625,steady_train
192.32304018293507,18.01031494140625,steady_train
192.3731560750166,18.01031494140625,steady_train
192.4232733589597,18.01031494140625,steady_train
192.47415642195847,18.01031494140625,steady_train
192.52430589392316,18.01031494140625,steady_train
192.57441970298532,18.01031494140625,steady_train
192.62453358992934,18.01031494140625,steady_train
192.67464723298326,18.01031494140625,steady_train
192.72476601193193,18.01031494140625,steady_train
192.77491538901813,18.01031494140625,steady_train
192.82503365795128,18.01031494140625,steady_train
192.87515075097326,18.01031494140625,steady_train
192.92527326394338,18.01031494140625,steady_train
192.97538647195324,18.01031494140625,steady_train
193.02550339896698,18.01031494140625,steady_train
193.07563929294702,18.01031494140625,steady_train
193.12575614999514,18.01031494140625,steady_train
193.17588212899864,18.01031494140625,steady_train
193.2260012559127,18.01031494140625,steady_train
193.27729842497502,18.01031494140625,steady_train
193.32744582591113,18.01031494140625,steady_train
193.3780934800161,18.01031494140625,steady_train
193.4282098079566,18.01031494140625,steady_train
193.4783257289091,18.01031494140625,steady_train
193.52843727800064,18.01031494140625,steady_train
193.57906790601555,18.01031494140625,steady_train
193.6291803229833,18.01031494140625,steady_train
193.67929117102176,18.01031494140625,steady_train
193.72940482897684,18.01031494140625,steady_train
193.77952597592957,18.01031494140625,steady_train
193.82964620401617,18.01031494140625,steady_train
193.87975877593271,18.01031494140625,steady_train
193.92988185002469,18.01031494140625,steady_train
193.9799962559482,18.01031494140625,steady_train
194.03011542896274,18.01031494140625,steady_train
194.08023013791535,18.01031494140625,steady_train
194.1303472199943,18.01031494140625,steady_train
194.18046299694106,18.01031494140625,steady_train
194.23058059602045,18.01031494140625,steady_train
194.2806963030016,18.01031494140625,steady_train
194.33080855500884,18.01031494140625,steady_train
194.38092308293562,18.01031494140625,steady_train
194.4310369460145,18.01031494140625,steady_train
194.4811577979708,18.01031494140625,steady_train
194.53127412497997,18.01031494140625,steady_train
194.5813893879531,18.01031494140625,steady_train
194.63252528500743,18.01031494140625,steady_train
194.68271682201885,18.01031494140625,steady_train
194.7328361949185,18.01031494140625,steady_train
194.7829604219878,18.01031494140625,steady_train
194.83307910896838,18.01031494140625,steady_train
194.88319769094232,18.01031494140625,steady_train
194.93331189395394,18.01031494140625,steady_train
194.98342731699813,18.01031494140625,steady_train
195.03353994293138,18.01031494140625,steady_train
195.08365306199994,18.01031494140625,steady_train
195.133765248931,18.01031494140625,steady_train
195.18389051093254,18.01031494140625,steady_train
195.2340108489152,18.01031494140625,steady_train
195.28412889002357,18.01031494140625,steady_train
195.33427915291395,18.01031494140625,steady_train
195.55397137801629,18.01031494140625,steady_train
195.60410037101246,18.01031494140625,steady_train
195.654454212985,18.01031494140625,steady_train
195.70456867397297,18.01031494140625,steady_train
195.75468119699508,18.01031494140625,steady_train
195.80479461397044,18.01031494140625,steady_train
195.85492742597125,18.01031494140625,steady_train
195.90505678695627,18.01031494140625,steady_train
195.95517596392892,18.01031494140625,steady_train
196.0053008060204,18.01031494140625,steady_train
196.05541474791244,18.01031494140625,steady_train
196.10552888200618,18.01031494140625,steady_train
196.1556454229867,18.01031494140625,steady_train
196.20575927000027,18.01031494140625,steady_train
196.2558817329118,18.01031494140625,steady_train
196.30599795898888,18.01031494140625,steady_train
196.35699870996177,18.01031494140625,steady_train
196.4083483070135,18.01031494140625,steady_train
196.45846573496237,18.01031494140625,steady_train
196.50857917498797,18.01031494140625,steady_train
196.5586952039739,18.01031494140625,steady_train
196.60881073994096,18.01031494140625,steady_train
196.65892318694387,18.01031494140625,steady_train
196.7090367139317,18.01031494140625,steady_train
196.7591479460243,18.01031494140625,steady_train
196.8092670670012,18.01031494140625,steady_train
196.85937841399573,18.01031494140625,steady_train
196.90949956595432,18.01031494140625,steady_train
196.95961732801516,18.01031494140625,steady_train
197.00973362498917,18.01031494140625,steady_train
197.0598496160237,18.01031494140625,steady_train
197.10997564799618,18.01031494140625,steady_train
197.16009250900242,18.01031494140625,steady_train
197.21022105100565,18.01031494140625,steady_train
197.26033785194159,18.01031494140625,steady_train
197.31047737400513,18.01031494140625,steady_train
197.36059290997218,18.01031494140625,steady_train
197.41070473298896,18.01031494140625,steady_train
197.4608257979853,18.01031494140625,steady_train
197.5109787560068,18.01031494140625,steady_train
197.56160785094835,18.01031494140625,steady_train
197.61172788892873,18.01031494140625,steady_train
197.661843925016,18.01031494140625,steady_train
197.7121408119565,18.01031494140625,steady_train
197.76307012198959,18.01031494140625,steady_train
197.81318846996874,18.01031494140625,steady_train
197.8633055309765,18.01031494140625,steady_train
197.91398426296655,18.01031494140625,steady_train
197.9640977239469,18.01031494140625,steady_train
198.0154158899095,18.01031494140625,steady_train
198.06553055194672,18.01031494140625,steady_train
198.11564565298613,18.01031494140625,steady_train
198.16631211398635,18.01031494140625,steady_train
198.21642304991838,18.01031494140625,steady_train
198.26653805794194,18.01031494140625,steady_train
198.31665465398692,18.01031494140625,steady_train
198.366769428947,18.01031494140625,steady_train
198.41689032991417,18.01031494140625,steady_train
198.46700575295836,18.01031494140625,steady_train
198.51711949391756,18.01031494140625,steady_train
198.5672359499149,18.01031494140625,steady_train
198.6173531159293,18.01031494140625,steady_train
198.6674676919356,18.01031494140625,steady_train
198.71758604294155,18.01031494140625,steady_train
198.7677016039379,18.01031494140625,steady_train
198.81781470496207,18.01031494140625,steady_train
198.86789981194306,18.01031494140625,steady_train
198.91803468298167,18.01031494140625,steady_train
198.96818593493663,18.01031494140625,steady_train
199.0183158959262,18.01031494140625,steady_train
199.06843044701964,18.01031494140625,steady_train
199.11854765296448,18.01031494140625,steady_train
199.16867174301296,18.01031494140625,steady_train
199.21879015502054,18.01031494140625,steady_train
199.26890766993165,18.01031494140625,steady_train
199.31902235595044,18.01031494140625,steady_train
199.3691344729159,18.01031494140625,steady_train
199.41924833797384,18.01031494140625,steady_train
199.46936333493795,18.01031494140625,steady_train
199.5194770519156,18.01031494140625,steady_train
199.56959589594044,18.01031494140625,steady_train
199.6197137129493,18.01031494140625,steady_train
199.66982803400606,18.01031494140625,steady_train
199.71994421002455,18.01031494140625,steady_train
199.7711029209895,18.01031494140625,steady_train
199.82264181994833,18.01031494140625,steady_train
199.87275795196183,18.01031494140625,steady_train
199.92288112291135,18.01031494140625,steady_train
199.97299420798663,18.01031494140625,steady_train
200.0231081249658,18.01031494140625,steady_train
200.07402533502318,18.01031494140625,steady_train
200.12413813592866,18.01031494140625,steady_train
200.17425069201272,18.01031494140625,steady_train
200.22436765697785,18.01031494140625,steady_train
200.2744808329735,18.01031494140625,steady_train
200.3245946050156,18.01031494140625,steady_train
200.37544639292173,18.01031494140625,steady_train
200.42556087102275,18.01031494140625,steady_train
200.47567474492826,18.01031494140625,steady_train
200.52579229092225,18.01031494140625,steady_train
200.57590919698123,18.01031494140625,steady_train
200.6260470629204,18.01031494140625,steady_train
200.67616198793985,18.01031494140625,steady_train
200.72628177294973,18.01031494140625,steady_train
200.77640735497698,18.01031494140625,steady_train
200.8265257140156,18.01031494140625,steady_train
200.87664260494057,18.01031494140625,steady_train
200.92677367094439,18.01031494140625,steady_train
200.9769005769631,18.01031494140625,steady_train
201.0270169120049,18.01031494140625,steady_train
201.07713271293323,18.01031494140625,steady_train
201.12724983296357,18.01031494140625,steady_train
201.17736665997654,18.01031494140625,steady_train
201.22748316498473,18.01031494140625,steady_train
201.27760092995595,18.01031494140625,steady_train
201.32771850493737,18.01031494140625,steady_train
201.37786674499512,18.01031494140625,steady_train
201.42798091191798,18.01031494140625,steady_train
201.4780933969887,18.01031494140625,steady_train
201.52820358693134,18.01031494140625,steady_train
201.578316522995,18.01031494140625,steady_train
201.62843218795024,18.01031494140625,steady_train
201.6785537370015,18.01031494140625,steady_train
201.72867169301026,18.01031494140625,steady_train
201.77879363892134,18.01031494140625,steady_train
201.82891641394235,18.01031494140625,steady_train
201.87909410893917,18.01031494140625,steady_train
201.92922107491177,18.01031494140625,steady_train
201.97981195896864,18.01031494140625,steady_train
202.0299256449798,18.01031494140625,steady_train
202.08004083891865,18.01031494140625,steady_train
202.1301560109714,18.01031494140625,steady_train
202.18131636595353,18.01031494140625,steady_train
202.2314313709503,18.01031494140625,steady_train
202.28154251596425,18.01031494140625,steady_train
202.33165439602453,18.01031494140625,steady_train
202.38176671497058,18.01031494140625,steady_train
202.43189059593715,18.01031494140625,steady_train
202.4820048760157,18.01031494140625,steady_train
202.53212334099226,18.01031494140625,steady_train
202.58224049094133,18.01031494140625,steady_train
202.63332235091366,18.01031494140625,steady_train
202.68351744592655,18.01031494140625,steady_train
202.73364849493373,18.01031494140625,steady_train
202.78376428596675,18.01031494140625,steady_train
202.8338949040044,18.01031494140625,steady_train
202.88450908800587,18.01031494140625,steady_train
202.93471959093586,18.01031494140625,steady_train
202.98491684591863,18.01031494140625,steady_train
203.0350943239173,18.01031494140625,steady_train
203.08527284592856,18.01031494140625,steady_train
203.1354565640213,18.01031494140625,steady_train
203.185639680014,18.01031494140625,steady_train
203.23582737892866,18.01031494140625,steady_train
203.28598863095976,18.01031494140625,steady_train
203.33611424500123,18.01031494140625,steady_train
203.3862318849424,18.01031494140625,steady_train
203.43637949891854,18.01031494140625,steady_train
203.48655176500324,18.01031494140625,steady_train
203.53668096393812,18.01031494140625,steady_train
203.58679634390865,18.01031494140625,steady_train
203.63691734394524,18.01031494140625,steady_train
203.6870343189221,18.01031494140625,steady_train
203.7371651729336,18.01031494140625,steady_train
203.78728238795884,18.01031494140625,steady_train
203.83740001695696,18.01031494140625,steady_train
203.88752664194908,18.01031494140625,steady_train
203.93764548702165,18.01031494140625,steady_train
203.98776853701565,18.01031494140625,steady_train
204.03789585700724,18.01031494140625,steady_train
204.08801073092036,18.01031494140625,steady_train
204.13910893001594,18.01031494140625,steady_train
204.1892219609581,18.01031494140625,steady_train
204.24026378896087,18.01031494140625,steady_train
204.29037933400832,18.01031494140625,steady_train
204.34049191896338,18.01031494140625,steady_train
204.39089125196915,18.01031494140625,steady_train
204.44100177299697,18.01031494140625,steady_train
204.4911113359267,18.01031494140625,steady_train
204.5412255009869,18.01031494140625,steady_train
204.59135561995208,18.01031494140625,steady_train
204.64147655491251,18.01031494140625,steady_train
204.6915896940045,18.01031494140625,steady_train
204.741702573956,18.01031494140625,steady_train
204.7918148440076,18.01031494140625,steady_train
204.841926967958,18.01031494140625,steady_train
204.89203194598667,18.01031494140625,steady_train
204.94214292091783,18.01031494140625,steady_train
204.99225719599053,18.01031494140625,steady_train
205.04237579600886,18.01031494140625,steady_train
205.09249300393276,18.01031494140625,steady_train
205.14261206996161,18.01031494140625,steady_train
205.192731212941,18.01031494140625,steady_train
205.24284850200638,18.01031494140625,steady_train
205.29299589293078,18.01031494140625,steady_train
205.34311808191705,18.01031494140625,steady_train
205.39325834601186,18.01031494140625,steady_train
205.44337457895745,18.01031494140625,steady_train
205.49349459900986,18.01031494140625,steady_train
205.54361241695005,18.01031494140625,steady_train
205.5937263870146,18.01031494140625,steady_train
205.64384368492756,18.01031494140625,steady_train
205.69396882597357,18.01031494140625,steady_train
205.74408123991452,18.01031494140625,steady_train
205.7941955489805,18.01031494140625,steady_train
205.8443163029151,18.01031494140625,steady_train
205.8944320809096,18.01031494140625,steady_train
205.945549180964,18.01031494140625,steady_train
205.99606245500036,18.01031494140625,steady_train
206.04617873299867,18.01031494140625,steady_train
206.09629511798266,18.01031494140625,steady_train
206.1464094669791,18.01031494140625,steady_train
206.1965243120212,18.01031494140625,steady_train
206.24663680093363,18.01031494140625,steady_train
206.29705625295173,18.01031494140625,steady_train
206.34716967202257,18.01031494140625,steady_train
206.39823707693722,18.01031494140625,steady_train
206.44835420092568,18.01031494140625,steady_train
206.49846634396818,18.01031494140625,steady_train
206.548580082017,18.01031494140625,steady_train
206.59944410191383,18.01031494140625,steady_train
206.6495553649729,18.01031494140625,steady_train
206.69966809498146,18.01031494140625,steady_train
206.7497798189288,18.01031494140625,steady_train
206.8010289769154,18.01031494140625,steady_train
206.85114579100627,18.01031494140625,steady_train
206.9012607659679,18.01031494140625,steady_train
206.95137884793803,18.01031494140625,steady_train
207.00149402196985,18.01031494140625,steady_train
207.05161022092216,18.01031494140625,steady_train
207.10172395501286,18.01031494140625,steady_train
207.15183901390992,18.01031494140625,steady_train
207.2019636479672,18.01031494140625,steady_train
207.25208175193984,18.01031494140625,steady_train
207.30219800397754,18.01031494140625,steady_train
207.35231701401062,18.01031494140625,steady_train
207.4024418819463,18.01031494140625,steady_train
207.4525754309725,18.01031494140625,steady_train
207.50269010395277,18.01031494140625,steady_train
207.5528052119771,18.01031494140625,steady_train
207.60292870097328,18.01031494140625,steady_train
207.65305970492773,18.01031494140625,steady_train
207.70317645801697,18.01031494140625,steady_train
207.75328930199612,18.01031494140625,steady_train
207.80340299091768,18.01031494140625,steady_train
207.85351776902098,18.01031494140625,steady_train
207.90364748297725,18.01031494140625,steady_train
207.95377298095264,18.01031494140625,steady_train
208.00388780992944,18.01031494140625,steady_train
208.05400736699812,18.01031494140625,steady_train
208.1041253019357,18.01031494140625,steady_train
208.15423990401905,18.01031494140625,steady_train
208.20435558294412,18.01031494140625,steady_train
208.2544906269759,18.01031494140625,steady_train
208.30461304995697,18.01031494140625,steady_train
208.35477337799966,18.01031494140625,steady_train
208.40488990198355,18.01031494140625,steady_train
208.45502669899724,18.01031494140625,steady_train
208.50516386900563,18.01031494140625,steady_train
208.55527991696727,18.01031494140625,steady_train
208.60543287394103,18.01031494140625,steady_train
208.65555521298666,18.01031494140625,steady_train
208.7056663049152,18.01031494140625,steady_train
208.75578050501645,18.01031494140625,steady_train
208.80590003193356,18.01031494140625,steady_train
208.8560209859861,18.01031494140625,steady_train
208.9061397589976,18.01031494140625,steady_train
208.95626005192753,18.01031494140625,steady_train
209.00641986099072,18.01031494140625,steady_train
209.05655960401054,18.01031494140625,steady_train
209.1066766079748,18.01031494140625,steady_train
209.1567921449896,18.01031494140625,steady_train
209.20691312791314,18.01031494140625,steady_train
209.25703587091994,18.01031494140625,steady_train
209.3071508849971,18.01031494140625,steady_train
209.3572690159781,18.01031494140625,steady_train
209.40838625491597,18.01031494140625,steady_train
209.4585376729956,18.01031494140625,steady_train
209.50865387998056,18.01031494140625,steady_train
209.55876903492026,18.01031494140625,steady_train
209.60889595595654,18.01031494140625,steady_train
209.6590136749437,18.01031494140625,steady_train
209.7091285729548,18.01031494140625,steady_train
209.7592428859789,18.01031494140625,steady_train
209.8093546089949,18.01031494140625,steady_train
209.85946774692275,18.01031494140625,steady_train
209.90958065900486,18.01031494140625,steady_train
209.95969086699188,18.01031494140625,steady_train
210.00981184002012,18.01031494140625,steady_train
210.05993058800232,18.01031494140625,steady_train
210.1100441319868,18.01031494140625,steady_train
210.160159308929,18.01031494140625,steady_train
210.21027420798782,18.01031494140625,steady_train
210.2603912909981,18.01031494140625,steady_train
210.31090015301015,18.01031494140625,steady_train
210.36179480992723,18.01031494140625,steady_train
210.4119110929314,18.01031494140625,steady_train
210.46202619501855,18.01031494140625,steady_train
210.5123675619252,18.01031494140625,steady_train
210.56248073093593,18.01031494140625,steady_train
210.6125966589898,18.01031494140625,steady_train
210.66273443191312,18.01031494140625,steady_train
210.71284700301476,18.01031494140625,steady_train
210.76297084696125,18.01031494140625,steady_train
210.81313081400003,18.01031494140625,steady_train
210.86324776592664,18.01031494140625,steady_train
210.91336853499524,18.01031494140625,steady_train
210.96348902198952,18.01031494140625,steady_train
211.01360807998572,18.01031494140625,steady_train
211.06372762692627,18.01031494140625,steady_train
211.11384308396373,18.01031494140625,steady_train
211.1640070870053,18.01031494140625,steady_train
211.21413053094875,18.01031494140625,steady_train
211.2642479579663,18.01031494140625,steady_train
211.31436575890984,18.01031494140625,steady_train
211.36448400793597,18.01031494140625,steady_train
211.4146001249319,18.01031494140625,steady_train
211.46471781493165,18.01031494140625,steady_train
211.51576754893176,18.01031494140625,steady_train
211.56590104091447,18.01031494140625,steady_train
211.61601881298702,18.01031494140625,steady_train
211.66613608191255,18.01031494140625,steady_train
211.71625075896736,18.01031494140625,steady_train
211.76663638697937,18.01031494140625,steady_train
211.81674746400677,18.01031494140625,steady_train
211.86687427491415,18.01031494140625,steady_train
211.91698670294136,18.01031494140625,steady_train
211.96709752595052,18.01031494140625,steady_train
212.01721425901633,18.01031494140625,steady_train
212.06733706092928,18.01031494140625,steady_train
212.11745999194682,18.01031494140625,steady_train
212.1675724799279,18.01031494140625,steady_train
212.2176903419895,18.01031494140625,steady_train
212.26780473894905,18.01031494140625,steady_train
212.31810652196873,18.01031494140625,steady_train
212.36961608799174,18.01031494140625,steady_train
212.41973189997952,18.01031494140625,steady_train
212.4698441720102,18.01031494140625,steady_train
212.51996612001676,18.01031494140625,steady_train
212.57012172194663,18.01031494140625,steady_train
212.62025958800223,18.01031494140625,steady_train
212.67037407995667,18.01031494140625,steady_train
212.72048650798388,18.01031494140625,steady_train
212.7705996449804,18.01031494140625,steady_train
212.82072344701737,18.01031494140625,steady_train
212.87083765899297,18.01031494140625,steady_train
212.9209661509376,18.01031494140625,steady_train
212.97108661895618,18.01031494140625,steady_train
213.02121697494294,18.01031494140625,steady_train
213.07135184202343,18.01031494140625,steady_train
213.12146653991658,18.01031494140625,steady_train
213.17158397193998,18.01031494140625,steady_train
213.22170532902237,18.01031494140625,steady_train
213.271820490947,18.01031494140625,steady_train
213.32193516299594,18.01031494140625,steady_train
213.37204893899616,18.01031494140625,steady_train
213.42227682098746,18.01031494140625,steady_train
213.4724313679617,18.01031494140625,steady_train
213.52256816998124,18.01031494140625,steady_train
213.57301310193725,18.01031494140625,steady_train
213.62313066702336,18.01031494140625,steady_train
213.67324790998828,18.01031494140625,steady_train
213.72399437602144,18.01031494140625,steady_train
213.77420096402057,18.01031494140625,steady_train
213.82432248000987,18.01031494140625,steady_train
213.87443944101688,18.01031494140625,steady_train
213.92455439292826,18.01031494140625,steady_train
213.97466689592693,18.01031494140625,steady_train
214.02477978693787,18.01031494140625,steady_train
214.07489281799644,18.01031494140625,steady_train
214.12500421493314,18.01031494140625,steady_train
214.17512391193304,18.01031494140625,steady_train
214.22524719394278,18.01031494140625,steady_train
214.2753629409708,18.01031494140625,steady_train
214.32552618696354,18.01031494140625,steady_train
214.37564222794026,18.01031494140625,steady_train
214.4258504299214,18.01031494140625,steady_train
214.4759777719155,18.01031494140625,steady_train
214.52609019901138,18.01031494140625,steady_train
214.57620697992388,18.01031494140625,steady_train
214.62671899597626,18.01031494140625,steady_train
214.67684609699063,18.01031494140625,steady_train
214.72697124397382,18.01031494140625,steady_train
214.7770814859541,18.01031494140625,steady_train
214.82720319798682,18.01031494140625,steady_train
214.87731796794105,18.01031494140625,steady_train
214.92743578599766,18.01031494140625,steady_train
214.97755387693178,18.01031494140625,steady_train
215.02771505294368,18.01031494140625,steady_train
215.0778518599691,18.01031494140625,steady_train
215.1279832170112,18.01031494140625,steady_train
215.17810036696028,18.01031494140625,steady_train
215.22822193498723,18.01031494140625,steady_train
215.27833652996924,18.01031494140625,steady_train
215.32845111191273,18.01031494140625,steady_train
215.37856175692286,18.01031494140625,steady_train
215.42867550393566,18.01031494140625,steady_train
215.4787889259169,18.01031494140625,steady_train
215.5289048019331,18.01031494140625,steady_train
215.579020386911,18.01031494140625,steady_train
215.62913807900622,18.01031494140625,steady_train
215.67941865499597,18.01031494140625,steady_train
215.72957231197506,18.01031494140625,steady_train
215.77969721192494,18.01031494140625,steady_train
215.8298113240162,18.01031494140625,steady_train
215.87993932992686,18.01031494140625,steady_train
215.93005460093264,18.01031494140625,steady_train
215.98016825690866,18.01031494140625,steady_train
216.03028297401033,18.01031494140625,steady_train
216.08039626397658,18.01031494140625,steady_train
216.13051197992172,18.01031494140625,steady_train
216.180625260924,18.01031494140625,steady_train
216.23073740897235,18.01031494140625,steady_train
216.28085404401645,18.01031494140625,steady_train
216.3309845859185,18.01031494140625,steady_train
216.38233817496803,18.01031494140625,steady_train
216.4324551320169,18.01031494140625,steady_train
216.48257245693821,18.01031494140625,steady_train
216.53268830291927,18.01031494140625,steady_train
216.58280812494922,18.01031494140625,steady_train
216.63294275093358,18.01031494140625,steady_train
216.68308082094882,18.01031494140625,steady_train
216.73320214799605,18.01031494140625,steady_train
216.78332210797817,18.01031494140625,steady_train
216.83423948392738,18.01031494140625,steady_train
216.8843509949511,18.01031494140625,steady_train
216.9344686899567,18.01031494140625,steady_train
216.9845856219763,18.01031494140625,steady_train
217.03470146202017,18.01031494140625,steady_train
217.0848140330054,18.01031494140625,steady_train
217.1349273439264,18.01031494140625,steady_train
217.18504123098683,18.01031494140625,steady_train
217.2351560270181,18.01031494140625,steady_train
217.28624786192086,18.01031494140625,steady_train
217.33653800701723,18.01031494140625,steady_train
217.386651762994,18.01031494140625,steady_train
217.4367662440054,18.01031494140625,steady_train
217.4869201129768,18.01031494140625,steady_train
217.53705067397095,18.01031494140625,steady_train
217.5871847399976,18.01031494140625,steady_train
217.63730897998903,18.01031494140625,steady_train
217.6874310480198,18.01031494140625,steady_train
217.73755496391095,18.01031494140625,steady_train
217.78767381294165,18.01031494140625,steady_train
217.8377916639438,18.01031494140625,steady_train
217.887909098994,18.01031494140625,steady_train
217.93802479398437,18.01031494140625,steady_train
217.9881451559486,18.01031494140625,steady_train
218.03827264998108,18.01031494140625,steady_train
218.08839193591848,18.01031494140625,steady_train
218.13850616500713,18.01031494140625,steady_train
218.18861892202403,18.01031494140625,steady_train
218.2387344390154,18.01031494140625,steady_train
218.28884867497254,18.01031494140625,steady_train
218.33897583500948,18.01031494140625,steady_train
218.38909270393196,18.01031494140625,steady_train
218.43921093491372,18.01031494140625,steady_train
218.48932732001413,18.01031494140625,steady_train
218.53944035095628,18.01031494140625,steady_train
218.58955492591485,18.01031494140625,steady_train
218.64051000599284,18.01031494140625,steady_train
218.69069809594657,18.01031494140625,steady_train
218.74125051591545,18.01031494140625,steady_train
218.79268237599172,18.01031494140625,steady_train
218.84279963595327,18.01031494140625,steady_train
218.8942093809601,18.01031494140625,steady_train
218.9443316470133,18.01031494140625,steady_train
218.99447094800416,18.01031494140625,steady_train
219.04460644198116,18.01031494140625,steady_train
219.09472302894574,18.01031494140625,steady_train
219.14483625395223,18.01031494140625,steady_train
219.1955082929926,18.01031494140625,steady_train
219.2456245139474,18.01031494140625,steady_train
219.2957378149731,18.01031494140625,steady_train
219.3458706890233,18.01031494140625,steady_train
219.39599639398511,18.01031494140625,steady_train
219.44610980001744,18.01031494140625,steady_train
219.49622483493295,18.01031494140625,steady_train
219.54633771895897,18.01031494140625,steady_train
219.596450204961,18.01031494140625,steady_train
219.64684153394774,18.01031494140625,steady_train
219.69699173991103,18.01031494140625,steady_train
219.74711319396738,18.01031494140625,steady_train
219.79722877393942,18.01031494140625,steady_train
219.84734854497947,18.01031494140625,steady_train
219.89747457392514,18.01031494140625,steady_train
219.94759060896467,18.01031494140625,steady_train
219.99770765402354,18.01031494140625,steady_train
220.04861559392884,18.01031494140625,steady_train
220.0987334039528,18.01031494140625,steady_train
220.14885125891306,18.01031494140625,steady_train
220.19898336497135,18.01031494140625,steady_train
220.2490994289983,18.01031494140625,steady_train
220.29921383899637,18.01031494140625,steady_train
220.3493242339464,18.01031494140625,steady_train
220.39943699899595,18.01031494140625,steady_train
220.44955534895416,18.01031494140625,steady_train
220.49966975895222,18.01031494140625,steady_train
220.54978664894588,18.01031494140625,steady_train
220.59990329295397,18.01031494140625,steady_train
220.65003713197075,18.01031494140625,steady_train
220.70016543299425,18.01031494140625,steady_train
220.75028195697814,18.01031494140625,steady_train
220.80039659701288,18.01031494140625,steady_train
220.85051075194497,18.01031494140625,steady_train
220.90106873691548,18.01031494140625,steady_train
220.9511825919617,18.01031494140625,steady_train
221.0013447769452,18.01031494140625,steady_train
221.05288966593798,18.01031494140625,steady_train
221.10300551494583,18.01031494140625,steady_train
221.15311937592924,18.01031494140625,steady_train
221.2032342189923,18.01031494140625,steady_train
221.2533479349222,18.01031494140625,steady_train
221.3034584929701,18.01031494140625,steady_train
221.35357334895525,18.01031494140625,steady_train
221.40368203492835,18.01031494140625,steady_train
221.4538122669328,18.01031494140625,steady_train
221.5039399319794,18.01031494140625,steady_train
221.5540589420125,18.01031494140625,steady_train
221.6041755300248,18.01031494140625,steady_train
221.65431480493862,18.01031494140625,steady_train
221.70443750498816,18.01031494140625,steady_train
221.7545551150106,18.01031494140625,steady_train
221.80467050301377,18.01031494140625,steady_train
221.8547864279244,18.01031494140625,steady_train
221.90490113792475,18.01031494140625,steady_train
221.95501648297068,18.01031494140625,steady_train
222.005130695994,18.01031494140625,steady_train
222.0552442210028,18.01031494140625,steady_train
222.10535917594098,18.01031494140625,steady_train
222.15547282097396,18.01031494140625,steady_train
222.2055843899725,18.01031494140625,steady_train
222.25570653402247,18.01031494140625,steady_train
222.30582042294554,18.01031494140625,steady_train
222.3559334379388,18.01031494140625,steady_train
222.40604612592142,18.01031494140625,steady_train
222.4561591349775,18.01031494140625,steady_train
222.50627551891375,18.01031494140625,steady_train
222.55640016996767,18.01031494140625,steady_train
222.60664421902038,18.01031494140625,steady_train
222.65676757798065,18.01031494140625,steady_train
222.7075979160145,18.01031494140625,steady_train
222.7583830599906,18.01031494140625,steady_train
222.8084963549627,18.01031494140625,steady_train
222.85860777494963,18.01031494140625,steady_train
222.9087184589589,18.01031494140625,steady_train
222.95883141295053,18.01031494140625,steady_train
223.0089430270018,18.01031494140625,steady_train
223.05905603000429,18.01031494140625,steady_train
223.10916934895795,18.01031494140625,steady_train
223.15927810396533,18.01031494140625,steady_train
223.2094054829795,18.01031494140625,steady_train
223.25951926701237,18.01031494140625,steady_train
223.3096289000241,18.01031494140625,steady_train
223.35974067996722,18.01031494140625,steady_train
223.4112484739162,18.01031494140625,steady_train
223.46136537694838,18.01031494140625,steady_train
223.51148051698692,18.01031494140625,steady_train
223.5615980749717,18.01031494140625,steady_train
223.61196149501484,18.01031494140625,steady_train
223.66207458893768,18.01031494140625,steady_train
223.71219003701117,18.01031494140625,steady_train
223.76230536599178,18.01031494140625,steady_train
223.81242110894527,18.01031494140625,steady_train
223.86253755399957,18.01031494140625,steady_train
223.91265123698395,18.01031494140625,steady_train
223.96276655199472,18.01031494140625,steady_train
224.01289889600594,18.01031494140625,steady_train
224.06301163195167,18.01031494140625,steady_train
224.11312648898456,18.01031494140625,steady_train
224.16324131691363,18.01031494140625,steady_train
224.21338134096004,18.01031494140625,steady_train
224.26350093493238,18.01031494140625,steady_train
224.31361622794066,18.01031494140625,steady_train
224.36373036797158,18.01031494140625,steady_train
224.41384194092825,18.01031494140625,steady_train
224.46396389394067,18.01031494140625,steady_train
224.51407486293465,18.01031494140625,steady_train
224.56418605195358,18.01031494140625,steady_train
224.61430191097315,18.01031494140625,steady_train
224.66442283499055,18.01031494140625,steady_train
224.71453835698776,18.01031494140625,steady_train
224.76465457095765,18.01031494140625,steady_train
224.81495303998236,18.01031494140625,steady_train
224.86590327892918,18.01031494140625,steady_train
224.91601722198538,18.01031494140625,steady_train
224.9661278349813,18.01031494140625,steady_train
225.01623864402063,18.01031494140625,steady_train
225.06634700193536,18.01031494140625,steady_train
225.11711631692015,18.01031494140625,steady_train
225.16722765995655,18.01031494140625,steady_train
225.21788222901523,18.01031494140625,steady_train
225.26799033698626,18.01031494140625,steady_train
225.3180997709278,18.01031494140625,steady_train
225.36821107391734,18.01031494140625,steady_train
225.41832198598422,18.01031494140625,steady_train
225.46843939099927,18.01031494140625,steady_train
225.51855291891843,18.01031494140625,steady_train
225.56866497092415,18.01031494140625,steady_train
225.61887903499883,18.01031494140625,steady_train
225.66900438792072,18.01031494140625,steady_train
225.71911925193854,18.01031494140625,steady_train
225.77006588992663,18.01031494140625,steady_train
225.82020498393103,18.01031494140625,steady_train
225.87032653100323,18.01031494140625,steady_train
225.92044078500476,18.01031494140625,steady_train
225.97074179898482,18.01031494140625,steady_train
226.0208652849542,18.01031494140625,steady_train
226.07098142895848,18.01031494140625,steady_train
226.12109665898606,18.01031494140625,steady_train
226.17121555202175,18.01031494140625,steady_train
226.22134057991207,18.01031494140625,steady_train
226.27145575894974,18.01031494140625,steady_train
226.32156864693388,18.01031494140625,steady_train
226.37289968901314,18.01031494140625,steady_train
226.42301502695773,18.01031494140625,steady_train
226.47312540991697,18.01031494140625,steady_train
226.52323545294348,18.01031494140625,steady_train
226.57334707200062,18.01031494140625,steady_train
226.6234626750229,18.01031494140625,steady_train
226.67358537798282,18.01031494140625,between_stages
226.7237098349724,18.01031494140625,between_stages
226.77382648398634,18.01031494140625,between_stages
226.82393719197717,18.01031494140625,between_stages
226.87404749391135,18.01031494140625,between_stages
226.92415991297457,18.01031494140625,between_stages
227.21189319097903,18.01031494140625,between_stages
227.26202803396154,18.01031494140625,between_stages
227.31214705097955,18.01031494140625,between_stages
227.36225938796997,18.01031494140625,between_stages
227.41237200598698,18.01031494140625,between_stages
227.46248433494475,18.01031494140625,between_stages
227.51262153801508,18.01031494140625,between_stages
227.56638108799234,18.01031494140625,between_stages
227.61649717600085,18.01031494140625,between_stages
227.66661486995872,18.01031494140625,between_stages
227.71673062292393,18.01031494140625,between_stages
227.7668455740204,18.01031494140625,between_stages
227.81771304202266,18.01031494140625,between_stages
227.86782216501888,18.01031494140625,between_stages
227.91793830296956,18.01031494140625,between_stages
227.9680570960045,18.01031494140625,between_stages
228.01817678892985,18.01031494140625,between_stages
228.06828859599773,18.01031494140625,between_stages
228.11839942494407,18.01031494140625,between_stages
228.1696496559307,18.01031494140625,between_stages
228.2197690899484,18.01031494140625,between_stages
228.26989955094177,18.01031494140625,between_stages
228.32001298398245,18.01031494140625,between_stages
228.37012204702478,18.01031494140625,between_stages
228.42581874295138,18.01031494140625,between_stages
228.47593538393266,18.01031494140625,between_stages
228.52605217695236,18.01031494140625,between_stages
228.5761651849607,18.01031494140625,between_stages
228.62627647293266,18.01031494140625,between_stages
228.6810530939838,18.01031494140625,between_stages
228.73117215000093,18.01031494140625,between_stages
228.7812884040177,18.01031494140625,between_stages
228.83139713993296,18.01031494140625,between_stages
228.88150406791829,18.01031494140625,between_stages
228.9360831240192,18.01031494140625,between_stages
228.98619823192712,18.01031494140625,between_stages
229.03631387499627,18.01031494140625,between_stages
229.08642536692787,18.01031494140625,between_stages
229.13653585896827,18.01031494140625,between_stages
229.19129608094227,18.01031494140625,between_stages
229.24141685501672,18.01031494140625,between_stages
229.29153210890945,18.01031494140625,between_stages
229.34164510201663,18.01031494140625,between_stages
229.3917527089361,18.01031494140625,between_stages
229.44493272493128,18.01031494140625,between_stages
229.4950493669603,18.01031494140625,between_stages
229.5451633799821,18.01031494140625,between_stages
229.5952763259411,18.01031494140625,between_stages
229.6453877199674,18.01031494140625,between_stages
229.69786251499318,18.01031494140625,between_stages
229.747980747954,18.01031494140625,between_stages
229.79810999601614,18.01031494140625,between_stages
229.84822005801834,18.01031494140625,between_stages
229.89834526495542,18.01031494140625,between_stages
229.9516294809291,18.01031494140625,between_stages
230.00174717698246,18.01031494140625,between_stages
230.05187309498433,18.01031494140625,between_stages
230.1025640469743,18.01031494140625,between_stages
230.15267456392758,18.01031494140625,between_stages
230.2047718759859,18.01031494140625,between_stages
230.2548954730155,18.01031494140625,between_stages
230.30501125997398,18.01031494140625,between_stages
230.35512557195034,18.01031494140625,between_stages
230.4052321279887,18.01031494140625,between_stages
230.4584995949408,18.01031494140625,between_stages
230.5086178620113,18.01031494140625,between_stages
230.55874644895084,18.01031494140625,between_stages
230.60887221095618,18.01031494140625,between_stages
230.65898160799406,18.01031494140625,between_stages
230.71294594800565,18.01031494140625,between_stages
230.76306322193705,18.01031494140625,between_stages
230.81319578096736,18.01031494140625,between_stages
230.86330566892866,18.01031494140625,between_stages
230.91341377596837,18.01031494140625,between_stages
230.96352885197848,18.01031494140625,between_stages
231.01364388898946,18.01031494140625,between_stages
231.06375568697695,18.01031494140625,between_stages
231.11387365392875,18.01031494140625,between_stages
231.16398622991983,18.01031494140625,between_stages
231.21533201192506,18.01031494140625,between_stages
231.27012606197968,18.01031494140625,between_stages
231.320244547911,18.01031494140625,between_stages
231.37035884999204,18.01031494140625,between_stages
231.4217549120076,18.01031494140625,between_stages
231.4767056509154,18.01031494140625,between_stages
231.526828937931,18.01031494140625,between_stages
231.57693956396542,18.01031494140625,between_stages
231.62873433099594,18.01031494140625,between_stages
231.68361368996557,18.01031494140625,between_stages
231.7337233480066,18.01031494140625,between_stages
231.78383355902042,18.01031494140625,between_stages
231.83539677492809,18.01031494140625,between_stages
231.89030763995834,18.01031494140625,between_stages
231.94041814201046,18.01031494140625,between_stages
231.99052841193043,18.01031494140625,between_stages
232.04210892994888,18.01031494140625,between_stages
232.09693138999864,18.01031494140625,between_stages
232.14704408496618,18.01031494140625,between_stages
232.19715545291547,18.01031494140625,between_stages
232.24864473298658,18.01031494140625,between_stages
232.3034934590105,18.01031494140625,between_stages
232.35361932893284,18.01031494140625,between_stages
232.40373229596298,18.01031494140625,between_stages
232.4551559719257,18.01031494140625,between_stages
232.5099895009771,18.01031494140625,between_stages
232.56010735291056,18.01031494140625,between_stages
232.61022324394435,18.01031494140625,between_stages
232.66033833601978,18.01031494140625,between_stages
232.7170432099374,18.01031494140625,between_stages
232.76715560094453,18.01031494140625,between_stages
232.8172702579759,18.01031494140625,between_stages
232.86880131892394,18.01031494140625,between_stages
232.92363703693263,18.01031494140625,between_stages
232.97374666901305,18.01031494140625,between_stages
233.0238725550007,18.01031494140625,between_stages
233.07398752693553,18.01031494140625,between_stages
233.1240985559998,18.01031494140625,between_stages
233.1754346640082,18.01031494140625,between_stages
233.2256799149327,18.01031494140625,between_stages
233.2759751569247,18.01031494140625,between_stages
233.32608668191824,18.01031494140625,between_stages
233.37619857897516,18.01031494140625,between_stages
233.42630869999994,18.01031494140625,between_stages
233.4764184509404,18.01031494140625,between_stages
233.52652549091727,18.01031494140625,between_stages
233.5766313429922,18.01031494140625,between_stages
233.62674265401438,18.01031494140625,between_stages
233.6768716359511,18.01031494140625,between_stages
233.72699380596168,18.01031494140625,between_stages
233.77711106301285,18.01031494140625,between_stages
233.82722947897855,18.01031494140625,between_stages
233.87736338900868,18.01031494140625,between_stages
233.92749418097083,18.01031494140625,between_stages
