dataset,path,relative_path,width,height,short_side,low_res_lt512,mask_found,person_area_ratio,full_lap,full_ten,person_lap,person_ten,face_lap,primary_type,primary_lap,primary_ten,quality_rank,severe_suspect,suspect_blur
Hi4D,/home/shangguanrz/project/pic-edit/datasets/Hi4D_pilot_v1/raw/pair01/talk01/images/16/000049.jpg,pair01/talk01/images/16/000049.jpg,940,1280,940,False,False,nan,172.7981176984801,3025.663127493351,nan,nan,nan,full,172.7981176984801,3025.663127493351,0.0,True,True
Hi4D,/home/shangguanrz/project/pic-edit/datasets/Hi4D_pilot_v1/raw/pair01/talk01/images/16/000050.jpg,pair01/talk01/images/16/000050.jpg,940,1280,940,False,False,nan,173.7749352897384,3025.8356154421544,nan,nan,nan,full,173.7749352897384,3025.8356154421544,0.00041946308724832214,True,True
Hi4D,/home/shangguanrz/project/pic-edit/datasets/Hi4D_pilot_v1/raw/pair01/talk01/images/16/000048.jpg,pair01/talk01/images/16/000048.jpg,940,1280,940,False,False,nan,176.00795785824386,3046.9689473902927,nan,nan,nan,full,176.00795785824386,3046.9689473902927,0.0010486577181208054,True,True
Hi4D,/home/shangguanrz/project/pic-edit/datasets/Hi4D_pilot_v1/raw/pair01/talk01/images/16/000047.jpg,pair01/talk01/images/16/000047.jpg,940,1280,940,False,False,nan,177.65219667085748,3055.50030127992,nan,nan,nan,full,177.65219667085748,3055.50030127992,0.0018875838926174495,True,True
Hi4D,/home/shangguanrz/project/pic-edit/datasets/Hi4D_pilot_v1/raw/pair01/talk01/images/16/000051.jpg,pair01/talk01/images/16/000051.jpg,940,1280,940,False,False,nan,176.3545133897815,3081.504913979388,nan,nan,nan,full,176.3545133897815,3081.504913979388,0.0025167785234899327,True,True
Hi4D,/home/shangguanrz/project/pic-edit/datasets/Hi4D_pilot_v1/raw/pair01/talk01/images/16/000053.jpg,pair01/talk01/images/16/000053.jpg,940,1280,940,False,False,nan,177.80493299785164,3102.981164810505,nan,nan,nan,full,177.80493299785164,3102.981164810505,0.0041946308724832215,True,True
Hi4D,/home/shangguanrz/project/pic-edit/datasets/Hi4D_pilot_v1/raw/pair01/talk01/images/16/000044.jpg,pair01/talk01/images/16/000044.jpg,940,1280,940,False,False,nan,180.47345781064564,3031.2125685671544,nan,nan,nan,full,180.47345781064564,3031.2125685671544,0.004614093959731544,True,True
Hi4D,/home/shangguanrz/project/pic-edit/datasets/Hi4D_pilot_v1/raw/pair01/talk01/images/16/000054.jpg,pair01/talk01/images/16/000054.jpg,940,1280,940,False,False,nan,179.2693295144236,3103.2740504488033,nan,nan,nan,full,179.2693295144236,3103.2740504488033,0.005453020134228188,True,True
Hi4D,/home/shangguanrz/project/pic-edit/datasets/Hi4D_pilot_v1/raw/pair01/talk01/images/16/000046.jpg,pair01/talk01/images/16/000046.jpg,940,1280,940,False,False,nan,180.47481212857733,3071.4703810671544,nan,nan,nan,full,180.47481212857733,3071.4703810671544,0.005662751677852349,True,True
Hi4D,/home/shangguanrz/project/pic-edit/datasets/Hi4D_pilot_v1/raw/pair01/talk01/images/16/000084.jpg,pair01/talk01/images/16/000084.jpg,940,1280,940,False,False,nan,180.49236549636046,3072.4537379488033,nan,nan,nan,full,180.49236549636046,3072.4537379488033,0.006291946308724833,True,True
Hi4D,/home/shangguanrz/project/pic-edit/datasets/Hi4D_pilot_v1/raw/pair01/talk01/images/16/000052.jpg,pair01/talk01/images/16/000052.jpg,940,1280,940,False,False,nan,177.57416040835844,3134.5495137965427,nan,nan,nan,full,177.57416040835844,3134.5495137965427,0.006501677852348993,True,True
Hi4D,/home/shangguanrz/project/pic-edit/datasets/Hi4D_pilot_v1/raw/pair01/talk01/images/16/000055.jpg,pair01/talk01/images/16/000055.jpg,940,1280,940,False,False,nan,180.03577544817074,3103.6668882978724,nan,nan,nan,full,180.03577544817074,3103.6668882978724,0.006711409395973154,True,True
Hi4D,/home/shangguanrz/project/pic-edit/datasets/Hi4D_pilot_v1/raw/pair01/talk01/images/16/000082.jpg,pair01/talk01/images/16/000082.jpg,940,1280,940,False,False,nan,180.2170778013506,3124.571205950798,nan,nan,nan,full,180.2170778013506,3124.571205950798,0.008808724832214766,True,True
Hi4D,/home/shangguanrz/project/pic-edit/datasets/Hi4D_pilot_v1/raw/pair01/talk01/images/16/000080.jpg,pair01/talk01/images/16/000080.jpg,940,1280,940,False,False,nan,179.518963566297,3158.9962391954787,nan,nan,nan,full,179.518963566297,3158.9962391954787,0.00964765100671141,True,True
Hi4D,/home/shangguanrz/project/pic-edit/datasets/Hi4D_pilot_v1/raw/pair01/talk01/images/16/000086.jpg,pair01/talk01/images/16/000086.jpg,940,1280,940,False,False,nan,180.64606413144014,3120.433687250665,nan,nan,nan,full,180.64606413144014,3120.433687250665,0.00964765100671141,True,True
Hi4D,/home/shangguanrz/project/pic-edit/datasets/Hi4D_pilot_v1/raw/pair01/talk01/images/16/000043.jpg,pair01/talk01/images/16/000043.jpg,940,1280,940,False,False,nan,181.57335586532204,3072.1305684840427,nan,nan,nan,full,181.57335586532204,3072.1305684840427,0.00985738255033557,True,True
Hi4D,/home/shangguanrz/project/pic-edit/datasets/Hi4D_pilot_v1/raw/pair01/talk01/images/16/000056.jpg,pair01/talk01/images/16/000056.jpg,940,1280,940,False,False,nan,180.7842594267772,3114.6261739527927,nan,nan,nan,full,180.7842594267772,3114.6261739527927,0.00985738255033557,True,True
Hi4D,/home/shangguanrz/project/pic-edit/datasets/Hi4D_pilot_v1/raw/pair01/fight01/images/52/000064.jpg,pair01/fight01/images/52/000064.jpg,940,1280,940,False,False,nan,181.48886247240293,3083.3680913397607,nan,nan,nan,full,181.48886247240293,3083.3680913397607,0.010276845637583893,True,True
Hi4D,/home/shangguanrz/project/pic-edit/datasets/Hi4D_pilot_v1/raw/pair01/fight01/images/52/000063.jpg,pair01/fight01/images/52/000063.jpg,940,1280,940,False,False,nan,181.77242916350238,3102.775702293883,nan,nan,nan,full,181.77242916350238,3102.775702293883,0.011535234899328858,True,True
Hi4D,/home/shangguanrz/project/pic-edit/datasets/Hi4D_pilot_v1/raw/pair01/talk01/images/16/000045.jpg,pair01/talk01/images/16/000045.jpg,940,1280,940,False,False,nan,182.46765155603904,3067.424576130319,nan,nan,nan,full,182.46765155603904,3067.424576130319,0.012374161073825503,True,True
Hi4D,/home/shangguanrz/project/pic-edit/datasets/Hi4D_pilot_v1/raw/pair22/game22/images/4/000054.jpg,pair22/game22/images/4/000054.jpg,940,1280,940,False,False,nan,180.58970208400615,3210.897731050532,nan,nan,nan,full,180.58970208400615,3210.897731050532,0.014052013422818792,True,True
Hi4D,/home/shangguanrz/project/pic-edit/datasets/Hi4D_pilot_v1/raw/pair22/game22/images/4/000052.jpg,pair22/game22/images/4/000052.jpg,940,1280,940,False,False,nan,180.57546810995348,3215.1042012965427,nan,nan,nan,full,180.57546810995348,3215.1042012965427,0.014261744966442953,True,True
Hi4D,/home/shangguanrz/project/pic-edit/datasets/Hi4D_pilot_v1/raw/pair22/game22/images/4/000067.jpg,pair22/game22/images/4/000067.jpg,940,1280,940,False,False,nan,180.7981409506325,3207.651865857713,nan,nan,nan,full,180.7981409506325,3207.651865857713,0.014261744966442953,True,True
Hi4D,/home/shangguanrz/project/pic-edit/datasets/Hi4D_pilot_v1/raw/pair01/fight01/images/52/000062.jpg,pair01/fight01/images/52/000062.jpg,940,1280,940,False,False,nan,181.28781496955023,3174.284449800532,nan,nan,nan,full,181.28781496955023,3174.284449800532,0.014890939597315436,True,True
Hi4D,/home/shangguanrz/project/pic-edit/datasets/Hi4D_pilot_v1/raw/pair22/game22/images/4/000046.jpg,pair22/game22/images/4/000046.jpg,940,1280,940,False,False,nan,181.33415456871046,3171.0694502160904,nan,nan,nan,full,181.33415456871046,3171.0694502160904,0.015100671140939596,True,True
Hi4D,/home/shangguanrz/project/pic-edit/datasets/Hi4D_pilot_v1/raw/pair01/fight01/images/52/000061.jpg,pair01/fight01/images/52/000061.jpg,940,1280,940,False,False,nan,181.1640827027636,3210.233793218085,nan,nan,nan,full,181.1640827027636,3210.233793218085,0.015729865771812082,True,True
Hi4D,/home/shangguanrz/project/pic-edit/datasets/Hi4D_pilot_v1/raw/pair01/fight01/images/52/000065.jpg,pair01/fight01/images/52/000065.jpg,940,1280,940,False,False,nan,182.77790912212745,3109.1609665890956,nan,nan,nan,full,182.77790912212745,3109.1609665890956,0.015939597315436243,True,True
Hi4D,/home/shangguanrz/project/pic-edit/datasets/Hi4D_pilot_v1/raw/pair01/talk01/images/16/000042.jpg,pair01/talk01/images/16/000042.jpg,940,1280,940,False,False,nan,183.7017536300402,3098.0086747839096,nan,nan,nan,full,183.7017536300402,3098.0086747839096,0.016568791946308725,True,True
Hi4D,/home/shangguanrz/project/pic-edit/datasets/Hi4D_pilot_v1/raw/pair22/game22/images/4/000063.jpg,pair22/game22/images/4/000063.jpg,940,1280,940,False,False,nan,181.88058092991872,3187.424368351064,nan,nan,nan,full,181.88058092991872,3187.424368351064,0.016778523489932886,True,True
Hi4D,/home/shangguanrz/project/pic-edit/datasets/Hi4D_pilot_v1/raw/pair01/talk01/images/16/000041.jpg,pair01/talk01/images/16/000041.jpg,940,1280,940,False,False,nan,183.14788638493116,3107.7784865359044,nan,nan,nan,full,183.14788638493116,3107.7784865359044,0.016988255033557047,True,True
Hi4D,/home/shangguanrz/project/pic-edit/datasets/Hi4D_pilot_v1/raw/pair22/game22/images/4/000048.jpg,pair22/game22/images/4/000048.jpg,940,1280,940,False,False,nan,182.32170847367246,3155.797768450798,nan,nan,nan,full,182.32170847367246,3155.797768450798,0.01761744966442953,True,True
Hi4D,/home/shangguanrz/project/pic-edit/datasets/Hi4D_pilot_v1/raw/pair22/game22/images/4/000056.jpg,pair22/game22/images/4/000056.jpg,940,1280,940,False,False,nan,181.2361757028637,3222.4204309341753,nan,nan,nan,full,181.2361757028637,3222.4204309341753,0.01782718120805369,True,True
Hi4D,/home/shangguanrz/project/pic-edit/datasets/Hi4D_pilot_v1/raw/pair22/game22/images/4/000061.jpg,pair22/game22/images/4/000061.jpg,940,1280,940,False,False,nan,181.9618234081525,3211.8735143783247,nan,nan,nan,full,181.9618234081525,3211.8735143783247,0.018875838926174497,True,True
Hi4D,/home/shangguanrz/project/pic-edit/datasets/Hi4D_pilot_v1/raw/pair22/game22/images/4/000050.jpg,pair22/game22/images/4/000050.jpg,940,1280,940,False,False,nan,183.7800374941731,3200.175344913564,nan,nan,nan,full,183.7800374941731,3200.175344913564,0.022441275167785234,True,True
Hi4D,/home/shangguanrz/project/pic-edit/datasets/Hi4D_pilot_v1/raw/pair22/game22/images/4/000059.jpg,pair22/game22/images/4/000059.jpg,940,1280,940,False,False,nan,182.48444085530753,3231.378334857048,nan,nan,nan,full,182.48444085530753,3231.378334857048,0.022860738255033555,True,True
Hi4D,/home/shangguanrz/project/pic-edit/datasets/Hi4D_pilot_v1/raw/pair22/game22/images/4/000065.jpg,pair22/game22/images/4/000065.jpg,940,1280,940,False,False,nan,183.11630283172664,3216.841807263963,nan,nan,nan,full,183.11630283172664,3216.841807263963,0.022860738255033555,True,True
Hi4D,/home/shangguanrz/project/pic-edit/datasets/Hi4D_pilot_v1/raw/pair22/game22/images/4/000058.jpg,pair22/game22/images/4/000058.jpg,940,1280,940,False,False,nan,182.9731631021038,3225.1266310671544,nan,nan,nan,full,182.9731631021038,3225.1266310671544,0.023699664429530202,True,True
Hi4D,/home/shangguanrz/project/pic-edit/datasets/Hi4D_pilot_v1/raw/pair01/fight01/images/52/000066.jpg,pair01/fight01/images/52/000066.jpg,940,1280,940,False,False,nan,185.60628846254002,3095.64922706117,nan,nan,nan,full,185.60628846254002,3095.64922706117,0.023909395973154363,True,True
Hi4D,/home/shangguanrz/project/pic-edit/datasets/Hi4D_pilot_v1/raw/pair01/talk01/images/16/000040.jpg,pair01/talk01/images/16/000040.jpg,940,1280,940,False,False,nan,184.47642216004093,3135.452366605718,nan,nan,nan,full,184.47642216004093,3135.452366605718,0.024748322147651006,True,True
Hi4D,/home/shangguanrz/project/pic-edit/datasets/Hi4D_pilot_v1/raw/pair01/talk01/images/16/000088.jpg,pair01/talk01/images/16/000088.jpg,940,1280,940,False,False,nan,184.0017092883074,3221.7810526097073,nan,nan,nan,full,184.0017092883074,3221.7810526097073,0.026006711409395974,True,True
Hi4D,/home/shangguanrz/project/pic-edit/datasets/Hi4D_pilot_v1/raw/pair01/talk01/images/16/000035.jpg,pair01/talk01/images/16/000035.jpg,940,1280,940,False,False,nan,185.8137298897415,3113.4202439328456,nan,nan,nan,full,185.8137298897415,3113.4202439328456,0.026426174496644295,True,True
Hi4D,/home/shangguanrz/project/pic-edit/datasets/Hi4D_pilot_v1/raw/pair22/game22/images/4/000095.jpg,pair22/game22/images/4/000095.jpg,940,1280,940,False,False,nan,183.8143431569128,3235.526626911569,nan,nan,nan,full,183.8143431569128,3235.526626911569,0.026635906040268456,True,True
Hi4D,/home/shangguanrz/project/pic-edit/datasets/Hi4D_pilot_v1/raw/pair01/fight01/images/52/000060.jpg,pair01/fight01/images/52/000060.jpg,940,1280,940,False,False,nan,183.8059979497226,3241.7971970578456,nan,nan,nan,full,183.8059979497226,3241.7971970578456,0.026845637583892617,True,True
Hi4D,/home/shangguanrz/project/pic-edit/datasets/Hi4D_pilot_v1/raw/pair01/talk01/images/16/000058.jpg,pair01/talk01/images/16/000058.jpg,940,1280,940,False,False,nan,184.8476126507809,3190.027582696144,nan,nan,nan,full,184.8476126507809,3190.027582696144,0.0274748322147651,True,True
Hi4D,/home/shangguanrz/project/pic-edit/datasets/Hi4D_pilot_v1/raw/pair01/talk01/images/16/000039.jpg,pair01/talk01/images/16/000039.jpg,940,1280,940,False,False,nan,185.59541231755384,3146.2811461103724,nan,nan,nan,full,185.59541231755384,3146.2811461103724,0.027684563758389263,True,True
Hi4D,/home/shangguanrz/project/pic-edit/datasets/Hi4D_pilot_v1/raw/pair22/game22/images/4/000009.jpg,pair22/game22/images/4/000009.jpg,940,1280,940,False,False,nan,183.56650702043484,3262.0790807845747,nan,nan,nan,full,183.56650702043484,3262.0790807845747,0.02915268456375839,True,True
Hi4D,/home/shangguanrz/project/pic-edit/datasets/Hi4D_pilot_v1/raw/pair01/talk01/images/16/000038.jpg,pair01/talk01/images/16/000038.jpg,940,1280,940,False,False,nan,186.2145394637554,3134.6717607214096,nan,nan,nan,full,186.2145394637554,3134.6717607214096,0.029572147651006714,True,True
Hi4D,/home/shangguanrz/project/pic-edit/datasets/Hi4D_pilot_v1/raw/pair01/talk01/images/16/000097.jpg,pair01/talk01/images/16/000097.jpg,940,1280,940,False,False,nan,184.09850260670657,3247.8329039228724,nan,nan,nan,full,184.09850260670657,3247.8329039228724,0.02978187919463087,True,True
Hi4D,/home/shangguanrz/project/pic-edit/datasets/Hi4D_pilot_v1/raw/pair22/game22/images/4/000069.jpg,pair22/game22/images/4/000069.jpg,940,1280,940,False,False,nan,184.08586300892654,3248.803004488032,nan,nan,nan,full,184.08586300892654,3248.803004488032,0.029781879194630875,True,True
Hi4D,/home/shangguanrz/project/pic-edit/datasets/Hi4D_pilot_v1/raw/pair22/game22/images/4/000071.jpg,pair22/game22/images/4/000071.jpg,940,1280,940,False,False,nan,182.895422141117,3275.064712849069,nan,nan,nan,full,182.895422141117,3275.064712849069,0.031459731543624164,True,True
Hi4D,/home/shangguanrz/project/pic-edit/datasets/Hi4D_pilot_v1/raw/pair22/game22/images/4/000093.jpg,pair22/game22/images/4/000093.jpg,940,1280,940,False,False,nan,184.2822294720647,3252.257635887633,nan,nan,nan,full,184.2822294720647,3252.257635887633,0.031459731543624164,True,True
Hi4D,/home/shangguanrz/project/pic-edit/datasets/Hi4D_pilot_v1/raw/pair01/talk01/images/16/000036.jpg,pair01/talk01/images/16/000036.jpg,940,1280,940,False,False,nan,186.60481426172427,3124.7801176030584,nan,nan,nan,full,186.60481426172427,3124.7801176030584,0.03166946308724832,False,True
Hi4D,/home/shangguanrz/project/pic-edit/datasets/Hi4D_pilot_v1/raw/pair01/talk01/images/16/000034.jpg,pair01/talk01/images/16/000034.jpg,940,1280,940,False,False,nan,187.0655869827814,3121.6348279587764,nan,nan,nan,full,187.0655869827814,3121.6348279587764,0.03208892617449664,False,True
Hi4D,/home/shangguanrz/project/pic-edit/datasets/Hi4D_pilot_v1/raw/pair22/game22/images/4/000120.jpg,pair22/game22/images/4/000120.jpg,940,1280,940,False,False,nan,184.36766787531045,3255.118932845745,nan,nan,nan,full,184.36766787531045,3255.118932845745,0.03229865771812081,True,True
Hi4D,/home/shangguanrz/project/pic-edit/datasets/Hi4D_pilot_v1/raw/pair01/talk01/images/16/000037.jpg,pair01/talk01/images/16/000037.jpg,940,1280,940,False,False,nan,186.95575058055502,3131.372080701463,nan,nan,nan,full,186.95575058055502,3131.372080701463,0.032508389261744965,False,True
Hi4D,/home/shangguanrz/project/pic-edit/datasets/Hi4D_pilot_v1/raw/pair22/game22/images/4/000088.jpg,pair22/game22/images/4/000088.jpg,940,1280,940,False,False,nan,183.9791218892057,3269.2671625664893,nan,nan,nan,full,183.9791218892057,3269.2671625664893,0.03313758389261745,True,True
Hi4D,/home/shangguanrz/project/pic-edit/datasets/Hi4D_pilot_v1/raw/pair22/game22/images/4/000026.jpg,pair22/game22/images/4/000026.jpg,940,1280,940,False,False,nan,184.19578741815315,3265.5979990857713,nan,nan,nan,full,184.19578741815315,3265.5979990857713,0.03376677852348993,True,True
Hi4D,/home/shangguanrz/project/pic-edit/datasets/Hi4D_pilot_v1/raw/pair22/game22/images/4/000090.jpg,pair22/game22/images/4/000090.jpg,940,1280,940,False,False,nan,184.50602194430766,3258.8541077958776,nan,nan,nan,full,184.50602194430766,3258.8541077958776,0.033976510067114093,True,True
Hi4D,/home/shangguanrz/project/pic-edit/datasets/Hi4D_pilot_v1/raw/pair22/game22/images/4/000092.jpg,pair22/game22/images/4/000092.jpg,940,1280,940,False,False,nan,184.69814168233142,3256.6794901097073,nan,nan,nan,full,184.69814168233142,3256.6794901097073,0.033976510067114093,True,True
Hi4D,/home/shangguanrz/project/pic-edit/datasets/Hi4D_pilot_v1/raw/pair01/fight01/images/52/000067.jpg,pair01/fight01/images/52/000067.jpg,940,1280,940,False,False,nan,187.34855485834004,3160.9897253158247,nan,nan,nan,full,187.34855485834004,3160.9897253158247,0.035234899328859065,False,True
Hi4D,/home/shangguanrz/project/pic-edit/datasets/Hi4D_pilot_v1/raw/pair22/game22/images/4/000084.jpg,pair22/game22/images/4/000084.jpg,940,1280,940,False,False,nan,184.11397846382417,3275.304905668218,nan,nan,nan,full,184.11397846382417,3275.304905668218,0.035864093959731544,True,True
Hi4D,/home/shangguanrz/project/pic-edit/datasets/Hi4D_pilot_v1/raw/pair22/game22/images/4/000027.jpg,pair22/game22/images/4/000027.jpg,940,1280,940,False,False,nan,184.59989750293542,3265.82470703125,nan,nan,nan,full,184.59989750293542,3265.82470703125,0.03607382550335571,True,True
Hi4D,/home/shangguanrz/project/pic-edit/datasets/Hi4D_pilot_v1/raw/pair22/game22/images/4/000129.jpg,pair22/game22/images/4/000129.jpg,940,1280,940,False,False,nan,183.86449937679586,3287.3768804022607,nan,nan,nan,full,183.86449937679586,3287.3768804022607,0.03607382550335571,True,True
Hi4D,/home/shangguanrz/project/pic-edit/datasets/Hi4D_pilot_v1/raw/pair22/game22/images/4/000003.jpg,pair22/game22/images/4/000003.jpg,940,1280,940,False,False,nan,185.48554723928711,3264.1946787732713,nan,nan,nan,full,185.48554723928711,3264.1946787732713,0.03670302013422819,True,True
Hi4D,/home/shangguanrz/project/pic-edit/datasets/Hi4D_pilot_v1/raw/pair22/game22/images/4/000112.jpg,pair22/game22/images/4/000112.jpg,940,1280,940,False,False,nan,186.42216474592223,3243.2139295212764,nan,nan,nan,full,186.42216474592223,3243.2139295212764,0.03691275167785235,True,True
Hi4D,/home/shangguanrz/project/pic-edit/datasets/Hi4D_pilot_v1/raw/pair22/game22/images/4/000124.jpg,pair22/game22/images/4/000124.jpg,940,1280,940,False,False,nan,184.4649623967286,3274.6498815658247,nan,nan,nan,full,184.4649623967286,3274.6498815658247,0.03733221476510067,True,True
Hi4D,/home/shangguanrz/project/pic-edit/datasets/Hi4D_pilot_v1/raw/pair22/game22/images/4/000114.jpg,pair22/game22/images/4/000114.jpg,940,1280,940,False,False,nan,186.13572456349397,3253.7770216921544,nan,nan,nan,full,186.13572456349397,3253.7770216921544,0.03754194630872483,True,True
Hi4D,/home/shangguanrz/project/pic-edit/datasets/Hi4D_pilot_v1/raw/pair01/talk01/images/16/000065.jpg,pair01/talk01/images/16/000065.jpg,940,1280,940,False,False,nan,186.4375123364346,3247.500135056516,nan,nan,nan,full,186.4375123364346,3247.500135056516,0.037751677852348994,True,True
Hi4D,/home/shangguanrz/project/pic-edit/datasets/Hi4D_pilot_v1/raw/pair22/game22/images/4/000086.jpg,pair22/game22/images/4/000086.jpg,940,1280,940,False,False,nan,184.16092850059445,3286.7372007978724,nan,nan,nan,full,184.16092850059445,3286.7372007978724,0.037751677852348994,True,True
Hi4D,/home/shangguanrz/project/pic-edit/datasets/Hi4D_pilot_v1/raw/pair01/talk01/images/16/000099.jpg,pair01/talk01/images/16/000099.jpg,940,1280,940,False,False,nan,186.46210419198079,3246.2139399102393,nan,nan,nan,full,186.46210419198079,3246.2139399102393,0.03796140939597315,True,True
Hi4D,/home/shangguanrz/project/pic-edit/datasets/Hi4D_pilot_v1/raw/pair22/game22/images/4/000073.jpg,pair22/game22/images/4/000073.jpg,940,1280,940,False,False,nan,184.00960992609234,3292.752264793883,nan,nan,nan,full,184.00960992609234,3292.752264793883,0.03796140939597316,True,True
Hi4D,/home/shangguanrz/project/pic-edit/datasets/Hi4D_pilot_v1/raw/pair01/talk01/images/16/000067.jpg,pair01/talk01/images/16/000067.jpg,940,1280,940,False,False,nan,186.20490687591783,3262.307627576463,nan,nan,nan,full,186.20490687591783,3262.307627576463,0.03921979865771812,True,True
Hi4D,/home/shangguanrz/project/pic-edit/datasets/Hi4D_pilot_v1/raw/pair22/game22/images/4/000022.jpg,pair22/game22/images/4/000022.jpg,940,1280,940,False,False,nan,185.49255900903216,3274.0212869847073,nan,nan,nan,full,185.49255900903216,3274.0212869847073,0.03942953020134228,True,True
Hi4D,/home/shangguanrz/project/pic-edit/datasets/Hi4D_pilot_v1/raw/pair22/game22/images/4/000075.jpg,pair22/game22/images/4/000075.jpg,940,1280,940,False,False,nan,183.87879609735157,3300.2669340093084,nan,nan,nan,full,183.87879609735157,3300.2669340093084,0.039639261744966445,True,True
Hi4D,/home/shangguanrz/project/pic-edit/datasets/Hi4D_pilot_v1/raw/pair22/game22/images/4/000076.jpg,pair22/game22/images/4/000076.jpg,940,1280,940,False,False,nan,182.92243344430847,3306.870034075798,nan,nan,nan,full,182.92243344430847,3306.870034075798,0.040268456375838924,False,True
Hi4D,/home/shangguanrz/project/pic-edit/datasets/Hi4D_pilot_v1/raw/pair22/game22/images/4/000122.jpg,pair22/game22/images/4/000122.jpg,940,1280,940,False,False,nan,185.40304820318465,3283.2041223404253,nan,nan,nan,full,185.40304820318465,3283.2041223404253,0.040268456375838924,True,True
Hi4D,/home/shangguanrz/project/pic-edit/datasets/Hi4D_pilot_v1/raw/pair01/talk01/images/16/000033.jpg,pair01/talk01/images/16/000033.jpg,940,1280,940,False,False,nan,188.98018236697766,3125.5633622839096,nan,nan,nan,full,188.98018236697766,3125.5633622839096,0.04068791946308725,False,True
Hi4D,/home/shangguanrz/project/pic-edit/datasets/Hi4D_pilot_v1/raw/pair22/game22/images/4/000024.jpg,pair22/game22/images/4/000024.jpg,940,1280,940,False,False,nan,186.52738792400334,3262.025847739362,nan,nan,nan,full,186.52738792400334,3262.025847739362,0.041107382550335574,False,True
Hi4D,/home/shangguanrz/project/pic-edit/datasets/Hi4D_pilot_v1/raw/pair22/game22/images/4/000109.jpg,pair22/game22/images/4/000109.jpg,940,1280,940,False,False,nan,188.08803904242728,3221.2886469414893,nan,nan,nan,full,188.08803904242728,3221.2886469414893,0.04131711409395973,False,True
Hi4D,/home/shangguanrz/project/pic-edit/datasets/Hi4D_pilot_v1/raw/pair22/game22/images/4/000020.jpg,pair22/game22/images/4/000020.jpg,940,1280,940,False,False,nan,185.55894566877447,3283.319689162234,nan,nan,nan,full,185.55894566877447,3283.319689162234,0.041526845637583895,True,True
Hi4D,/home/shangguanrz/project/pic-edit/datasets/Hi4D_pilot_v1/raw/pair01/talk01/images/16/000073.jpg,pair01/talk01/images/16/000073.jpg,940,1280,940,False,False,nan,186.58140884623805,3263.767100232713,nan,nan,nan,full,186.58140884623805,3263.767100232713,0.04236577181208054,False,True
Hi4D,/home/shangguanrz/project/pic-edit/datasets/Hi4D_pilot_v1/raw/pair22/game22/images/4/000125.jpg,pair22/game22/images/4/000125.jpg,940,1280,940,False,False,nan,181.96211365519633,3321.4832945478724,nan,nan,nan,full,181.96211365519633,3321.4832945478724,0.04278523489932885,False,True
Hi4D,/home/shangguanrz/project/pic-edit/datasets/Hi4D_pilot_v1/raw/pair01/talk01/images/16/000062.jpg,pair01/talk01/images/16/000062.jpg,940,1280,940,False,False,nan,187.81292396778434,3243.9309549534573,nan,nan,nan,full,187.81292396778434,3243.9309549534573,0.04278523489932886,False,True
Hi4D,/home/shangguanrz/project/pic-edit/datasets/Hi4D_pilot_v1/raw/pair22/game22/images/4/000029.jpg,pair22/game22/images/4/000029.jpg,940,1280,940,False,False,nan,185.26812126062853,3297.849339261968,nan,nan,nan,full,185.26812126062853,3297.849339261968,0.044043624161073824,True,True
Hi4D,/home/shangguanrz/project/pic-edit/datasets/Hi4D_pilot_v1/raw/pair22/game22/images/4/000082.jpg,pair22/game22/images/4/000082.jpg,940,1280,940,False,False,nan,184.885011729853,3298.837838680186,nan,nan,nan,full,184.885011729853,3298.837838680186,0.044043624161073824,True,True
Hi4D,/home/shangguanrz/project/pic-edit/datasets/Hi4D_pilot_v1/raw/pair22/game22/images/4/000118.jpg,pair22/game22/images/4/000118.jpg,940,1280,940,False,False,nan,186.30036323056498,3283.2716090425533,nan,nan,nan,full,186.30036323056498,3283.2716090425533,0.044043624161073824,True,True
Hi4D,/home/shangguanrz/project/pic-edit/datasets/Hi4D_pilot_v1/raw/pair22/game22/images/4/000110.jpg,pair22/game22/images/4/000110.jpg,940,1280,940,False,False,nan,188.50166547603337,3229.219279837101,nan,nan,nan,full,188.50166547603337,3229.219279837101,0.04425335570469799,False,True
Hi4D,/home/shangguanrz/project/pic-edit/datasets/Hi4D_pilot_v1/raw/pair22/game22/images/4/000105.jpg,pair22/game22/images/4/000105.jpg,940,1280,940,False,False,nan,186.54250844262094,3270.093843500665,nan,nan,nan,full,186.54250844262094,3270.093843500665,0.04446308724832215,False,True
Hi4D,/home/shangguanrz/project/pic-edit/datasets/Hi4D_pilot_v1/raw/pair01/talk01/images/16/000078.jpg,pair01/talk01/images/16/000078.jpg,940,1280,940,False,False,nan,186.83105589589047,3269.6749293550533,nan,nan,nan,full,186.83105589589047,3269.6749293550533,0.04488255033557047,False,True
Hi4D,/home/shangguanrz/project/pic-edit/datasets/Hi4D_pilot_v1/raw/pair22/game22/images/4/000107.jpg,pair22/game22/images/4/000107.jpg,940,1280,940,False,False,nan,187.2976629547319,3266.0032517453456,nan,nan,nan,full,187.2976629547319,3266.0032517453456,0.04488255033557047,False,True
Hi4D,/home/shangguanrz/project/pic-edit/datasets/Hi4D_pilot_v1/raw/pair22/game22/images/4/000044.jpg,pair22/game22/images/4/000044.jpg,940,1280,940,False,False,nan,186.45165896631568,3283.366387549867,nan,nan,nan,full,186.45165896631568,3283.366387549867,0.04509228187919463,True,True
Hi4D,/home/shangguanrz/project/pic-edit/datasets/Hi4D_pilot_v1/raw/pair22/hug22/images/4/000091.jpg,pair22/hug22/images/4/000091.jpg,940,1280,940,False,False,nan,185.92142159000358,3292.985632064495,nan,nan,nan,full,185.92142159000358,3292.985632064495,0.04530201342281879,True,True
Hi4D,/home/shangguanrz/project/pic-edit/datasets/Hi4D_pilot_v1/raw/pair01/talk01/images/16/000060.jpg,pair01/talk01/images/16/000060.jpg,940,1280,940,False,False,nan,188.70461954966342,3240.165174119016,nan,nan,nan,full,188.70461954966342,3240.165174119016,0.04572147651006711,False,True
Hi4D,/home/shangguanrz/project/pic-edit/datasets/Hi4D_pilot_v1/raw/pair01/talk01/images/16/000075.jpg,pair01/talk01/images/16/000075.jpg,940,1280,940,False,False,nan,187.00737945023783,3272.9191011469416,nan,nan,nan,full,187.00737945023783,3272.9191011469416,0.04572147651006711,False,True
Hi4D,/home/shangguanrz/project/pic-edit/datasets/Hi4D_pilot_v1/raw/pair22/game22/images/4/000018.jpg,pair22/game22/images/4/000018.jpg,940,1280,940,False,False,nan,186.1319726330223,3295.086695894282,nan,nan,nan,full,186.1319726330223,3295.086695894282,0.04656040268456376,True,True
Hi4D,/home/shangguanrz/project/pic-edit/datasets/Hi4D_pilot_v1/raw/pair01/talk01/images/16/000032.jpg,pair01/talk01/images/16/000032.jpg,940,1280,940,False,False,nan,190.358272840206,3158.3335688164893,nan,nan,nan,full,190.358272840206,3158.3335688164893,0.050335570469798654,False,True
Hi4D,/home/shangguanrz/project/pic-edit/datasets/Hi4D_pilot_v1/raw/pair22/game22/images/4/000007.jpg,pair22/game22/images/4/000007.jpg,940,1280,940,False,False,nan,187.47631057186214,3291.42547997008,nan,nan,nan,full,187.47631057186214,3291.42547997008,0.050335570469798654,False,True
Hi4D,/home/shangguanrz/project/pic-edit/datasets/Hi4D_pilot_v1/raw/pair22/game22/images/4/000010.jpg,pair22/game22/images/4/000010.jpg,940,1280,940,False,False,nan,185.80132889089242,3309.910997755984,nan,nan,nan,full,185.80132889089242,3309.910997755984,0.05075503355704698,False,True
Hi4D,/home/shangguanrz/project/pic-edit/datasets/Hi4D_pilot_v1/raw/pair22/hug22/images/4/000052.jpg,pair22/hug22/images/4/000052.jpg,940,1280,940,False,False,nan,187.8380872895676,3285.374283161569,nan,nan,nan,full,187.8380872895676,3285.374283161569,0.05075503355704698,False,True
Hi4D,/home/shangguanrz/project/pic-edit/datasets/Hi4D_pilot_v1/raw/pair22/game22/images/4/000078.jpg,pair22/game22/images/4/000078.jpg,940,1280,940,False,False,nan,184.3837913363538,3322.53838721742,nan,nan,nan,full,184.3837913363538,3322.53838721742,0.051174496644295304,False,True
Hi4D,/home/shangguanrz/project/pic-edit/datasets/Hi4D_pilot_v1/raw/pair22/hug22/images/4/000049.jpg,pair22/hug22/images/4/000049.jpg,940,1280,940,False,False,nan,188.25078839379344,3282.6590550199467,nan,nan,nan,full,188.25078839379344,3282.6590550199467,0.05138422818791946,False,True
Hi4D,/home/shangguanrz/project/pic-edit/datasets/Hi4D_pilot_v1/raw/pair22/hug22/images/4/000087.jpg,pair22/hug22/images/4/000087.jpg,940,1280,940,False,False,nan,185.6777280243396,3314.824208361037,nan,nan,nan,full,185.6777280243396,3314.824208361037,0.05243288590604027,False,True
Hi4D,/home/shangguanrz/project/pic-edit/datasets/Hi4D_pilot_v1/raw/pair22/hug22/images/4/000055.jpg,pair22/hug22/images/4/000055.jpg,940,1280,940,False,False,nan,188.2065162794414,3292.4313497340427,nan,nan,nan,full,188.2065162794414,3292.4313497340427,0.05327181208053691,False,True
Hi4D,/home/shangguanrz/project/pic-edit/datasets/Hi4D_pilot_v1/raw/pair22/game22/images/4/000001.jpg,pair22/game22/images/4/000001.jpg,940,1280,940,False,False,nan,187.9196236892058,3293.799368351064,nan,nan,nan,full,187.9196236892058,3293.799368351064,0.053481543624161076,False,True
Hi4D,/home/shangguanrz/project/pic-edit/datasets/Hi4D_pilot_v1/raw/pair22/hug22/images/4/000064.jpg,pair22/hug22/images/4/000064.jpg,940,1280,940,False,False,nan,187.71963118125322,3300.3691198470747,nan,nan,nan,full,187.71963118125322,3300.3691198470747,0.053691275167785234,False,True
Hi4D,/home/shangguanrz/project/pic-edit/datasets/Hi4D_pilot_v1/raw/pair01/fight01/images/52/000070.jpg,pair01/fight01/images/52/000070.jpg,940,1280,940,False,False,nan,190.23525658437384,3232.6860974900264,nan,nan,nan,full,190.23525658437384,3232.6860974900264,0.054110738255033555,False,True
Hi4D,/home/shangguanrz/project/pic-edit/datasets/Hi4D_pilot_v1/raw/pair22/game22/images/4/000080.jpg,pair22/game22/images/4/000080.jpg,940,1280,940,False,False,nan,185.50358337522792,3323.481175199468,nan,nan,nan,full,185.50358337522792,3323.481175199468,0.05432046979865772,False,True
Hi4D,/home/shangguanrz/project/pic-edit/datasets/Hi4D_pilot_v1/raw/pair01/talk01/images/16/000101.jpg,pair01/talk01/images/16/000101.jpg,940,1280,940,False,False,nan,189.55987142135038,3264.8624605219416,nan,nan,nan,full,189.55987142135038,3264.8624605219416,0.05453020134228188,False,True
Hi4D,/home/shangguanrz/project/pic-edit/datasets/Hi4D_pilot_v1/raw/pair22/hug22/images/4/000060.jpg,pair22/hug22/images/4/000060.jpg,940,1280,940,False,False,nan,187.76074068467506,3301.084254488032,nan,nan,nan,full,187.76074068467506,3301.084254488032,0.0549496644295302,False,True
Hi4D,/home/shangguanrz/project/pic-edit/datasets/Hi4D_pilot_v1/raw/pair22/hug22/images/4/000089.jpg,pair22/hug22/images/4/000089.jpg,940,1280,940,False,False,nan,186.0963302174268,3319.3559778091753,nan,nan,nan,full,186.0963302174268,3319.3559778091753,0.05515939597315436,False,True
Hi4D,/home/shangguanrz/project/pic-edit/datasets/Hi4D_pilot_v1/raw/pair22/game22/images/4/000099.jpg,pair22/game22/images/4/000099.jpg,940,1280,940,False,False,nan,187.31037967752258,3308.7391954787236,nan,nan,nan,full,187.31037967752258,3308.7391954787236,0.055998322147651006,False,True
Hi4D,/home/shangguanrz/project/pic-edit/datasets/Hi4D_pilot_v1/raw/pair22/game22/images/4/000116.jpg,pair22/game22/images/4/000116.jpg,940,1280,940,False,False,nan,187.93070238809764,3301.441499750665,nan,nan,nan,full,187.93070238809764,3301.441499750665,0.05620805369127517,False,True
Hi4D,/home/shangguanrz/project/pic-edit/datasets/Hi4D_pilot_v1/raw/pair22/hug22/images/4/000050.jpg,pair22/hug22/images/4/000050.jpg,940,1280,940,False,False,nan,188.75268464325342,3292.9460916722073,nan,nan,nan,full,188.75268464325342,3292.9460916722073,0.05620805369127517,False,True
Hi4D,/home/shangguanrz/project/pic-edit/datasets/Hi4D_pilot_v1/raw/pair01/talk01/images/16/000069.jpg,pair01/talk01/images/16/000069.jpg,940,1280,940,False,False,nan,187.7491301132198,3305.475315824468,nan,nan,nan,full,187.7491301132198,3305.475315824468,0.05641778523489933,False,True
Hi4D,/home/shangguanrz/project/pic-edit/datasets/Hi4D_pilot_v1/raw/pair01/talk01/images/16/000095.jpg,pair01/talk01/images/16/000095.jpg,940,1280,940,False,False,nan,186.4811033332655,3317.6283971908247,nan,nan,nan,full,186.4811033332655,3317.6283971908247,0.056417785234899334,False,True
Hi4D,/home/shangguanrz/project/pic-edit/datasets/Hi4D_pilot_v1/raw/pair22/hug22/images/4/000061.jpg,pair22/hug22/images/4/000061.jpg,940,1280,940,False,False,nan,188.02688996375764,3303.3395528590427,nan,nan,nan,full,188.02688996375764,3303.3395528590427,0.05662751677852349,False,True
Hi4D,/home/shangguanrz/project/pic-edit/datasets/Hi4D_pilot_v1/raw/pair01/hug01/images/4/000064.jpg,pair01/hug01/images/4/000064.jpg,940,1280,940,False,False,nan,179.26823657686325,3481.3123026097073,nan,nan,nan,full,179.26823657686325,3481.3123026097073,0.057466442953020135,False,False
Hi4D,/home/shangguanrz/project/pic-edit/datasets/Hi4D_pilot_v1/raw/pair22/hug22/images/4/000051.jpg,pair22/hug22/images/4/000051.jpg,940,1280,940,False,False,nan,188.8989554958249,3293.5899164727393,nan,nan,nan,full,188.8989554958249,3293.5899164727393,0.0576761744966443,False,True
Hi4D,/home/shangguanrz/project/pic-edit/datasets/Hi4D_pilot_v1/raw/pair01/fight01/images/52/000069.jpg,pair01/fight01/images/52/000069.jpg,940,1280,940,False,False,nan,191.78375218582676,3231.548100897606,nan,nan,nan,full,191.78375218582676,3231.548100897606,0.05809563758389262,False,True
Hi4D,/home/shangguanrz/project/pic-edit/datasets/Hi4D_pilot_v1/raw/pair01/hug01/images/4/000062.jpg,pair01/hug01/images/4/000062.jpg,940,1280,940,False,False,nan,178.4548538388198,3487.1197016289893,nan,nan,nan,full,178.4548538388198,3487.1197016289893,0.058515100671140935,False,False
Hi4D,/home/shangguanrz/project/pic-edit/datasets/Hi4D_pilot_v1/raw/pair01/hug01/images/4/000061.jpg,pair01/hug01/images/4/000061.jpg,940,1280,940,False,False,nan,177.92937440373555,3491.504488031915,nan,nan,nan,full,177.92937440373555,3491.504488031915,0.05851510067114094,False,False
Hi4D,/home/shangguanrz/project/pic-edit/datasets/Hi4D_pilot_v1/raw/pair22/hug22/images/4/000034.jpg,pair22/hug22/images/4/000034.jpg,940,1280,940,False,False,nan,188.05769399279322,3311.588784075798,nan,nan,nan,full,188.05769399279322,3311.588784075798,0.059773489932885907,False,True
Hi4D,/home/shangguanrz/project/pic-edit/datasets/Hi4D_pilot_v1/raw/pair22/hug22/images/4/000046.jpg,pair22/hug22/images/4/000046.jpg,940,1280,940,False,False,nan,189.56006750525142,3291.320593001995,nan,nan,nan,full,189.56006750525142,3291.320593001995,0.059773489932885907,False,True
Hi4D,/home/shangguanrz/project/pic-edit/datasets/Hi4D_pilot_v1/raw/pair22/hug22/images/4/000054.jpg,pair22/hug22/images/4/000054.jpg,940,1280,940,False,False,nan,188.8966855447775,3300.9153818982713,nan,nan,nan,full,188.8966855447775,3300.9153818982713,0.059773489932885907,False,True
Hi4D,/home/shangguanrz/project/pic-edit/datasets/Hi4D_pilot_v1/raw/pair22/hug22/images/4/000045.jpg,pair22/hug22/images/4/000045.jpg,940,1280,940,False,False,nan,189.3216674706417,3293.3702314660904,nan,nan,nan,full,189.3216674706417,3293.3702314660904,0.060402684563758385,False,True
Hi4D,/home/shangguanrz/project/pic-edit/datasets/Hi4D_pilot_v1/raw/pair22/hug22/images/4/000047.jpg,pair22/hug22/images/4/000047.jpg,940,1280,940,False,False,nan,189.15935984816468,3297.061783161569,nan,nan,nan,full,189.15935984816468,3297.061783161569,0.060402684563758385,False,True
Hi4D,/home/shangguanrz/project/pic-edit/datasets/Hi4D_pilot_v1/raw/pair22/hug22/images/4/000057.jpg,pair22/hug22/images/4/000057.jpg,940,1280,940,False,False,nan,188.76395187792377,3304.2812292220747,nan,nan,nan,full,188.76395187792377,3304.2812292220747,0.060402684563758385,False,True
Hi4D,/home/shangguanrz/project/pic-edit/datasets/Hi4D_pilot_v1/raw/pair22/hug22/images/4/000067.jpg,pair22/hug22/images/4/000067.jpg,940,1280,940,False,False,nan,188.52752437821982,3305.4326379654253,nan,nan,nan,full,188.52752437821982,3305.4326379654253,0.060402684563758385,False,True
Hi4D,/home/shangguanrz/project/pic-edit/datasets/Hi4D_pilot_v1/raw/pair22/hug22/images/4/000059.jpg,pair22/hug22/images/4/000059.jpg,940,1280,940,False,False,nan,188.48050916081593,3309.3887342087764,nan,nan,nan,full,188.48050916081593,3309.3887342087764,0.06124161073825503,False,True
Hi4D,/home/shangguanrz/project/pic-edit/datasets/Hi4D_pilot_v1/raw/pair01/fight01/images/52/000071.jpg,pair01/fight01/images/52/000071.jpg,940,1280,940,False,False,nan,190.39907008169348,3268.025972406915,nan,nan,nan,full,190.39907008169348,3268.025972406915,0.06166107382550336,False,True
Hi4D,/home/shangguanrz/project/pic-edit/datasets/Hi4D_pilot_v1/raw/pair22/hug22/images/4/000056.jpg,pair22/hug22/images/4/000056.jpg,940,1280,940,False,False,nan,188.90799929295366,3305.189193400931,nan,nan,nan,full,188.90799929295366,3305.189193400931,0.06166107382550336,False,True
Hi4D,/home/shangguanrz/project/pic-edit/datasets/Hi4D_pilot_v1/raw/pair01/fight01/images/52/000072.jpg,pair01/fight01/images/52/000072.jpg,940,1280,940,False,False,nan,190.50187515313948,3266.181110787899,nan,nan,nan,full,190.50187515313948,3266.181110787899,0.061870805369127514,False,True
Hi4D,/home/shangguanrz/project/pic-edit/datasets/Hi4D_pilot_v1/raw/pair01/fight01/images/52/000068.jpg,pair01/fight01/images/52/000068.jpg,940,1280,940,False,False,nan,192.02793009475974,3257.096430352394,nan,nan,nan,full,192.02793009475974,3257.096430352394,0.06208053691275167,False,True
Hi4D,/home/shangguanrz/project/pic-edit/datasets/Hi4D_pilot_v1/raw/pair01/hug01/images/4/000065.jpg,pair01/hug01/images/4/000065.jpg,940,1280,940,False,False,nan,179.41832661744752,3511.144884474734,nan,nan,nan,full,179.41832661744752,3511.144884474734,0.06208053691275167,False,False
Hi4D,/home/shangguanrz/project/pic-edit/datasets/Hi4D_pilot_v1/raw/pair22/game22/images/4/000016.jpg,pair22/game22/images/4/000016.jpg,940,1280,940,False,False,nan,188.28973581554558,3313.814764793883,nan,nan,nan,full,188.28973581554558,3313.814764793883,0.06208053691275168,False,True
Hi4D,/home/shangguanrz/project/pic-edit/datasets/Hi4D_pilot_v1/raw/pair01/fight01/images/52/000073.jpg,pair01/fight01/images/52/000073.jpg,940,1280,940,False,False,nan,191.20177352131634,3264.831948138298,nan,nan,nan,full,191.20177352131634,3264.831948138298,0.062290268456375836,False,True
Hi4D,/home/shangguanrz/project/pic-edit/datasets/Hi4D_pilot_v1/raw/pair22/hug22/images/4/000070.jpg,pair22/hug22/images/4/000070.jpg,940,1280,940,False,False,nan,188.9249804829407,3306.2051924035904,nan,nan,nan,full,188.9249804829407,3306.2051924035904,0.0625,False,True
Hi4D,/home/shangguanrz/project/pic-edit/datasets/Hi4D_pilot_v1/raw/pair01/talk01/images/16/000071.jpg,pair01/talk01/images/16/000071.jpg,940,1280,940,False,False,nan,188.27245977692277,3315.8985621675533,nan,nan,nan,full,188.27245977692277,3315.8985621675533,0.06270973154362416,False,True
Hi4D,/home/shangguanrz/project/pic-edit/datasets/Hi4D_pilot_v1/raw/pair01/hug01/images/4/000071.jpg,pair01/hug01/images/4/000071.jpg,940,1280,940,False,False,nan,179.15765467632838,3528.243299119016,nan,nan,nan,full,179.15765467632838,3528.243299119016,0.06291946308724831,False,False
Hi4D,/home/shangguanrz/project/pic-edit/datasets/Hi4D_pilot_v1/raw/pair01/talk01/images/16/000031.jpg,pair01/talk01/images/16/000031.jpg,940,1280,940,False,False,nan,194.5491938462566,3220.982858211436,nan,nan,nan,full,194.5491938462566,3220.982858211436,0.06354865771812081,False,False
Hi4D,/home/shangguanrz/project/pic-edit/datasets/Hi4D_pilot_v1/raw/pair22/hug22/images/4/000040.jpg,pair22/hug22/images/4/000040.jpg,940,1280,940,False,False,nan,189.7650626178455,3299.1707529920213,nan,nan,nan,full,189.7650626178455,3299.1707529920213,0.06396812080536912,False,True
Hi4D,/home/shangguanrz/project/pic-edit/datasets/Hi4D_pilot_v1/raw/pair22/game22/images/4/000012.jpg,pair22/game22/images/4/000012.jpg,940,1280,940,False,False,nan,187.76830350019745,3329.660956200133,nan,nan,nan,full,187.76830350019745,3329.660956200133,0.06438758389261745,False,True
Hi4D,/home/shangguanrz/project/pic-edit/datasets/Hi4D_pilot_v1/raw/pair10/talk10/images/16/000040.jpg,pair10/talk10/images/16/000040.jpg,940,1280,940,False,False,nan,196.1224953664973,3209.321517619681,nan,nan,nan,full,196.1224953664973,3209.321517619681,0.0652265100671141,False,False
Hi4D,/home/shangguanrz/project/pic-edit/datasets/Hi4D_pilot_v1/raw/pair22/hug22/images/4/000017.jpg,pair22/hug22/images/4/000017.jpg,940,1280,940,False,False,nan,186.54077474085545,3363.3608190658247,nan,nan,nan,full,186.54077474085545,3363.3608190658247,0.06543624161073826,False,True
Hi4D,/home/shangguanrz/project/pic-edit/datasets/Hi4D_pilot_v1/raw/pair22/hug22/images/4/000062.jpg,pair22/hug22/images/4/000062.jpg,940,1280,940,False,False,nan,189.28916493731424,3311.2696559175533,nan,nan,nan,full,189.28916493731424,3311.2696559175533,0.06585570469798657,False,True
Hi4D,/home/shangguanrz/project/pic-edit/datasets/Hi4D_pilot_v1/raw/pair10/talk10/images/16/000041.jpg,pair10/talk10/images/16/000041.jpg,940,1280,940,False,False,nan,196.27639959081364,3217.618382230718,nan,nan,nan,full,196.27639959081364,3217.618382230718,0.06690436241610738,False,False
Hi4D,/home/shangguanrz/project/pic-edit/datasets/Hi4D_pilot_v1/raw/pair22/hug22/images/4/000069.jpg,pair22/hug22/images/4/000069.jpg,940,1280,940,False,False,nan,189.00891805998384,3316.449571974734,nan,nan,nan,full,189.00891805998384,3316.449571974734,0.06690436241610738,False,True
Hi4D,/home/shangguanrz/project/pic-edit/datasets/Hi4D_pilot_v1/raw/pair22/game22/images/4/000103.jpg,pair22/game22/images/4/000103.jpg,940,1280,940,False,False,nan,188.40420652825455,3326.46454247008,nan,nan,nan,full,188.40420652825455,3326.46454247008,0.0669043624161074,False,True
Hi4D,/home/shangguanrz/project/pic-edit/datasets/Hi4D_pilot_v1/raw/pair22/hug22/images/4/000086.jpg,pair22/hug22/images/4/000086.jpg,940,1280,940,False,False,nan,188.24800914763426,3340.592783826463,nan,nan,nan,full,188.24800914763426,3340.592783826463,0.06837248322147652,False,True
Hi4D,/home/shangguanrz/project/pic-edit/datasets/Hi4D_pilot_v1/raw/pair22/hug22/images/4/000037.jpg,pair22/hug22/images/4/000037.jpg,940,1280,940,False,False,nan,189.56407712605707,3314.153631981383,nan,nan,nan,full,189.56407712605707,3314.153631981383,0.06858221476510067,False,True
Hi4D,/home/shangguanrz/project/pic-edit/datasets/Hi4D_pilot_v1/raw/pair01/fight01/images/52/000074.jpg,pair01/fight01/images/52/000074.jpg,940,1280,940,False,False,nan,193.3693526143831,3275.9337495844416,nan,nan,nan,full,193.3693526143831,3275.9337495844416,0.069001677852349,False,True
Hi4D,/home/shangguanrz/project/pic-edit/datasets/Hi4D_pilot_v1/raw/pair22/hug22/images/4/000065.jpg,pair22/hug22/images/4/000065.jpg,940,1280,940,False,False,nan,189.2903384332368,3318.4899019281916,nan,nan,nan,full,189.2903384332368,3318.4899019281916,0.06921140939597316,False,True
Hi4D,/home/shangguanrz/project/pic-edit/datasets/Hi4D_pilot_v1/raw/pair01/hug01/images/4/000059.jpg,pair01/hug01/images/4/000059.jpg,940,1280,940,False,False,nan,180.87435515858348,3539.3767972905584,nan,nan,nan,full,180.87435515858348,3539.3767972905584,0.06963087248322147,False,False
Hi4D,/home/shangguanrz/project/pic-edit/datasets/Hi4D_pilot_v1/raw/pair22/game22/images/4/000097.jpg,pair22/game22/images/4/000097.jpg,940,1280,940,False,False,nan,189.71088782903996,3314.29706200133,nan,nan,nan,full,189.71088782903996,3314.29706200133,0.06963087248322147,False,True
Hi4D,/home/shangguanrz/project/pic-edit/datasets/Hi4D_pilot_v1/raw/pair22/hug22/images/4/000042.jpg,pair22/hug22/images/4/000042.jpg,940,1280,940,False,False,nan,190.65128751573323,3300.4709005152927,nan,nan,nan,full,190.65128751573323,3300.4709005152927,0.06984060402684564,False,True
Hi4D,/home/shangguanrz/project/pic-edit/datasets/Hi4D_pilot_v1/raw/pair22/game22/images/4/000101.jpg,pair22/game22/images/4/000101.jpg,940,1280,940,False,False,nan,189.0175605305669,3327.080784574468,nan,nan,nan,full,189.0175605305669,3327.080784574468,0.07026006711409397,False,True
Hi4D,/home/shangguanrz/project/pic-edit/datasets/Hi4D_pilot_v1/raw/pair22/hug22/images/4/000044.jpg,pair22/hug22/images/4/000044.jpg,940,1280,940,False,False,nan,190.74900547394444,3300.645757147606,nan,nan,nan,full,190.74900547394444,3300.645757147606,0.07046979865771812,False,True
Hi4D,/home/shangguanrz/project/pic-edit/datasets/Hi4D_pilot_v1/raw/pair22/hug22/images/4/000080.jpg,pair22/hug22/images/4/000080.jpg,940,1280,940,False,False,nan,190.04209990561313,3312.7585916722073,nan,nan,nan,full,190.04209990561313,3312.7585916722073,0.07046979865771813,False,True
Hi4D,/home/shangguanrz/project/pic-edit/datasets/Hi4D_pilot_v1/raw/pair01/hug01/images/4/000069.jpg,pair01/hug01/images/4/000069.jpg,940,1280,940,False,False,nan,179.82737628654846,3548.3163335272607,nan,nan,nan,full,179.82737628654846,3548.3163335272607,0.07067953020134228,False,False
Hi4D,/home/shangguanrz/project/pic-edit/datasets/Hi4D_pilot_v1/raw/pair22/hug22/images/4/000035.jpg,pair22/hug22/images/4/000035.jpg,940,1280,940,False,False,nan,189.20455175524873,3324.340913813165,nan,nan,nan,full,189.20455175524873,3324.340913813165,0.0706795302013423,False,True
Hi4D,/home/shangguanrz/project/pic-edit/datasets/Hi4D_pilot_v1/raw/pair22/hug22/images/4/000085.jpg,pair22/hug22/images/4/000085.jpg,940,1280,940,False,False,nan,188.32499692751952,3350.5752160904253,nan,nan,nan,full,188.32499692751952,3350.5752160904253,0.07088926174496643,False,True
Hi4D,/home/shangguanrz/project/pic-edit/datasets/Hi4D_pilot_v1/raw/pair01/hug01/images/4/000072.jpg,pair01/hug01/images/4/000072.jpg,940,1280,940,False,False,nan,180.90306503039346,3542.910332862367,nan,nan,nan,full,180.90306503039346,3542.910332862367,0.07151845637583892,False,False
Hi4D,/home/shangguanrz/project/pic-edit/datasets/Hi4D_pilot_v1/raw/pair22/hug22/images/4/000036.jpg,pair22/hug22/images/4/000036.jpg,940,1280,940,False,False,nan,190.00039772144964,3316.391154837101,nan,nan,nan,full,190.00039772144964,3316.391154837101,0.07151845637583892,False,True
Hi4D,/home/shangguanrz/project/pic-edit/datasets/Hi4D_pilot_v1/raw/pair22/hug22/images/4/000039.jpg,pair22/hug22/images/4/000039.jpg,940,1280,940,False,False,nan,190.13401509313468,3313.9530522772607,nan,nan,nan,full,190.13401509313468,3313.9530522772607,0.07172818791946309,False,True
Hi4D,/home/shangguanrz/project/pic-edit/datasets/Hi4D_pilot_v1/raw/pair22/game22/images/4/000031.jpg,pair22/game22/images/4/000031.jpg,940,1280,940,False,False,nan,188.27959707561473,3367.7418966090427,nan,nan,nan,full,188.27959707561473,3367.7418966090427,0.07235738255033557,False,True
Hi4D,/home/shangguanrz/project/pic-edit/datasets/Hi4D_pilot_v1/raw/pair01/hug01/images/4/000066.jpg,pair01/hug01/images/4/000066.jpg,940,1280,940,False,False,nan,181.9100412098516,3538.7470703125,nan,nan,nan,full,181.9100412098516,3538.7470703125,0.07256711409395973,False,False
Hi4D,/home/shangguanrz/project/pic-edit/datasets/Hi4D_pilot_v1/raw/pair22/hug22/images/4/000071.jpg,pair22/hug22/images/4/000071.jpg,940,1280,940,False,False,nan,189.82578627067005,3320.841547539894,nan,nan,nan,full,189.82578627067005,3320.841547539894,0.0727768456375839,False,True
Hi4D,/home/shangguanrz/project/pic-edit/datasets/Hi4D_pilot_v1/raw/pair22/hug22/images/4/000031.jpg,pair22/hug22/images/4/000031.jpg,940,1280,940,False,False,nan,189.0693758069362,3339.824187583112,nan,nan,nan,full,189.0693758069362,3339.824187583112,0.07298657718120805,False,True
Hi4D,/home/shangguanrz/project/pic-edit/datasets/Hi4D_pilot_v1/raw/pair22/hug22/images/4/000066.jpg,pair22/hug22/images/4/000066.jpg,940,1280,940,False,False,nan,190.20793409507274,3318.214438580452,nan,nan,nan,full,190.20793409507274,3318.214438580452,0.0738255033557047,False,True
Hi4D,/home/shangguanrz/project/pic-edit/datasets/Hi4D_pilot_v1/raw/pair22/hug22/images/4/000041.jpg,pair22/hug22/images/4/000041.jpg,940,1280,940,False,False,nan,190.56651391911254,3313.6910218583776,nan,nan,nan,full,190.56651391911254,3313.6910218583776,0.07424496644295302,False,True
Hi4D,/home/shangguanrz/project/pic-edit/datasets/Hi4D_pilot_v1/raw/pair10/talk10/images/16/000129.jpg,pair10/talk10/images/16/000129.jpg,940,1280,940,False,False,nan,190.96308722391885,3312.052485039894,nan,nan,nan,full,190.96308722391885,3312.052485039894,0.07466442953020135,False,True
Hi4D,/home/shangguanrz/project/pic-edit/datasets/Hi4D_pilot_v1/raw/pair22/hug22/images/4/000032.jpg,pair22/hug22/images/4/000032.jpg,940,1280,940,False,False,nan,189.78494173498805,3331.8961207613033,nan,nan,nan,full,189.78494173498805,3331.8961207613033,0.0748741610738255,False,True
Hi4D,/home/shangguanrz/project/pic-edit/datasets/Hi4D_pilot_v1/raw/pair22/hug22/images/4/000082.jpg,pair22/hug22/images/4/000082.jpg,940,1280,940,False,False,nan,189.57227438108157,3338.5227829953456,nan,nan,nan,full,189.57227438108157,3338.5227829953456,0.0748741610738255,False,True
Hi4D,/home/shangguanrz/project/pic-edit/datasets/Hi4D_pilot_v1/raw/pair22/game22/images/4/000014.jpg,pair22/game22/images/4/000014.jpg,940,1280,940,False,False,nan,190.24143155441934,3320.238187749335,nan,nan,nan,full,190.24143155441934,3320.238187749335,0.07508389261744966,False,True
Hi4D,/home/shangguanrz/project/pic-edit/datasets/Hi4D_pilot_v1/raw/pair22/hug22/images/4/000072.jpg,pair22/hug22/images/4/000072.jpg,940,1280,940,False,False,nan,190.03257966246636,3327.4180414727393,nan,nan,nan,full,190.03257966246636,3327.4180414727393,0.07550335570469799,False,True
Hi4D,/home/shangguanrz/project/pic-edit/datasets/Hi4D_pilot_v1/raw/pair10/talk10/images/16/000039.jpg,pair10/talk10/images/16/000039.jpg,940,1280,940,False,False,nan,198.4391928111714,3242.682180851064,nan,nan,nan,full,198.4391928111714,3242.682180851064,0.07571308724832214,False,False
Hi4D,/home/shangguanrz/project/pic-edit/datasets/Hi4D_pilot_v1/raw/pair10/talk10/images/16/000131.jpg,pair10/talk10/images/16/000131.jpg,940,1280,940,False,False,nan,192.40939443604665,3307.5012674534573,nan,nan,nan,full,192.40939443604665,3307.5012674534573,0.07571308724832215,False,True
Hi4D,/home/shangguanrz/project/pic-edit/datasets/Hi4D_pilot_v1/raw/pair22/game22/images/4/000005.jpg,pair22/game22/images/4/000005.jpg,940,1280,940,False,False,nan,190.14650780432035,3324.579672955452,nan,nan,nan,full,190.14650780432035,3324.579672955452,0.07592281879194632,False,True
Hi4D,/home/shangguanrz/project/pic-edit/datasets/Hi4D_pilot_v1/raw/pair01/hug01/images/4/000068.jpg,pair01/hug01/images/4/000068.jpg,940,1280,940,False,False,nan,180.7664807715692,3555.188715508644,nan,nan,nan,full,180.7664807715692,3555.188715508644,0.07613255033557047,False,False
Hi4D,/home/shangguanrz/project/pic-edit/datasets/Hi4D_pilot_v1/raw/pair01/hug01/images/4/000076.jpg,pair01/hug01/images/4/000076.jpg,940,1280,940,False,False,nan,179.87162280730283,3569.4127431017287,nan,nan,nan,full,179.87162280730283,3569.4127431017287,0.07634228187919463,False,False
Hi4D,/home/shangguanrz/project/pic-edit/datasets/Hi4D_pilot_v1/raw/pair22/hug22/images/4/000092.jpg,pair22/hug22/images/4/000092.jpg,940,1280,940,False,False,nan,189.67193618874143,3345.170399767287,nan,nan,nan,full,189.67193618874143,3345.170399767287,0.07676174496644295,False,True
Hi4D,/home/shangguanrz/project/pic-edit/datasets/Hi4D_pilot_v1/raw/pair22/hug22/images/4/000016.jpg,pair22/hug22/images/4/000016.jpg,940,1280,940,False,False,nan,189.05911108269953,3375.350617104388,nan,nan,nan,full,189.05911108269953,3375.350617104388,0.07718120805369127,False,True
Hi4D,/home/shangguanrz/project/pic-edit/datasets/Hi4D_pilot_v1/raw/pair01/hug01/images/4/000073.jpg,pair01/hug01/images/4/000073.jpg,940,1280,940,False,False,nan,181.6978201872356,3551.37237159242,nan,nan,nan,full,181.6978201872356,3551.37237159242,0.07781040268456377,False,False
Hi4D,/home/shangguanrz/project/pic-edit/datasets/Hi4D_pilot_v1/raw/pair01/fight01/images/52/000075.jpg,pair01/fight01/images/52/000075.jpg,940,1280,940,False,False,nan,194.1281367759998,3304.699717420213,nan,nan,nan,full,194.1281367759998,3304.699717420213,0.07822986577181208,False,False
Hi4D,/home/shangguanrz/project/pic-edit/datasets/Hi4D_pilot_v1/raw/pair22/game22/images/4/000131.jpg,pair22/game22/images/4/000131.jpg,940,1280,940,False,False,nan,189.5775572859415,3371.6089074966753,nan,nan,nan,full,189.5775572859415,3371.6089074966753,0.07948825503355705,False,True
Hi4D,/home/shangguanrz/project/pic-edit/datasets/Hi4D_pilot_v1/raw/pair01/hug01/images/4/000058.jpg,pair01/hug01/images/4/000058.jpg,940,1280,940,False,False,nan,182.60283396931032,3550.0166223404253,nan,nan,nan,full,182.60283396931032,3550.0166223404253,0.08032718120805368,False,False
Hi4D,/home/shangguanrz/project/pic-edit/datasets/Hi4D_pilot_v1/raw/pair01/hug01/images/4/000075.jpg,pair01/hug01/images/4/000075.jpg,940,1280,940,False,False,nan,180.84668425034482,3574.444793051862,nan,nan,nan,full,180.84668425034482,3574.444793051862,0.08032718120805368,False,False
Hi4D,/home/shangguanrz/project/pic-edit/datasets/Hi4D_pilot_v1/raw/pair01/talk01/images/16/000030.jpg,pair01/talk01/images/16/000030.jpg,940,1280,940,False,False,nan,197.0902404400923,3287.4524704953456,nan,nan,nan,full,197.0902404400923,3287.4524704953456,0.08116610738255034,False,False
Hi4D,/home/shangguanrz/project/pic-edit/datasets/Hi4D_pilot_v1/raw/pair22/hug22/images/4/000081.jpg,pair22/hug22/images/4/000081.jpg,940,1280,940,False,False,nan,190.36714446668773,3342.608616605718,nan,nan,nan,full,190.36714446668773,3342.608616605718,0.08116610738255034,False,True
Hi4D,/home/shangguanrz/project/pic-edit/datasets/Hi4D_pilot_v1/raw/pair22/hug22/images/4/000100.jpg,pair22/hug22/images/4/000100.jpg,940,1280,940,False,False,nan,189.48694413770855,3403.923786569149,nan,nan,nan,full,189.48694413770855,3403.923786569149,0.08179530201342282,False,True
Hi4D,/home/shangguanrz/project/pic-edit/datasets/Hi4D_pilot_v1/raw/pair22/hug22/images/4/000030.jpg,pair22/hug22/images/4/000030.jpg,940,1280,940,False,False,nan,191.41163957102802,3336.1473466589096,nan,nan,nan,full,191.41163957102802,3336.1473466589096,0.08200503355704697,False,True
Hi4D,/home/shangguanrz/project/pic-edit/datasets/Hi4D_pilot_v1/raw/pair01/hug01/images/4/000049.jpg,pair01/hug01/images/4/000049.jpg,940,1280,940,False,False,nan,180.1167803047037,3618.895455867686,nan,nan,nan,full,180.1167803047037,3618.895455867686,0.08221476510067113,False,False
Hi4D,/home/shangguanrz/project/pic-edit/datasets/Hi4D_pilot_v1/raw/pair22/hug22/images/4/000090.jpg,pair22/hug22/images/4/000090.jpg,940,1280,940,False,False,nan,189.8417751230013,3389.689099900266,nan,nan,nan,full,189.8417751230013,3389.689099900266,0.08326342281879194,False,True
Hi4D,/home/shangguanrz/project/pic-edit/datasets/Hi4D_pilot_v1/raw/pair10/talk10/images/16/000134.jpg,pair10/talk10/images/16/000134.jpg,940,1280,940,False,False,nan,193.92196378615068,3323.6346201795213,nan,nan,nan,full,193.92196378615068,3323.6346201795213,0.08410234899328858,False,False
Hi4D,/home/shangguanrz/project/pic-edit/datasets/Hi4D_pilot_v1/raw/pair22/hug22/images/4/000084.jpg,pair22/hug22/images/4/000084.jpg,940,1280,940,False,False,nan,190.34460579531395,3371.663304105718,nan,nan,nan,full,190.34460579531395,3371.663304105718,0.08431208053691275,False,True
Hi4D,/home/shangguanrz/project/pic-edit/datasets/Hi4D_pilot_v1/raw/pair01/hug01/images/4/000082.jpg,pair01/hug01/images/4/000082.jpg,940,1280,940,False,False,nan,181.90574456812732,3588.968521442819,nan,nan,nan,full,181.90574456812732,3588.968521442819,0.08452181208053691,False,False
Hi4D,/home/shangguanrz/project/pic-edit/datasets/Hi4D_pilot_v1/raw/pair01/hug01/images/4/000079.jpg,pair01/hug01/images/4/000079.jpg,940,1280,940,False,False,nan,182.03728387192828,3579.021619431516,nan,nan,nan,full,182.03728387192828,3579.021619431516,0.08473154362416108,False,False
Hi4D,/home/shangguanrz/project/pic-edit/datasets/Hi4D_pilot_v1/raw/pair01/hug01/images/4/000054.jpg,pair01/hug01/images/4/000054.jpg,940,1280,940,False,False,nan,180.1887556863295,3650.1010118849736,nan,nan,nan,full,180.1887556863295,3650.1010118849736,0.08515100671140939,False,False
Hi4D,/home/shangguanrz/project/pic-edit/datasets/Hi4D_pilot_v1/raw/pair01/hug01/images/4/000078.jpg,pair01/hug01/images/4/000078.jpg,940,1280,940,False,False,nan,182.24836719203398,3581.04296875,nan,nan,nan,full,182.24836719203398,3581.04296875,0.08578020134228187,False,False
Hi4D,/home/shangguanrz/project/pic-edit/datasets/Hi4D_pilot_v1/raw/pair22/hug22/images/4/000079.jpg,pair22/hug22/images/4/000079.jpg,940,1280,940,False,False,nan,191.86386663309855,3357.73260887633,nan,nan,nan,full,191.86386663309855,3357.73260887633,0.08578020134228187,False,True
Hi4D,/home/shangguanrz/project/pic-edit/datasets/Hi4D_pilot_v1/raw/pair01/talk01/images/16/000091.jpg,pair01/talk01/images/16/000091.jpg,940,1280,940,False,False,nan,191.06788744563258,3366.408681017287,nan,nan,nan,full,191.06788744563258,3366.408681017287,0.08578020134228188,False,True
Hi4D,/home/shangguanrz/project/pic-edit/datasets/Hi4D_pilot_v1/raw/pair01/hug01/images/4/000055.jpg,pair01/hug01/images/4/000055.jpg,940,1280,940,False,False,nan,180.8868370668928,3635.187105219415,nan,nan,nan,full,180.8868370668928,3635.187105219415,0.08682885906040269,False,False
Hi4D,/home/shangguanrz/project/pic-edit/datasets/Hi4D_pilot_v1/raw/pair01/talk01/images/16/000093.jpg,pair01/talk01/images/16/000093.jpg,940,1280,940,False,False,nan,190.28394131962128,3405.3802672041224,nan,nan,nan,full,190.28394131962128,3405.3802672041224,0.087248322147651,False,True
Hi4D,/home/shangguanrz/project/pic-edit/datasets/Hi4D_pilot_v1/raw/pair01/hug01/images/4/000048.jpg,pair01/hug01/images/4/000048.jpg,940,1280,940,False,False,nan,181.32184390816124,3631.429739444814,nan,nan,nan,full,181.32184390816124,3631.429739444814,0.08745805369127517,False,False
Hi4D,/home/shangguanrz/project/pic-edit/datasets/Hi4D_pilot_v1/raw/pair01/fight01/images/52/000080.jpg,pair01/fight01/images/52/000080.jpg,940,1280,940,False,False,nan,192.90603621869994,3364.8364985039893,nan,nan,nan,full,192.90603621869994,3364.8364985039893,0.08766778523489932,False,True
Hi4D,/home/shangguanrz/project/pic-edit/datasets/Hi4D_pilot_v1/raw/pair01/hug01/images/4/000085.jpg,pair01/hug01/images/4/000085.jpg,940,1280,940,False,False,nan,182.25414384226283,3604.298132064495,nan,nan,nan,full,182.25414384226283,3604.298132064495,0.08787751677852348,False,False
Hi4D,/home/shangguanrz/project/pic-edit/datasets/Hi4D_pilot_v1/raw/pair22/kiss22/images/4/000022.jpg,pair22/kiss22/images/4/000022.jpg,940,1280,940,False,False,nan,190.29964996450033,3409.712360787899,nan,nan,nan,full,190.29964996450033,3409.712360787899,0.08829697986577181,False,True
Hi4D,/home/shangguanrz/project/pic-edit/datasets/Hi4D_pilot_v1/raw/pair01/hug01/images/4/000056.jpg,pair01/hug01/images/4/000056.jpg,940,1280,940,False,False,nan,182.2391614442284,3613.390573055186,nan,nan,nan,full,182.2391614442284,3613.390573055186,0.08871644295302014,False,False
Hi4D,/home/shangguanrz/project/pic-edit/datasets/Hi4D_pilot_v1/raw/pair10/talk10/images/16/000136.jpg,pair10/talk10/images/16/000136.jpg,940,1280,940,False,False,nan,194.6289534350767,3332.9526574966753,nan,nan,nan,full,194.6289534350767,3332.9526574966753,0.08892617449664429,False,False
Hi4D,/home/shangguanrz/project/pic-edit/datasets/Hi4D_pilot_v1/raw/pair01/hug01/images/4/000083.jpg,pair01/hug01/images/4/000083.jpg,940,1280,940,False,False,nan,182.9943775453951,3601.084971326463,nan,nan,nan,full,182.9943775453951,3601.084971326463,0.08955536912751678,False,False
Hi4D,/home/shangguanrz/project/pic-edit/datasets/Hi4D_pilot_v1/raw/pair01/hug01/images/4/000087.jpg,pair01/hug01/images/4/000087.jpg,940,1280,940,False,False,nan,182.04254750524942,3623.525255568484,nan,nan,nan,full,182.04254750524942,3623.525255568484,0.08955536912751678,False,False
Hi4D,/home/shangguanrz/project/pic-edit/datasets/Hi4D_pilot_v1/raw/pair01/talk01/images/16/000104.jpg,pair01/talk01/images/16/000104.jpg,940,1280,940,False,False,nan,194.24632425465265,3346.788563829787,nan,nan,nan,full,194.24632425465265,3346.788563829787,0.0899748322147651,False,False
Hi4D,/home/shangguanrz/project/pic-edit/datasets/Hi4D_pilot_v1/raw/pair01/hug01/images/4/000080.jpg,pair01/hug01/images/4/000080.jpg,940,1280,940,False,False,nan,183.5764513191674,3599.1695998171544,nan,nan,nan,full,183.5764513191674,3599.1695998171544,0.09018456375838926,False,False
Hi4D,/home/shangguanrz/project/pic-edit/datasets/Hi4D_pilot_v1/raw/pair01/hug01/images/4/000086.jpg,pair01/hug01/images/4/000086.jpg,940,1280,940,False,False,nan,182.6617187838201,3617.796438663564,nan,nan,nan,full,182.6617187838201,3617.796438663564,0.09039429530201343,False,False
Hi4D,/home/shangguanrz/project/pic-edit/datasets/Hi4D_pilot_v1/raw/pair22/hug22/images/4/000029.jpg,pair22/hug22/images/4/000029.jpg,940,1280,940,False,False,nan,193.27214188247098,3379.90301903258,nan,nan,nan,full,193.27214188247098,3379.90301903258,0.09039429530201343,False,True
Hi4D,/home/shangguanrz/project/pic-edit/datasets/Hi4D_pilot_v1/raw/pair10/talk10/images/16/000127.jpg,pair10/talk10/images/16/000127.jpg,940,1280,940,False,False,nan,194.51642982643506,3347.1806432845747,nan,nan,nan,full,194.51642982643506,3347.1806432845747,0.09123322147651007,False,False
Hi4D,/home/shangguanrz/project/pic-edit/datasets/Hi4D_pilot_v1/raw/pair22/hug22/images/4/000076.jpg,pair22/hug22/images/4/000076.jpg,940,1280,940,False,False,nan,194.28310318258136,3365.822276013963,nan,nan,nan,full,194.28310318258136,3365.822276013963,0.09207214765100671,False,False
Hi4D,/home/shangguanrz/project/pic-edit/datasets/Hi4D_pilot_v1/raw/pair22/hug22/images/4/000074.jpg,pair22/hug22/images/4/000074.jpg,940,1280,940,False,False,nan,194.76804906825984,3355.4629633477393,nan,nan,nan,full,194.76804906825984,3355.4629633477393,0.0927013422818792,False,False
Hi4D,/home/shangguanrz/project/pic-edit/datasets/Hi4D_pilot_v1/raw/pair22/kiss22/images/4/000071.jpg,pair22/kiss22/images/4/000071.jpg,940,1280,940,False,False,nan,193.27325126732458,3402.2819356715427,nan,nan,nan,full,193.27325126732458,3402.2819356715427,0.0927013422818792,False,True
Hi4D,/home/shangguanrz/project/pic-edit/datasets/Hi4D_pilot_v1/raw/pair22/kiss22/images/4/000072.jpg,pair22/kiss22/images/4/000072.jpg,940,1280,940,False,False,nan,193.40126028779733,3391.793425864362,nan,nan,nan,full,193.40126028779733,3391.793425864362,0.09291107382550336,False,True
Hi4D,/home/shangguanrz/project/pic-edit/datasets/Hi4D_pilot_v1/raw/pair01/fight01/images/52/000076.jpg,pair01/fight01/images/52/000076.jpg,940,1280,940,False,False,nan,196.27948213551795,3336.623545545213,nan,nan,nan,full,196.27948213551795,3336.623545545213,0.09333053691275167,False,False
Hi4D,/home/shangguanrz/project/pic-edit/datasets/Hi4D_pilot_v1/raw/pair22/kiss22/images/4/000021.jpg,pair22/kiss22/images/4/000021.jpg,940,1280,940,False,False,nan,194.07112641394437,3381.212173786569,nan,nan,nan,full,194.07112641394437,3381.212173786569,0.09333053691275167,False,False
Hi4D,/home/shangguanrz/project/pic-edit/datasets/Hi4D_pilot_v1/raw/pair22/hug22/images/4/000077.jpg,pair22/hug22/images/4/000077.jpg,940,1280,940,False,False,nan,194.40195317954274,3377.9524912732713,nan,nan,nan,full,194.40195317954274,3377.9524912732713,0.09375,False,False
Hi4D,/home/shangguanrz/project/pic-edit/datasets/Hi4D_pilot_v1/raw/pair22/game22/images/4/000042.jpg,pair22/game22/images/4/000042.jpg,940,1280,940,False,False,nan,193.36310335531016,3414.437053274601,nan,nan,nan,full,193.36310335531016,3414.437053274601,0.09500838926174496,False,True
Hi4D,/home/shangguanrz/project/pic-edit/datasets/Hi4D_pilot_v1/raw/pair01/hug01/images/4/000052.jpg,pair01/hug01/images/4/000052.jpg,940,1280,940,False,False,nan,181.3526567810259,3708.2679417386967,nan,nan,nan,full,181.3526567810259,3708.2679417386967,0.09563758389261745,False,False
Hi4D,/home/shangguanrz/project/pic-edit/datasets/Hi4D_pilot_v1/raw/pair10/talk10/images/16/000138.jpg,pair10/talk10/images/16/000138.jpg,940,1280,940,False,False,nan,196.54794515185685,3344.6918218085107,nan,nan,nan,full,196.54794515185685,3344.6918218085107,0.09605704697986578,False,False
Hi4D,/home/shangguanrz/project/pic-edit/datasets/Hi4D_pilot_v1/raw/pair10/talk10/images/16/000140.jpg,pair10/talk10/images/16/000140.jpg,940,1280,940,False,False,nan,197.5771850042616,3336.4432035405584,nan,nan,nan,full,197.5771850042616,3336.4432035405584,0.09710570469798657,False,False
Hi4D,/home/shangguanrz/project/pic-edit/datasets/Hi4D_pilot_v1/raw/pair22/hug22/images/4/000019.jpg,pair22/hug22/images/4/000019.jpg,940,1280,940,False,False,nan,194.05002645690172,3418.2618849734044,nan,nan,nan,full,194.05002645690172,3418.2618849734044,0.09731543624161074,False,False
Hi4D,/home/shangguanrz/project/pic-edit/datasets/Hi4D_pilot_v1/raw/pair22/game22/images/4/000127.jpg,pair22/game22/images/4/000127.jpg,940,1280,940,False,False,nan,190.7017311925746,3471.334389544548,nan,nan,nan,full,190.7017311925746,3471.334389544548,0.0981543624161074,False,False
Hi4D,/home/shangguanrz/project/pic-edit/datasets/Hi4D_pilot_v1/raw/pair01/hug01/images/4/000089.jpg,pair01/hug01/images/4/000089.jpg,940,1280,940,False,False,nan,184.35923404958564,3636.545888048537,nan,nan,nan,full,184.35923404958564,3636.545888048537,0.09836409395973154,False,False
Hi4D,/home/shangguanrz/project/pic-edit/datasets/Hi4D_pilot_v1/raw/pair22/kiss22/images/4/000074.jpg,pair22/kiss22/images/4/000074.jpg,940,1280,940,False,False,nan,193.84681712342586,3427.979481798537,nan,nan,nan,full,193.84681712342586,3427.979481798537,0.0985738255033557,False,False
Hi4D,/home/shangguanrz/project/pic-edit/datasets/Hi4D_pilot_v1/raw/pair22/hug22/images/4/000022.jpg,pair22/hug22/images/4/000022.jpg,940,1280,940,False,False,nan,193.40665257651645,3438.8316156914893,nan,nan,nan,full,193.40665257651645,3438.8316156914893,0.09878355704697986,False,True
Hi4D,/home/shangguanrz/project/pic-edit/datasets/Hi4D_pilot_v1/raw/pair22/hug22/images/4/000075.jpg,pair22/hug22/images/4/000075.jpg,940,1280,940,False,False,nan,196.39423805839505,3378.778091755319,nan,nan,nan,full,196.39423805839505,3378.778091755319,0.09899328859060402,False,False
Hi4D,/home/shangguanrz/project/pic-edit/datasets/Hi4D_pilot_v1/raw/pair22/kiss22/images/4/000070.jpg,pair22/kiss22/images/4/000070.jpg,940,1280,940,False,False,nan,193.2258065887413,3459.6719892785904,nan,nan,nan,full,193.2258065887413,3459.6719892785904,0.09983221476510068,False,False
Hi4D,/home/shangguanrz/project/pic-edit/datasets/Hi4D_pilot_v1/raw/pair22/kiss22/images/4/000073.jpg,pair22/kiss22/images/4/000073.jpg,940,1280,940,False,False,nan,194.53391215916182,3418.4459670046544,nan,nan,nan,full,194.53391215916182,3418.4459670046544,0.09983221476510068,False,False
Hi4D,/home/shangguanrz/project/pic-edit/datasets/Hi4D_pilot_v1/raw/pair01/talk01/images/16/000119.jpg,pair01/talk01/images/16/000119.jpg,940,1280,940,False,False,nan,198.85072429539554,3336.0108980219416,nan,nan,nan,full,198.85072429539554,3336.0108980219416,0.10004194630872484,False,False
Hi4D,/home/shangguanrz/project/pic-edit/datasets/Hi4D_pilot_v1/raw/pair01/hug01/images/4/000092.jpg,pair01/hug01/images/4/000092.jpg,940,1280,940,False,False,nan,184.43784199995713,3656.812998670213,nan,nan,nan,full,184.43784199995713,3656.812998670213,0.10088087248322147,False,False
Hi4D,/home/shangguanrz/project/pic-edit/datasets/Hi4D_pilot_v1/raw/pair01/hug01/images/4/000093.jpg,pair01/hug01/images/4/000093.jpg,940,1280,940,False,False,nan,184.20916932090043,3664.8764025099736,nan,nan,nan,full,184.20916932090043,3664.8764025099736,0.10088087248322147,False,False
Hi4D,/home/shangguanrz/project/pic-edit/datasets/Hi4D_pilot_v1/raw/pair01/fight01/images/52/000059.jpg,pair01/fight01/images/52/000059.jpg,940,1280,940,False,False,nan,196.1204997550961,3414.17889793883,nan,nan,nan,full,196.1204997550961,3414.17889793883,0.10213926174496644,False,False
Hi4D,/home/shangguanrz/project/pic-edit/datasets/Hi4D_pilot_v1/raw/pair22/hug22/images/4/000015.jpg,pair22/hug22/images/4/000015.jpg,940,1280,940,False,False,nan,195.82282009268837,3416.8612554022607,nan,nan,nan,full,195.82282009268837,3416.8612554022607,0.10213926174496644,False,False
Hi4D,/home/shangguanrz/project/pic-edit/datasets/Hi4D_pilot_v1/raw/pair22/hug22/images/4/000027.jpg,pair22/hug22/images/4/000027.jpg,940,1280,940,False,False,nan,195.13562106824452,3426.4656748670213,nan,nan,nan,full,195.13562106824452,3426.4656748670213,0.1023489932885906,False,False
Hi4D,/home/shangguanrz/project/pic-edit/datasets/Hi4D_pilot_v1/raw/pair22/hug22/images/4/000024.jpg,pair22/hug22/images/4/000024.jpg,940,1280,940,False,False,nan,194.05425347281883,3467.293997257314,nan,nan,nan,full,194.05425347281883,3467.293997257314,0.10318791946308725,False,False
Hi4D,/home/shangguanrz/project/pic-edit/datasets/Hi4D_pilot_v1/raw/pair01/talk01/images/16/000123.jpg,pair01/talk01/images/16/000123.jpg,940,1280,940,False,False,nan,196.57018466954213,3408.141321060505,nan,nan,nan,full,196.57018466954213,3408.141321060505,0.10360738255033557,False,False
Hi4D,/home/shangguanrz/project/pic-edit/datasets/Hi4D_pilot_v1/raw/pair01/fight01/images/52/000079.jpg,pair01/fight01/images/52/000079.jpg,940,1280,940,False,False,nan,197.8113814593711,3385.7662691156916,nan,nan,nan,full,197.8113814593711,3385.7662691156916,0.10423657718120805,False,False
Hi4D,/home/shangguanrz/project/pic-edit/datasets/Hi4D_pilot_v1/raw/pair01/talk01/images/16/000121.jpg,pair01/talk01/images/16/000121.jpg,940,1280,940,False,False,nan,197.91295147543852,3386.5585729720747,nan,nan,nan,full,197.91295147543852,3386.5585729720747,0.10465604026845637,False,False
Hi4D,/home/shangguanrz/project/pic-edit/datasets/Hi4D_pilot_v1/raw/pair10/dance10/images/4/000052.jpg,pair10/dance10/images/4/000052.jpg,940,1280,940,False,False,nan,186.48159871850422,3626.0917760970747,nan,nan,nan,full,186.48159871850422,3626.0917760970747,0.10486577181208054,False,False
Hi4D,/home/shangguanrz/project/pic-edit/datasets/Hi4D_pilot_v1/raw/pair22/kiss22/images/4/000023.jpg,pair22/kiss22/images/4/000023.jpg,940,1280,940,False,False,nan,195.26001358194117,3451.312728557181,nan,nan,nan,full,195.26001358194117,3451.312728557181,0.1050755033557047,False,False
Hi4D,/home/shangguanrz/project/pic-edit/datasets/Hi4D_pilot_v1/raw/pair10/talk10/images/16/000038.jpg,pair10/talk10/images/16/000038.jpg,940,1280,940,False,False,nan,202.8803383486743,3304.258352726064,nan,nan,nan,full,202.8803383486743,3304.258352726064,0.10528523489932887,False,False
Hi4D,/home/shangguanrz/project/pic-edit/datasets/Hi4D_pilot_v1/raw/pair22/hug22/images/4/000025.jpg,pair22/hug22/images/4/000025.jpg,940,1280,940,False,False,nan,194.1847906831219,3473.689172623005,nan,nan,nan,full,194.1847906831219,3473.689172623005,0.10549496644295302,False,False
Hi4D,/home/shangguanrz/project/pic-edit/datasets/Hi4D_pilot_v1/raw/pair01/fight01/images/52/000077.jpg,pair01/fight01/images/52/000077.jpg,940,1280,940,False,False,nan,199.1743109783958,3371.1505360704787,nan,nan,nan,full,199.1743109783958,3371.1505360704787,0.10570469798657718,False,False
Hi4D,/home/shangguanrz/project/pic-edit/datasets/Hi4D_pilot_v1/raw/pair10/talk10/images/16/000125.jpg,pair10/talk10/images/16/000125.jpg,940,1280,940,False,False,nan,197.98709016258545,3397.8928690159573,nan,nan,nan,full,197.98709016258545,3397.8928690159573,0.10591442953020133,False,False
Hi4D,/home/shangguanrz/project/pic-edit/datasets/Hi4D_pilot_v1/raw/pair01/hug01/images/4/000095.jpg,pair01/hug01/images/4/000095.jpg,940,1280,940,False,False,nan,185.7847500649337,3668.7613966921544,nan,nan,nan,full,185.7847500649337,3668.7613966921544,0.1061241610738255,False,False
Hi4D,/home/shangguanrz/project/pic-edit/datasets/Hi4D_pilot_v1/raw/pair01/hug01/images/4/000097.jpg,pair01/hug01/images/4/000097.jpg,940,1280,940,False,False,nan,184.87404197737774,3694.0722864029253,nan,nan,nan,full,184.87404197737774,3694.0722864029253,0.1061241610738255,False,False
Hi4D,/home/shangguanrz/project/pic-edit/datasets/Hi4D_pilot_v1/raw/pair22/kiss22/images/4/000020.jpg,pair22/kiss22/images/4/000020.jpg,940,1280,940,False,False,nan,197.10151231075736,3423.891819730718,nan,nan,nan,full,197.10151231075736,3423.891819730718,0.10696308724832215,False,False
Hi4D,/home/shangguanrz/project/pic-edit/datasets/Hi4D_pilot_v1/raw/pair01/hug01/images/4/000090.jpg,pair01/hug01/images/4/000090.jpg,940,1280,940,False,False,nan,186.52138465383894,3653.2867769281916,nan,nan,nan,full,186.52138465383894,3653.2867769281916,0.10759228187919463,False,False
Hi4D,/home/shangguanrz/project/pic-edit/datasets/Hi4D_pilot_v1/raw/pair01/fight01/images/52/000078.jpg,pair01/fight01/images/52/000078.jpg,940,1280,940,False,False,nan,199.7077891741365,3383.4410322473404,nan,nan,nan,full,199.7077891741365,3383.4410322473404,0.10864093959731544,False,False
Hi4D,/home/shangguanrz/project/pic-edit/datasets/Hi4D_pilot_v1/raw/pair10/talk10/images/16/000123.jpg,pair10/talk10/images/16/000123.jpg,940,1280,940,False,False,nan,198.8415897765436,3409.9861826795213,nan,nan,nan,full,198.8415897765436,3409.9861826795213,0.10968959731543623,False,False
Hi4D,/home/shangguanrz/project/pic-edit/datasets/Hi4D_pilot_v1/raw/pair10/talk10/images/16/000042.jpg,pair10/talk10/images/16/000042.jpg,940,1280,940,False,False,nan,202.69708126062932,3319.190398520612,nan,nan,nan,full,202.69708126062932,3319.190398520612,0.11031879194630873,False,False
Hi4D,/home/shangguanrz/project/pic-edit/datasets/Hi4D_pilot_v1/raw/pair10/talk10/images/16/000121.jpg,pair10/talk10/images/16/000121.jpg,940,1280,940,False,False,nan,197.23939509573114,3447.527395694814,nan,nan,nan,full,197.23939509573114,3447.527395694814,0.11031879194630873,False,False
Hi4D,/home/shangguanrz/project/pic-edit/datasets/Hi4D_pilot_v1/raw/pair22/hug22/images/4/000014.jpg,pair22/hug22/images/4/000014.jpg,940,1280,940,False,False,nan,195.51898480343996,3478.725793716755,nan,nan,nan,full,195.51898480343996,3478.725793716755,0.11031879194630873,False,False
Hi4D,/home/shangguanrz/project/pic-edit/datasets/Hi4D_pilot_v1/raw/pair22/hug22/images/4/000012.jpg,pair22/hug22/images/4/000012.jpg,940,1280,940,False,False,nan,198.27353397261342,3430.311606549202,nan,nan,nan,full,198.27353397261342,3430.311606549202,0.11136744966442955,False,False
Hi4D,/home/shangguanrz/project/pic-edit/datasets/Hi4D_pilot_v1/raw/pair22/game22/images/4/000133.jpg,pair22/game22/images/4/000133.jpg,940,1280,940,False,False,nan,199.51575060932814,3412.165984458112,nan,nan,nan,full,199.51575060932814,3412.165984458112,0.11157718120805368,False,False
Hi4D,/home/shangguanrz/project/pic-edit/datasets/Hi4D_pilot_v1/raw/pair01/hug01/images/4/000051.jpg,pair01/hug01/images/4/000051.jpg,940,1280,940,False,False,nan,184.1137580844599,3749.675428025266,nan,nan,nan,full,184.1137580844599,3749.675428025266,0.11178691275167785,False,False
Hi4D,/home/shangguanrz/project/pic-edit/datasets/Hi4D_pilot_v1/raw/pair01/talk01/images/16/000029.jpg,pair01/talk01/images/16/000029.jpg,940,1280,940,False,False,nan,202.15611849353562,3339.496332696144,nan,nan,nan,full,202.15611849353562,3339.496332696144,0.11220637583892618,False,False
Hi4D,/home/shangguanrz/project/pic-edit/datasets/Hi4D_pilot_v1/raw/pair10/dance10/images/4/000049.jpg,pair10/dance10/images/4/000049.jpg,940,1280,940,False,False,nan,188.95373535577178,3612.807347074468,nan,nan,nan,full,188.95373535577178,3612.807347074468,0.11283557046979867,False,False
Hi4D,/home/shangguanrz/project/pic-edit/datasets/Hi4D_pilot_v1/raw/pair22/kiss22/images/4/000075.jpg,pair22/kiss22/images/4/000075.jpg,940,1280,940,False,False,nan,196.4110636112916,3484.640593833112,nan,nan,nan,full,196.4110636112916,3484.640593833112,0.1136744966442953,False,False
Hi4D,/home/shangguanrz/project/pic-edit/datasets/Hi4D_pilot_v1/raw/pair22/hug22/images/4/000026.jpg,pair22/hug22/images/4/000026.jpg,940,1280,940,False,False,nan,196.68483914320902,3479.572005900931,nan,nan,nan,full,196.68483914320902,3479.572005900931,0.11388422818791946,False,False
Hi4D,/home/shangguanrz/project/pic-edit/datasets/Hi4D_pilot_v1/raw/pair22/hug22/images/4/000020.jpg,pair22/hug22/images/4/000020.jpg,940,1280,940,False,False,nan,194.76860925046606,3512.12665184508,nan,nan,nan,full,194.76860925046606,3512.12665184508,0.11409395973154363,False,False
Hi4D,/home/shangguanrz/project/pic-edit/datasets/Hi4D_pilot_v1/raw/pair22/hug22/images/4/000021.jpg,pair22/hug22/images/4/000021.jpg,940,1280,940,False,False,nan,196.46451983995814,3485.0411195146276,nan,nan,nan,full,196.46451983995814,3485.0411195146276,0.11451342281879195,False,False
Hi4D,/home/shangguanrz/project/pic-edit/datasets/Hi4D_pilot_v1/raw/pair01/talk01/images/16/000125.jpg,pair01/talk01/images/16/000125.jpg,940,1280,940,False,False,nan,198.61582355102078,3459.212007563165,nan,nan,nan,full,198.61582355102078,3459.212007563165,0.11472315436241612,False,False
Hi4D,/home/shangguanrz/project/pic-edit/datasets/Hi4D_pilot_v1/raw/pair01/hug01/images/4/000096.jpg,pair01/hug01/images/4/000096.jpg,940,1280,940,False,False,nan,187.51482904305445,3690.9047124335107,nan,nan,nan,full,187.51482904305445,3690.9047124335107,0.11493288590604027,False,False
Hi4D,/home/shangguanrz/project/pic-edit/datasets/Hi4D_pilot_v1/raw/pair22/kiss22/images/4/000069.jpg,pair22/kiss22/images/4/000069.jpg,940,1280,940,False,False,nan,195.84007499160242,3512.2330556017287,nan,nan,nan,full,195.84007499160242,3512.2330556017287,0.1164010067114094,False,False
Hi4D,/home/shangguanrz/project/pic-edit/datasets/Hi4D_pilot_v1/raw/pair22/hug22/images/4/000099.jpg,pair22/hug22/images/4/000099.jpg,940,1280,940,False,False,nan,196.71564195932118,3500.7828395113033,nan,nan,nan,full,196.71564195932118,3500.7828395113033,0.11723993288590603,False,False
Hi4D,/home/shangguanrz/project/pic-edit/datasets/Hi4D_pilot_v1/raw/pair01/talk01/images/16/000028.jpg,pair01/talk01/images/16/000028.jpg,940,1280,940,False,False,nan,203.50471081219416,3340.7823408410904,nan,nan,nan,full,203.50471081219416,3340.7823408410904,0.11807885906040269,False,False
Hi4D,/home/shangguanrz/project/pic-edit/datasets/Hi4D_pilot_v1/raw/pair22/hug22/images/4/000097.jpg,pair22/hug22/images/4/000097.jpg,940,1280,940,False,False,nan,197.5342561897243,3502.448294132314,nan,nan,nan,full,197.5342561897243,3502.448294132314,0.11933724832214765,False,False
Hi4D,/home/shangguanrz/project/pic-edit/datasets/Hi4D_pilot_v1/raw/pair10/talk10/images/16/000044.jpg,pair10/talk10/images/16/000044.jpg,940,1280,940,False,False,nan,202.03840146382072,3404.920804936835,nan,nan,nan,full,202.03840146382072,3404.920804936835,0.11975671140939598,False,False
Hi4D,/home/shangguanrz/project/pic-edit/datasets/Hi4D_pilot_v1/raw/pair10/talk10/images/16/000051.jpg,pair10/talk10/images/16/000051.jpg,940,1280,940,False,False,nan,199.543893915083,3473.952647107713,nan,nan,nan,full,199.543893915083,3473.952647107713,0.12038590604026846,False,False
Hi4D,/home/shangguanrz/project/pic-edit/datasets/Hi4D_pilot_v1/raw/pair10/talk10/images/16/000053.jpg,pair10/talk10/images/16/000053.jpg,940,1280,940,False,False,nan,199.36395149697216,3480.025120511968,nan,nan,nan,full,199.36395149697216,3480.025120511968,0.12080536912751678,False,False
Hi4D,/home/shangguanrz/project/pic-edit/datasets/Hi4D_pilot_v1/raw/pair01/talk01/images/16/000127.jpg,pair01/talk01/images/16/000127.jpg,940,1280,940,False,False,nan,199.29474310960745,3482.9713056848404,nan,nan,nan,full,199.29474310960745,3482.9713056848404,0.1212248322147651,False,False
Hi4D,/home/shangguanrz/project/pic-edit/datasets/Hi4D_pilot_v1/raw/pair22/hug22/images/4/000094.jpg,pair22/hug22/images/4/000094.jpg,940,1280,940,False,False,nan,198.6471165215176,3494.0629155585107,nan,nan,nan,full,198.6471165215176,3494.0629155585107,0.12143456375838926,False,False
Hi4D,/home/shangguanrz/project/pic-edit/datasets/Hi4D_pilot_v1/raw/pair01/hug01/images/4/000046.jpg,pair01/hug01/images/4/000046.jpg,940,1280,940,False,False,nan,187.40333534417624,3742.163054770612,nan,nan,nan,full,187.40333534417624,3742.163054770612,0.12206375838926174,False,False
Hi4D,/home/shangguanrz/project/pic-edit/datasets/Hi4D_pilot_v1/raw/pair01/talk01/images/16/000106.jpg,pair01/talk01/images/16/000106.jpg,940,1280,940,False,False,nan,201.76688367500734,3425.1165329953456,nan,nan,nan,full,201.76688367500734,3425.1165329953456,0.12206375838926174,False,False
Hi4D,/home/shangguanrz/project/pic-edit/datasets/Hi4D_pilot_v1/raw/pair10/talk10/images/16/000043.jpg,pair10/talk10/images/16/000043.jpg,940,1280,940,False,False,nan,203.07315771217637,3385.2846056349736,nan,nan,nan,full,203.07315771217637,3385.2846056349736,0.12206375838926174,False,False
Hi4D,/home/shangguanrz/project/pic-edit/datasets/Hi4D_pilot_v1/raw/pair22/kiss22/images/4/000076.jpg,pair22/kiss22/images/4/000076.jpg,940,1280,940,False,False,nan,199.44069814099183,3486.1436793550533,nan,nan,nan,full,199.44069814099183,3486.1436793550533,0.12248322147651006,False,False
Hi4D,/home/shangguanrz/project/pic-edit/datasets/Hi4D_pilot_v1/raw/pair10/talk10/images/16/000049.jpg,pair10/talk10/images/16/000049.jpg,940,1280,940,False,False,nan,200.48532125125809,3472.017079454787,nan,nan,nan,full,200.48532125125809,3472.017079454787,0.12248322147651007,False,False
Hi4D,/home/shangguanrz/project/pic-edit/datasets/Hi4D_pilot_v1/raw/pair01/hug01/images/4/000045.jpg,pair01/hug01/images/4/000045.jpg,940,1280,940,False,False,nan,186.49823848774332,3767.9949613530584,nan,nan,nan,full,186.49823848774332,3767.9949613530584,0.12311241610738255,False,False
Hi4D,/home/shangguanrz/project/pic-edit/datasets/Hi4D_pilot_v1/raw/pair10/talk10/images/16/000056.jpg,pair10/talk10/images/16/000056.jpg,940,1280,940,False,False,nan,198.78798294669096,3505.684310588431,nan,nan,nan,full,198.78798294669096,3505.684310588431,0.12311241610738255,False,False
Hi4D,/home/shangguanrz/project/pic-edit/datasets/Hi4D_pilot_v1/raw/pair10/talk10/images/16/000047.jpg,pair10/talk10/images/16/000047.jpg,940,1280,940,False,False,nan,201.3728329306439,3444.694367104388,nan,nan,nan,full,201.3728329306439,3444.694367104388,0.12332214765100671,False,False
Hi4D,/home/shangguanrz/project/pic-edit/datasets/Hi4D_pilot_v1/raw/pair01/talk01/images/16/000108.jpg,pair01/talk01/images/16/000108.jpg,940,1280,940,False,False,nan,202.26573493622075,3425.462973736702,nan,nan,nan,full,202.26573493622075,3425.462973736702,0.12437080536912752,False,False
Hi4D,/home/shangguanrz/project/pic-edit/datasets/Hi4D_pilot_v1/raw/pair10/talk10/images/16/000118.jpg,pair10/talk10/images/16/000118.jpg,940,1280,940,False,False,nan,198.6317248635834,3524.967555269282,nan,nan,nan,full,198.6317248635834,3524.967555269282,0.12458053691275169,False,False
Hi4D,/home/shangguanrz/project/pic-edit/datasets/Hi4D_pilot_v1/raw/pair10/dance10/images/4/000047.jpg,pair10/dance10/images/4/000047.jpg,940,1280,940,False,False,nan,190.46800426853463,3636.412421043883,nan,nan,nan,full,190.46800426853463,3636.412421043883,0.12479026845637584,False,False
Hi4D,/home/shangguanrz/project/pic-edit/datasets/Hi4D_pilot_v1/raw/pair10/dance10/images/4/000057.jpg,pair10/dance10/images/4/000057.jpg,940,1280,940,False,False,nan,188.80768139147017,3734.47900390625,nan,nan,nan,full,188.80768139147017,3734.47900390625,0.12541946308724833,False,False
Hi4D,/home/shangguanrz/project/pic-edit/datasets/Hi4D_pilot_v1/raw/pair10/talk10/images/16/000037.jpg,pair10/talk10/images/16/000037.jpg,940,1280,940,False,False,nan,206.715915758694,3358.0664270279253,nan,nan,nan,full,206.715915758694,3358.0664270279253,0.1256291946308725,False,False
Hi4D,/home/shangguanrz/project/pic-edit/datasets/Hi4D_pilot_v1/raw/pair01/talk01/images/16/000117.jpg,pair01/talk01/images/16/000117.jpg,940,1280,940,False,False,nan,203.92591633563015,3406.381067154255,nan,nan,nan,full,203.92591633563015,3406.381067154255,0.12625838926174496,False,False
Hi4D,/home/shangguanrz/project/pic-edit/datasets/Hi4D_pilot_v1/raw/pair22/hug22/images/4/000095.jpg,pair22/hug22/images/4/000095.jpg,940,1280,940,False,False,nan,200.24870095127795,3497.18115234375,nan,nan,nan,full,200.24870095127795,3497.18115234375,0.12625838926174496,False,False
Hi4D,/home/shangguanrz/project/pic-edit/datasets/Hi4D_pilot_v1/raw/pair22/hug22/images/4/000096.jpg,pair22/hug22/images/4/000096.jpg,940,1280,940,False,False,nan,200.04824969948226,3509.390084773936,nan,nan,nan,full,200.04824969948226,3509.390084773936,0.12646812080536912,False,False
Hi4D,/home/shangguanrz/project/pic-edit/datasets/Hi4D_pilot_v1/raw/pair22/game22/images/4/000033.jpg,pair22/game22/images/4/000033.jpg,940,1280,940,False,False,nan,196.46975593331604,3551.9389440658247,nan,nan,nan,full,196.46975593331604,3551.9389440658247,0.12772651006711408,False,False
Hi4D,/home/shangguanrz/project/pic-edit/datasets/Hi4D_pilot_v1/raw/pair10/talk10/images/16/000046.jpg,pair10/talk10/images/16/000046.jpg,940,1280,940,False,False,nan,202.4194157960027,3456.3099131482713,nan,nan,nan,full,202.4194157960027,3456.3099131482713,0.12835570469798657,False,False
Hi4D,/home/shangguanrz/project/pic-edit/datasets/Hi4D_pilot_v1/raw/pair10/talk10/images/16/000058.jpg,pair10/talk10/images/16/000058.jpg,940,1280,940,False,False,nan,200.05840047995608,3528.929209607713,nan,nan,nan,full,200.05840047995608,3528.929209607713,0.12856543624161074,False,False
Hi4D,/home/shangguanrz/project/pic-edit/datasets/Hi4D_pilot_v1/raw/pair10/talk10/images/16/000077.jpg,pair10/talk10/images/16/000077.jpg,940,1280,940,False,False,nan,199.83609313754917,3532.858626994681,nan,nan,nan,full,199.83609313754917,3532.858626994681,0.1287751677852349,False,False
Hi4D,/home/shangguanrz/project/pic-edit/datasets/Hi4D_pilot_v1/raw/pair10/dance10/images/4/000055.jpg,pair10/dance10/images/4/000055.jpg,940,1280,940,False,False,nan,190.1065836399321,3716.06805809508,nan,nan,nan,full,190.1065836399321,3716.06805809508,0.12961409395973156,False,False
Hi4D,/home/shangguanrz/project/pic-edit/datasets/Hi4D_pilot_v1/raw/pair22/kiss22/images/4/000066.jpg,pair22/kiss22/images/4/000066.jpg,940,1280,940,False,False,nan,200.1449690268503,3533.307606798537,nan,nan,nan,full,200.1449690268503,3533.307606798537,0.1298238255033557,False,False
Hi4D,/home/shangguanrz/project/pic-edit/datasets/Hi4D_pilot_v1/raw/pair10/talk10/images/16/000045.jpg,pair10/talk10/images/16/000045.jpg,940,1280,940,False,False,nan,203.15361462917303,3449.805975731383,nan,nan,nan,full,203.15361462917303,3449.805975731383,0.13066275167785235,False,False
Hi4D,/home/shangguanrz/project/pic-edit/datasets/Hi4D_pilot_v1/raw/pair22/kiss22/images/4/000077.jpg,pair22/kiss22/images/4/000077.jpg,940,1280,940,False,False,nan,202.52388631900868,3470.7093687666224,nan,nan,nan,full,202.52388631900868,3470.7093687666224,0.13066275167785235,False,False
Hi4D,/home/shangguanrz/project/pic-edit/datasets/Hi4D_pilot_v1/raw/pair10/talk10/images/16/000101.jpg,pair10/talk10/images/16/000101.jpg,940,1280,940,False,False,nan,200.24867428088416,3534.479803856383,nan,nan,nan,full,200.24867428088416,3534.479803856383,0.13087248322147652,False,False
Hi4D,/home/shangguanrz/project/pic-edit/datasets/Hi4D_pilot_v1/raw/pair22/kiss22/images/4/000009.jpg,pair22/kiss22/images/4/000009.jpg,940,1280,940,False,False,nan,202.39866311877162,3476.9795129654253,nan,nan,nan,full,202.39866311877162,3476.9795129654253,0.13171140939597314,False,False
Hi4D,/home/shangguanrz/project/pic-edit/datasets/Hi4D_pilot_v1/raw/pair10/talk10/images/16/000036.jpg,pair10/talk10/images/16/000036.jpg,940,1280,940,False,False,nan,210.3899117507995,3351.726468999335,nan,nan,nan,full,210.3899117507995,3351.726468999335,0.1325503355704698,False,False
Hi4D,/home/shangguanrz/project/pic-edit/datasets/Hi4D_pilot_v1/raw/pair10/talk10/images/16/000079.jpg,pair10/talk10/images/16/000079.jpg,940,1280,940,False,False,nan,200.55559710400743,3539.781977227394,nan,nan,nan,full,200.55559710400743,3539.781977227394,0.13317953020134227,False,False
Hi4D,/home/shangguanrz/project/pic-edit/datasets/Hi4D_pilot_v1/raw/pair10/talk10/images/16/000103.jpg,pair10/talk10/images/16/000103.jpg,940,1280,940,False,False,nan,200.44419185148743,3541.700101811835,nan,nan,nan,full,200.44419185148743,3541.700101811835,0.13317953020134227,False,False
Hi4D,/home/shangguanrz/project/pic-edit/datasets/Hi4D_pilot_v1/raw/pair10/talk10/images/16/000062.jpg,pair10/talk10/images/16/000062.jpg,940,1280,940,False,False,nan,200.5778611718718,3539.943089261968,nan,nan,nan,full,200.5778611718718,3539.943089261968,0.1335989932885906,False,False
Hi4D,/home/shangguanrz/project/pic-edit/datasets/Hi4D_pilot_v1/raw/pair01/talk01/images/16/000114.jpg,pair01/talk01/images/16/000114.jpg,940,1280,940,False,False,nan,204.15220461951063,3460.5646193484044,nan,nan,nan,full,204.15220461951063,3460.5646193484044,0.1338087248322148,False,False
Hi4D,/home/shangguanrz/project/pic-edit/datasets/Hi4D_pilot_v1/raw/pair10/talk10/images/16/000082.jpg,pair10/talk10/images/16/000082.jpg,940,1280,940,False,False,nan,200.39097480568321,3544.080109291888,nan,nan,nan,full,200.39097480568321,3544.080109291888,0.1342281879194631,False,False
Hi4D,/home/shangguanrz/project/pic-edit/datasets/Hi4D_pilot_v1/raw/pair10/dance10/images/4/000044.jpg,pair10/dance10/images/4/000044.jpg,940,1280,940,False,False,nan,192.07277307773725,3699.356175199468,nan,nan,nan,full,192.07277307773725,3699.356175199468,0.13443791946308725,False,False
Hi4D,/home/shangguanrz/project/pic-edit/datasets/Hi4D_pilot_v1/raw/pair10/dance10/images/4/000060.jpg,pair10/dance10/images/4/000060.jpg,940,1280,940,False,False,nan,190.07834492378942,3740.001558344415,nan,nan,nan,full,190.07834492378942,3740.001558344415,0.13443791946308725,False,False
Hi4D,/home/shangguanrz/project/pic-edit/datasets/Hi4D_pilot_v1/raw/pair10/talk10/images/16/000071.jpg,pair10/talk10/images/16/000071.jpg,940,1280,940,False,False,nan,200.6763996449786,3540.47295752992,nan,nan,nan,full,200.6763996449786,3540.47295752992,0.13443791946308725,False,False
Hi4D,/home/shangguanrz/project/pic-edit/datasets/Hi4D_pilot_v1/raw/pair10/talk10/images/16/000092.jpg,pair10/talk10/images/16/000092.jpg,940,1280,940,False,False,nan,200.15335817442812,3545.6136968085107,nan,nan,nan,full,200.15335817442812,3545.6136968085107,0.13443791946308725,False,False
Hi4D,/home/shangguanrz/project/pic-edit/datasets/Hi4D_pilot_v1/raw/pair10/talk10/images/16/000095.jpg,pair10/talk10/images/16/000095.jpg,940,1280,940,False,False,nan,200.62412171646614,3545.4264149767287,nan,nan,nan,full,200.62412171646614,3545.4264149767287,0.13611577181208054,False,False
Hi4D,/home/shangguanrz/project/pic-edit/datasets/Hi4D_pilot_v1/raw/pair10/dance10/images/4/000062.jpg,pair10/dance10/images/4/000062.jpg,940,1280,940,False,False,nan,190.02584880871063,3753.244421126995,nan,nan,nan,full,190.02584880871063,3753.244421126995,0.136744966442953,False,False
Hi4D,/home/shangguanrz/project/pic-edit/datasets/Hi4D_pilot_v1/raw/pair10/talk10/images/16/000064.jpg,pair10/talk10/images/16/000064.jpg,940,1280,940,False,False,nan,200.7905434521683,3544.411080867686,nan,nan,nan,full,200.7905434521683,3544.411080867686,0.13695469798657717,False,False
Hi4D,/home/shangguanrz/project/pic-edit/datasets/Hi4D_pilot_v1/raw/pair10/talk10/images/16/000075.jpg,pair10/talk10/images/16/000075.jpg,940,1280,940,False,False,nan,200.65786257519767,3546.642100232713,nan,nan,nan,full,200.65786257519767,3546.642100232713,0.13695469798657717,False,False
Hi4D,/home/shangguanrz/project/pic-edit/datasets/Hi4D_pilot_v1/raw/pair01/talk01/images/16/000020.jpg,pair01/talk01/images/16/000020.jpg,940,1280,940,False,False,nan,206.86892236954708,3449.88104637633,nan,nan,nan,full,206.86892236954708,3449.88104637633,0.13716442953020136,False,False
Hi4D,/home/shangguanrz/project/pic-edit/datasets/Hi4D_pilot_v1/raw/pair10/talk10/images/16/000073.jpg,pair10/talk10/images/16/000073.jpg,940,1280,940,False,False,nan,201.00990208156404,3544.0716111203456,nan,nan,nan,full,201.00990208156404,3544.0716111203456,0.1373741610738255,False,False
Hi4D,/home/shangguanrz/project/pic-edit/datasets/Hi4D_pilot_v1/raw/pair22/kiss22/images/4/000010.jpg,pair22/kiss22/images/4/000010.jpg,940,1280,940,False,False,nan,205.3507908491486,3476.0955369015956,nan,nan,nan,full,205.3507908491486,3476.0955369015956,0.1373741610738255,False,False
Hi4D,/home/shangguanrz/project/pic-edit/datasets/Hi4D_pilot_v1/raw/pair22/kiss22/images/4/000068.jpg,pair22/kiss22/images/4/000068.jpg,940,1280,940,False,False,nan,198.56538486394373,3574.164093666888,nan,nan,nan,full,198.56538486394373,3574.164093666888,0.1373741610738255,False,False
Hi4D,/home/shangguanrz/project/pic-edit/datasets/Hi4D_pilot_v1/raw/pair01/talk01/images/16/000027.jpg,pair01/talk01/images/16/000027.jpg,940,1280,940,False,False,nan,208.53779682564272,3424.8888173204787,nan,nan,nan,full,208.53779682564272,3424.8888173204787,0.13758389261744966,False,False
Hi4D,/home/shangguanrz/project/pic-edit/datasets/Hi4D_pilot_v1/raw/pair01/talk01/images/16/000022.jpg,pair01/talk01/images/16/000022.jpg,940,1280,940,False,False,nan,206.58138851830188,3468.572722739362,nan,nan,nan,full,206.58138851830188,3468.572722739362,0.138003355704698,False,False
Hi4D,/home/shangguanrz/project/pic-edit/datasets/Hi4D_pilot_v1/raw/pair10/talk10/images/16/000086.jpg,pair10/talk10/images/16/000086.jpg,940,1280,940,False,False,nan,200.7228936719215,3546.713285405585,nan,nan,nan,full,200.7228936719215,3546.713285405585,0.138003355704698,False,False
Hi4D,/home/shangguanrz/project/pic-edit/datasets/Hi4D_pilot_v1/raw/pair22/game22/images/4/000041.jpg,pair22/game22/images/4/000041.jpg,940,1280,940,False,False,nan,199.7497183750959,3563.0766809341753,nan,nan,nan,full,199.7497183750959,3563.0766809341753,0.13905201342281878,False,False
Hi4D,/home/shangguanrz/project/pic-edit/datasets/Hi4D_pilot_v1/raw/pair10/talk10/images/16/000066.jpg,pair10/talk10/images/16/000066.jpg,940,1280,940,False,False,nan,201.79536868909094,3542.5422830784573,nan,nan,nan,full,201.79536868909094,3542.5422830784573,0.1390520134228188,False,False
Hi4D,/home/shangguanrz/project/pic-edit/datasets/Hi4D_pilot_v1/raw/pair10/talk10/images/16/000116.jpg,pair10/talk10/images/16/000116.jpg,940,1280,940,False,False,nan,200.89396990341208,3548.257043716755,nan,nan,nan,full,200.89396990341208,3548.257043716755,0.1390520134228188,False,False
Hi4D,/home/shangguanrz/project/pic-edit/datasets/Hi4D_pilot_v1/raw/pair01/talk01/images/16/000021.jpg,pair01/talk01/images/16/000021.jpg,940,1280,940,False,False,nan,207.37055019489932,3468.0108460771276,nan,nan,nan,full,207.37055019489932,3468.0108460771276,0.13968120805369127,False,False
Hi4D,/home/shangguanrz/project/pic-edit/datasets/Hi4D_pilot_v1/raw/pair10/talk10/images/16/000105.jpg,pair10/talk10/images/16/000105.jpg,940,1280,940,False,False,nan,200.6909846801896,3552.11474609375,nan,nan,nan,full,200.6909846801896,3552.11474609375,0.14031040268456374,False,False
Hi4D,/home/shangguanrz/project/pic-edit/datasets/Hi4D_pilot_v1/raw/pair10/talk10/images/16/000069.jpg,pair10/talk10/images/16/000069.jpg,940,1280,940,False,False,nan,200.9820833145736,3550.357962101064,nan,nan,nan,full,200.9820833145736,3550.357962101064,0.14093959731543626,False,False
Hi4D,/home/shangguanrz/project/pic-edit/datasets/Hi4D_pilot_v1/raw/pair22/hug22/images/4/000011.jpg,pair22/hug22/images/4/000011.jpg,940,1280,940,False,False,nan,201.99213772154116,3544.6289270279253,nan,nan,nan,full,201.99213772154116,3544.6289270279253,0.1411493288590604,False,False
Hi4D,/home/shangguanrz/project/pic-edit/datasets/Hi4D_pilot_v1/raw/pair10/talk10/images/16/000097.jpg,pair10/talk10/images/16/000097.jpg,940,1280,940,False,False,nan,201.35947664701973,3548.7623213098404,nan,nan,nan,full,201.35947664701973,3548.7623213098404,0.14135906040268456,False,False
Hi4D,/home/shangguanrz/project/pic-edit/datasets/Hi4D_pilot_v1/raw/pair01/talk01/images/16/000110.jpg,pair01/talk01/images/16/000110.jpg,940,1280,940,False,False,nan,205.634834624972,3502.8364985039893,nan,nan,nan,full,205.634834624972,3502.8364985039893,0.14198825503355705,False,False
Hi4D,/home/shangguanrz/project/pic-edit/datasets/Hi4D_pilot_v1/raw/pair01/talk01/images/16/000130.jpg,pair01/talk01/images/16/000130.jpg,940,1280,940,False,False,nan,201.38157689371707,3549.30840674867,nan,nan,nan,full,201.38157689371707,3549.30840674867,0.14198825503355705,False,False
Hi4D,/home/shangguanrz/project/pic-edit/datasets/Hi4D_pilot_v1/raw/pair10/talk10/images/16/000060.jpg,pair10/talk10/images/16/000060.jpg,940,1280,940,False,False,nan,201.423149108455,3549.741564162234,nan,nan,nan,full,201.423149108455,3549.741564162234,0.14240771812080538,False,False
Hi4D,/home/shangguanrz/project/pic-edit/datasets/Hi4D_pilot_v1/raw/pair10/talk10/images/16/000088.jpg,pair10/talk10/images/16/000088.jpg,940,1280,940,False,False,nan,201.0442092604311,3553.523520611702,nan,nan,nan,full,201.0442092604311,3553.523520611702,0.14261744966442952,False,False
Hi4D,/home/shangguanrz/project/pic-edit/datasets/Hi4D_pilot_v1/raw/pair01/hug01/images/4/000100.jpg,pair01/hug01/images/4/000100.jpg,940,1280,940,False,False,nan,189.15433145419348,3806.573491522606,nan,nan,nan,full,189.15433145419348,3806.573491522606,0.14282718120805368,False,False
Hi4D,/home/shangguanrz/project/pic-edit/datasets/Hi4D_pilot_v1/raw/pair10/talk10/images/16/000084.jpg,pair10/talk10/images/16/000084.jpg,940,1280,940,False,False,nan,201.2310549604132,3554.101385887633,nan,nan,nan,full,201.2310549604132,3554.101385887633,0.14345637583892618,False,False
Hi4D,/home/shangguanrz/project/pic-edit/datasets/Hi4D_pilot_v1/raw/pair10/talk10/images/16/000090.jpg,pair10/talk10/images/16/000090.jpg,940,1280,940,False,False,nan,201.02306624956938,3557.2244639295213,nan,nan,nan,full,201.02306624956938,3557.2244639295213,0.1436661073825503,False,False
Hi4D,/home/shangguanrz/project/pic-edit/datasets/Hi4D_pilot_v1/raw/pair01/talk01/images/16/000026.jpg,pair01/talk01/images/16/000026.jpg,940,1280,940,False,False,nan,208.35715273550167,3473.9523458277927,nan,nan,nan,full,208.35715273550167,3473.9523458277927,0.1438758389261745,False,False
Hi4D,/home/shangguanrz/project/pic-edit/datasets/Hi4D_pilot_v1/raw/pair10/talk10/images/16/000099.jpg,pair10/talk10/images/16/000099.jpg,940,1280,940,False,False,nan,201.92287741013922,3550.149860787899,nan,nan,nan,full,201.92287741013922,3550.149860787899,0.1438758389261745,False,False
Hi4D,/home/shangguanrz/project/pic-edit/datasets/Hi4D_pilot_v1/raw/pair01/hug01/images/4/000103.jpg,pair01/hug01/images/4/000103.jpg,940,1280,940,False,False,nan,190.28669785479175,3780.818099650931,nan,nan,nan,full,190.28669785479175,3780.818099650931,0.14408557046979864,False,False
Hi4D,/home/shangguanrz/project/pic-edit/datasets/Hi4D_pilot_v1/raw/pair22/kiss22/images/4/000067.jpg,pair22/kiss22/images/4/000067.jpg,940,1280,940,False,False,nan,202.7700935726578,3545.4969040890956,nan,nan,nan,full,202.7700935726578,3545.4969040890956,0.1449244966442953,False,False
Hi4D,/home/shangguanrz/project/pic-edit/datasets/Hi4D_pilot_v1/raw/pair01/hug01/images/4/000099.jpg,pair01/hug01/images/4/000099.jpg,940,1280,940,False,False,nan,189.74528233159876,3805.1810276761967,nan,nan,nan,full,189.74528233159876,3805.1810276761967,0.14534395973154363,False,False
Hi4D,/home/shangguanrz/project/pic-edit/datasets/Hi4D_pilot_v1/raw/pair10/talk10/images/16/000108.jpg,pair10/talk10/images/16/000108.jpg,940,1280,940,False,False,nan,201.8234321123446,3555.819564494681,nan,nan,nan,full,201.8234321123446,3555.819564494681,0.14576342281879195,False,False
Hi4D,/home/shangguanrz/project/pic-edit/datasets/Hi4D_pilot_v1/raw/pair01/talk01/images/16/000023.jpg,pair01/talk01/images/16/000023.jpg,940,1280,940,False,False,nan,208.82665852563528,3482.0626558344416,nan,nan,nan,full,208.82665852563528,3482.0626558344416,0.14639261744966442,False,False
Hi4D,/home/shangguanrz/project/pic-edit/datasets/Hi4D_pilot_v1/raw/pair22/kiss22/images/4/000019.jpg,pair22/kiss22/images/4/000019.jpg,940,1280,940,False,False,nan,206.02386550438675,3534.240026595745,nan,nan,nan,full,206.02386550438675,3534.240026595745,0.14660234899328858,False,False
Hi4D,/home/shangguanrz/project/pic-edit/datasets/Hi4D_pilot_v1/raw/pair01/talk01/images/16/000025.jpg,pair01/talk01/images/16/000025.jpg,940,1280,940,False,False,nan,208.08712495574048,3493.840550199468,nan,nan,nan,full,208.08712495574048,3493.840550199468,0.14681208053691275,False,False
Hi4D,/home/shangguanrz/project/pic-edit/datasets/Hi4D_pilot_v1/raw/pair10/talk10/images/16/000110.jpg,pair10/talk10/images/16/000110.jpg,940,1280,940,False,False,nan,202.37389553286687,3554.674326795213,nan,nan,nan,full,202.37389553286687,3554.674326795213,0.1474412751677852,False,False
Hi4D,/home/shangguanrz/project/pic-edit/datasets/Hi4D_pilot_v1/raw/pair22/kiss22/images/4/000011.jpg,pair22/kiss22/images/4/000011.jpg,940,1280,940,False,False,nan,206.27300937621504,3535.9351209275264,nan,nan,nan,full,206.27300937621504,3535.9351209275264,0.1476510067114094,False,False
Hi4D,/home/shangguanrz/project/pic-edit/datasets/Hi4D_pilot_v1/raw/pair10/talk10/images/16/000112.jpg,pair10/talk10/images/16/000112.jpg,940,1280,940,False,False,nan,202.23519819049395,3561.539685837766,nan,nan,nan,full,202.23519819049395,3561.539685837766,0.14786073825503354,False,False
Hi4D,/home/shangguanrz/project/pic-edit/datasets/Hi4D_pilot_v1/raw/pair10/talk10/images/16/000035.jpg,pair10/talk10/images/16/000035.jpg,940,1280,940,False,False,nan,216.01534585747152,3393.7301778590427,nan,nan,nan,full,216.01534585747152,3393.7301778590427,0.14828020134228187,False,False
Hi4D,/home/shangguanrz/project/pic-edit/datasets/Hi4D_pilot_v1/raw/pair10/talk10/images/16/000114.jpg,pair10/talk10/images/16/000114.jpg,940,1280,940,False,False,nan,202.24622656390812,3570.673329454787,nan,nan,nan,full,202.24622656390812,3570.673329454787,0.149748322147651,False,False
Hi4D,/home/shangguanrz/project/pic-edit/datasets/Hi4D_pilot_v1/raw/pair22/game22/images/4/000039.jpg,pair22/game22/images/4/000039.jpg,940,1280,940,False,False,nan,201.2092056071235,3603.151336020612,nan,nan,nan,full,201.2092056071235,3603.151336020612,0.149748322147651,False,False
Hi4D,/home/shangguanrz/project/pic-edit/datasets/Hi4D_pilot_v1/raw/pair22/kiss22/images/4/000024.jpg,pair22/kiss22/images/4/000024.jpg,940,1280,940,False,False,nan,204.48001383804203,3547.413044381649,nan,nan,nan,full,204.48001383804203,3547.413044381649,0.149748322147651,False,False
Hi4D,/home/shangguanrz/project/pic-edit/datasets/Hi4D_pilot_v1/raw/pair01/talk01/images/16/000132.jpg,pair01/talk01/images/16/000132.jpg,940,1280,940,False,False,nan,203.04972659759036,3567.298578789894,nan,nan,nan,full,203.04972659759036,3567.298578789894,0.15226510067114096,False,False
Hi4D,/home/shangguanrz/project/pic-edit/datasets/Hi4D_pilot_v1/raw/pair01/talk01/images/16/000024.jpg,pair01/talk01/images/16/000024.jpg,940,1280,940,False,False,nan,210.36163813563806,3503.144323470745,nan,nan,nan,full,210.36163813563806,3503.144323470745,0.1524748322147651,False,False
Hi4D,/home/shangguanrz/project/pic-edit/datasets/Hi4D_pilot_v1/raw/pair22/kiss22/images/4/000008.jpg,pair22/kiss22/images/4/000008.jpg,940,1280,940,False,False,nan,207.68367924111197,3543.047810006649,nan,nan,nan,full,207.68367924111197,3543.047810006649,0.1535234899328859,False,False
Hi4D,/home/shangguanrz/project/pic-edit/datasets/Hi4D_pilot_v1/raw/pair01/hug01/images/4/000104.jpg,pair01/hug01/images/4/000104.jpg,940,1280,940,False,False,nan,192.39896603114144,3807.36053856383,nan,nan,nan,full,192.39896603114144,3807.36053856383,0.1545721476510067,False,False
Hi4D,/home/shangguanrz/project/pic-edit/datasets/Hi4D_pilot_v1/raw/pair22/kiss22/images/4/000018.jpg,pair22/kiss22/images/4/000018.jpg,940,1280,940,False,False,nan,205.91965921252168,3559.968988946144,nan,nan,nan,full,205.91965921252168,3559.968988946144,0.15541107382550334,False,False
Hi4D,/home/shangguanrz/project/pic-edit/datasets/Hi4D_pilot_v1/raw/pair01/talk01/images/16/000112.jpg,pair01/talk01/images/16/000112.jpg,940,1280,940,False,False,nan,206.6683767005943,3552.796147772606,nan,nan,nan,full,206.6683767005943,3552.796147772606,0.15583053691275167,False,False
Hi4D,/home/shangguanrz/project/pic-edit/datasets/Hi4D_pilot_v1/raw/pair22/kiss22/images/4/000078.jpg,pair22/kiss22/images/4/000078.jpg,940,1280,940,False,False,nan,205.663763838232,3572.012456366356,nan,nan,nan,full,205.663763838232,3572.012456366356,0.15750838926174499,False,False
Hi4D,/home/shangguanrz/project/pic-edit/datasets/Hi4D_pilot_v1/raw/pair01/fight01/images/52/000058.jpg,pair01/fight01/images/52/000058.jpg,940,1280,940,False,False,nan,202.71044207177798,3623.8302027925533,nan,nan,nan,full,202.71044207177798,3623.8302027925533,0.15792785234899331,False,False
Hi4D,/home/shangguanrz/project/pic-edit/datasets/Hi4D_pilot_v1/raw/pair22/game22/images/4/000035.jpg,pair22/game22/images/4/000035.jpg,940,1280,940,False,False,nan,202.23868355194114,3655.272907662899,nan,nan,nan,full,202.23868355194114,3655.272907662899,0.15855704697986578,False,False
Hi4D,/home/shangguanrz/project/pic-edit/datasets/Hi4D_pilot_v1/raw/pair22/game22/images/4/000135.jpg,pair22/game22/images/4/000135.jpg,940,1280,940,False,False,nan,213.83822213831715,3511.9612283909573,nan,nan,nan,full,213.83822213831715,3511.9612283909573,0.15855704697986578,False,False
Hi4D,/home/shangguanrz/project/pic-edit/datasets/Hi4D_pilot_v1/raw/pair01/talk01/images/16/000134.jpg,pair01/talk01/images/16/000134.jpg,940,1280,940,False,False,nan,205.92369768054525,3596.147024601064,nan,nan,nan,full,205.92369768054525,3596.147024601064,0.15981543624161074,False,False
Hi4D,/home/shangguanrz/project/pic-edit/datasets/Hi4D_pilot_v1/raw/pair10/dance10/images/4/000065.jpg,pair10/dance10/images/4/000065.jpg,940,1280,940,False,False,nan,193.36651416294927,3817.8596970578456,nan,nan,nan,full,193.36651416294927,3817.8596970578456,0.1600251677852349,False,False
Hi4D,/home/shangguanrz/project/pic-edit/datasets/Hi4D_pilot_v1/raw/pair10/dance10/images/4/000042.jpg,pair10/dance10/images/4/000042.jpg,940,1280,940,False,False,nan,197.29608853295574,3779.422311336436,nan,nan,nan,full,197.29608853295574,3779.422311336436,0.16086409395973156,False,False
Hi4D,/home/shangguanrz/project/pic-edit/datasets/Hi4D_pilot_v1/raw/pair22/kiss22/images/4/000012.jpg,pair22/kiss22/images/4/000012.jpg,940,1280,940,False,False,nan,207.7324293255536,3567.5496800199467,nan,nan,nan,full,207.7324293255536,3567.5496800199467,0.1617030201342282,False,False
Hi4D,/home/shangguanrz/project/pic-edit/datasets/Hi4D_pilot_v1/raw/pair10/argue10/images/52/000101.jpg,pair10/argue10/images/52/000101.jpg,940,1280,940,False,False,nan,215.272766780265,3506.83368309508,nan,nan,nan,full,215.272766780265,3506.83368309508,0.16191275167785235,False,False
Hi4D,/home/shangguanrz/project/pic-edit/datasets/Hi4D_pilot_v1/raw/pair10/argue10/images/52/000100.jpg,pair10/argue10/images/52/000100.jpg,940,1280,940,False,False,nan,215.2501764034135,3519.9827127659573,nan,nan,nan,full,215.2501764034135,3519.9827127659573,0.16296140939597314,False,False
Hi4D,/home/shangguanrz/project/pic-edit/datasets/Hi4D_pilot_v1/raw/pair10/argue10/images/52/000102.jpg,pair10/argue10/images/52/000102.jpg,940,1280,940,False,False,nan,215.12782019517056,3530.8007604720747,nan,nan,nan,full,215.12782019517056,3530.8007604720747,0.16359060402684564,False,False
Hi4D,/home/shangguanrz/project/pic-edit/datasets/Hi4D_pilot_v1/raw/pair22/game22/images/4/000037.jpg,pair22/game22/images/4/000037.jpg,940,1280,940,False,False,nan,203.61319081324052,3653.429781000665,nan,nan,nan,full,203.61319081324052,3653.429781000665,0.16359060402684564,False,False
Hi4D,/home/shangguanrz/project/pic-edit/datasets/Hi4D_pilot_v1/raw/pair22/kiss22/images/4/000017.jpg,pair22/kiss22/images/4/000017.jpg,940,1280,940,False,False,nan,207.39502839180832,3605.5485060671544,nan,nan,nan,full,207.39502839180832,3605.5485060671544,0.16526845637583892,False,False
Hi4D,/home/shangguanrz/project/pic-edit/datasets/Hi4D_pilot_v1/raw/pair22/kiss22/images/4/000016.jpg,pair22/kiss22/images/4/000016.jpg,940,1280,940,False,False,nan,207.77663998495356,3604.3866564162236,nan,nan,nan,full,207.77663998495356,3604.3866564162236,0.16610738255033558,False,False
Hi4D,/home/shangguanrz/project/pic-edit/datasets/Hi4D_pilot_v1/raw/pair22/kiss22/images/4/000065.jpg,pair22/kiss22/images/4/000065.jpg,940,1280,940,False,False,nan,207.5496773255686,3620.0442881482713,nan,nan,nan,full,207.5496773255686,3620.0442881482713,0.16715604026845637,False,False
Hi4D,/home/shangguanrz/project/pic-edit/datasets/Hi4D_pilot_v1/raw/pair01/hug01/images/4/000106.jpg,pair01/hug01/images/4/000106.jpg,940,1280,940,False,False,nan,194.44657319179754,3841.849858710106,nan,nan,nan,full,194.44657319179754,3841.849858710106,0.169253355704698,False,False
Hi4D,/home/shangguanrz/project/pic-edit/datasets/Hi4D_pilot_v1/raw/pair10/talk10/images/16/000034.jpg,pair10/talk10/images/16/000034.jpg,940,1280,940,False,False,nan,220.43061284252082,3454.780366938165,nan,nan,nan,full,220.43061284252082,3454.780366938165,0.1707214765100671,False,False
Hi4D,/home/shangguanrz/project/pic-edit/datasets/Hi4D_pilot_v1/raw/pair01/hug01/images/4/000102.jpg,pair01/hug01/images/4/000102.jpg,940,1280,940,False,False,nan,193.1674581879995,3872.304458942819,nan,nan,nan,full,193.1674581879995,3872.304458942819,0.17093120805369127,False,False
Hi4D,/home/shangguanrz/project/pic-edit/datasets/Hi4D_pilot_v1/raw/pair10/argue10/images/52/000103.jpg,pair10/argue10/images/52/000103.jpg,940,1280,940,False,False,nan,214.9508232295163,3557.04022606383,nan,nan,nan,full,214.9508232295163,3557.04022606383,0.17281879194630873,False,False
Hi4D,/home/shangguanrz/project/pic-edit/datasets/Hi4D_pilot_v1/raw/pair02/dance02/images/4/000041.jpg,pair02/dance02/images/4/000041.jpg,940,1280,940,False,False,nan,193.70896292347993,3879.135243517287,nan,nan,nan,full,193.70896292347993,3879.135243517287,0.17428691275167785,False,False
Hi4D,/home/shangguanrz/project/pic-edit/datasets/Hi4D_pilot_v1/raw/pair02/dance02/images/4/000043.jpg,pair02/dance02/images/4/000043.jpg,940,1280,940,False,False,nan,192.00346204173024,3894.9591817652927,nan,nan,nan,full,192.00346204173024,3894.9591817652927,0.17428691275167785,False,False
Hi4D,/home/shangguanrz/project/pic-edit/datasets/Hi4D_pilot_v1/raw/pair02/dance02/images/4/000044.jpg,pair02/dance02/images/4/000044.jpg,940,1280,940,False,False,nan,191.3295786565329,3896.9496446974736,nan,nan,nan,full,191.3295786565329,3896.9496446974736,0.17428691275167785,False,False
Hi4D,/home/shangguanrz/project/pic-edit/datasets/Hi4D_pilot_v1/raw/pair22/kiss22/images/4/000079.jpg,pair22/kiss22/images/4/000079.jpg,940,1280,940,False,False,nan,210.42552383518586,3652.2970412234044,nan,nan,nan,full,210.42552383518586,3652.2970412234044,0.17596476510067116,False,False
Hi4D,/home/shangguanrz/project/pic-edit/datasets/Hi4D_pilot_v1/raw/pair22/kiss22/images/4/000015.jpg,pair22/kiss22/images/4/000015.jpg,940,1280,940,False,False,nan,211.89090853546367,3639.3427526595747,nan,nan,nan,full,211.89090853546367,3639.3427526595747,0.17638422818791946,False,False
Hi4D,/home/shangguanrz/project/pic-edit/datasets/Hi4D_pilot_v1/raw/pair01/talk01/images/16/000136.jpg,pair01/talk01/images/16/000136.jpg,940,1280,940,False,False,nan,209.900059386582,3677.5220973238033,nan,nan,nan,full,209.900059386582,3677.5220973238033,0.17764261744966442,False,False
Hi4D,/home/shangguanrz/project/pic-edit/datasets/Hi4D_pilot_v1/raw/pair12/fight12/images/16/000012.jpg,pair12/fight12/images/16/000012.jpg,940,1280,940,False,False,nan,203.11600491381594,3764.146203873005,nan,nan,nan,full,203.11600491381594,3764.146203873005,0.1778523489932886,False,False
Hi4D,/home/shangguanrz/project/pic-edit/datasets/Hi4D_pilot_v1/raw/pair02/dance02/images/4/000039.jpg,pair02/dance02/images/4/000039.jpg,940,1280,940,False,False,nan,194.49662252927376,3888.7448262965427,nan,nan,nan,full,194.49662252927376,3888.7448262965427,0.17869127516778524,False,False
Hi4D,/home/shangguanrz/project/pic-edit/datasets/Hi4D_pilot_v1/raw/pair10/argue10/images/52/000104.jpg,pair10/argue10/images/52/000104.jpg,940,1280,940,False,False,nan,215.62475018039336,3590.00262840758,nan,nan,nan,full,215.62475018039336,3590.00262840758,0.17932046979865773,False,False
Hi4D,/home/shangguanrz/project/pic-edit/datasets/Hi4D_pilot_v1/raw/pair22/kiss22/images/4/000007.jpg,pair22/kiss22/images/4/000007.jpg,940,1280,940,False,False,nan,212.91339583804887,3658.8253511469416,nan,nan,nan,full,212.91339583804887,3658.8253511469416,0.17932046979865773,False,False
Hi4D,/home/shangguanrz/project/pic-edit/datasets/Hi4D_pilot_v1/raw/pair12/fight12/images/16/000010.jpg,pair12/fight12/images/16/000010.jpg,940,1280,940,False,False,nan,204.0700333166738,3771.844196725399,nan,nan,nan,full,204.0700333166738,3771.844196725399,0.18015939597315436,False,False
Hi4D,/home/shangguanrz/project/pic-edit/datasets/Hi4D_pilot_v1/raw/pair22/kiss22/images/4/000013.jpg,pair22/kiss22/images/4/000013.jpg,940,1280,940,False,False,nan,213.50250165470047,3658.527696974734,nan,nan,nan,full,213.50250165470047,3658.527696974734,0.18036912751677853,False,False
Hi4D,/home/shangguanrz/project/pic-edit/datasets/Hi4D_pilot_v1/raw/pair12/fight12/images/16/000011.jpg,pair12/fight12/images/16/000011.jpg,940,1280,940,False,False,nan,204.01219387926525,3776.999771442819,nan,nan,nan,full,204.01219387926525,3776.999771442819,0.18120805369127518,False,False
Hi4D,/home/shangguanrz/project/pic-edit/datasets/Hi4D_pilot_v1/raw/pair22/hug22/images/4/000010.jpg,pair22/hug22/images/4/000010.jpg,940,1280,940,False,False,nan,212.35614857880333,3686.309435255984,nan,nan,nan,full,212.35614857880333,3686.309435255984,0.18120805369127518,False,False
Hi4D,/home/shangguanrz/project/pic-edit/datasets/Hi4D_pilot_v1/raw/pair22/kiss22/images/4/000080.jpg,pair22/kiss22/images/4/000080.jpg,940,1280,940,False,False,nan,211.03660229869746,3698.945447556516,nan,nan,nan,full,211.03660229869746,3698.945447556516,0.18183724832214765,False,False
Hi4D,/home/shangguanrz/project/pic-edit/datasets/Hi4D_pilot_v1/raw/pair02/dance02/images/4/000036.jpg,pair02/dance02/images/4/000036.jpg,940,1280,940,False,False,nan,195.38275401888518,3899.301498088431,nan,nan,nan,full,195.38275401888518,3899.301498088431,0.1837248322147651,False,False
Hi4D,/home/shangguanrz/project/pic-edit/datasets/Hi4D_pilot_v1/raw/pair02/dance02/images/4/000034.jpg,pair02/dance02/images/4/000034.jpg,940,1280,940,False,False,nan,195.7310650252335,3909.788293716755,nan,nan,nan,full,195.7310650252335,3909.788293716755,0.18603187919463088,False,False
Hi4D,/home/shangguanrz/project/pic-edit/datasets/Hi4D_pilot_v1/raw/pair22/kiss22/images/4/000025.jpg,pair22/kiss22/images/4/000025.jpg,940,1280,940,False,False,nan,213.7609794741035,3714.6111307347073,nan,nan,nan,full,213.7609794741035,3714.6111307347073,0.18624161073825501,False,False
Hi4D,/home/shangguanrz/project/pic-edit/datasets/Hi4D_pilot_v1/raw/pair02/dance02/images/4/000050.jpg,pair02/dance02/images/4/000050.jpg,940,1280,940,False,False,nan,195.4733134390758,3915.7473612034573,nan,nan,nan,full,195.4733134390758,3915.7473612034573,0.1864513422818792,False,False
Hi4D,/home/shangguanrz/project/pic-edit/datasets/Hi4D_pilot_v1/raw/pair02/dance02/images/4/000037.jpg,pair02/dance02/images/4/000037.jpg,940,1280,940,False,False,nan,195.26580560555445,3921.4911070478724,nan,nan,nan,full,195.26580560555445,3921.4911070478724,0.1868708053691275,False,False
Hi4D,/home/shangguanrz/project/pic-edit/datasets/Hi4D_pilot_v1/raw/pair01/talk01/images/16/000138.jpg,pair01/talk01/images/16/000138.jpg,940,1280,940,False,False,nan,214.20676986768592,3701.3183801529253,nan,nan,nan,full,214.20676986768592,3701.3183801529253,0.18687080536912754,False,False
Hi4D,/home/shangguanrz/project/pic-edit/datasets/Hi4D_pilot_v1/raw/pair01/hug01/images/4/000043.jpg,pair01/hug01/images/4/000043.jpg,940,1280,940,False,False,nan,193.98259266124904,3943.160997755984,nan,nan,nan,full,193.98259266124904,3943.160997755984,0.1875,False,False
Hi4D,/home/shangguanrz/project/pic-edit/datasets/Hi4D_pilot_v1/raw/pair12/fight12/images/16/000013.jpg,pair12/fight12/images/16/000013.jpg,940,1280,940,False,False,nan,206.58875972278082,3785.228266289894,nan,nan,nan,full,206.58875972278082,3785.228266289894,0.1881291946308725,False,False
Hi4D,/home/shangguanrz/project/pic-edit/datasets/Hi4D_pilot_v1/raw/pair01/hug01/images/4/000110.jpg,pair01/hug01/images/4/000110.jpg,940,1280,940,False,False,nan,198.21474450308583,3887.4396089594416,nan,nan,nan,full,198.21474450308583,3887.4396089594416,0.18833892617449666,False,False
Hi4D,/home/shangguanrz/project/pic-edit/datasets/Hi4D_pilot_v1/raw/pair01/hug01/images/4/000109.jpg,pair01/hug01/images/4/000109.jpg,940,1280,940,False,False,nan,196.99821208288577,3904.9647190824467,nan,nan,nan,full,196.99821208288577,3904.9647190824467,0.18875838926174499,False,False
Hi4D,/home/shangguanrz/project/pic-edit/datasets/Hi4D_pilot_v1/raw/pair10/argue10/images/52/000099.jpg,pair10/argue10/images/52/000099.jpg,940,1280,940,False,False,nan,219.46264125870175,3571.942330867686,nan,nan,nan,full,219.46264125870175,3571.942330867686,0.19001677852348992,False,False
Hi4D,/home/shangguanrz/project/pic-edit/datasets/Hi4D_pilot_v1/raw/pair10/dance10/images/4/000039.jpg,pair10/dance10/images/4/000039.jpg,940,1280,940,False,False,nan,200.70405288860232,3855.117634225399,nan,nan,nan,full,200.70405288860232,3855.117634225399,0.19001677852348992,False,False
Hi4D,/home/shangguanrz/project/pic-edit/datasets/Hi4D_pilot_v1/raw/pair22/kiss22/images/4/000014.jpg,pair22/kiss22/images/4/000014.jpg,940,1280,940,False,False,nan,215.1577914668565,3717.345744680851,nan,nan,nan,full,215.1577914668565,3717.345744680851,0.19064597315436244,False,False
Hi4D,/home/shangguanrz/project/pic-edit/datasets/Hi4D_pilot_v1/raw/pair12/fight12/images/16/000009.jpg,pair12/fight12/images/16/000009.jpg,940,1280,940,False,False,nan,206.52990103456005,3803.8443110039893,nan,nan,nan,full,206.52990103456005,3803.8443110039893,0.19085570469798657,False,False
Hi4D,/home/shangguanrz/project/pic-edit/datasets/Hi4D_pilot_v1/raw/pair02/dance02/images/4/000053.jpg,pair02/dance02/images/4/000053.jpg,940,1280,940,False,False,nan,196.23064971150933,3932.495636635638,nan,nan,nan,full,196.23064971150933,3932.495636635638,0.1912751677852349,False,False
Hi4D,/home/shangguanrz/project/pic-edit/datasets/Hi4D_pilot_v1/raw/pair02/dance02/images/4/000062.jpg,pair02/dance02/images/4/000062.jpg,940,1280,940,False,False,nan,196.42278699067558,3928.709420711436,nan,nan,nan,full,196.42278699067558,3928.709420711436,0.19169463087248323,False,False
Hi4D,/home/shangguanrz/project/pic-edit/datasets/Hi4D_pilot_v1/raw/pair02/pose02/images/52/000046.jpg,pair02/pose02/images/52/000046.jpg,940,1280,940,False,False,nan,210.08319966376993,3773.4917199966753,nan,nan,nan,full,210.08319966376993,3773.4917199966753,0.1923238255033557,False,False
Hi4D,/home/shangguanrz/project/pic-edit/datasets/Hi4D_pilot_v1/raw/pair12/fight12/images/16/000007.jpg,pair12/fight12/images/16/000007.jpg,940,1280,940,False,False,nan,207.38588465884456,3796.699000581782,nan,nan,nan,full,207.38588465884456,3796.699000581782,0.1923238255033557,False,False
Hi4D,/home/shangguanrz/project/pic-edit/datasets/Hi4D_pilot_v1/raw/pair01/fight01/images/52/000057.jpg,pair01/fight01/images/52/000057.jpg,940,1280,940,False,False,nan,212.36761741777957,3755.698636968085,nan,nan,nan,full,212.36761741777957,3755.698636968085,0.1925335570469799,False,False
Hi4D,/home/shangguanrz/project/pic-edit/datasets/Hi4D_pilot_v1/raw/pair10/argue10/images/52/000105.jpg,pair10/argue10/images/52/000105.jpg,940,1280,940,False,False,nan,217.3079856263129,3672.066624418218,nan,nan,nan,full,217.3079856263129,3672.066624418218,0.1929530201342282,False,False
Hi4D,/home/shangguanrz/project/pic-edit/datasets/Hi4D_pilot_v1/raw/pair02/pose02/images/52/000050.jpg,pair02/pose02/images/52/000050.jpg,940,1280,940,False,False,nan,210.07601557041306,3779.5223362699467,nan,nan,nan,full,210.07601557041306,3779.5223362699467,0.19337248322147652,False,False
Hi4D,/home/shangguanrz/project/pic-edit/datasets/Hi4D_pilot_v1/raw/pair02/dance02/images/4/000032.jpg,pair02/dance02/images/4/000032.jpg,940,1280,940,False,False,nan,197.28896691400897,3925.227320894282,nan,nan,nan,full,197.28896691400897,3925.227320894282,0.19358221476510068,False,False
Hi4D,/home/shangguanrz/project/pic-edit/datasets/Hi4D_pilot_v1/raw/pair02/pose02/images/52/000044.jpg,pair02/pose02/images/52/000044.jpg,940,1280,940,False,False,nan,210.4661211503367,3777.1419443982713,nan,nan,nan,full,210.4661211503367,3777.1419443982713,0.194001677852349,False,False
Hi4D,/home/shangguanrz/project/pic-edit/datasets/Hi4D_pilot_v1/raw/pair01/hug01/images/4/000107.jpg,pair01/hug01/images/4/000107.jpg,940,1280,940,False,False,nan,198.06244076034935,3919.177723986037,nan,nan,nan,full,198.06244076034935,3919.177723986037,0.19421140939597314,False,False
Hi4D,/home/shangguanrz/project/pic-edit/datasets/Hi4D_pilot_v1/raw/pair02/dance02/images/4/000059.jpg,pair02/dance02/images/4/000059.jpg,940,1280,940,False,False,nan,196.90394759747497,3937.6126371343084,nan,nan,nan,full,196.90394759747497,3937.6126371343084,0.19546979865771813,False,False
Hi4D,/home/shangguanrz/project/pic-edit/datasets/Hi4D_pilot_v1/raw/pair02/pose02/images/52/000048.jpg,pair02/pose02/images/52/000048.jpg,940,1280,940,False,False,nan,210.9500235125133,3779.921303607048,nan,nan,nan,full,210.9500235125133,3779.921303607048,0.19546979865771813,False,False
Hi4D,/home/shangguanrz/project/pic-edit/datasets/Hi4D_pilot_v1/raw/pair02/dance02/images/4/000046.jpg,pair02/dance02/images/4/000046.jpg,940,1280,940,False,False,nan,195.32803048381658,3959.75067528258,nan,nan,nan,full,195.32803048381658,3959.75067528258,0.19567953020134227,False,False
Hi4D,/home/shangguanrz/project/pic-edit/datasets/Hi4D_pilot_v1/raw/pair12/fight12/images/16/000004.jpg,pair12/fight12/images/16/000004.jpg,940,1280,940,False,False,nan,209.8676208980271,3803.450631648936,nan,nan,nan,full,209.8676208980271,3803.450631648936,0.19756711409395972,False,False
Hi4D,/home/shangguanrz/project/pic-edit/datasets/Hi4D_pilot_v1/raw/pair12/fight12/images/16/000005.jpg,pair12/fight12/images/16/000005.jpg,940,1280,940,False,False,nan,208.928084939354,3807.709244099069,nan,nan,nan,full,208.928084939354,3807.709244099069,0.1981963087248322,False,False
Hi4D,/home/shangguanrz/project/pic-edit/datasets/Hi4D_pilot_v1/raw/pair02/dance02/images/4/000051.jpg,pair02/dance02/images/4/000051.jpg,940,1280,940,False,False,nan,197.64498728505626,3944.1435339095747,nan,nan,nan,full,197.64498728505626,3944.1435339095747,0.19903523489932884,False,False
Hi4D,/home/shangguanrz/project/pic-edit/datasets/Hi4D_pilot_v1/raw/pair12/fight12/images/16/000006.jpg,pair12/fight12/images/16/000006.jpg,940,1280,940,False,False,nan,210.00385558284103,3806.644770196144,nan,nan,nan,full,210.00385558284103,3806.644770196144,0.19945469798657717,False,False
Hi4D,/home/shangguanrz/project/pic-edit/datasets/Hi4D_pilot_v1/raw/pair02/pose02/images/52/000043.jpg,pair02/pose02/images/52/000043.jpg,940,1280,940,False,False,nan,210.29866670102442,3806.2627160904253,nan,nan,nan,full,210.29866670102442,3806.2627160904253,0.19966442953020136,False,False
Hi4D,/home/shangguanrz/project/pic-edit/datasets/Hi4D_pilot_v1/raw/pair02/dance02/images/4/000055.jpg,pair02/dance02/images/4/000055.jpg,940,1280,940,False,False,nan,197.16123541980485,3955.8214448969416,nan,nan,nan,full,197.16123541980485,3955.8214448969416,0.20008389261744966,False,False
Hi4D,/home/shangguanrz/project/pic-edit/datasets/Hi4D_pilot_v1/raw/pair02/dance02/images/4/000048.jpg,pair02/dance02/images/4/000048.jpg,940,1280,940,False,False,nan,197.95299880404232,3946.18701171875,nan,nan,nan,full,197.95299880404232,3946.18701171875,0.20029362416107382,False,False
Hi4D,/home/shangguanrz/project/pic-edit/datasets/Hi4D_pilot_v1/raw/pair22/kiss22/images/4/000026.jpg,pair22/kiss22/images/4/000026.jpg,940,1280,940,False,False,nan,214.85544968900658,3777.246623587101,nan,nan,nan,full,214.85544968900658,3777.246623587101,0.2009228187919463,False,False
Hi4D,/home/shangguanrz/project/pic-edit/datasets/Hi4D_pilot_v1/raw/pair02/dance02/images/4/000087.jpg,pair02/dance02/images/4/000087.jpg,940,1280,940,False,False,nan,200.95825518057214,3918.7839822972073,nan,nan,nan,full,200.95825518057214,3918.7839822972073,0.20302013422818793,False,False
Hi4D,/home/shangguanrz/project/pic-edit/datasets/Hi4D_pilot_v1/raw/pair02/dance02/images/4/000060.jpg,pair02/dance02/images/4/000060.jpg,940,1280,940,False,False,nan,199.05565784200382,3950.907216173537,nan,nan,nan,full,199.05565784200382,3950.907216173537,0.20427852348993286,False,False
Hi4D,/home/shangguanrz/project/pic-edit/datasets/Hi4D_pilot_v1/raw/pair22/kiss22/images/4/000028.jpg,pair22/kiss22/images/4/000028.jpg,940,1280,940,False,False,nan,214.53074440817426,3796.5033036901596,nan,nan,nan,full,214.53074440817426,3796.5033036901596,0.20448825503355705,False,False
Hi4D,/home/shangguanrz/project/pic-edit/datasets/Hi4D_pilot_v1/raw/pair12/fight12/images/16/000008.jpg,pair12/fight12/images/16/000008.jpg,940,1280,940,False,False,nan,209.9726211043601,3826.746083361037,nan,nan,nan,full,209.9726211043601,3826.746083361037,0.20553691275167785,False,False
Hi4D,/home/shangguanrz/project/pic-edit/datasets/Hi4D_pilot_v1/raw/pair22/kiss22/images/4/000030.jpg,pair22/kiss22/images/4/000030.jpg,940,1280,940,False,False,nan,214.76866132695517,3797.239309757314,nan,nan,nan,full,214.76866132695517,3797.239309757314,0.205746644295302,False,False
Hi4D,/home/shangguanrz/project/pic-edit/datasets/Hi4D_pilot_v1/raw/pair02/pose02/images/52/000051.jpg,pair02/pose02/images/52/000051.jpg,940,1280,940,False,False,nan,213.69661082850152,3810.2798474900264,nan,nan,nan,full,213.69661082850152,3810.2798474900264,0.2063758389261745,False,False
Hi4D,/home/shangguanrz/project/pic-edit/datasets/Hi4D_pilot_v1/raw/pair22/kiss22/images/4/000029.jpg,pair22/kiss22/images/4/000029.jpg,940,1280,940,False,False,nan,216.78661301404225,3773.679916057181,nan,nan,nan,full,216.78661301404225,3773.679916057181,0.20679530201342283,False,False
Hi4D,/home/shangguanrz/project/pic-edit/datasets/Hi4D_pilot_v1/raw/pair22/kiss22/images/4/000064.jpg,pair22/kiss22/images/4/000064.jpg,940,1280,940,False,False,nan,216.85581290443974,3772.4659761469416,nan,nan,nan,full,216.85581290443974,3772.4659761469416,0.20679530201342283,False,False
Hi4D,/home/shangguanrz/project/pic-edit/datasets/Hi4D_pilot_v1/raw/pair22/hug22/images/4/000002.jpg,pair22/hug22/images/4/000002.jpg,940,1280,940,False,False,nan,219.68631948673007,3731.759734458112,nan,nan,nan,full,219.68631948673007,3731.759734458112,0.2074244966442953,False,False
Hi4D,/home/shangguanrz/project/pic-edit/datasets/Hi4D_pilot_v1/raw/pair02/dance02/images/4/000057.jpg,pair02/dance02/images/4/000057.jpg,940,1280,940,False,False,nan,199.0290518503968,3973.1593355219416,nan,nan,nan,full,199.0290518503968,3973.1593355219416,0.20805369127516776,False,False
Hi4D,/home/shangguanrz/project/pic-edit/datasets/Hi4D_pilot_v1/raw/pair22/hug22/images/4/000004.jpg,pair22/hug22/images/4/000004.jpg,940,1280,940,False,False,nan,220.28548198673946,3724.4010762965427,nan,nan,nan,full,220.28548198673946,3724.4010762965427,0.2080536912751678,False,False
Hi4D,/home/shangguanrz/project/pic-edit/datasets/Hi4D_pilot_v1/raw/pair22/kiss22/images/4/000027.jpg,pair22/kiss22/images/4/000027.jpg,940,1280,940,False,False,nan,214.50666115733495,3811.454143118351,nan,nan,nan,full,214.50666115733495,3811.454143118351,0.20868288590604028,False,False
Hi4D,/home/shangguanrz/project/pic-edit/datasets/Hi4D_pilot_v1/raw/pair02/dance02/images/4/000088.jpg,pair02/dance02/images/4/000088.jpg,940,1280,940,False,False,nan,203.0808141611453,3908.015147107713,nan,nan,nan,full,203.0808141611453,3908.015147107713,0.20952181208053688,False,False
Hi4D,/home/shangguanrz/project/pic-edit/datasets/Hi4D_pilot_v1/raw/pair10/argue10/images/52/000098.jpg,pair10/argue10/images/52/000098.jpg,940,1280,940,False,False,nan,222.13164356465577,3650.703218500665,nan,nan,nan,full,222.13164356465577,3650.703218500665,0.20952181208053688,False,False
Hi4D,/home/shangguanrz/project/pic-edit/datasets/Hi4D_pilot_v1/raw/pair02/dance02/images/4/000064.jpg,pair02/dance02/images/4/000064.jpg,940,1280,940,False,False,nan,200.10738940215208,3971.643076795213,nan,nan,nan,full,200.10738940215208,3971.643076795213,0.21036073825503354,False,False
Hi4D,/home/shangguanrz/project/pic-edit/datasets/Hi4D_pilot_v1/raw/pair22/kiss22/images/4/000006.jpg,pair22/kiss22/images/4/000006.jpg,940,1280,940,False,False,nan,220.6441393474639,3728.6155668218084,nan,nan,nan,full,220.6441393474639,3728.6155668218084,0.21057046979865773,False,False
Hi4D,/home/shangguanrz/project/pic-edit/datasets/Hi4D_pilot_v1/raw/pair22/hug22/images/4/000006.jpg,pair22/hug22/images/4/000006.jpg,940,1280,940,False,False,nan,219.25834054102884,3758.538543051862,nan,nan,nan,full,219.25834054102884,3758.538543051862,0.21266778523489932,False,False
Hi4D,/home/shangguanrz/project/pic-edit/datasets/Hi4D_pilot_v1/raw/pair02/dance02/images/4/000108.jpg,pair02/dance02/images/4/000108.jpg,940,1280,940,False,False,nan,200.5280800365441,3974.943400930851,nan,nan,nan,full,200.5280800365441,3974.943400930851,0.21350671140939598,False,False
Hi4D,/home/shangguanrz/project/pic-edit/datasets/Hi4D_pilot_v1/raw/pair22/game22/images/4/000137.jpg,pair22/game22/images/4/000137.jpg,940,1280,940,False,False,nan,223.12186652643206,3644.2770113031916,nan,nan,nan,full,223.12186652643206,3644.2770113031916,0.21434563758389263,False,False
Hi4D,/home/shangguanrz/project/pic-edit/datasets/Hi4D_pilot_v1/raw/pair02/dance02/images/4/000090.jpg,pair02/dance02/images/4/000090.jpg,940,1280,940,False,False,nan,202.92945250106536,3934.063029837101,nan,nan,nan,full,202.92945250106536,3934.063029837101,0.21455536912751677,False,False
Hi4D,/home/shangguanrz/project/pic-edit/datasets/Hi4D_pilot_v1/raw/pair22/hug22/images/4/000005.jpg,pair22/hug22/images/4/000005.jpg,940,1280,940,False,False,nan,220.42538601340837,3751.5033036901596,nan,nan,nan,full,220.42538601340837,3751.5033036901596,0.21539429530201343,False,False
Hi4D,/home/shangguanrz/project/pic-edit/datasets/Hi4D_pilot_v1/raw/pair02/dance02/images/4/000110.jpg,pair02/dance02/images/4/000110.jpg,940,1280,940,False,False,nan,202.34811714384662,3950.377181682181,nan,nan,nan,full,202.34811714384662,3950.377181682181,0.21560402684563756,False,False
Hi4D,/home/shangguanrz/project/pic-edit/datasets/Hi4D_pilot_v1/raw/pair10/talk10/images/16/000033.jpg,pair10/talk10/images/16/000033.jpg,940,1280,940,False,False,nan,227.32292615811497,3542.7761697972073,nan,nan,nan,full,227.32292615811497,3542.7761697972073,0.21644295302013422,False,False
Hi4D,/home/shangguanrz/project/pic-edit/datasets/Hi4D_pilot_v1/raw/pair02/pose02/images/52/000041.jpg,pair02/pose02/images/52/000041.jpg,940,1280,940,False,False,nan,213.35764970645587,3857.6529566988033,nan,nan,nan,full,213.35764970645587,3857.6529566988033,0.21686241610738255,False,False
Hi4D,/home/shangguanrz/project/pic-edit/datasets/Hi4D_pilot_v1/raw/pair22/hug22/images/4/000007.jpg,pair22/hug22/images/4/000007.jpg,940,1280,940,False,False,nan,219.28094148503644,3780.790880568484,nan,nan,nan,full,219.28094148503644,3780.790880568484,0.21686241610738255,False,False
Hi4D,/home/shangguanrz/project/pic-edit/datasets/Hi4D_pilot_v1/raw/pair22/hug22/images/4/000001.jpg,pair22/hug22/images/4/000001.jpg,940,1280,940,False,False,nan,221.38828574256587,3739.696039727394,nan,nan,nan,full,221.38828574256587,3739.696039727394,0.21728187919463088,False,False
Hi4D,/home/shangguanrz/project/pic-edit/datasets/Hi4D_pilot_v1/raw/pair10/argue10/images/52/000106.jpg,pair10/argue10/images/52/000106.jpg,940,1280,940,False,False,nan,222.2075557922173,3731.125935006649,nan,nan,nan,full,222.2075557922173,3731.125935006649,0.21875,False,False
Hi4D,/home/shangguanrz/project/pic-edit/datasets/Hi4D_pilot_v1/raw/pair02/dance02/images/4/000066.jpg,pair02/dance02/images/4/000066.jpg,940,1280,940,False,False,nan,201.52981956512912,3987.0714137300533,nan,nan,nan,full,201.52981956512912,3987.0714137300533,0.22126677852348992,False,False
Hi4D,/home/shangguanrz/project/pic-edit/datasets/Hi4D_pilot_v1/raw/pair01/fight01/images/52/000025.jpg,pair01/fight01/images/52/000025.jpg,940,1280,940,False,False,nan,220.36115580349278,3787.865286319814,nan,nan,nan,full,220.36115580349278,3787.865286319814,0.22210570469798657,False,False
Hi4D,/home/shangguanrz/project/pic-edit/datasets/Hi4D_pilot_v1/raw/pair22/kiss22/images/4/000005.jpg,pair22/kiss22/images/4/000005.jpg,940,1280,940,False,False,nan,222.35126994950247,3739.1729138962764,nan,nan,nan,full,222.35126994950247,3739.1729138962764,0.22210570469798657,False,False
Hi4D,/home/shangguanrz/project/pic-edit/datasets/Hi4D_pilot_v1/raw/pair01/fight01/images/52/000022.jpg,pair01/fight01/images/52/000022.jpg,940,1280,940,False,False,nan,219.23965678249024,3808.019811751995,nan,nan,nan,full,219.23965678249024,3808.019811751995,0.22294463087248323,False,False
Hi4D,/home/shangguanrz/project/pic-edit/datasets/Hi4D_pilot_v1/raw/pair02/dance02/images/4/000080.jpg,pair02/dance02/images/4/000080.jpg,940,1280,940,False,False,nan,205.63395763034458,3956.050012466755,nan,nan,nan,full,205.63395763034458,3956.050012466755,0.22336409395973156,False,False
Hi4D,/home/shangguanrz/project/pic-edit/datasets/Hi4D_pilot_v1/raw/pair12/fight12/images/16/000014.jpg,pair12/fight12/images/16/000014.jpg,940,1280,940,False,False,nan,213.62328757671497,3890.217596825133,nan,nan,nan,full,213.62328757671497,3890.217596825133,0.22441275167785235,False,False
Hi4D,/home/shangguanrz/project/pic-edit/datasets/Hi4D_pilot_v1/raw/pair10/dance10/images/4/000036.jpg,pair10/dance10/images/4/000036.jpg,940,1280,940,False,False,nan,206.6830922821195,3949.2188538896276,nan,nan,nan,full,206.6830922821195,3949.2188538896276,0.22483221476510068,False,False
Hi4D,/home/shangguanrz/project/pic-edit/datasets/Hi4D_pilot_v1/raw/pair10/talk10/images/16/000031.jpg,pair10/talk10/images/16/000031.jpg,940,1280,940,False,False,nan,226.6715175439568,3597.432076961436,nan,nan,nan,full,226.6715175439568,3597.432076961436,0.22546140939597314,False,False
Hi4D,/home/shangguanrz/project/pic-edit/datasets/Hi4D_pilot_v1/raw/pair01/fight01/images/52/000037.jpg,pair01/fight01/images/52/000037.jpg,940,1280,940,False,False,nan,221.19533177510058,3784.6751683011967,nan,nan,nan,full,221.19533177510058,3784.6751683011967,0.22588087248322147,False,False
Hi4D,/home/shangguanrz/project/pic-edit/datasets/Hi4D_pilot_v1/raw/pair10/talk10/images/16/000032.jpg,pair10/talk10/images/16/000032.jpg,940,1280,940,False,False,nan,227.92524747548458,3562.467316323138,nan,nan,nan,full,227.92524747548458,3562.467316323138,0.22609060402684564,False,False
Hi4D,/home/shangguanrz/project/pic-edit/datasets/Hi4D_pilot_v1/raw/pair28/dance28/images/4/000120.jpg,pair28/dance28/images/4/000120.jpg,940,1280,940,False,False,nan,206.22162701696115,3967.5374418218084,nan,nan,nan,full,206.22162701696115,3967.5374418218084,0.22713926174496643,False,False
Hi4D,/home/shangguanrz/project/pic-edit/datasets/Hi4D_pilot_v1/raw/pair02/dance02/images/4/000111.jpg,pair02/dance02/images/4/000111.jpg,940,1280,940,False,False,nan,206.23688870061298,3973.511272024601,nan,nan,nan,full,206.23688870061298,3973.511272024601,0.22818791946308725,False,False
Hi4D,/home/shangguanrz/project/pic-edit/datasets/Hi4D_pilot_v1/raw/pair02/pose02/images/52/000053.jpg,pair02/pose02/images/52/000053.jpg,940,1280,940,False,False,nan,217.8390174058564,3851.6719477227393,nan,nan,nan,full,217.8390174058564,3851.6719477227393,0.22881711409395972,False,False
Hi4D,/home/shangguanrz/project/pic-edit/datasets/Hi4D_pilot_v1/raw/pair22/kiss22/images/4/000004.jpg,pair22/kiss22/images/4/000004.jpg,940,1280,940,False,False,nan,223.58948165680178,3745.505017869016,nan,nan,nan,full,223.58948165680178,3745.505017869016,0.2294463087248322,False,False
Hi4D,/home/shangguanrz/project/pic-edit/datasets/Hi4D_pilot_v1/raw/pair02/pose02/images/52/000039.jpg,pair02/pose02/images/52/000039.jpg,940,1280,940,False,False,nan,214.60852733568785,3903.214147689495,nan,nan,nan,full,214.60852733568785,3903.214147689495,0.22944630872483224,False,False
Hi4D,/home/shangguanrz/project/pic-edit/datasets/Hi4D_pilot_v1/raw/pair02/dance02/images/4/000078.jpg,pair02/dance02/images/4/000078.jpg,940,1280,940,False,False,nan,206.4654707409721,3983.623140375665,nan,nan,nan,full,206.4654707409721,3983.623140375665,0.23070469798657717,False,False
Hi4D,/home/shangguanrz/project/pic-edit/datasets/Hi4D_pilot_v1/raw/pair22/kiss22/images/4/000003.jpg,pair22/kiss22/images/4/000003.jpg,940,1280,940,False,False,nan,223.82206072379367,3743.1727061170213,nan,nan,nan,full,223.82206072379367,3743.1727061170213,0.2311241610738255,False,False
Hi4D,/home/shangguanrz/project/pic-edit/datasets/Hi4D_pilot_v1/raw/pair02/backhug02/images/64/000031.jpg,pair02/backhug02/images/64/000031.jpg,940,1280,940,False,False,nan,219.77839439470551,3839.3722365359044,nan,nan,nan,full,219.77839439470551,3839.3722365359044,0.23259228187919462,False,False
Hi4D,/home/shangguanrz/project/pic-edit/datasets/Hi4D_pilot_v1/raw/pair02/dance02/images/4/000067.jpg,pair02/dance02/images/4/000067.jpg,940,1280,940,False,False,nan,202.47859665137602,4020.264638048537,nan,nan,nan,full,202.47859665137602,4020.264638048537,0.23301174496644295,False,False
Hi4D,/home/shangguanrz/project/pic-edit/datasets/Hi4D_pilot_v1/raw/pair01/fight01/images/52/000021.jpg,pair01/fight01/images/52/000021.jpg,940,1280,940,False,False,nan,220.41076282569324,3836.10809715758,nan,nan,nan,full,220.41076282569324,3836.10809715758,0.23364093959731544,False,False
Hi4D,/home/shangguanrz/project/pic-edit/datasets/Hi4D_pilot_v1/raw/pair10/talk10/images/16/000030.jpg,pair10/talk10/images/16/000030.jpg,940,1280,940,False,False,nan,227.9832842944434,3620.2454392453456,nan,nan,nan,full,227.9832842944434,3620.2454392453456,0.23364093959731544,False,False
Hi4D,/home/shangguanrz/project/pic-edit/datasets/Hi4D_pilot_v1/raw/pair02/pose02/images/52/000069.jpg,pair02/pose02/images/52/000069.jpg,940,1280,940,False,False,nan,221.7518907290554,3808.0885762965427,nan,nan,nan,full,221.7518907290554,3808.0885762965427,0.23406040268456374,False,False
Hi4D,/home/shangguanrz/project/pic-edit/datasets/Hi4D_pilot_v1/raw/pair22/hug22/images/4/000009.jpg,pair22/hug22/images/4/000009.jpg,940,1280,940,False,False,nan,218.25594611400498,3867.131929438165,nan,nan,nan,full,218.25594611400498,3867.131929438165,0.23406040268456374,False,False
Hi4D,/home/shangguanrz/project/pic-edit/datasets/Hi4D_pilot_v1/raw/pair01/fight01/images/52/000024.jpg,pair01/fight01/images/52/000024.jpg,940,1280,940,False,False,nan,221.14737121632004,3817.9149143949467,nan,nan,nan,full,221.14737121632004,3817.9149143949467,0.23427013422818793,False,False
Hi4D,/home/shangguanrz/project/pic-edit/datasets/Hi4D_pilot_v1/raw/pair02/pose02/images/52/000071.jpg,pair02/pose02/images/52/000071.jpg,940,1280,940,False,False,nan,222.13404824249128,3809.166254571144,nan,nan,nan,full,222.13404824249128,3809.166254571144,0.2359479865771812,False,False
Hi4D,/home/shangguanrz/project/pic-edit/datasets/Hi4D_pilot_v1/raw/pair28/dance28/images/4/000118.jpg,pair28/dance28/images/4/000118.jpg,940,1280,940,False,False,nan,207.08266414091455,3993.0600793716753,nan,nan,nan,full,207.08266414091455,3993.0600793716753,0.2359479865771812,False,False
Hi4D,/home/shangguanrz/project/pic-edit/datasets/Hi4D_pilot_v1/raw/pair01/hug01/images/4/000037.jpg,pair01/hug01/images/4/000037.jpg,940,1280,940,False,False,nan,207.0799304414735,3996.418934923537,nan,nan,nan,full,207.0799304414735,3996.418934923537,0.23678691275167785,False,False
Hi4D,/home/shangguanrz/project/pic-edit/datasets/Hi4D_pilot_v1/raw/pair02/pose02/images/52/000055.jpg,pair02/pose02/images/52/000055.jpg,940,1280,940,False,False,nan,218.6997897672459,3875.44219581117,nan,nan,nan,full,218.6997897672459,3875.44219581117,0.2374161073825503,False,False
Hi4D,/home/shangguanrz/project/pic-edit/datasets/Hi4D_pilot_v1/raw/pair02/dance02/images/4/000101.jpg,pair02/dance02/images/4/000101.jpg,940,1280,940,False,False,nan,200.16863216615573,4092.8763609541224,nan,nan,nan,full,200.16863216615573,4092.8763609541224,0.23804530201342283,False,False
Hi4D,/home/shangguanrz/project/pic-edit/datasets/Hi4D_pilot_v1/raw/pair22/kiss22/images/4/000002.jpg,pair22/kiss22/images/4/000002.jpg,940,1280,940,False,False,nan,224.8704055848301,3758.757563164894,nan,nan,nan,full,224.8704055848301,3758.757563164894,0.23846476510067113,False,False
Hi4D,/home/shangguanrz/project/pic-edit/datasets/Hi4D_pilot_v1/raw/pair22/kiss22/images/4/000001.jpg,pair22/kiss22/images/4/000001.jpg,940,1280,940,False,False,nan,224.78342417126706,3772.428191489362,nan,nan,nan,full,224.78342417126706,3772.428191489362,0.2388842281879195,False,False
Hi4D,/home/shangguanrz/project/pic-edit/datasets/Hi4D_pilot_v1/raw/pair02/backhug02/images/64/000029.jpg,pair02/backhug02/images/64/000029.jpg,940,1280,940,False,False,nan,220.80748041747867,3842.8565699800533,nan,nan,nan,full,220.80748041747867,3842.8565699800533,0.23930369127516776,False,False
Hi4D,/home/shangguanrz/project/pic-edit/datasets/Hi4D_pilot_v1/raw/pair01/fight01/images/52/000020.jpg,pair01/fight01/images/52/000020.jpg,940,1280,940,False,False,nan,220.76715130328913,3852.4203478224736,nan,nan,nan,full,220.76715130328913,3852.4203478224736,0.24014261744966442,False,False
Hi4D,/home/shangguanrz/project/pic-edit/datasets/Hi4D_pilot_v1/raw/pair02/dance02/images/4/000081.jpg,pair02/dance02/images/4/000081.jpg,940,1280,940,False,False,nan,208.09812105894633,4003.223238031915,nan,nan,nan,full,208.09812105894633,4003.223238031915,0.24098154362416108,False,False
Hi4D,/home/shangguanrz/project/pic-edit/datasets/Hi4D_pilot_v1/raw/pair02/dance02/images/4/000092.jpg,pair02/dance02/images/4/000092.jpg,940,1280,940,False,False,nan,203.4037388429592,4052.5485372340427,nan,nan,nan,full,203.4037388429592,4052.5485372340427,0.2414010067114094,False,False
Hi4D,/home/shangguanrz/project/pic-edit/datasets/Hi4D_pilot_v1/raw/pair02/dance02/images/4/000099.jpg,pair02/dance02/images/4/000099.jpg,940,1280,940,False,False,nan,201.1007509252074,4088.1871779421544,nan,nan,nan,full,201.1007509252074,4088.1871779421544,0.24203020134228187,False,False
Hi4D,/home/shangguanrz/project/pic-edit/datasets/Hi4D_pilot_v1/raw/pair12/fight12/images/16/000015.jpg,pair12/fight12/images/16/000015.jpg,940,1280,940,False,False,nan,215.01838013204636,3958.5076878324467,nan,nan,nan,full,215.01838013204636,3958.5076878324467,0.24223993288590606,False,False
Hi4D,/home/shangguanrz/project/pic-edit/datasets/Hi4D_pilot_v1/raw/pair01/fight01/images/52/000030.jpg,pair01/fight01/images/52/000030.jpg,940,1280,940,False,False,nan,222.23333380307585,3839.1131254155584,nan,nan,nan,full,222.23333380307585,3839.1131254155584,0.24370805369127518,False,False
Hi4D,/home/shangguanrz/project/pic-edit/datasets/Hi4D_pilot_v1/raw/pair01/fight01/images/52/000018.jpg,pair01/fight01/images/52/000018.jpg,940,1280,940,False,False,nan,221.807870793607,3842.8526429521276,nan,nan,nan,full,221.807870793607,3842.8526429521276,0.24391778523489932,False,False
Hi4D,/home/shangguanrz/project/pic-edit/datasets/Hi4D_pilot_v1/raw/pair01/fight01/images/52/000056.jpg,pair01/fight01/images/52/000056.jpg,940,1280,940,False,False,nan,222.42480433683363,3836.3153257978724,nan,nan,nan,full,222.42480433683363,3836.3153257978724,0.24391778523489932,False,False
Hi4D,/home/shangguanrz/project/pic-edit/datasets/Hi4D_pilot_v1/raw/pair01/fight01/images/52/000036.jpg,pair01/fight01/images/52/000036.jpg,940,1280,940,False,False,nan,223.02599197213286,3824.6231195977393,nan,nan,nan,full,223.02599197213286,3824.6231195977393,0.2441275167785235,False,False
Hi4D,/home/shangguanrz/project/pic-edit/datasets/Hi4D_pilot_v1/raw/pair02/pose02/images/52/000074.jpg,pair02/pose02/images/52/000074.jpg,940,1280,940,False,False,nan,220.91018167063896,3865.8383996841753,nan,nan,nan,full,220.91018167063896,3865.8383996841753,0.2441275167785235,False,False
Hi4D,/home/shangguanrz/project/pic-edit/datasets/Hi4D_pilot_v1/raw/pair10/argue10/images/52/000107.jpg,pair10/argue10/images/52/000107.jpg,940,1280,940,False,False,nan,226.75925109609327,3746.525214012633,nan,nan,nan,full,226.75925109609327,3746.525214012633,0.24454697986577179,False,False
Hi4D,/home/shangguanrz/project/pic-edit/datasets/Hi4D_pilot_v1/raw/pair02/pose02/images/52/000057.jpg,pair02/pose02/images/52/000057.jpg,940,1280,940,False,False,nan,220.80541446825237,3874.630651595745,nan,nan,nan,full,220.80541446825237,3874.630651595745,0.24538590604026844,False,False
Hi4D,/home/shangguanrz/project/pic-edit/datasets/Hi4D_pilot_v1/raw/pair01/fight01/images/52/000017.jpg,pair01/fight01/images/52/000017.jpg,940,1280,940,False,False,nan,222.79337834337807,3839.0657205784573,nan,nan,nan,full,222.79337834337807,3839.0657205784573,0.2462248322147651,False,False
Hi4D,/home/shangguanrz/project/pic-edit/datasets/Hi4D_pilot_v1/raw/pair02/pose02/images/52/000037.jpg,pair02/pose02/images/52/000037.jpg,940,1280,940,False,False,nan,216.24742336454523,3958.5120927526596,nan,nan,nan,full,216.24742336454523,3958.5120927526596,0.2462248322147651,False,False
Hi4D,/home/shangguanrz/project/pic-edit/datasets/Hi4D_pilot_v1/raw/pair02/pose02/images/52/000062.jpg,pair02/pose02/images/52/000062.jpg,940,1280,940,False,False,nan,222.23230200687541,3849.4697057845747,nan,nan,nan,full,222.23230200687541,3849.4697057845747,0.24664429530201343,False,False
Hi4D,/home/shangguanrz/project/pic-edit/datasets/Hi4D_pilot_v1/raw/pair02/dance02/images/4/000106.jpg,pair02/dance02/images/4/000106.jpg,940,1280,940,False,False,nan,204.69305621449797,4072.2000706449467,nan,nan,nan,full,204.69305621449797,4072.2000706449467,0.24748322147651006,False,False
Hi4D,/home/shangguanrz/project/pic-edit/datasets/Hi4D_pilot_v1/raw/pair02/pose02/images/52/000064.jpg,pair02/pose02/images/52/000064.jpg,940,1280,940,False,False,nan,222.89772045261557,3841.107733543883,nan,nan,nan,full,222.89772045261557,3841.107733543883,0.24790268456375839,False,False
Hi4D,/home/shangguanrz/project/pic-edit/datasets/Hi4D_pilot_v1/raw/pair02/dance02/images/4/000097.jpg,pair02/dance02/images/4/000097.jpg,940,1280,940,False,False,nan,202.54156586432035,4093.103255900931,nan,nan,nan,full,202.54156586432035,4093.103255900931,0.24811241610738255,False,False
Hi4D,/home/shangguanrz/project/pic-edit/datasets/Hi4D_pilot_v1/raw/pair02/pose02/images/52/000059.jpg,pair02/pose02/images/52/000059.jpg,940,1280,940,False,False,nan,222.09393135783037,3861.4356715425533,nan,nan,nan,full,222.09393135783037,3861.4356715425533,0.24853187919463088,False,False
Hi4D,/home/shangguanrz/project/pic-edit/datasets/Hi4D_pilot_v1/raw/pair10/talk10/images/16/000029.jpg,pair10/talk10/images/16/000029.jpg,940,1280,940,False,False,nan,229.6055144260997,3659.536870428856,nan,nan,nan,full,229.6055144260997,3659.536870428856,0.2489513422818792,False,False
Hi4D,/home/shangguanrz/project/pic-edit/datasets/Hi4D_pilot_v1/raw/pair10/argue10/images/52/000097.jpg,pair10/argue10/images/52/000097.jpg,940,1280,940,False,False,nan,228.35399340676625,3734.6625249335107,nan,nan,nan,full,228.35399340676625,3734.6625249335107,0.24937080536912754,False,False
Hi4D,/home/shangguanrz/project/pic-edit/datasets/Hi4D_pilot_v1/raw/pair02/backhug02/images/64/000027.jpg,pair02/backhug02/images/64/000027.jpg,940,1280,940,False,False,nan,222.25894339411653,3861.2113530585107,nan,nan,nan,full,222.25894339411653,3861.2113530585107,0.24958053691275167,False,False
Hi4D,/home/shangguanrz/project/pic-edit/datasets/Hi4D_pilot_v1/raw/pair12/talk12/images/16/000051.jpg,pair12/talk12/images/16/000051.jpg,940,1280,940,False,False,nan,213.82610051172685,4004.4340612533247,nan,nan,nan,full,213.82610051172685,4004.4340612533247,0.25,False,False
Hi4D,/home/shangguanrz/project/pic-edit/datasets/Hi4D_pilot_v1/raw/pair02/pose02/images/52/000134.jpg,pair02/pose02/images/52/000134.jpg,940,1280,940,False,False,nan,218.48529368860255,3944.029338430851,nan,nan,nan,full,218.48529368860255,3944.029338430851,0.25020973154362414,False,False
Hi4D,/home/shangguanrz/project/pic-edit/datasets/Hi4D_pilot_v1/raw/pair28/dance28/images/4/000117.jpg,pair28/dance28/images/4/000117.jpg,940,1280,940,False,False,nan,208.65571920922463,4045.1600004155584,nan,nan,nan,full,208.65571920922463,4045.1600004155584,0.25020973154362414,False,False
Hi4D,/home/shangguanrz/project/pic-edit/datasets/Hi4D_pilot_v1/raw/pair02/pose02/images/52/000067.jpg,pair02/pose02/images/52/000067.jpg,940,1280,940,False,False,nan,224.0134270174734,3826.051705867686,nan,nan,nan,full,224.0134270174734,3826.051705867686,0.25041946308724833,False,False
Hi4D,/home/shangguanrz/project/pic-edit/datasets/Hi4D_pilot_v1/raw/pair02/pose02/images/52/000073.jpg,pair02/pose02/images/52/000073.jpg,940,1280,940,False,False,nan,222.76126163520655,3857.792875249335,nan,nan,nan,full,222.76126163520655,3857.792875249335,0.2510486577181208,False,False
Hi4D,/home/shangguanrz/project/pic-edit/datasets/Hi4D_pilot_v1/raw/pair12/fight12/images/16/000016.jpg,pair12/fight12/images/16/000016.jpg,940,1280,940,False,False,nan,215.5268577069867,3988.0297643783247,nan,nan,nan,full,215.5268577069867,3988.0297643783247,0.2510486577181208,False,False
Hi4D,/home/shangguanrz/project/pic-edit/datasets/Hi4D_pilot_v1/raw/pair10/talk10/images/16/000017.jpg,pair10/talk10/images/16/000017.jpg,940,1280,940,False,False,nan,225.87051912679453,3800.1401159408247,nan,nan,nan,full,225.87051912679453,3800.1401159408247,0.25125838926174493,False,False
Hi4D,/home/shangguanrz/project/pic-edit/datasets/Hi4D_pilot_v1/raw/pair10/dance10/images/4/000034.jpg,pair10/dance10/images/4/000034.jpg,940,1280,940,False,False,nan,210.8477152405199,4026.7624044215427,nan,nan,nan,full,210.8477152405199,4026.7624044215427,0.251258389261745,False,False
Hi4D,/home/shangguanrz/project/pic-edit/datasets/Hi4D_pilot_v1/raw/pair01/fight01/images/52/000031.jpg,pair01/fight01/images/52/000031.jpg,940,1280,940,False,False,nan,223.6006523538305,3841.1358668550533,nan,nan,nan,full,223.6006523538305,3841.1358668550533,0.2516778523489933,False,False
Hi4D,/home/shangguanrz/project/pic-edit/datasets/Hi4D_pilot_v1/raw/pair02/backhug02/images/64/000033.jpg,pair02/backhug02/images/64/000033.jpg,940,1280,940,False,False,nan,221.50110976681987,3890.807793799867,nan,nan,nan,full,221.50110976681987,3890.807793799867,0.2516778523489933,False,False
Hi4D,/home/shangguanrz/project/pic-edit/datasets/Hi4D_pilot_v1/raw/pair22/kiss22/images/4/000031.jpg,pair22/kiss22/images/4/000031.jpg,940,1280,940,False,False,nan,221.65201354142826,3889.784210854388,nan,nan,nan,full,221.65201354142826,3889.784210854388,0.2516778523489933,False,False
Hi4D,/home/shangguanrz/project/pic-edit/datasets/Hi4D_pilot_v1/raw/pair02/dance02/images/4/000076.jpg,pair02/dance02/images/4/000076.jpg,940,1280,940,False,False,nan,208.95539920877258,4053.530314993351,nan,nan,nan,full,208.95539920877258,4053.530314993351,0.2520973154362416,False,False
Hi4D,/home/shangguanrz/project/pic-edit/datasets/Hi4D_pilot_v1/raw/pair02/dance02/images/4/000095.jpg,pair02/dance02/images/4/000095.jpg,940,1280,940,False,False,nan,202.85178972736855,4101.568006150266,nan,nan,nan,full,202.85178972736855,4101.568006150266,0.2523070469798658,False,False
Hi4D,/home/shangguanrz/project/pic-edit/datasets/Hi4D_pilot_v1/raw/pair10/argue10/images/52/000110.jpg,pair10/argue10/images/52/000110.jpg,940,1280,940,False,False,nan,229.47553309891327,3700.0105759640956,nan,nan,nan,full,229.47553309891327,3700.0105759640956,0.2523070469798658,False,False
Hi4D,/home/shangguanrz/project/pic-edit/datasets/Hi4D_pilot_v1/raw/pair02/pose02/images/52/000060.jpg,pair02/pose02/images/52/000060.jpg,940,1280,940,False,False,nan,222.5320965404853,3868.2945894281916,nan,nan,nan,full,222.5320965404853,3868.2945894281916,0.2525167785234899,False,False
Hi4D,/home/shangguanrz/project/pic-edit/datasets/Hi4D_pilot_v1/raw/pair02/dance02/images/4/000085.jpg,pair02/dance02/images/4/000085.jpg,940,1280,940,False,False,nan,208.63816171482497,4064.04229346742,nan,nan,nan,full,208.63816171482497,4064.04229346742,0.2527265100671141,False,False
Hi4D,/home/shangguanrz/project/pic-edit/datasets/Hi4D_pilot_v1/raw/pair01/fight01/images/52/000023.jpg,pair01/fight01/images/52/000023.jpg,940,1280,940,False,False,nan,223.6128224492235,3848.4083693484044,nan,nan,nan,full,223.6128224492235,3848.4083693484044,0.25356543624161076,False,False
Hi4D,/home/shangguanrz/project/pic-edit/datasets/Hi4D_pilot_v1/raw/pair02/pose02/images/52/000136.jpg,pair02/pose02/images/52/000136.jpg,940,1280,940,False,False,nan,219.72907091317646,3943.762601811835,nan,nan,nan,full,219.72907091317646,3943.762601811835,0.25419463087248323,False,False
Hi4D,/home/shangguanrz/project/pic-edit/datasets/Hi4D_pilot_v1/raw/pair01/fight01/images/52/000026.jpg,pair01/fight01/images/52/000026.jpg,940,1280,940,False,False,nan,223.81097094189155,3845.7910883477393,nan,nan,nan,full,223.81097094189155,3845.7910883477393,0.25440436241610737,False,False
Hi4D,/home/shangguanrz/project/pic-edit/datasets/Hi4D_pilot_v1/raw/pair01/fight01/images/52/000029.jpg,pair01/fight01/images/52/000029.jpg,940,1280,940,False,False,nan,223.40577651319484,3858.8016850897607,nan,nan,nan,full,223.40577651319484,3858.8016850897607,0.25440436241610737,False,False
Hi4D,/home/shangguanrz/project/pic-edit/datasets/Hi4D_pilot_v1/raw/pair02/pose02/images/52/000078.jpg,pair02/pose02/images/52/000078.jpg,940,1280,940,False,False,nan,217.5279930601459,3981.185453374335,nan,nan,nan,full,217.5279930601459,3981.185453374335,0.25440436241610737,False,False
Hi4D,/home/shangguanrz/project/pic-edit/datasets/Hi4D_pilot_v1/raw/pair02/pose02/images/52/000076.jpg,pair02/pose02/images/52/000076.jpg,940,1280,940,False,False,nan,220.47543009226547,3938.5947888962764,nan,nan,nan,full,220.47543009226547,3938.5947888962764,0.256501677852349,False,False
Hi4D,/home/shangguanrz/project/pic-edit/datasets/Hi4D_pilot_v1/raw/pair02/pose02/images/52/000066.jpg,pair02/pose02/images/52/000066.jpg,940,1280,940,False,False,nan,224.82401064425474,3841.0077397772607,nan,nan,nan,full,224.82401064425474,3841.0077397772607,0.25671140939597314,False,False
Hi4D,/home/shangguanrz/project/pic-edit/datasets/Hi4D_pilot_v1/raw/pair12/talk12/images/16/000055.jpg,pair12/talk12/images/16/000055.jpg,940,1280,940,False,False,nan,215.52640014838286,4009.6558656083776,nan,nan,nan,full,215.52640014838286,4009.6558656083776,0.2569211409395973,False,False
Hi4D,/home/shangguanrz/project/pic-edit/datasets/Hi4D_pilot_v1/raw/pair10/talk10/images/16/000014.jpg,pair10/talk10/images/16/000014.jpg,940,1280,940,False,False,nan,226.6294482700584,3810.208890874335,nan,nan,nan,full,226.6294482700584,3810.208890874335,0.2571308724832215,False,False
Hi4D,/home/shangguanrz/project/pic-edit/datasets/Hi4D_pilot_v1/raw/pair02/backhug02/images/64/000026.jpg,pair02/backhug02/images/64/000026.jpg,940,1280,940,False,False,nan,223.12421970488313,3875.544038813165,nan,nan,nan,full,223.12421970488313,3875.544038813165,0.2573406040268456,False,False
Hi4D,/home/shangguanrz/project/pic-edit/datasets/Hi4D_pilot_v1/raw/pair01/hug01/images/4/000042.jpg,pair01/hug01/images/4/000042.jpg,940,1280,940,False,False,nan,203.1069580760408,4111.232598487367,nan,nan,nan,full,203.1069580760408,4111.232598487367,0.25734060402684567,False,False
Hi4D,/home/shangguanrz/project/pic-edit/datasets/Hi4D_pilot_v1/raw/pair01/fight01/images/52/000032.jpg,pair01/fight01/images/52/000032.jpg,940,1280,940,False,False,nan,224.13006919042292,3855.522855718085,nan,nan,nan,full,224.13006919042292,3855.522855718085,0.25796979865771813,False,False
Hi4D,/home/shangguanrz/project/pic-edit/datasets/Hi4D_pilot_v1/raw/pair10/argue10/images/52/000108.jpg,pair10/argue10/images/52/000108.jpg,940,1280,940,False,False,nan,229.87377347898678,3731.8484665890956,nan,nan,nan,full,229.87377347898678,3731.8484665890956,0.2588087248322148,False,False
Hi4D,/home/shangguanrz/project/pic-edit/datasets/Hi4D_pilot_v1/raw/pair12/talk12/images/16/000053.jpg,pair12/talk12/images/16/000053.jpg,940,1280,940,False,False,nan,216.0777365463036,4012.42792137633,nan,nan,nan,full,216.0777365463036,4012.42792137633,0.2598573825503356,False,False
Hi4D,/home/shangguanrz/project/pic-edit/datasets/Hi4D_pilot_v1/raw/pair02/pose02/images/52/000129.jpg,pair02/pose02/images/52/000129.jpg,940,1280,940,False,False,nan,219.41937472732317,3974.9054396609044,nan,nan,nan,full,219.41937472732317,3974.9054396609044,0.2600671140939598,False,False
Hi4D,/home/shangguanrz/project/pic-edit/datasets/Hi4D_pilot_v1/raw/pair02/dance02/images/4/000102.jpg,pair02/dance02/images/4/000102.jpg,940,1280,940,False,False,nan,203.56556792750834,4119.24425490359,nan,nan,nan,full,203.56556792750834,4119.24425490359,0.26048657718120805,False,False
Hi4D,/home/shangguanrz/project/pic-edit/datasets/Hi4D_pilot_v1/raw/pair10/talk10/images/16/000013.jpg,pair10/talk10/images/16/000013.jpg,940,1280,940,False,False,nan,227.08625709692134,3815.4881773603724,nan,nan,nan,full,227.08625709692134,3815.4881773603724,0.2606963087248322,False,False
Hi4D,/home/shangguanrz/project/pic-edit/datasets/Hi4D_pilot_v1/raw/pair10/talk10/images/16/000016.jpg,pair10/talk10/images/16/000016.jpg,940,1280,940,False,False,nan,227.04394108119078,3817.603598736702,nan,nan,nan,full,227.04394108119078,3817.603598736702,0.2606963087248322,False,False
Hi4D,/home/shangguanrz/project/pic-edit/datasets/Hi4D_pilot_v1/raw/pair28/basketball28/images/4/000041.jpg,pair28/basketball28/images/4/000041.jpg,940,1280,940,False,False,nan,217.3937668348935,4004.86639793883,nan,nan,nan,full,217.3937668348935,4004.86639793883,0.2611157718120805,False,False
Hi4D,/home/shangguanrz/project/pic-edit/datasets/Hi4D_pilot_v1/raw/pair10/dance10/images/4/000068.jpg,pair10/dance10/images/4/000068.jpg,940,1280,940,False,False,nan,207.49480764870736,4100.284906914893,nan,nan,nan,full,207.49480764870736,4100.284906914893,0.26111577181208057,False,False
Hi4D,/home/shangguanrz/project/pic-edit/datasets/Hi4D_pilot_v1/raw/pair10/talk10/images/16/000011.jpg,pair10/talk10/images/16/000011.jpg,940,1280,940,False,False,nan,227.36822338620155,3813.8767869015956,nan,nan,nan,full,227.36822338620155,3813.8767869015956,0.26153523489932884,False,False
Hi4D,/home/shangguanrz/project/pic-edit/datasets/Hi4D_pilot_v1/raw/pair02/pose02/images/52/000088.jpg,pair02/pose02/images/52/000088.jpg,940,1280,940,False,False,nan,219.49481055311836,3985.9828478224736,nan,nan,nan,full,219.49481055311836,3985.9828478224736,0.2627936241610738,False,False
Hi4D,/home/shangguanrz/project/pic-edit/datasets/Hi4D_pilot_v1/raw/pair02/pose02/images/52/000139.jpg,pair02/pose02/images/52/000139.jpg,940,1280,940,False,False,nan,221.587204483312,3945.549087849069,nan,nan,nan,full,221.587204483312,3945.549087849069,0.26321308724832215,False,False
Hi4D,/home/shangguanrz/project/pic-edit/datasets/Hi4D_pilot_v1/raw/pair01/fight01/images/52/000033.jpg,pair01/fight01/images/52/000033.jpg,940,1280,940,False,False,nan,225.34899434087063,3860.225191156915,nan,nan,nan,full,225.34899434087063,3860.225191156915,0.2636325503355705,False,False
Hi4D,/home/shangguanrz/project/pic-edit/datasets/Hi4D_pilot_v1/raw/pair10/talk10/images/16/000015.jpg,pair10/talk10/images/16/000015.jpg,940,1280,940,False,False,nan,227.28718392994134,3825.7838160738033,nan,nan,nan,full,227.28718392994134,3825.7838160738033,0.2636325503355705,False,False
Hi4D,/home/shangguanrz/project/pic-edit/datasets/Hi4D_pilot_v1/raw/pair02/pose02/images/52/000080.jpg,pair02/pose02/images/52/000080.jpg,940,1280,940,False,False,nan,218.0764470685117,4008.173568400931,nan,nan,nan,full,218.0764470685117,4008.173568400931,0.2638422818791946,False,False
Hi4D,/home/shangguanrz/project/pic-edit/datasets/Hi4D_pilot_v1/raw/pair01/fight01/images/52/000039.jpg,pair01/fight01/images/52/000039.jpg,940,1280,940,False,False,nan,225.07499195707493,3868.066582862367,nan,nan,nan,full,225.07499195707493,3868.066582862367,0.26426174496644295,False,False
Hi4D,/home/shangguanrz/project/pic-edit/datasets/Hi4D_pilot_v1/raw/pair02/pose02/images/52/000036.jpg,pair02/pose02/images/52/000036.jpg,940,1280,940,False,False,nan,217.74754244299587,4012.9811232546544,nan,nan,nan,full,217.74754244299587,4012.9811232546544,0.26447147651006714,False,False
Hi4D,/home/shangguanrz/project/pic-edit/datasets/Hi4D_pilot_v1/raw/pair10/argue10/images/52/000111.jpg,pair10/argue10/images/52/000111.jpg,940,1280,940,False,False,nan,230.32216166241133,3746.0941136136967,nan,nan,nan,full,230.32216166241133,3746.0941136136967,0.2648909395973154,False,False
Hi4D,/home/shangguanrz/project/pic-edit/datasets/Hi4D_pilot_v1/raw/pair02/pose02/images/52/000138.jpg,pair02/pose02/images/52/000138.jpg,940,1280,940,False,False,nan,221.6704932592097,3953.524424451463,nan,nan,nan,full,221.6704932592097,3953.524424451463,0.26531040268456374,False,False
Hi4D,/home/shangguanrz/project/pic-edit/datasets/Hi4D_pilot_v1/raw/pair10/argue10/images/52/000109.jpg,pair10/argue10/images/52/000109.jpg,940,1280,940,False,False,nan,230.88424036714915,3736.0530668218084,nan,nan,nan,full,230.88424036714915,3736.0530668218084,0.26531040268456374,False,False
Hi4D,/home/shangguanrz/project/pic-edit/datasets/Hi4D_pilot_v1/raw/pair12/talk12/images/16/000049.jpg,pair12/talk12/images/16/000049.jpg,940,1280,940,False,False,nan,216.27799936609603,4044.811440325798,nan,nan,nan,full,216.27799936609603,4044.811440325798,0.26531040268456374,False,False
Hi4D,/home/shangguanrz/project/pic-edit/datasets/Hi4D_pilot_v1/raw/pair02/pose02/images/52/000141.jpg,pair02/pose02/images/52/000141.jpg,940,1280,940,False,False,nan,221.83106979364825,3947.540703956117,nan,nan,nan,full,221.83106979364825,3947.540703956117,0.26552013422818793,False,False
Hi4D,/home/shangguanrz/project/pic-edit/datasets/Hi4D_pilot_v1/raw/pair10/talk10/images/16/000024.jpg,pair10/talk10/images/16/000024.jpg,940,1280,940,False,False,nan,230.20164985597916,3752.8818567154253,nan,nan,nan,full,230.20164985597916,3752.8818567154253,0.26552013422818793,False,False
Hi4D,/home/shangguanrz/project/pic-edit/datasets/Hi4D_pilot_v1/raw/pair22/kiss22/images/4/000063.jpg,pair22/kiss22/images/4/000063.jpg,940,1280,940,False,False,nan,224.002751572308,3896.531998005319,nan,nan,nan,full,224.002751572308,3896.531998005319,0.26572986577181207,False,False
Hi4D,/home/shangguanrz/project/pic-edit/datasets/Hi4D_pilot_v1/raw/pair01/fight01/images/52/000027.jpg,pair01/fight01/images/52/000027.jpg,940,1280,940,False,False,nan,225.43109948541198,3867.5771484375,nan,nan,nan,full,225.43109948541198,3867.5771484375,0.26593959731543626,False,False
Hi4D,/home/shangguanrz/project/pic-edit/datasets/Hi4D_pilot_v1/raw/pair02/dance02/images/4/000030.jpg,pair02/dance02/images/4/000030.jpg,940,1280,940,False,False,nan,209.4688677731387,4103.46619431516,nan,nan,nan,full,209.4688677731387,4103.46619431516,0.2661493288590604,False,False
Hi4D,/home/shangguanrz/project/pic-edit/datasets/Hi4D_pilot_v1/raw/pair02/dance02/images/4/000069.jpg,pair02/dance02/images/4/000069.jpg,940,1280,940,False,False,nan,209.11606434698615,4104.760503241357,nan,nan,nan,full,209.11606434698615,4104.760503241357,0.2661493288590604,False,False
Hi4D,/home/shangguanrz/project/pic-edit/datasets/Hi4D_pilot_v1/raw/pair02/dance02/images/4/000094.jpg,pair02/dance02/images/4/000094.jpg,940,1280,940,False,False,nan,204.41008740388304,4138.317102310505,nan,nan,nan,full,204.41008740388304,4138.317102310505,0.26698825503355705,False,False
Hi4D,/home/shangguanrz/project/pic-edit/datasets/Hi4D_pilot_v1/raw/pair10/talk10/images/16/000012.jpg,pair10/talk10/images/16/000012.jpg,940,1280,940,False,False,nan,227.9372269840681,3826.8553544714096,nan,nan,nan,full,227.9372269840681,3826.8553544714096,0.2671979865771812,False,False
Hi4D,/home/shangguanrz/project/pic-edit/datasets/Hi4D_pilot_v1/raw/pair02/pose02/images/52/000143.jpg,pair02/pose02/images/52/000143.jpg,940,1280,940,False,False,nan,221.63665094649215,3963.3541493517287,nan,nan,nan,full,221.63665094649215,3963.3541493517287,0.2674077181208054,False,False
Hi4D,/home/shangguanrz/project/pic-edit/datasets/Hi4D_pilot_v1/raw/pair02/dance02/images/4/000071.jpg,pair02/dance02/images/4/000071.jpg,940,1280,940,False,False,nan,208.97402519691903,4108.523718001995,nan,nan,nan,full,208.97402519691903,4108.523718001995,0.2676174496644295,False,False
Hi4D,/home/shangguanrz/project/pic-edit/datasets/Hi4D_pilot_v1/raw/pair01/fight01/images/52/000040.jpg,pair01/fight01/images/52/000040.jpg,940,1280,940,False,False,nan,225.7348676493881,3873.5897190824467,nan,nan,nan,full,225.7348676493881,3873.5897190824467,0.268246644295302,False,False
Hi4D,/home/shangguanrz/project/pic-edit/datasets/Hi4D_pilot_v1/raw/pair02/pose02/images/52/000083.jpg,pair02/pose02/images/52/000083.jpg,940,1280,940,False,False,nan,218.91926216159047,4010.645777925532,nan,nan,nan,full,218.91926216159047,4010.645777925532,0.2684563758389262,False,False
Hi4D,/home/shangguanrz/project/pic-edit/datasets/Hi4D_pilot_v1/raw/pair10/talk10/images/16/000018.jpg,pair10/talk10/images/16/000018.jpg,940,1280,940,False,False,nan,228.20920452609116,3825.9189660904253,nan,nan,nan,full,228.20920452609116,3825.9189660904253,0.26866610738255037,False,False
Hi4D,/home/shangguanrz/project/pic-edit/datasets/Hi4D_pilot_v1/raw/pair02/pose02/images/52/000131.jpg,pair02/pose02/images/52/000131.jpg,940,1280,940,False,False,nan,221.67529296831825,3974.301279920213,nan,nan,nan,full,221.67529296831825,3974.301279920213,0.26971476510067116,False,False
Hi4D,/home/shangguanrz/project/pic-edit/datasets/Hi4D_pilot_v1/raw/pair02/pose02/images/52/000132.jpg,pair02/pose02/images/52/000132.jpg,940,1280,940,False,False,nan,221.4048110347303,3981.8052485039893,nan,nan,nan,full,221.4048110347303,3981.8052485039893,0.2699244966442953,False,False
Hi4D,/home/shangguanrz/project/pic-edit/datasets/Hi4D_pilot_v1/raw/pair10/talk10/images/16/000028.jpg,pair10/talk10/images/16/000028.jpg,940,1280,940,False,False,nan,232.5428634434331,3730.1691427027927,nan,nan,nan,full,232.5428634434331,3730.1691427027927,0.27013422818791943,False,False
Hi4D,/home/shangguanrz/project/pic-edit/datasets/Hi4D_pilot_v1/raw/pair12/fight12/images/16/000017.jpg,pair12/fight12/images/16/000017.jpg,940,1280,940,False,False,nan,218.54211805003322,4029.179770611702,nan,nan,nan,full,218.54211805003322,4029.179770611702,0.2701342281879195,False,False
Hi4D,/home/shangguanrz/project/pic-edit/datasets/Hi4D_pilot_v1/raw/pair10/talk10/images/16/000023.jpg,pair10/talk10/images/16/000023.jpg,940,1280,940,False,False,nan,229.9235710523257,3782.3150972406916,nan,nan,nan,full,229.9235710523257,3782.3150972406916,0.2703439597315436,False,False
Hi4D,/home/shangguanrz/project/pic-edit/datasets/Hi4D_pilot_v1/raw/pair02/backhug02/images/64/000024.jpg,pair02/backhug02/images/64/000024.jpg,940,1280,940,False,False,nan,224.83588833739284,3905.893637799202,nan,nan,nan,full,224.83588833739284,3905.893637799202,0.2705536912751678,False,False
Hi4D,/home/shangguanrz/project/pic-edit/datasets/Hi4D_pilot_v1/raw/pair12/fight12/images/16/000055.jpg,pair12/fight12/images/16/000055.jpg,940,1280,940,False,False,nan,213.56825206570093,4100.119857463431,nan,nan,nan,full,213.56825206570093,4100.119857463431,0.2705536912751678,False,False
Hi4D,/home/shangguanrz/project/pic-edit/datasets/Hi4D_pilot_v1/raw/pair10/talk10/images/16/000022.jpg,pair10/talk10/images/16/000022.jpg,940,1280,940,False,False,nan,229.83566728613397,3790.011500581782,nan,nan,nan,full,229.83566728613397,3790.011500581782,0.2709731543624161,False,False
Hi4D,/home/shangguanrz/project/pic-edit/datasets/Hi4D_pilot_v1/raw/pair02/pose02/images/52/000127.jpg,pair02/pose02/images/52/000127.jpg,940,1280,940,False,False,nan,220.8611134513302,3993.510690242686,nan,nan,nan,full,220.8611134513302,3993.510690242686,0.2711828859060403,False,False
Hi4D,/home/shangguanrz/project/pic-edit/datasets/Hi4D_pilot_v1/raw/pair12/fight12/images/16/000057.jpg,pair12/fight12/images/16/000057.jpg,940,1280,940,False,False,nan,214.22366171014852,4097.098373088431,nan,nan,nan,full,214.22366171014852,4097.098373088431,0.2713926174496645,False,False
Hi4D,/home/shangguanrz/project/pic-edit/datasets/Hi4D_pilot_v1/raw/pair02/backhug02/images/64/000022.jpg,pair02/backhug02/images/64/000022.jpg,940,1280,940,False,False,nan,225.0098364671575,3908.802723986037,nan,nan,nan,full,225.0098364671575,3908.802723986037,0.2716023489932886,False,False
Hi4D,/home/shangguanrz/project/pic-edit/datasets/Hi4D_pilot_v1/raw/pair02/dance02/images/4/000074.jpg,pair02/dance02/images/4/000074.jpg,940,1280,940,False,False,nan,209.2242813520218,4125.99200049867,nan,nan,nan,full,209.2242813520218,4125.99200049867,0.2726510067114094,False,False
Hi4D,/home/shangguanrz/project/pic-edit/datasets/Hi4D_pilot_v1/raw/pair02/dance02/images/4/000104.jpg,pair02/dance02/images/4/000104.jpg,940,1280,940,False,False,nan,206.84900528675513,4145.223300365691,nan,nan,nan,full,206.84900528675513,4145.223300365691,0.27328020134228187,False,False
Hi4D,/home/shangguanrz/project/pic-edit/datasets/Hi4D_pilot_v1/raw/pair02/pose02/images/52/000124.jpg,pair02/pose02/images/52/000124.jpg,940,1280,940,False,False,nan,220.76866332259095,4004.794890708112,nan,nan,nan,full,220.76866332259095,4004.794890708112,0.27348993288590606,False,False
Hi4D,/home/shangguanrz/project/pic-edit/datasets/Hi4D_pilot_v1/raw/pair02/dance02/images/4/000113.jpg,pair02/dance02/images/4/000113.jpg,940,1280,940,False,False,nan,214.89402076344297,4097.615816156915,nan,nan,nan,full,214.89402076344297,4097.615816156915,0.2736996644295302,False,False
Hi4D,/home/shangguanrz/project/pic-edit/datasets/Hi4D_pilot_v1/raw/pair10/talk10/images/16/000019.jpg,pair10/talk10/images/16/000019.jpg,940,1280,940,False,False,nan,228.58545222156673,3837.6386926529253,nan,nan,nan,full,228.58545222156673,3837.6386926529253,0.27390939597315433,False,False
Hi4D,/home/shangguanrz/project/pic-edit/datasets/Hi4D_pilot_v1/raw/pair12/fight12/images/16/000018.jpg,pair12/fight12/images/16/000018.jpg,940,1280,940,False,False,nan,218.65064598856713,4050.676009807181,nan,nan,nan,full,218.65064598856713,4050.676009807181,0.2739093959731544,False,False
Hi4D,/home/shangguanrz/project/pic-edit/datasets/Hi4D_pilot_v1/raw/pair02/pose02/images/52/000122.jpg,pair02/pose02/images/52/000122.jpg,940,1280,940,False,False,nan,220.17038414280248,4020.6422145113033,nan,nan,nan,full,220.17038414280248,4020.6422145113033,0.27432885906040266,False,False
Hi4D,/home/shangguanrz/project/pic-edit/datasets/Hi4D_pilot_v1/raw/pair22/game22/images/4/000139.jpg,pair22/game22/images/4/000139.jpg,940,1280,940,False,False,nan,229.33590490573022,3818.3243849734044,nan,nan,nan,full,229.33590490573022,3818.3243849734044,0.27432885906040266,False,False
Hi4D,/home/shangguanrz/project/pic-edit/datasets/Hi4D_pilot_v1/raw/pair02/pose02/images/52/000125.jpg,pair02/pose02/images/52/000125.jpg,940,1280,940,False,False,nan,221.46128552957808,3994.2974671708776,nan,nan,nan,full,221.46128552957808,3994.2974671708776,0.2743288590604027,False,False
Hi4D,/home/shangguanrz/project/pic-edit/datasets/Hi4D_pilot_v1/raw/pair02/pose02/images/52/000146.jpg,pair02/pose02/images/52/000146.jpg,940,1280,940,False,False,nan,220.95816820978632,4004.726313164894,nan,nan,nan,full,220.95816820978632,4004.726313164894,0.27453859060402686,False,False
Hi4D,/home/shangguanrz/project/pic-edit/datasets/Hi4D_pilot_v1/raw/pair22/kiss22/images/4/000032.jpg,pair22/kiss22/images/4/000032.jpg,940,1280,940,False,False,nan,224.43174579228253,3932.872807928856,nan,nan,nan,full,224.43174579228253,3932.872807928856,0.27453859060402686,False,False
Hi4D,/home/shangguanrz/project/pic-edit/datasets/Hi4D_pilot_v1/raw/pair01/fight01/images/52/000016.jpg,pair01/fight01/images/52/000016.jpg,940,1280,940,False,False,nan,225.58782136961045,3910.3421293218084,nan,nan,nan,full,225.58782136961045,3910.3421293218084,0.27495805369127513,False,False
Hi4D,/home/shangguanrz/project/pic-edit/datasets/Hi4D_pilot_v1/raw/pair02/pose02/images/52/000150.jpg,pair02/pose02/images/52/000150.jpg,940,1280,940,False,False,nan,219.8383786575781,4031.0526097074467,nan,nan,nan,full,219.8383786575781,4031.0526097074467,0.27495805369127513,False,False
Hi4D,/home/shangguanrz/project/pic-edit/datasets/Hi4D_pilot_v1/raw/pair02/pose02/images/52/000085.jpg,pair02/pose02/images/52/000085.jpg,940,1280,940,False,False,nan,220.0286941752816,4026.1592524102393,nan,nan,nan,full,220.0286941752816,4026.1592524102393,0.2749580536912752,False,False
Hi4D,/home/shangguanrz/project/pic-edit/datasets/Hi4D_pilot_v1/raw/pair01/talk01/images/16/000143.jpg,pair01/talk01/images/16/000143.jpg,940,1280,940,False,False,nan,223.01797928816598,3972.65996924867,nan,nan,nan,full,223.01797928816598,3972.65996924867,0.2753775167785235,False,False
Hi4D,/home/shangguanrz/project/pic-edit/datasets/Hi4D_pilot_v1/raw/pair09/talk09/images/76/000043.jpg,pair09/talk09/images/76/000043.jpg,940,1280,940,False,False,nan,239.08217175269138,3440.314047955452,nan,nan,nan,full,239.08217175269138,3440.314047955452,0.2753775167785235,False,False
Hi4D,/home/shangguanrz/project/pic-edit/datasets/Hi4D_pilot_v1/raw/pair10/argue10/images/52/000112.jpg,pair10/argue10/images/52/000112.jpg,940,1280,940,False,False,nan,230.795451297216,3785.8375685671544,nan,nan,nan,full,230.795451297216,3785.8375685671544,0.27558724832214765,False,False
Hi4D,/home/shangguanrz/project/pic-edit/datasets/Hi4D_pilot_v1/raw/pair02/pose02/images/52/000081.jpg,pair02/pose02/images/52/000081.jpg,940,1280,940,False,False,nan,220.52831501761628,4026.1336747839096,nan,nan,nan,full,220.52831501761628,4026.1336747839096,0.27663590604026844,False,False
Hi4D,/home/shangguanrz/project/pic-edit/datasets/Hi4D_pilot_v1/raw/pair10/argue10/images/52/000148.jpg,pair10/argue10/images/52/000148.jpg,940,1280,940,False,False,nan,233.86919926485362,3719.9741938164893,nan,nan,nan,full,233.86919926485362,3719.9741938164893,0.27663590604026844,False,False
Hi4D,/home/shangguanrz/project/pic-edit/datasets/Hi4D_pilot_v1/raw/pair12/fight12/images/16/000059.jpg,pair12/fight12/images/16/000059.jpg,940,1280,940,False,False,nan,216.0245526135643,4097.024808843085,nan,nan,nan,full,216.0245526135643,4097.024808843085,0.27663590604026844,False,False
Hi4D,/home/shangguanrz/project/pic-edit/datasets/Hi4D_pilot_v1/raw/pair10/talk10/images/16/000025.jpg,pair10/talk10/images/16/000025.jpg,940,1280,940,False,False,nan,232.44236310392333,3768.2869431515956,nan,nan,nan,full,232.44236310392333,3768.2869431515956,0.27705536912751677,False,False
Hi4D,/home/shangguanrz/project/pic-edit/datasets/Hi4D_pilot_v1/raw/pair10/talk10/images/16/000020.jpg,pair10/talk10/images/16/000020.jpg,940,1280,940,False,False,nan,229.47062249632106,3826.1937853224736,nan,nan,nan,full,229.47062249632106,3826.1937853224736,0.2772651006711409,False,False
Hi4D,/home/shangguanrz/project/pic-edit/datasets/Hi4D_pilot_v1/raw/pair02/dance02/images/4/000083.jpg,pair02/dance02/images/4/000083.jpg,940,1280,940,False,False,nan,207.82987463660453,4148.006222988697,nan,nan,nan,full,207.82987463660453,4148.006222988697,0.27726510067114096,False,False
Hi4D,/home/shangguanrz/project/pic-edit/datasets/Hi4D_pilot_v1/raw/pair02/pose02/images/52/000090.jpg,pair02/pose02/images/52/000090.jpg,940,1280,940,False,False,nan,221.32037425861475,4010.1707737699467,nan,nan,nan,full,221.32037425861475,4010.1707737699467,0.2778942953020134,False,False
Hi4D,/home/shangguanrz/project/pic-edit/datasets/Hi4D_pilot_v1/raw/pair12/fight12/images/16/000056.jpg,pair12/fight12/images/16/000056.jpg,940,1280,940,False,False,nan,214.56813336883863,4118.68671043883,nan,nan,nan,full,214.56813336883863,4118.68671043883,0.2791526845637584,False,False
Hi4D,/home/shangguanrz/project/pic-edit/datasets/Hi4D_pilot_v1/raw/pair10/argue10/images/52/000092.jpg,pair10/argue10/images/52/000092.jpg,940,1280,940,False,False,nan,232.64838491526592,3772.40362159242,nan,nan,nan,full,232.64838491526592,3772.40362159242,0.2795721476510067,False,False
Hi4D,/home/shangguanrz/project/pic-edit/datasets/Hi4D_pilot_v1/raw/pair02/backhug02/images/64/000037.jpg,pair02/backhug02/images/64/000037.jpg,940,1280,940,False,False,nan,222.80924919642922,3990.876506399601,nan,nan,nan,full,222.80924919642922,3990.876506399601,0.2797818791946308,False,False
Hi4D,/home/shangguanrz/project/pic-edit/datasets/Hi4D_pilot_v1/raw/pair10/argue10/images/52/000147.jpg,pair10/argue10/images/52/000147.jpg,940,1280,940,False,False,nan,234.28468097586503,3727.235434674202,nan,nan,nan,full,234.28468097586503,3727.235434674202,0.2802013422818792,False,False
Hi4D,/home/shangguanrz/project/pic-edit/datasets/Hi4D_pilot_v1/raw/pair02/dance02/images/4/000029.jpg,pair02/dance02/images/4/000029.jpg,940,1280,940,False,False,nan,211.70370975386342,4139.956865026596,nan,nan,nan,full,211.70370975386342,4139.956865026596,0.28041107382550334,False,False
Hi4D,/home/shangguanrz/project/pic-edit/datasets/Hi4D_pilot_v1/raw/pair01/fight01/images/52/000038.jpg,pair01/fight01/images/52/000038.jpg,940,1280,940,False,False,nan,227.6549867771772,3896.098362699468,nan,nan,nan,full,227.6549867771772,3896.098362699468,0.28062080536912754,False,False
Hi4D,/home/shangguanrz/project/pic-edit/datasets/Hi4D_pilot_v1/raw/pair10/talk10/images/16/000021.jpg,pair10/talk10/images/16/000021.jpg,940,1280,940,False,False,nan,230.3728712044079,3813.280709773936,nan,nan,nan,full,230.3728712044079,3813.280709773936,0.28062080536912754,False,False
Hi4D,/home/shangguanrz/project/pic-edit/datasets/Hi4D_pilot_v1/raw/pair12/talk12/images/16/000057.jpg,pair12/talk12/images/16/000057.jpg,940,1280,940,False,False,nan,218.9043819322312,4079.057835355718,nan,nan,nan,full,218.9043819322312,4079.057835355718,0.28062080536912754,False,False
Hi4D,/home/shangguanrz/project/pic-edit/datasets/Hi4D_pilot_v1/raw/pair01/fight01/images/52/000035.jpg,pair01/fight01/images/52/000035.jpg,940,1280,940,False,False,nan,228.09610173407052,3884.12578956117,nan,nan,nan,full,228.09610173407052,3884.12578956117,0.28083053691275167,False,False
Hi4D,/home/shangguanrz/project/pic-edit/datasets/Hi4D_pilot_v1/raw/pair10/argue10/images/52/000149.jpg,pair10/argue10/images/52/000149.jpg,940,1280,940,False,False,nan,234.5077945364444,3719.321600731383,nan,nan,nan,full,234.5077945364444,3719.321600731383,0.28083053691275167,False,False
Hi4D,/home/shangguanrz/project/pic-edit/datasets/Hi4D_pilot_v1/raw/pair01/hug01/images/4/000035.jpg,pair01/hug01/images/4/000035.jpg,940,1280,940,False,False,nan,214.68317585921815,4123.337890625,nan,nan,nan,full,214.68317585921815,4123.337890625,0.28104026845637586,False,False
Hi4D,/home/shangguanrz/project/pic-edit/datasets/Hi4D_pilot_v1/raw/pair02/dance02/images/4/000020.jpg,pair02/dance02/images/4/000020.jpg,940,1280,940,False,False,nan,213.08196800269923,4138.739153922872,nan,nan,nan,full,213.08196800269923,4138.739153922872,0.28125,False,False
Hi4D,/home/shangguanrz/project/pic-edit/datasets/Hi4D_pilot_v1/raw/pair02/pose02/images/52/000148.jpg,pair02/pose02/images/52/000148.jpg,940,1280,940,False,False,nan,220.90230204639204,4041.7820291722073,nan,nan,nan,full,220.90230204639204,4041.7820291722073,0.28125,False,False
Hi4D,/home/shangguanrz/project/pic-edit/datasets/Hi4D_pilot_v1/raw/pair28/dance28/images/4/000115.jpg,pair28/dance28/images/4/000115.jpg,940,1280,940,False,False,nan,213.17214928149855,4138.965196974734,nan,nan,nan,full,213.17214928149855,4138.965196974734,0.28187919463087246,False,False
Hi4D,/home/shangguanrz/project/pic-edit/datasets/Hi4D_pilot_v1/raw/pair02/pose02/images/52/000145.jpg,pair02/pose02/images/52/000145.jpg,940,1280,940,False,False,nan,223.07822809137332,3994.019271525931,nan,nan,nan,full,223.07822809137332,3994.019271525931,0.2818791946308725,False,False
Hi4D,/home/shangguanrz/project/pic-edit/datasets/Hi4D_pilot_v1/raw/pair02/backhug02/images/64/000127.jpg,pair02/backhug02/images/64/000127.jpg,940,1280,940,False,False,nan,225.15797600823328,3954.041784408245,nan,nan,nan,full,225.15797600823328,3954.041784408245,0.2822986577181208,False,False
Hi4D,/home/shangguanrz/project/pic-edit/datasets/Hi4D_pilot_v1/raw/pair28/basketball28/images/4/000042.jpg,pair28/basketball28/images/4/000042.jpg,940,1280,940,False,False,nan,222.04095181376212,4018.339116522606,nan,nan,nan,full,222.04095181376212,4018.339116522606,0.282508389261745,False,False
Hi4D,/home/shangguanrz/project/pic-edit/datasets/Hi4D_pilot_v1/raw/pair01/fight01/images/52/000028.jpg,pair01/fight01/images/52/000028.jpg,940,1280,940,False,False,nan,228.44961189770387,3880.9132417719416,nan,nan,nan,full,228.44961189770387,3880.9132417719416,0.2827181208053691,False,False
Hi4D,/home/shangguanrz/project/pic-edit/datasets/Hi4D_pilot_v1/raw/pair12/fight12/images/16/000022.jpg,pair12/fight12/images/16/000022.jpg,940,1280,940,False,False,nan,213.85781848778714,4135.690512799202,nan,nan,nan,full,213.85781848778714,4135.690512799202,0.2827181208053691,False,False
Hi4D,/home/shangguanrz/project/pic-edit/datasets/Hi4D_pilot_v1/raw/pair12/fight12/images/16/000040.jpg,pair12/fight12/images/16/000040.jpg,940,1280,940,False,False,nan,215.98787752086622,4115.439764793883,nan,nan,nan,full,215.98787752086622,4115.439764793883,0.2827181208053691,False,False
Hi4D,/home/shangguanrz/project/pic-edit/datasets/Hi4D_pilot_v1/raw/pair02/pose02/images/52/000087.jpg,pair02/pose02/images/52/000087.jpg,940,1280,940,False,False,nan,222.3210915684862,4011.334441489362,nan,nan,nan,full,222.3210915684862,4011.334441489362,0.2833473154362416,False,False
Hi4D,/home/shangguanrz/project/pic-edit/datasets/Hi4D_pilot_v1/raw/pair01/hug01/images/4/000112.jpg,pair01/hug01/images/4/000112.jpg,940,1280,940,False,False,nan,207.90983856029237,4169.554209607712,nan,nan,nan,full,207.90983856029237,4169.554209607712,0.2835570469798658,False,False
Hi4D,/home/shangguanrz/project/pic-edit/datasets/Hi4D_pilot_v1/raw/pair10/argue10/images/52/000143.jpg,pair10/argue10/images/52/000143.jpg,940,1280,940,False,False,nan,234.62785158439584,3730.0367457613033,nan,nan,nan,full,234.62785158439584,3730.0367457613033,0.2835570469798658,False,False
Hi4D,/home/shangguanrz/project/pic-edit/datasets/Hi4D_pilot_v1/raw/pair12/fight12/images/16/000037.jpg,pair12/fight12/images/16/000037.jpg,940,1280,940,False,False,nan,215.34960129529225,4125.758695561835,nan,nan,nan,full,215.34960129529225,4125.758695561835,0.2835570469798658,False,False
Hi4D,/home/shangguanrz/project/pic-edit/datasets/Hi4D_pilot_v1/raw/pair10/argue10/images/52/000146.jpg,pair10/argue10/images/52/000146.jpg,940,1280,940,False,False,nan,234.7050197615296,3725.0115213597073,nan,nan,nan,full,234.7050197615296,3725.0115213597073,0.28418624161073824,False,False
Hi4D,/home/shangguanrz/project/pic-edit/datasets/Hi4D_pilot_v1/raw/pair12/fight12/images/16/000038.jpg,pair12/fight12/images/16/000038.jpg,940,1280,940,False,False,nan,214.9492611181094,4134.044890708112,nan,nan,nan,full,214.9492611181094,4134.044890708112,0.28439597315436244,False,False
Hi4D,/home/shangguanrz/project/pic-edit/datasets/Hi4D_pilot_v1/raw/pair02/pose02/images/52/000092.jpg,pair02/pose02/images/52/000092.jpg,940,1280,940,False,False,nan,221.6945540149485,4038.238800698138,nan,nan,nan,full,221.6945540149485,4038.238800698138,0.2846057046979866,False,False
Hi4D,/home/shangguanrz/project/pic-edit/datasets/Hi4D_pilot_v1/raw/pair02/dance02/images/4/000027.jpg,pair02/dance02/images/4/000027.jpg,940,1280,940,False,False,nan,212.78238174029204,4150.345651180186,nan,nan,nan,full,212.78238174029204,4150.345651180186,0.2850251677852349,False,False
Hi4D,/home/shangguanrz/project/pic-edit/datasets/Hi4D_pilot_v1/raw/pair28/dance28/images/4/000081.jpg,pair28/dance28/images/4/000081.jpg,940,1280,940,False,False,nan,218.86343122486502,4095.3125207779253,nan,nan,nan,full,218.86343122486502,4095.3125207779253,0.2850251677852349,False,False
Hi4D,/home/shangguanrz/project/pic-edit/datasets/Hi4D_pilot_v1/raw/pair01/fight01/images/52/000034.jpg,pair01/fight01/images/52/000034.jpg,940,1280,940,False,False,nan,228.57309516181016,3889.8593126662236,nan,nan,nan,full,228.57309516181016,3889.8593126662236,0.2854446308724832,False,False
Hi4D,/home/shangguanrz/project/pic-edit/datasets/Hi4D_pilot_v1/raw/pair01/talk01/images/16/000140.jpg,pair01/talk01/images/16/000140.jpg,940,1280,940,False,False,nan,225.78463069490851,3962.2894780585107,nan,nan,nan,full,225.78463069490851,3962.2894780585107,0.2867030201342282,False,False
Hi4D,/home/shangguanrz/project/pic-edit/datasets/Hi4D_pilot_v1/raw/pair02/backhug02/images/64/000129.jpg,pair02/backhug02/images/64/000129.jpg,940,1280,940,False,False,nan,225.73568019461123,3962.8030668218084,nan,nan,nan,full,225.73568019461123,3962.8030668218084,0.2867030201342282,False,False
Hi4D,/home/shangguanrz/project/pic-edit/datasets/Hi4D_pilot_v1/raw/pair10/talk10/images/16/000026.jpg,pair10/talk10/images/16/000026.jpg,940,1280,940,False,False,nan,233.4270899654946,3782.091578706782,nan,nan,nan,full,233.4270899654946,3782.091578706782,0.2871224832214765,False,False
Hi4D,/home/shangguanrz/project/pic-edit/datasets/Hi4D_pilot_v1/raw/pair12/fight12/images/16/000019.jpg,pair12/fight12/images/16/000019.jpg,940,1280,940,False,False,nan,217.95828416823477,4109.738914976729,nan,nan,nan,full,217.95828416823477,4109.738914976729,0.2873322147651007,False,False
Hi4D,/home/shangguanrz/project/pic-edit/datasets/Hi4D_pilot_v1/raw/pair12/fight12/images/16/000052.jpg,pair12/fight12/images/16/000052.jpg,940,1280,940,False,False,nan,215.86797877810238,4134.412659990026,nan,nan,nan,full,215.86797877810238,4134.412659990026,0.2875419463087248,False,False
Hi4D,/home/shangguanrz/project/pic-edit/datasets/Hi4D_pilot_v1/raw/pair01/hug01/images/4/000040.jpg,pair01/hug01/images/4/000040.jpg,940,1280,940,False,False,nan,213.28702360291777,4156.63727975399,nan,nan,nan,full,213.28702360291777,4156.63727975399,0.2881711409395973,False,False
Hi4D,/home/shangguanrz/project/pic-edit/datasets/Hi4D_pilot_v1/raw/pair28/dance28/images/4/000082.jpg,pair28/dance28/images/4/000082.jpg,940,1280,940,False,False,nan,220.40022316589892,4086.586602393617,nan,nan,nan,full,220.40022316589892,4086.586602393617,0.2881711409395973,False,False
Hi4D,/home/shangguanrz/project/pic-edit/datasets/Hi4D_pilot_v1/raw/pair12/fight12/images/16/000020.jpg,pair12/fight12/images/16/000020.jpg,940,1280,940,False,False,nan,215.7458127577578,4137.506243766622,nan,nan,nan,full,215.7458127577578,4137.506243766622,0.2883808724832215,False,False
Hi4D,/home/shangguanrz/project/pic-edit/datasets/Hi4D_pilot_v1/raw/pair10/argue10/images/52/000080.jpg,pair10/argue10/images/52/000080.jpg,940,1280,940,False,False,nan,233.28823653210222,3794.9524704953456,nan,nan,nan,full,233.28823653210222,3794.9524704953456,0.2888003355704698,False,False
Hi4D,/home/shangguanrz/project/pic-edit/datasets/Hi4D_pilot_v1/raw/pair09/talk09/images/76/000044.jpg,pair09/talk09/images/76/000044.jpg,940,1280,940,False,False,nan,240.44904790187977,3472.742717337101,nan,nan,nan,full,240.44904790187977,3472.742717337101,0.28901006711409394,False,False
Hi4D,/home/shangguanrz/project/pic-edit/datasets/Hi4D_pilot_v1/raw/pair10/argue10/images/52/000136.jpg,pair10/argue10/images/52/000136.jpg,940,1280,940,False,False,nan,234.63790161429404,3747.9789415724736,nan,nan,nan,full,234.63790161429404,3747.9789415724736,0.28901006711409394,False,False
Hi4D,/home/shangguanrz/project/pic-edit/datasets/Hi4D_pilot_v1/raw/pair02/backhug02/images/64/000035.jpg,pair02/backhug02/images/64/000035.jpg,940,1280,940,False,False,nan,225.60200606940182,3976.675324135638,nan,nan,nan,full,225.60200606940182,3976.675324135638,0.2892197986577181,False,False
Hi4D,/home/shangguanrz/project/pic-edit/datasets/Hi4D_pilot_v1/raw/pair10/argue10/images/52/000145.jpg,pair10/argue10/images/52/000145.jpg,940,1280,940,False,False,nan,235.06761003986858,3736.102300116356,nan,nan,nan,full,235.06761003986858,3736.102300116356,0.28921979865771813,False,False
Hi4D,/home/shangguanrz/project/pic-edit/datasets/Hi4D_pilot_v1/raw/pair09/talk09/images/76/000045.jpg,pair09/talk09/images/76/000045.jpg,940,1280,940,False,False,nan,240.0248316410118,3497.646733710106,nan,nan,nan,full,240.0248316410118,3497.646733710106,0.28942953020134227,False,False
Hi4D,/home/shangguanrz/project/pic-edit/datasets/Hi4D_pilot_v1/raw/pair12/talk12/images/16/000058.jpg,pair12/talk12/images/16/000058.jpg,940,1280,940,False,False,nan,219.89433000432035,4096.180456283245,nan,nan,nan,full,219.89433000432035,4096.180456283245,0.28942953020134227,False,False
Hi4D,/home/shangguanrz/project/pic-edit/datasets/Hi4D_pilot_v1/raw/pair12/fight12/images/16/000021.jpg,pair12/fight12/images/16/000021.jpg,940,1280,940,False,False,nan,215.46408133541308,4145.588950299202,nan,nan,nan,full,215.46408133541308,4145.588950299202,0.2902684563758389,False,False
Hi4D,/home/shangguanrz/project/pic-edit/datasets/Hi4D_pilot_v1/raw/pair12/fight12/images/16/000036.jpg,pair12/fight12/images/16/000036.jpg,940,1280,940,False,False,nan,216.56513394571212,4135.77020653258,nan,nan,nan,full,216.56513394571212,4135.77020653258,0.2902684563758389,False,False
Hi4D,/home/shangguanrz/project/pic-edit/datasets/Hi4D_pilot_v1/raw/pair10/argue10/images/52/000093.jpg,pair10/argue10/images/52/000093.jpg,940,1280,940,False,False,nan,234.5964556253836,3763.672010056516,nan,nan,nan,full,234.5964556253836,3763.672010056516,0.2904781879194631,False,False
Hi4D,/home/shangguanrz/project/pic-edit/datasets/Hi4D_pilot_v1/raw/pair02/pose02/images/52/000120.jpg,pair02/pose02/images/52/000120.jpg,940,1280,940,False,False,nan,222.4840579928451,4054.50371924867,nan,nan,nan,full,222.4840579928451,4054.50371924867,0.2908976510067114,False,False
Hi4D,/home/shangguanrz/project/pic-edit/datasets/Hi4D_pilot_v1/raw/pair10/argue10/images/52/000137.jpg,pair10/argue10/images/52/000137.jpg,940,1280,940,False,False,nan,235.17513669222507,3736.254301030585,nan,nan,nan,full,235.17513669222507,3736.254301030585,0.2908976510067114,False,False
Hi4D,/home/shangguanrz/project/pic-edit/datasets/Hi4D_pilot_v1/raw/pair12/fight12/images/16/000053.jpg,pair12/fight12/images/16/000053.jpg,940,1280,940,False,False,nan,216.69451545943173,4136.428627825798,nan,nan,nan,full,216.69451545943173,4136.428627825798,0.2913171140939597,False,False
Hi4D,/home/shangguanrz/project/pic-edit/datasets/Hi4D_pilot_v1/raw/pair10/argue10/images/52/000113.jpg,pair10/argue10/images/52/000113.jpg,940,1280,940,False,False,nan,232.51085103823618,3825.3330078125,nan,nan,nan,full,232.51085103823618,3825.3330078125,0.2915268456375839,False,False
Hi4D,/home/shangguanrz/project/pic-edit/datasets/Hi4D_pilot_v1/raw/pair22/kiss22/images/4/000062.jpg,pair22/kiss22/images/4/000062.jpg,940,1280,940,False,False,nan,225.51755882763877,3988.1524164727393,nan,nan,nan,full,225.51755882763877,3988.1524164727393,0.29173657718120805,False,False
Hi4D,/home/shangguanrz/project/pic-edit/datasets/Hi4D_pilot_v1/raw/pair28/basketball28/images/4/000037.jpg,pair28/basketball28/images/4/000037.jpg,940,1280,940,False,False,nan,223.41715192230862,4032.616979720745,nan,nan,nan,full,223.41715192230862,4032.616979720745,0.2919463087248322,False,False
Hi4D,/home/shangguanrz/project/pic-edit/datasets/Hi4D_pilot_v1/raw/pair28/basketball28/images/4/000039.jpg,pair28/basketball28/images/4/000039.jpg,940,1280,940,False,False,nan,222.5502339058896,4056.7628511469416,nan,nan,nan,full,222.5502339058896,4056.7628511469416,0.2919463087248322,False,False
Hi4D,/home/shangguanrz/project/pic-edit/datasets/Hi4D_pilot_v1/raw/pair02/dance02/images/4/000018.jpg,pair02/dance02/images/4/000018.jpg,940,1280,940,False,False,nan,214.16918297632077,4166.619088680186,nan,nan,nan,full,214.16918297632077,4166.619088680186,0.2921560402684564,False,False
Hi4D,/home/shangguanrz/project/pic-edit/datasets/Hi4D_pilot_v1/raw/pair12/fight12/images/16/000051.jpg,pair12/fight12/images/16/000051.jpg,940,1280,940,False,False,nan,216.50201766118036,4142.985133394282,nan,nan,nan,full,216.50201766118036,4142.985133394282,0.2921560402684564,False,False
Hi4D,/home/shangguanrz/project/pic-edit/datasets/Hi4D_pilot_v1/raw/pair02/dance02/images/4/000073.jpg,pair02/dance02/images/4/000073.jpg,940,1280,940,False,False,nan,213.1018217249983,4179.976094996676,nan,nan,nan,full,213.1018217249983,4179.976094996676,0.29320469798657717,False,False
Hi4D,/home/shangguanrz/project/pic-edit/datasets/Hi4D_pilot_v1/raw/pair12/fight12/images/16/000045.jpg,pair12/fight12/images/16/000045.jpg,940,1280,940,False,False,nan,218.12672884316402,4133.038740442154,nan,nan,nan,full,218.12672884316402,4133.038740442154,0.2940436241610738,False,False
Hi4D,/home/shangguanrz/project/pic-edit/datasets/Hi4D_pilot_v1/raw/pair02/backhug02/images/64/000131.jpg,pair02/backhug02/images/64/000131.jpg,940,1280,940,False,False,nan,226.672709026586,3977.5438206449467,nan,nan,nan,full,226.672709026586,3977.5438206449467,0.29446308724832215,False,False
Hi4D,/home/shangguanrz/project/pic-edit/datasets/Hi4D_pilot_v1/raw/pair12/fight12/images/16/000041.jpg,pair12/fight12/images/16/000041.jpg,940,1280,940,False,False,nan,218.19439518867225,4135.004145196143,nan,nan,nan,full,218.19439518867225,4135.004145196143,0.2950922818791946,False,False
Hi4D,/home/shangguanrz/project/pic-edit/datasets/Hi4D_pilot_v1/raw/pair10/argue10/images/52/000140.jpg,pair10/argue10/images/52/000140.jpg,940,1280,940,False,False,nan,235.64386115863675,3737.892858626995,nan,nan,nan,full,235.64386115863675,3737.892858626995,0.29551174496644295,False,False
Hi4D,/home/shangguanrz/project/pic-edit/datasets/Hi4D_pilot_v1/raw/pair10/argue10/images/52/000139.jpg,pair10/argue10/images/52/000139.jpg,940,1280,940,False,False,nan,235.58611907347554,3741.4816115359044,nan,nan,nan,full,235.58611907347554,3741.4816115359044,0.2959312080536913,False,False
Hi4D,/home/shangguanrz/project/pic-edit/datasets/Hi4D_pilot_v1/raw/pair09/talk09/images/76/000034.jpg,pair09/talk09/images/76/000034.jpg,940,1280,940,False,False,nan,242.67577291795058,3441.983045212766,nan,nan,nan,full,242.67577291795058,3441.983045212766,0.29656040268456374,False,False
Hi4D,/home/shangguanrz/project/pic-edit/datasets/Hi4D_pilot_v1/raw/pair10/argue10/images/52/000144.jpg,pair10/argue10/images/52/000144.jpg,940,1280,940,False,False,nan,235.82740712500419,3742.1558344414893,nan,nan,nan,full,235.82740712500419,3742.1558344414893,0.29718959731543626,False,False
Hi4D,/home/shangguanrz/project/pic-edit/datasets/Hi4D_pilot_v1/raw/pair02/backhug02/images/64/000020.jpg,pair02/backhug02/images/64/000020.jpg,940,1280,940,False,False,nan,228.10681239354656,3962.952138048537,nan,nan,nan,full,228.10681239354656,3962.952138048537,0.2973993288590604,False,False
Hi4D,/home/shangguanrz/project/pic-edit/datasets/Hi4D_pilot_v1/raw/pair02/dance02/images/4/000023.jpg,pair02/dance02/images/4/000023.jpg,940,1280,940,False,False,nan,216.75294415901666,4152.187364943484,nan,nan,nan,full,216.75294415901666,4152.187364943484,0.2973993288590604,False,False
Hi4D,/home/shangguanrz/project/pic-edit/datasets/Hi4D_pilot_v1/raw/pair12/fight12/images/16/000044.jpg,pair12/fight12/images/16/000044.jpg,940,1280,940,False,False,nan,219.09966880587663,4131.685339095745,nan,nan,nan,full,219.09966880587663,4131.685339095745,0.29760906040268453,False,False
Hi4D,/home/shangguanrz/project/pic-edit/datasets/Hi4D_pilot_v1/raw/pair02/backhug02/images/64/000063.jpg,pair02/backhug02/images/64/000063.jpg,940,1280,940,False,False,nan,227.05236539402497,3987.2615525265956,nan,nan,nan,full,227.05236539402497,3987.2615525265956,0.2978187919463087,False,False
Hi4D,/home/shangguanrz/project/pic-edit/datasets/Hi4D_pilot_v1/raw/pair10/argue10/images/52/000142.jpg,pair10/argue10/images/52/000142.jpg,940,1280,940,False,False,nan,235.9407041110352,3738.092950049867,nan,nan,nan,full,235.9407041110352,3738.092950049867,0.29802852348993286,False,False
Hi4D,/home/shangguanrz/project/pic-edit/datasets/Hi4D_pilot_v1/raw/pair02/backhug02/images/64/000133.jpg,pair02/backhug02/images/64/000133.jpg,940,1280,940,False,False,nan,227.76976837211734,3976.8448304521276,nan,nan,nan,full,227.76976837211734,3976.8448304521276,0.2980285234899329,False,False
Hi4D,/home/shangguanrz/project/pic-edit/datasets/Hi4D_pilot_v1/raw/pair02/dance02/images/4/000025.jpg,pair02/dance02/images/4/000025.jpg,940,1280,940,False,False,nan,215.7541338331077,4171.40681100399,nan,nan,nan,full,215.7541338331077,4171.40681100399,0.2986577181208054,False,False
Hi4D,/home/shangguanrz/project/pic-edit/datasets/Hi4D_pilot_v1/raw/pair28/basketball28/images/4/000043.jpg,pair28/basketball28/images/4/000043.jpg,940,1280,940,False,False,nan,223.51063215983518,4069.1797082779253,nan,nan,nan,full,223.51063215983518,4069.1797082779253,0.2986577181208054,False,False
Hi4D,/home/shangguanrz/project/pic-edit/datasets/Hi4D_pilot_v1/raw/pair09/talk09/images/76/000042.jpg,pair09/talk09/images/76/000042.jpg,940,1280,940,False,False,nan,243.08754910789725,3443.1988031914893,nan,nan,nan,full,243.08754910789725,3443.1988031914893,0.2997063758389261,False,False
Hi4D,/home/shangguanrz/project/pic-edit/datasets/Hi4D_pilot_v1/raw/pair10/argue10/images/52/000091.jpg,pair10/argue10/images/52/000091.jpg,940,1280,940,False,False,nan,234.55136818103847,3807.0738447473404,nan,nan,nan,full,234.55136818103847,3807.0738447473404,0.2997063758389262,False,False
Hi4D,/home/shangguanrz/project/pic-edit/datasets/Hi4D_pilot_v1/raw/pair10/dance10/images/4/000031.jpg,pair10/dance10/images/4/000031.jpg,940,1280,940,False,False,nan,217.34420448776385,4157.947972074468,nan,nan,nan,full,217.34420448776385,4157.947972074468,0.3001258389261745,False,False
Hi4D,/home/shangguanrz/project/pic-edit/datasets/Hi4D_pilot_v1/raw/pair28/dance28/images/4/000070.jpg,pair28/dance28/images/4/000070.jpg,940,1280,940,False,False,nan,223.00374478587423,4085.030408494016,nan,nan,nan,full,223.00374478587423,4085.030408494016,0.3001258389261745,False,False
Hi4D,/home/shangguanrz/project/pic-edit/datasets/Hi4D_pilot_v1/raw/pair02/dance02/images/4/000022.jpg,pair02/dance02/images/4/000022.jpg,940,1280,940,False,False,nan,216.95160721674833,4160.751527177526,nan,nan,nan,full,216.95160721674833,4160.751527177526,0.30033557046979864,False,False
Hi4D,/home/shangguanrz/project/pic-edit/datasets/Hi4D_pilot_v1/raw/pair22/kiss22/images/4/000060.jpg,pair22/kiss22/images/4/000060.jpg,940,1280,940,False,False,nan,227.96964014542485,3985.106092087766,nan,nan,nan,full,227.96964014542485,3985.106092087766,0.30033557046979864,False,False
Hi4D,/home/shangguanrz/project/pic-edit/datasets/Hi4D_pilot_v1/raw/pair02/dance02/images/4/000016.jpg,pair02/dance02/images/4/000016.jpg,940,1280,940,False,False,nan,216.03522327182083,4174.462495844415,nan,nan,nan,full,216.03522327182083,4174.462495844415,0.30054530201342283,False,False
Hi4D,/home/shangguanrz/project/pic-edit/datasets/Hi4D_pilot_v1/raw/pair28/dance28/images/4/000072.jpg,pair28/dance28/images/4/000072.jpg,940,1280,940,False,False,nan,223.47940272513745,4077.0345952460107,nan,nan,nan,full,223.47940272513745,4077.0345952460107,0.30096476510067116,False,False
Hi4D,/home/shangguanrz/project/pic-edit/datasets/Hi4D_pilot_v1/raw/pair01/hug01/images/4/000038.jpg,pair01/hug01/images/4/000038.jpg,940,1280,940,False,False,nan,218.2041273211774,4150.758664394947,nan,nan,nan,full,218.2041273211774,4150.758664394947,0.3011744966442953,False,False
Hi4D,/home/shangguanrz/project/pic-edit/datasets/Hi4D_pilot_v1/raw/pair12/talk12/images/16/000062.jpg,pair12/talk12/images/16/000062.jpg,940,1280,940,False,False,nan,223.19727669476163,4082.732878989362,nan,nan,nan,full,223.19727669476163,4082.732878989362,0.30138422818791943,False,False
Hi4D,/home/shangguanrz/project/pic-edit/datasets/Hi4D_pilot_v1/raw/pair28/basketball28/images/4/000035.jpg,pair28/basketball28/images/4/000035.jpg,940,1280,940,False,False,nan,223.8376150312279,4071.290288397606,nan,nan,nan,full,223.8376150312279,4071.290288397606,0.3015939597315436,False,False
Hi4D,/home/shangguanrz/project/pic-edit/datasets/Hi4D_pilot_v1/raw/pair02/pose02/images/52/000034.jpg,pair02/pose02/images/52/000034.jpg,940,1280,940,False,False,nan,222.0356065502476,4105.975357380319,nan,nan,nan,full,222.0356065502476,4105.975357380319,0.3024328859060403,False,False
Hi4D,/home/shangguanrz/project/pic-edit/datasets/Hi4D_pilot_v1/raw/pair28/basketball28/images/4/000038.jpg,pair28/basketball28/images/4/000038.jpg,940,1280,940,False,False,nan,224.0330662444578,4071.964116522606,nan,nan,nan,full,224.0330662444578,4071.964116522606,0.3026426174496645,False,False
Hi4D,/home/shangguanrz/project/pic-edit/datasets/Hi4D_pilot_v1/raw/pair10/argue10/images/52/000081.jpg,pair10/argue10/images/52/000081.jpg,940,1280,940,False,False,nan,233.57177204217453,3841.2130464594416,nan,nan,nan,full,233.57177204217453,3841.2130464594416,0.3028523489932886,False,False
Hi4D,/home/shangguanrz/project/pic-edit/datasets/Hi4D_pilot_v1/raw/pair12/fight12/images/16/000042.jpg,pair12/fight12/images/16/000042.jpg,940,1280,940,False,False,nan,219.80047814605356,4142.12004446476,nan,nan,nan,full,219.80047814605356,4142.12004446476,0.30306208053691275,False,False
Hi4D,/home/shangguanrz/project/pic-edit/datasets/Hi4D_pilot_v1/raw/pair28/dance28/images/4/000108.jpg,pair28/dance28/images/4/000108.jpg,940,1280,940,False,False,nan,218.53480766797938,4153.5009765625,nan,nan,nan,full,218.53480766797938,4153.5009765625,0.30327181208053694,False,False
Hi4D,/home/shangguanrz/project/pic-edit/datasets/Hi4D_pilot_v1/raw/pair12/fight12/images/16/000049.jpg,pair12/fight12/images/16/000049.jpg,940,1280,940,False,False,nan,217.3550692096778,4172.569980053191,nan,nan,nan,full,217.3550692096778,4172.569980053191,0.3034815436241611,False,False
Hi4D,/home/shangguanrz/project/pic-edit/datasets/Hi4D_pilot_v1/raw/pair10/argue10/images/52/000138.jpg,pair10/argue10/images/52/000138.jpg,940,1280,940,False,False,nan,236.487101596289,3747.439172623005,nan,nan,nan,full,236.487101596289,3747.439172623005,0.3036912751677852,False,False
Hi4D,/home/shangguanrz/project/pic-edit/datasets/Hi4D_pilot_v1/raw/pair09/talk09/images/76/000035.jpg,pair09/talk09/images/76/000035.jpg,940,1280,940,False,False,nan,244.1274024685512,3436.0923994348404,nan,nan,nan,full,244.1274024685512,3436.0923994348404,0.30369127516778527,False,False
Hi4D,/home/shangguanrz/project/pic-edit/datasets/Hi4D_pilot_v1/raw/pair02/pose02/images/52/000094.jpg,pair02/pose02/images/52/000094.jpg,940,1280,940,False,False,nan,222.65454098969468,4100.955992353724,nan,nan,nan,full,222.65454098969468,4100.955992353724,0.30411073825503354,False,False
Hi4D,/home/shangguanrz/project/pic-edit/datasets/Hi4D_pilot_v1/raw/pair09/talk09/images/76/000037.jpg,pair09/talk09/images/76/000037.jpg,940,1280,940,False,False,nan,244.4324149005065,3423.9534470578456,nan,nan,nan,full,244.4324149005065,3423.9534470578456,0.3045302013422819,False,False
Hi4D,/home/shangguanrz/project/pic-edit/datasets/Hi4D_pilot_v1/raw/pair28/dance28/images/4/000084.jpg,pair28/dance28/images/4/000084.jpg,940,1280,940,False,False,nan,223.2072222216359,4095.219685006649,nan,nan,nan,full,223.2072222216359,4095.219685006649,0.30473993288590606,False,False
Hi4D,/home/shangguanrz/project/pic-edit/datasets/Hi4D_pilot_v1/raw/pair28/dance28/images/4/000111.jpg,pair28/dance28/images/4/000111.jpg,940,1280,940,False,False,nan,217.75837837789,4172.728339012633,nan,nan,nan,full,217.75837837789,4172.728339012633,0.30473993288590606,False,False
Hi4D,/home/shangguanrz/project/pic-edit/datasets/Hi4D_pilot_v1/raw/pair12/fight12/images/16/000060.jpg,pair12/fight12/images/16/000060.jpg,940,1280,940,False,False,nan,218.38097463810587,4162.768606632314,nan,nan,nan,full,218.38097463810587,4162.768606632314,0.30515939597315433,False,False
Hi4D,/home/shangguanrz/project/pic-edit/datasets/Hi4D_pilot_v1/raw/pair02/backhug02/images/64/000135.jpg,pair02/backhug02/images/64/000135.jpg,940,1280,940,False,False,nan,228.5264837399442,3986.234915226064,nan,nan,nan,full,228.5264837399442,3986.234915226064,0.3055788590604027,False,False
Hi4D,/home/shangguanrz/project/pic-edit/datasets/Hi4D_pilot_v1/raw/pair10/argue10/images/52/000095.jpg,pair10/argue10/images/52/000095.jpg,940,1280,940,False,False,nan,233.88025131175402,3846.613811087101,nan,nan,nan,full,233.88025131175402,3846.613811087101,0.30578859060402686,False,False
Hi4D,/home/shangguanrz/project/pic-edit/datasets/Hi4D_pilot_v1/raw/pair10/argue10/images/52/000141.jpg,pair10/argue10/images/52/000141.jpg,940,1280,940,False,False,nan,236.75601994087384,3747.5475295046544,nan,nan,nan,full,236.75601994087384,3747.5475295046544,0.30578859060402686,False,False
Hi4D,/home/shangguanrz/project/pic-edit/datasets/Hi4D_pilot_v1/raw/pair01/talk01/images/16/000145.jpg,pair01/talk01/images/16/000145.jpg,940,1280,940,False,False,nan,227.827287141205,4005.71258934508,nan,nan,nan,full,227.827287141205,4005.71258934508,0.305998322147651,False,False
Hi4D,/home/shangguanrz/project/pic-edit/datasets/Hi4D_pilot_v1/raw/pair09/talk09/images/76/000036.jpg,pair09/talk09/images/76/000036.jpg,940,1280,940,False,False,nan,244.71563967982803,3422.6423807347073,nan,nan,nan,full,244.71563967982803,3422.6423807347073,0.305998322147651,False,False
Hi4D,/home/shangguanrz/project/pic-edit/datasets/Hi4D_pilot_v1/raw/pair28/dance28/images/4/000075.jpg,pair28/dance28/images/4/000075.jpg,940,1280,940,False,False,nan,222.61620960768775,4107.701815990691,nan,nan,nan,full,222.61620960768775,4107.701815990691,0.3066275167785235,False,False
Hi4D,/home/shangguanrz/project/pic-edit/datasets/Hi4D_pilot_v1/raw/pair02/dance02/images/4/000015.jpg,pair02/dance02/images/4/000015.jpg,940,1280,940,False,False,nan,216.68928144265752,4194.803970661569,nan,nan,nan,full,216.68928144265752,4194.803970661569,0.30683724832214765,False,False
Hi4D,/home/shangguanrz/project/pic-edit/datasets/Hi4D_pilot_v1/raw/pair02/pose02/images/52/000118.jpg,pair02/pose02/images/52/000118.jpg,940,1280,940,False,False,nan,224.812437641939,4079.384007230718,nan,nan,nan,full,224.812437641939,4079.384007230718,0.3072567114093959,False,False
Hi4D,/home/shangguanrz/project/pic-edit/datasets/Hi4D_pilot_v1/raw/pair10/talk10/images/16/000027.jpg,pair10/talk10/images/16/000027.jpg,940,1280,940,False,False,nan,235.87715002504504,3786.67119971742,nan,nan,nan,full,235.87715002504504,3786.67119971742,0.307256711409396,False,False
Hi4D,/home/shangguanrz/project/pic-edit/datasets/Hi4D_pilot_v1/raw/pair28/dance28/images/4/000114.jpg,pair28/dance28/images/4/000114.jpg,940,1280,940,False,False,nan,216.84652643775232,4194.610310006649,nan,nan,nan,full,216.84652643775232,4194.610310006649,0.307256711409396,False,False
Hi4D,/home/shangguanrz/project/pic-edit/datasets/Hi4D_pilot_v1/raw/pair12/fight12/images/16/000034.jpg,pair12/fight12/images/16/000034.jpg,940,1280,940,False,False,nan,218.29282888830812,4172.736099567819,nan,nan,nan,full,218.29282888830812,4172.736099567819,0.30746644295302017,False,False
Hi4D,/home/shangguanrz/project/pic-edit/datasets/Hi4D_pilot_v1/raw/pair02/backhug02/images/64/000061.jpg,pair02/backhug02/images/64/000061.jpg,940,1280,940,False,False,nan,228.07093447414445,4007.4134703291224,nan,nan,nan,full,228.07093447414445,4007.4134703291224,0.30788590604026844,False,False
Hi4D,/home/shangguanrz/project/pic-edit/datasets/Hi4D_pilot_v1/raw/pair28/dance28/images/4/000109.jpg,pair28/dance28/images/4/000109.jpg,940,1280,940,False,False,nan,220.72993825624948,4145.42022315492,nan,nan,nan,full,220.72993825624948,4145.42022315492,0.3080956375838926,False,False
Hi4D,/home/shangguanrz/project/pic-edit/datasets/Hi4D_pilot_v1/raw/pair01/fight01/images/52/000043.jpg,pair01/fight01/images/52/000043.jpg,940,1280,940,False,False,nan,228.82025420452584,3988.3697951296544,nan,nan,nan,full,228.82025420452584,3988.3697951296544,0.30809563758389263,False,False
Hi4D,/home/shangguanrz/project/pic-edit/datasets/Hi4D_pilot_v1/raw/pair28/dance28/images/4/000073.jpg,pair28/dance28/images/4/000073.jpg,940,1280,940,False,False,nan,223.67666877171422,4097.566655585107,nan,nan,nan,full,223.67666877171422,4097.566655585107,0.30830536912751677,False,False
Hi4D,/home/shangguanrz/project/pic-edit/datasets/Hi4D_pilot_v1/raw/pair02/backhug02/images/64/000125.jpg,pair02/backhug02/images/64/000125.jpg,940,1280,940,False,False,nan,229.1503603998866,3986.6470973238033,nan,nan,nan,full,229.1503603998866,3986.6470973238033,0.30851510067114096,False,False
Hi4D,/home/shangguanrz/project/pic-edit/datasets/Hi4D_pilot_v1/raw/pair12/fight12/images/16/000048.jpg,pair12/fight12/images/16/000048.jpg,940,1280,940,False,False,nan,218.11250719531947,4182.681162732712,nan,nan,nan,full,218.11250719531947,4182.681162732712,0.3089345637583893,False,False
Hi4D,/home/shangguanrz/project/pic-edit/datasets/Hi4D_pilot_v1/raw/pair12/talk12/images/16/000060.jpg,pair12/talk12/images/16/000060.jpg,940,1280,940,False,False,nan,224.98739611457623,4084.351323553856,nan,nan,nan,full,224.98739611457623,4084.351323553856,0.3093540268456376,False,False
Hi4D,/home/shangguanrz/project/pic-edit/datasets/Hi4D_pilot_v1/raw/pair10/argue10/images/52/000135.jpg,pair10/argue10/images/52/000135.jpg,940,1280,940,False,False,nan,236.47094088120923,3781.7774684175533,nan,nan,nan,full,236.47094088120923,3781.7774684175533,0.30998322147651003,False,False
Hi4D,/home/shangguanrz/project/pic-edit/datasets/Hi4D_pilot_v1/raw/pair12/fight12/images/16/000047.jpg,pair12/fight12/images/16/000047.jpg,940,1280,940,False,False,nan,218.7026848081767,4178.810910488697,nan,nan,nan,full,218.7026848081767,4178.810910488697,0.3101929530201342,False,False
Hi4D,/home/shangguanrz/project/pic-edit/datasets/Hi4D_pilot_v1/raw/pair22/kiss22/images/4/000033.jpg,pair22/kiss22/images/4/000033.jpg,940,1280,940,False,False,nan,229.61355989979853,3975.000758394282,nan,nan,nan,full,229.61355989979853,3975.000758394282,0.3101929530201343,False,False
Hi4D,/home/shangguanrz/project/pic-edit/datasets/Hi4D_pilot_v1/raw/pair28/dance28/images/4/000069.jpg,pair28/dance28/images/4/000069.jpg,940,1280,940,False,False,nan,223.45628759382325,4107.015614611038,nan,nan,nan,full,223.45628759382325,4107.015614611038,0.3101929530201343,False,False
Hi4D,/home/shangguanrz/project/pic-edit/datasets/Hi4D_pilot_v1/raw/pair02/dance02/images/4/000011.jpg,pair02/dance02/images/4/000011.jpg,940,1280,940,False,False,nan,217.86643307602418,4199.051529255319,nan,nan,nan,full,217.86643307602418,4199.051529255319,0.3108221476510067,False,False
Hi4D,/home/shangguanrz/project/pic-edit/datasets/Hi4D_pilot_v1/raw/pair10/dance10/images/4/000070.jpg,pair10/dance10/images/4/000070.jpg,940,1280,940,False,False,nan,216.61118900640997,4221.964500914229,nan,nan,nan,full,216.61118900640997,4221.964500914229,0.3108221476510067,False,False
Hi4D,/home/shangguanrz/project/pic-edit/datasets/Hi4D_pilot_v1/raw/pair10/argue10/images/52/000094.jpg,pair10/argue10/images/52/000094.jpg,940,1280,940,False,False,nan,235.41391138274403,3817.249335106383,nan,nan,nan,full,235.41391138274403,3817.249335106383,0.31124161073825507,False,False
Hi4D,/home/shangguanrz/project/pic-edit/datasets/Hi4D_pilot_v1/raw/pair02/pose02/images/52/000113.jpg,pair02/pose02/images/52/000113.jpg,940,1280,940,False,False,nan,223.7493920939009,4105.28801321476,nan,nan,nan,full,223.7493920939009,4105.28801321476,0.3114513422818792,False,False
Hi4D,/home/shangguanrz/project/pic-edit/datasets/Hi4D_pilot_v1/raw/pair02/dance02/images/4/000013.jpg,pair02/dance02/images/4/000013.jpg,940,1280,940,False,False,nan,218.07966600642482,4203.303856382979,nan,nan,nan,full,218.07966600642482,4203.303856382979,0.31208053691275167,False,False
Hi4D,/home/shangguanrz/project/pic-edit/datasets/Hi4D_pilot_v1/raw/pair28/dance28/images/4/000079.jpg,pair28/dance28/images/4/000079.jpg,940,1280,940,False,False,nan,222.59447567319373,4130.748254654255,nan,nan,nan,full,222.59447567319373,4130.748254654255,0.31208053691275167,False,False
Hi4D,/home/shangguanrz/project/pic-edit/datasets/Hi4D_pilot_v1/raw/pair02/backhug02/images/64/000139.jpg,pair02/backhug02/images/64/000139.jpg,940,1280,940,False,False,nan,229.19253450068155,3997.084971326463,nan,nan,nan,full,229.19253450068155,3997.084971326463,0.31229026845637586,False,False
Hi4D,/home/shangguanrz/project/pic-edit/datasets/Hi4D_pilot_v1/raw/pair09/talk09/images/76/000046.jpg,pair09/talk09/images/76/000046.jpg,940,1280,940,False,False,nan,243.6340865681968,3524.689401180186,nan,nan,nan,full,243.6340865681968,3524.689401180186,0.31291946308724833,False,False
Hi4D,/home/shangguanrz/project/pic-edit/datasets/Hi4D_pilot_v1/raw/pair01/fight01/images/52/000019.jpg,pair01/fight01/images/52/000019.jpg,940,1280,940,False,False,nan,230.56951647376303,3960.67041015625,nan,nan,nan,full,230.56951647376303,3960.67041015625,0.31312919463087246,False,False
Hi4D,/home/shangguanrz/project/pic-edit/datasets/Hi4D_pilot_v1/raw/pair02/backhug02/images/64/000065.jpg,pair02/backhug02/images/64/000065.jpg,940,1280,940,False,False,nan,229.22133905413244,4000.0877763464096,nan,nan,nan,full,229.22133905413244,4000.0877763464096,0.3131291946308725,False,False
Hi4D,/home/shangguanrz/project/pic-edit/datasets/Hi4D_pilot_v1/raw/pair10/argue10/images/52/000096.jpg,pair10/argue10/images/52/000096.jpg,940,1280,940,False,False,nan,235.2304842518217,3833.701483543883,nan,nan,nan,full,235.2304842518217,3833.701483543883,0.31333892617449666,False,False
Hi4D,/home/shangguanrz/project/pic-edit/datasets/Hi4D_pilot_v1/raw/pair02/backhug02/images/64/000048.jpg,pair02/backhug02/images/64/000048.jpg,940,1280,940,False,False,nan,227.49388763579697,4054.5375768783247,nan,nan,nan,full,227.49388763579697,4054.5375768783247,0.3135486577181208,False,False
Hi4D,/home/shangguanrz/project/pic-edit/datasets/Hi4D_pilot_v1/raw/pair02/backhug02/images/64/000124.jpg,pair02/backhug02/images/64/000124.jpg,940,1280,940,False,False,nan,229.49210093009518,3992.258695561835,nan,nan,nan,full,229.49210093009518,3992.258695561835,0.3135486577181208,False,False
Hi4D,/home/shangguanrz/project/pic-edit/datasets/Hi4D_pilot_v1/raw/pair01/fight01/images/52/000015.jpg,pair01/fight01/images/52/000015.jpg,940,1280,940,False,False,nan,229.39838925955144,3999.188040226064,nan,nan,nan,full,229.39838925955144,3999.188040226064,0.3141778523489933,False,False
Hi4D,/home/shangguanrz/project/pic-edit/datasets/Hi4D_pilot_v1/raw/pair28/dance28/images/4/000085.jpg,pair28/dance28/images/4/000085.jpg,940,1280,940,False,False,nan,224.26946218046683,4107.247911818484,nan,nan,nan,full,224.26946218046683,4107.247911818484,0.3150167785234899,False,False
Hi4D,/home/shangguanrz/project/pic-edit/datasets/Hi4D_pilot_v1/raw/pair28/dance28/images/4/000078.jpg,pair28/dance28/images/4/000078.jpg,940,1280,940,False,False,nan,223.1682478246132,4131.448761635638,nan,nan,nan,full,223.1682478246132,4131.448761635638,0.3156459731543624,False,False
Hi4D,/home/shangguanrz/project/pic-edit/datasets/Hi4D_pilot_v1/raw/pair02/backhug02/images/64/000039.jpg,pair02/backhug02/images/64/000039.jpg,940,1280,940,False,False,nan,228.18464443528737,4048.031218833112,nan,nan,nan,full,228.18464443528737,4048.031218833112,0.3158557046979866,False,False
Hi4D,/home/shangguanrz/project/pic-edit/datasets/Hi4D_pilot_v1/raw/pair02/backhug02/images/64/000141.jpg,pair02/backhug02/images/64/000141.jpg,940,1280,940,False,False,nan,229.27348114946088,4009.207114361702,nan,nan,nan,full,229.27348114946088,4009.207114361702,0.31585570469798663,False,False
Hi4D,/home/shangguanrz/project/pic-edit/datasets/Hi4D_pilot_v1/raw/pair01/fight01/images/52/000055.jpg,pair01/fight01/images/52/000055.jpg,940,1280,940,False,False,nan,229.41716737248555,4008.8777634640956,nan,nan,nan,full,229.41716737248555,4008.8777634640956,0.31711409395973156,False,False
Hi4D,/home/shangguanrz/project/pic-edit/datasets/Hi4D_pilot_v1/raw/pair28/dance28/images/4/000112.jpg,pair28/dance28/images/4/000112.jpg,940,1280,940,False,False,nan,218.98087823005113,4209.515760056516,nan,nan,nan,full,218.98087823005113,4209.515760056516,0.31711409395973156,False,False
Hi4D,/home/shangguanrz/project/pic-edit/datasets/Hi4D_pilot_v1/raw/pair28/basketball28/images/4/000034.jpg,pair28/basketball28/images/4/000034.jpg,940,1280,940,False,False,nan,226.30506079452726,4087.143346908245,nan,nan,nan,full,226.30506079452726,4087.143346908245,0.3173238255033557,False,False
Hi4D,/home/shangguanrz/project/pic-edit/datasets/Hi4D_pilot_v1/raw/pair09/talk09/images/76/000033.jpg,pair09/talk09/images/76/000033.jpg,940,1280,940,False,False,nan,246.39150029102453,3469.434258643617,nan,nan,nan,full,246.39150029102453,3469.434258643617,0.3185822147651007,False,False
Hi4D,/home/shangguanrz/project/pic-edit/datasets/Hi4D_pilot_v1/raw/pair09/talk09/images/76/000038.jpg,pair09/talk09/images/76/000038.jpg,940,1280,940,False,False,nan,246.60577779228518,3461.971544630984,nan,nan,nan,full,246.60577779228518,3461.971544630984,0.3187919463087248,False,False
Hi4D,/home/shangguanrz/project/pic-edit/datasets/Hi4D_pilot_v1/raw/pair12/talk12/images/16/000047.jpg,pair12/talk12/images/16/000047.jpg,940,1280,940,False,False,nan,221.16274236108234,4175.414592337101,nan,nan,nan,full,221.16274236108234,4175.414592337101,0.31921140939597314,False,False
Hi4D,/home/shangguanrz/project/pic-edit/datasets/Hi4D_pilot_v1/raw/pair02/backhug02/images/64/000050.jpg,pair02/backhug02/images/64/000050.jpg,940,1280,940,False,False,nan,228.25841774426195,4064.8956220910904,nan,nan,nan,full,228.25841774426195,4064.8956220910904,0.3196308724832215,False,False
Hi4D,/home/shangguanrz/project/pic-edit/datasets/Hi4D_pilot_v1/raw/pair02/pose02/images/52/000095.jpg,pair02/pose02/images/52/000095.jpg,940,1280,940,False,False,nan,224.10209210872003,4128.346440741357,nan,nan,nan,full,224.10209210872003,4128.346440741357,0.31984060402684567,False,False
Hi4D,/home/shangguanrz/project/pic-edit/datasets/Hi4D_pilot_v1/raw/pair02/backhug02/images/64/000052.jpg,pair02/backhug02/images/64/000052.jpg,940,1280,940,False,False,nan,228.18569089309727,4070.954672955452,nan,nan,nan,full,228.18569089309727,4070.954672955452,0.32026006711409394,False,False
Hi4D,/home/shangguanrz/project/pic-edit/datasets/Hi4D_pilot_v1/raw/pair28/basketball28/images/4/000044.jpg,pair28/basketball28/images/4/000044.jpg,940,1280,940,False,False,nan,225.796479916238,4106.963555518617,nan,nan,nan,full,225.796479916238,4106.963555518617,0.3213087248322148,False,False
Hi4D,/home/shangguanrz/project/pic-edit/datasets/Hi4D_pilot_v1/raw/pair28/dance28/images/4/000076.jpg,pair28/dance28/images/4/000076.jpg,940,1280,940,False,False,nan,224.80574620012897,4128.150328291224,nan,nan,nan,full,224.80574620012897,4128.150328291224,0.3217281879194631,False,False
Hi4D,/home/shangguanrz/project/pic-edit/datasets/Hi4D_pilot_v1/raw/pair02/pose02/images/52/000117.jpg,pair02/pose02/images/52/000117.jpg,940,1280,940,False,False,nan,226.2918149352128,4103.327231549202,nan,nan,nan,full,226.2918149352128,4103.327231549202,0.32193791946308725,False,False
Hi4D,/home/shangguanrz/project/pic-edit/datasets/Hi4D_pilot_v1/raw/pair02/backhug02/images/64/000142.jpg,pair02/backhug02/images/64/000142.jpg,940,1280,940,False,False,nan,229.61702474394548,4023.5880568484044,nan,nan,nan,full,229.61702474394548,4023.5880568484044,0.3221476510067114,False,False
Hi4D,/home/shangguanrz/project/pic-edit/datasets/Hi4D_pilot_v1/raw/pair02/backhug02/images/64/000067.jpg,pair02/backhug02/images/64/000067.jpg,940,1280,940,False,False,nan,230.61657391135756,3996.6185900099736,nan,nan,nan,full,230.61657391135756,3996.6185900099736,0.3223573825503355,False,False
Hi4D,/home/shangguanrz/project/pic-edit/datasets/Hi4D_pilot_v1/raw/pair12/talk12/images/16/000064.jpg,pair12/talk12/images/16/000064.jpg,940,1280,940,False,False,nan,224.25684705129723,4135.660239361702,nan,nan,nan,full,224.25684705129723,4135.660239361702,0.3225671140939597,False,False
Hi4D,/home/shangguanrz/project/pic-edit/datasets/Hi4D_pilot_v1/raw/pair02/pose02/images/52/000115.jpg,pair02/pose02/images/52/000115.jpg,940,1280,940,False,False,nan,225.35104796008426,4123.076628989362,nan,nan,nan,full,225.35104796008426,4123.076628989362,0.32361577181208057,False,False
Hi4D,/home/shangguanrz/project/pic-edit/datasets/Hi4D_pilot_v1/raw/pair12/fight12/images/16/000033.jpg,pair12/fight12/images/16/000033.jpg,940,1280,940,False,False,nan,220.53590511096556,4216.340113863032,nan,nan,nan,full,220.53590511096556,4216.340113863032,0.3238255033557047,False,False
Hi4D,/home/shangguanrz/project/pic-edit/datasets/Hi4D_pilot_v1/raw/pair14/hug14/images/4/000044.jpg,pair14/hug14/images/4/000044.jpg,940,1280,940,False,False,nan,219.87645162225797,4228.794454371676,nan,nan,nan,full,219.87645162225797,4228.794454371676,0.32403523489932884,False,False
Hi4D,/home/shangguanrz/project/pic-edit/datasets/Hi4D_pilot_v1/raw/pair09/talk09/images/76/000049.jpg,pair09/talk09/images/76/000049.jpg,940,1280,940,False,False,nan,243.03068572830534,3579.876921958112,nan,nan,nan,full,243.03068572830534,3579.876921958112,0.32424496644295303,False,False
Hi4D,/home/shangguanrz/project/pic-edit/datasets/Hi4D_pilot_v1/raw/pair02/backhug02/images/64/000058.jpg,pair02/backhug02/images/64/000058.jpg,940,1280,940,False,False,nan,228.62103921215478,4072.23505028258,nan,nan,nan,full,228.62103921215478,4072.23505028258,0.32445469798657717,False,False
Hi4D,/home/shangguanrz/project/pic-edit/datasets/Hi4D_pilot_v1/raw/pair02/backhug02/images/64/000144.jpg,pair02/backhug02/images/64/000144.jpg,940,1280,940,False,False,nan,229.7146690078265,4036.1863987699467,nan,nan,nan,full,229.7146690078265,4036.1863987699467,0.3244546979865772,False,False
Hi4D,/home/shangguanrz/project/pic-edit/datasets/Hi4D_pilot_v1/raw/pair02/backhug02/images/64/000137.jpg,pair02/backhug02/images/64/000137.jpg,940,1280,940,False,False,nan,230.68328017193352,4005.3666264960107,nan,nan,nan,full,230.68328017193352,4005.3666264960107,0.32508389261744963,False,False
Hi4D,/home/shangguanrz/project/pic-edit/datasets/Hi4D_pilot_v1/raw/pair02/pose02/images/52/000111.jpg,pair02/pose02/images/52/000111.jpg,940,1280,940,False,False,nan,223.6766383361633,4151.89306640625,nan,nan,nan,full,223.6766383361633,4151.89306640625,0.32571308724832215,False,False
Hi4D,/home/shangguanrz/project/pic-edit/datasets/Hi4D_pilot_v1/raw/pair14/hug14/images/4/000043.jpg,pair14/hug14/images/4/000043.jpg,940,1280,940,False,False,nan,219.03966179213518,4244.53106299867,nan,nan,nan,full,219.03966179213518,4244.53106299867,0.3259228187919463,False,False
Hi4D,/home/shangguanrz/project/pic-edit/datasets/Hi4D_pilot_v1/raw/pair01/fight01/images/52/000041.jpg,pair01/fight01/images/52/000041.jpg,940,1280,940,False,False,nan,232.29621992018392,3992.515147107713,nan,nan,nan,full,232.29621992018392,3992.515147107713,0.3265520134228188,False,False
Hi4D,/home/shangguanrz/project/pic-edit/datasets/Hi4D_pilot_v1/raw/pair02/backhug02/images/64/000059.jpg,pair02/backhug02/images/64/000059.jpg,940,1280,940,False,False,nan,229.38914536328917,4066.830285904255,nan,nan,nan,full,229.38914536328917,4066.830285904255,0.3265520134228188,False,False
Hi4D,/home/shangguanrz/project/pic-edit/datasets/Hi4D_pilot_v1/raw/pair02/backhug02/images/64/000046.jpg,pair02/backhug02/images/64/000046.jpg,940,1280,940,False,False,nan,229.42299392537439,4064.6905439660904,nan,nan,nan,full,229.42299392537439,4064.6905439660904,0.32676174496644295,False,False
Hi4D,/home/shangguanrz/project/pic-edit/datasets/Hi4D_pilot_v1/raw/pair02/backhug02/images/64/000018.jpg,pair02/backhug02/images/64/000018.jpg,940,1280,940,False,False,nan,230.46811381234684,4018.754643866356,nan,nan,nan,full,230.46811381234684,4018.754643866356,0.3271812080536913,False,False
Hi4D,/home/shangguanrz/project/pic-edit/datasets/Hi4D_pilot_v1/raw/pair02/backhug02/images/64/000069.jpg,pair02/backhug02/images/64/000069.jpg,940,1280,940,False,False,nan,231.8006010231469,4000.7025224401596,nan,nan,nan,full,231.8006010231469,4000.7025224401596,0.3271812080536913,False,False
Hi4D,/home/shangguanrz/project/pic-edit/datasets/Hi4D_pilot_v1/raw/pair12/fight12/images/16/000061.jpg,pair12/fight12/images/16/000061.jpg,940,1280,940,False,False,nan,220.69384030075622,4231.567413979388,nan,nan,nan,full,220.69384030075622,4231.567413979388,0.3276006711409396,False,False
Hi4D,/home/shangguanrz/project/pic-edit/datasets/Hi4D_pilot_v1/raw/pair10/dance10/images/4/000028.jpg,pair10/dance10/images/4/000028.jpg,940,1280,940,False,False,nan,221.30108006899582,4221.252825797872,nan,nan,nan,full,221.30108006899582,4221.252825797872,0.32802013422818793,False,False
Hi4D,/home/shangguanrz/project/pic-edit/datasets/Hi4D_pilot_v1/raw/pair10/argue10/images/52/000134.jpg,pair10/argue10/images/52/000134.jpg,940,1280,940,False,False,nan,238.8809166264351,3793.184539145612,nan,nan,nan,full,238.8809166264351,3793.184539145612,0.32822986577181207,False,False
Hi4D,/home/shangguanrz/project/pic-edit/datasets/Hi4D_pilot_v1/raw/pair02/pose02/images/52/000110.jpg,pair02/pose02/images/52/000110.jpg,940,1280,940,False,False,nan,223.70280688936316,4159.78173828125,nan,nan,nan,full,223.70280688936316,4159.78173828125,0.3282298657718121,False,False
Hi4D,/home/shangguanrz/project/pic-edit/datasets/Hi4D_pilot_v1/raw/pair09/talk09/images/76/000048.jpg,pair09/talk09/images/76/000048.jpg,940,1280,940,False,False,nan,244.36005821061818,3566.9706407912236,nan,nan,nan,full,244.36005821061818,3566.9706407912236,0.3286493288590604,False,False
Hi4D,/home/shangguanrz/project/pic-edit/datasets/Hi4D_pilot_v1/raw/pair02/backhug02/images/64/000041.jpg,pair02/backhug02/images/64/000041.jpg,940,1280,940,False,False,nan,229.406790592569,4080.8973882147607,nan,nan,nan,full,229.406790592569,4080.8973882147607,0.330746644295302,False,False
Hi4D,/home/shangguanrz/project/pic-edit/datasets/Hi4D_pilot_v1/raw/pair10/argue10/images/52/000133.jpg,pair10/argue10/images/52/000133.jpg,940,1280,940,False,False,nan,239.14552257912572,3795.972219913564,nan,nan,nan,full,239.14552257912572,3795.972219913564,0.3309563758389262,False,False
Hi4D,/home/shangguanrz/project/pic-edit/datasets/Hi4D_pilot_v1/raw/pair22/kiss22/images/4/000061.jpg,pair22/kiss22/images/4/000061.jpg,940,1280,940,False,False,nan,230.40145845011705,4044.5765978224736,nan,nan,nan,full,230.40145845011705,4044.5765978224736,0.3309563758389262,False,False
Hi4D,/home/shangguanrz/project/pic-edit/datasets/Hi4D_pilot_v1/raw/pair09/talk09/images/76/000041.jpg,pair09/talk09/images/76/000041.jpg,940,1280,940,False,False,nan,248.50195685462091,3484.701306931516,nan,nan,nan,full,248.50195685462091,3484.701306931516,0.3315855704697987,False,False
Hi4D,/home/shangguanrz/project/pic-edit/datasets/Hi4D_pilot_v1/raw/pair02/dance02/images/4/000115.jpg,pair02/dance02/images/4/000115.jpg,940,1280,940,False,False,nan,222.75172402374128,4201.518793633643,nan,nan,nan,full,222.75172402374128,4201.518793633643,0.33179530201342283,False,False
Hi4D,/home/shangguanrz/project/pic-edit/datasets/Hi4D_pilot_v1/raw/pair22/kiss22/images/4/000058.jpg,pair22/kiss22/images/4/000058.jpg,940,1280,940,False,False,nan,230.04882525739325,4064.9591505984044,nan,nan,nan,full,230.04882525739325,4064.9591505984044,0.33200503355704697,False,False
Hi4D,/home/shangguanrz/project/pic-edit/datasets/Hi4D_pilot_v1/raw/pair10/argue10/images/52/000131.jpg,pair10/argue10/images/52/000131.jpg,940,1280,940,False,False,nan,238.6865372663982,3812.920358211436,nan,nan,nan,full,238.6865372663982,3812.920358211436,0.3324244966442953,False,False
Hi4D,/home/shangguanrz/project/pic-edit/datasets/Hi4D_pilot_v1/raw/pair02/backhug02/images/64/000042.jpg,pair02/backhug02/images/64/000042.jpg,940,1280,940,False,False,nan,229.47334437024384,4085.1414457280584,nan,nan,nan,full,229.47334437024384,4085.1414457280584,0.33305369127516776,False,False
Hi4D,/home/shangguanrz/project/pic-edit/datasets/Hi4D_pilot_v1/raw/pair02/pose02/images/52/000108.jpg,pair02/pose02/images/52/000108.jpg,940,1280,940,False,False,nan,224.5438101652145,4166.808396359707,nan,nan,nan,full,224.5438101652145,4166.808396359707,0.3330536912751678,False,False
Hi4D,/home/shangguanrz/project/pic-edit/datasets/Hi4D_pilot_v1/raw/pair02/backhug02/images/64/000044.jpg,pair02/backhug02/images/64/000044.jpg,940,1280,940,False,False,nan,229.91812764834688,4074.359104886968,nan,nan,nan,full,229.91812764834688,4074.359104886968,0.33326342281879195,False,False
Hi4D,/home/shangguanrz/project/pic-edit/datasets/Hi4D_pilot_v1/raw/pair01/fight01/images/52/000054.jpg,pair01/fight01/images/52/000054.jpg,940,1280,940,False,False,nan,233.68951369044248,3985.9915953291224,nan,nan,nan,full,233.68951369044248,3985.9915953291224,0.3334731543624161,False,False
Hi4D,/home/shangguanrz/project/pic-edit/datasets/Hi4D_pilot_v1/raw/pair02/backhug02/images/64/000054.jpg,pair02/backhug02/images/64/000054.jpg,940,1280,940,False,False,nan,229.30877263622082,4094.710314162234,nan,nan,nan,full,229.30877263622082,4094.710314162234,0.3334731543624161,False,False
Hi4D,/home/shangguanrz/project/pic-edit/datasets/Hi4D_pilot_v1/raw/pair28/basketball28/images/4/000097.jpg,pair28/basketball28/images/4/000097.jpg,940,1280,940,False,False,nan,225.17073088428347,4155.565585521941,nan,nan,nan,full,225.17073088428347,4155.565585521941,0.3334731543624161,False,False
Hi4D,/home/shangguanrz/project/pic-edit/datasets/Hi4D_pilot_v1/raw/pair02/backhug02/images/64/000016.jpg,pair02/backhug02/images/64/000016.jpg,940,1280,940,False,False,nan,231.10232395818733,4056.549763131649,nan,nan,nan,full,231.10232395818733,4056.549763131649,0.33578020134228187,False,False
Hi4D,/home/shangguanrz/project/pic-edit/datasets/Hi4D_pilot_v1/raw/pair28/dance28/images/4/000067.jpg,pair28/dance28/images/4/000067.jpg,940,1280,940,False,False,nan,226.1672564908194,4148.795721825133,nan,nan,nan,full,226.1672564908194,4148.795721825133,0.33598993288590606,False,False
Hi4D,/home/shangguanrz/project/pic-edit/datasets/Hi4D_pilot_v1/raw/pair28/dance28/images/4/000087.jpg,pair28/dance28/images/4/000087.jpg,940,1280,940,False,False,nan,226.42813874629357,4146.158244680851,nan,nan,nan,full,226.42813874629357,4146.158244680851,0.33598993288590606,False,False
Hi4D,/home/shangguanrz/project/pic-edit/datasets/Hi4D_pilot_v1/raw/pair09/talk09/images/76/000050.jpg,pair09/talk09/images/76/000050.jpg,940,1280,940,False,False,nan,244.800010038318,3596.629134807181,nan,nan,nan,full,244.800010038318,3596.629134807181,0.3361996644295302,False,False
Hi4D,/home/shangguanrz/project/pic-edit/datasets/Hi4D_pilot_v1/raw/pair12/fight12/images/16/000024.jpg,pair12/fight12/images/16/000024.jpg,940,1280,940,False,False,nan,216.6724042972055,4308.121062583112,nan,nan,nan,full,216.6724042972055,4308.121062583112,0.3361996644295302,False,False
Hi4D,/home/shangguanrz/project/pic-edit/datasets/Hi4D_pilot_v1/raw/pair01/fight01/images/52/000042.jpg,pair01/fight01/images/52/000042.jpg,940,1280,940,False,False,nan,232.62391350805197,4022.3399164727393,nan,nan,nan,full,232.62391350805197,4022.3399164727393,0.3368288590604027,False,False
Hi4D,/home/shangguanrz/project/pic-edit/datasets/Hi4D_pilot_v1/raw/pair28/dance28/images/4/000066.jpg,pair28/dance28/images/4/000066.jpg,940,1280,940,False,False,nan,225.92259620656895,4157.18449758976,nan,nan,nan,full,225.92259620656895,4157.18449758976,0.3376677852348993,False,False
Hi4D,/home/shangguanrz/project/pic-edit/datasets/Hi4D_pilot_v1/raw/pair09/talk09/images/76/000047.jpg,pair09/talk09/images/76/000047.jpg,940,1280,940,False,False,nan,246.44115445396923,3560.193452875665,nan,nan,nan,full,246.44115445396923,3560.193452875665,0.33808724832214765,False,False
Hi4D,/home/shangguanrz/project/pic-edit/datasets/Hi4D_pilot_v1/raw/pair01/fight01/images/52/000013.jpg,pair01/fight01/images/52/000013.jpg,940,1280,940,False,False,nan,231.99274194351193,4057.6547228224736,nan,nan,nan,full,231.99274194351193,4057.6547228224736,0.33871644295302017,False,False
Hi4D,/home/shangguanrz/project/pic-edit/datasets/Hi4D_pilot_v1/raw/pair01/fight01/images/52/000044.jpg,pair01/fight01/images/52/000044.jpg,940,1280,940,False,False,nan,232.60111967496823,4042.877160904255,nan,nan,nan,full,232.60111967496823,4042.877160904255,0.3395553691275168,False,False
Hi4D,/home/shangguanrz/project/pic-edit/datasets/Hi4D_pilot_v1/raw/pair09/talk09/images/76/000051.jpg,pair09/talk09/images/76/000051.jpg,940,1280,940,False,False,nan,245.0293399910681,3613.186783161569,nan,nan,nan,full,245.0293399910681,3613.186783161569,0.33976510067114096,False,False
Hi4D,/home/shangguanrz/project/pic-edit/datasets/Hi4D_pilot_v1/raw/pair09/talk09/images/76/000032.jpg,pair09/talk09/images/76/000032.jpg,940,1280,940,False,False,nan,249.59087445971767,3532.5864465591753,nan,nan,nan,full,249.59087445971767,3532.5864465591753,0.3399748322147651,False,False
Hi4D,/home/shangguanrz/project/pic-edit/datasets/Hi4D_pilot_v1/raw/pair22/kiss22/images/4/000059.jpg,pair22/kiss22/images/4/000059.jpg,940,1280,940,False,False,nan,233.0878626120312,4029.576140708112,nan,nan,nan,full,233.0878626120312,4029.576140708112,0.34018456375838924,False,False
Hi4D,/home/shangguanrz/project/pic-edit/datasets/Hi4D_pilot_v1/raw/pair10/argue10/images/52/000132.jpg,pair10/argue10/images/52/000132.jpg,940,1280,940,False,False,nan,239.81843947662708,3819.7601084607713,nan,nan,nan,full,239.81843947662708,3819.7601084607713,0.3410234899328859,False,False
Hi4D,/home/shangguanrz/project/pic-edit/datasets/Hi4D_pilot_v1/raw/pair10/argue10/images/52/000130.jpg,pair10/argue10/images/52/000130.jpg,940,1280,940,False,False,nan,239.40555748779232,3834.107162150931,nan,nan,nan,full,239.40555748779232,3834.107162150931,0.3414429530201342,False,False
Hi4D,/home/shangguanrz/project/pic-edit/datasets/Hi4D_pilot_v1/raw/pair02/backhug02/images/64/000146.jpg,pair02/backhug02/images/64/000146.jpg,940,1280,940,False,False,nan,231.95082661079138,4074.530221492686,nan,nan,nan,full,231.95082661079138,4074.530221492686,0.3416526845637584,False,False
Hi4D,/home/shangguanrz/project/pic-edit/datasets/Hi4D_pilot_v1/raw/pair01/fight01/images/52/000053.jpg,pair01/fight01/images/52/000053.jpg,940,1280,940,False,False,nan,232.44748812314882,4069.261053856383,nan,nan,nan,full,232.44748812314882,4069.261053856383,0.3431208053691275,False,False
Hi4D,/home/shangguanrz/project/pic-edit/datasets/Hi4D_pilot_v1/raw/pair01/fight01/images/52/000052.jpg,pair01/fight01/images/52/000052.jpg,940,1280,940,False,False,nan,232.1095149064561,4076.705826130319,nan,nan,nan,full,232.1095149064561,4076.705826130319,0.34333053691275167,False,False
Hi4D,/home/shangguanrz/project/pic-edit/datasets/Hi4D_pilot_v1/raw/pair12/talk12/images/16/000046.jpg,pair12/talk12/images/16/000046.jpg,940,1280,940,False,False,nan,223.73894203955794,4232.80419921875,nan,nan,nan,full,223.73894203955794,4232.80419921875,0.34354026845637586,False,False
Hi4D,/home/shangguanrz/project/pic-edit/datasets/Hi4D_pilot_v1/raw/pair28/basketball28/images/4/000098.jpg,pair28/basketball28/images/4/000098.jpg,940,1280,940,False,False,nan,226.13954837635774,4180.43280418883,nan,nan,nan,full,226.13954837635774,4180.43280418883,0.34416946308724833,False,False
Hi4D,/home/shangguanrz/project/pic-edit/datasets/Hi4D_pilot_v1/raw/pair10/argue10/images/52/000082.jpg,pair10/argue10/images/52/000082.jpg,940,1280,940,False,False,nan,237.42060744282136,3901.2195291722073,nan,nan,nan,full,237.42060744282136,3901.2195291722073,0.34458892617449666,False,False
Hi4D,/home/shangguanrz/project/pic-edit/datasets/Hi4D_pilot_v1/raw/pair01/fight01/images/52/000051.jpg,pair01/fight01/images/52/000051.jpg,940,1280,940,False,False,nan,232.34005571866038,4080.322701961436,nan,nan,nan,full,232.34005571866038,4080.322701961436,0.34500838926174493,False,False
Hi4D,/home/shangguanrz/project/pic-edit/datasets/Hi4D_pilot_v1/raw/pair09/talk09/images/76/000039.jpg,pair09/talk09/images/76/000039.jpg,940,1280,940,False,False,nan,251.38696381094877,3538.712443899601,nan,nan,nan,full,251.38696381094877,3538.712443899601,0.3462667785234899,False,False
Hi4D,/home/shangguanrz/project/pic-edit/datasets/Hi4D_pilot_v1/raw/pair02/pose02/images/52/000097.jpg,pair02/pose02/images/52/000097.jpg,940,1280,940,False,False,nan,227.14468166651693,4174.567445146276,nan,nan,nan,full,227.14468166651693,4174.567445146276,0.3464765100671141,False,False
Hi4D,/home/shangguanrz/project/pic-edit/datasets/Hi4D_pilot_v1/raw/pair02/pose02/images/52/000032.jpg,pair02/pose02/images/52/000032.jpg,940,1280,940,False,False,nan,226.94616405647662,4180.507303440824,nan,nan,nan,full,226.94616405647662,4180.507303440824,0.3471057046979866,False,False
Hi4D,/home/shangguanrz/project/pic-edit/datasets/Hi4D_pilot_v1/raw/pair02/backhug02/images/64/000056.jpg,pair02/backhug02/images/64/000056.jpg,940,1280,940,False,False,nan,230.66940213304773,4105.678648603724,nan,nan,nan,full,230.66940213304773,4105.678648603724,0.3475251677852349,False,False
Hi4D,/home/shangguanrz/project/pic-edit/datasets/Hi4D_pilot_v1/raw/pair01/talk01/images/16/000149.jpg,pair01/talk01/images/16/000149.jpg,940,1280,940,False,False,nan,230.21622843675453,4116.941738696809,nan,nan,nan,full,230.21622843675453,4116.941738696809,0.34836409395973156,False,False
Hi4D,/home/shangguanrz/project/pic-edit/datasets/Hi4D_pilot_v1/raw/pair09/talk09/images/76/000040.jpg,pair09/talk09/images/76/000040.jpg,940,1280,940,False,False,nan,250.2977471329767,3547.917833693484,nan,nan,nan,full,250.2977471329767,3547.917833693484,0.3485738255033557,False,False
Hi4D,/home/shangguanrz/project/pic-edit/datasets/Hi4D_pilot_v1/raw/pair02/backhug02/images/64/000148.jpg,pair02/backhug02/images/64/000148.jpg,940,1280,940,False,False,nan,233.11379768806322,4076.5892827460107,nan,nan,nan,full,233.11379768806322,4076.5892827460107,0.348993288590604,False,False
Hi4D,/home/shangguanrz/project/pic-edit/datasets/Hi4D_pilot_v1/raw/pair09/talk09/images/76/000052.jpg,pair09/talk09/images/76/000052.jpg,940,1280,940,False,False,nan,247.04493789318838,3633.033442071144,nan,nan,nan,full,247.04493789318838,3633.033442071144,0.34920302013422816,False,False
Hi4D,/home/shangguanrz/project/pic-edit/datasets/Hi4D_pilot_v1/raw/pair01/fight01/images/52/000049.jpg,pair01/fight01/images/52/000049.jpg,940,1280,940,False,False,nan,233.7628963559988,4063.7752659574467,nan,nan,nan,full,233.7628963559988,4063.7752659574467,0.34941275167785235,False,False
Hi4D,/home/shangguanrz/project/pic-edit/datasets/Hi4D_pilot_v1/raw/pair12/fight12/images/16/000025.jpg,pair12/fight12/images/16/000025.jpg,940,1280,940,False,False,nan,218.94072876034852,4327.922456781915,nan,nan,nan,full,218.94072876034852,4327.922456781915,0.34941275167785235,False,False
Hi4D,/home/shangguanrz/project/pic-edit/datasets/Hi4D_pilot_v1/raw/pair28/basketball28/images/4/000109.jpg,pair28/basketball28/images/4/000109.jpg,940,1280,940,False,False,nan,230.34594507396028,4118.107567320479,nan,nan,nan,full,230.34594507396028,4118.107567320479,0.3498322147651007,False,False
Hi4D,/home/shangguanrz/project/pic-edit/datasets/Hi4D_pilot_v1/raw/pair10/dance10/images/4/000073.jpg,pair10/dance10/images/4/000073.jpg,940,1280,940,False,False,nan,220.99815135670775,4303.113592918883,nan,nan,nan,full,220.99815135670775,4303.113592918883,0.350251677852349,False,False
Hi4D,/home/shangguanrz/project/pic-edit/datasets/Hi4D_pilot_v1/raw/pair02/pose02/images/52/000106.jpg,pair02/pose02/images/52/000106.jpg,940,1280,940,False,False,nan,227.76634672398805,4181.846232962101,nan,nan,nan,full,227.76634672398805,4181.846232962101,0.35046140939597314,False,False
Hi4D,/home/shangguanrz/project/pic-edit/datasets/Hi4D_pilot_v1/raw/pair10/argue10/images/52/000114.jpg,pair10/argue10/images/52/000114.jpg,940,1280,940,False,False,nan,237.674357547216,3923.1351292386967,nan,nan,nan,full,237.674357547216,3923.1351292386967,0.3506711409395973,False,False
Hi4D,/home/shangguanrz/project/pic-edit/datasets/Hi4D_pilot_v1/raw/pair09/talk09/images/76/000054.jpg,pair09/talk09/images/76/000054.jpg,940,1280,940,False,False,nan,246.73661555775482,3676.974817154255,nan,nan,nan,full,246.73661555775482,3676.974817154255,0.35213926174496646,False,False
Hi4D,/home/shangguanrz/project/pic-edit/datasets/Hi4D_pilot_v1/raw/pair22/game22/images/4/000150.jpg,pair22/game22/images/4/000150.jpg,940,1280,940,False,False,nan,237.83891087344136,3923.3657849900264,nan,nan,nan,full,237.83891087344136,3923.3657849900264,0.35213926174496646,False,False
Hi4D,/home/shangguanrz/project/pic-edit/datasets/Hi4D_pilot_v1/raw/pair28/dance28/images/4/000088.jpg,pair28/dance28/images/4/000088.jpg,940,1280,940,False,False,nan,228.04489507624987,4186.76941697141,nan,nan,nan,full,228.04489507624987,4186.76941697141,0.35318791946308725,False,False
Hi4D,/home/shangguanrz/project/pic-edit/datasets/Hi4D_pilot_v1/raw/pair10/argue10/images/52/000085.jpg,pair10/argue10/images/52/000085.jpg,940,1280,940,False,False,nan,238.37892168965365,3921.2911818484044,nan,nan,nan,full,238.37892168965365,3921.2911818484044,0.3536073825503355,False,False
Hi4D,/home/shangguanrz/project/pic-edit/datasets/Hi4D_pilot_v1/raw/pair01/fight01/images/52/000014.jpg,pair01/fight01/images/52/000014.jpg,940,1280,940,False,False,nan,233.26084430879362,4089.8726832613033,nan,nan,nan,full,233.26084430879362,4089.8726832613033,0.3540268456375839,False,False
Hi4D,/home/shangguanrz/project/pic-edit/datasets/Hi4D_pilot_v1/raw/pair01/talk01/images/16/000147.jpg,pair01/talk01/images/16/000147.jpg,940,1280,940,False,False,nan,232.22226869080507,4108.791410405585,nan,nan,nan,full,232.22226869080507,4108.791410405585,0.35423657718120805,False,False
Hi4D,/home/shangguanrz/project/pic-edit/datasets/Hi4D_pilot_v1/raw/pair22/kiss22/images/4/000042.jpg,pair22/kiss22/images/4/000042.jpg,940,1280,940,False,False,nan,233.8974070546853,4085.751007729388,nan,nan,nan,full,233.8974070546853,4085.751007729388,0.35696308724832215,False,False
Hi4D,/home/shangguanrz/project/pic-edit/datasets/Hi4D_pilot_v1/raw/pair09/talk09/images/76/000053.jpg,pair09/talk09/images/76/000053.jpg,940,1280,940,False,False,nan,247.8580934236146,3671.054822556516,nan,nan,nan,full,247.8580934236146,3671.054822556516,0.3571728187919463,False,False
Hi4D,/home/shangguanrz/project/pic-edit/datasets/Hi4D_pilot_v1/raw/pair28/dance28/images/4/000057.jpg,pair28/dance28/images/4/000057.jpg,940,1280,940,False,False,nan,228.2660300849303,4205.308375581782,nan,nan,nan,full,228.2660300849303,4205.308375581782,0.3584312080536913,False,False
Hi4D,/home/shangguanrz/project/pic-edit/datasets/Hi4D_pilot_v1/raw/pair28/dance28/images/4/000060.jpg,pair28/dance28/images/4/000060.jpg,940,1280,940,False,False,nan,227.98568876858693,4219.761355136303,nan,nan,nan,full,227.98568876858693,4219.761355136303,0.35864093959731547,False,False
Hi4D,/home/shangguanrz/project/pic-edit/datasets/Hi4D_pilot_v1/raw/pair01/fight01/images/52/000045.jpg,pair01/fight01/images/52/000045.jpg,940,1280,940,False,False,nan,234.7960171936701,4068.572265625,nan,nan,nan,full,234.7960171936701,4068.572265625,0.3588506711409396,False,False
Hi4D,/home/shangguanrz/project/pic-edit/datasets/Hi4D_pilot_v1/raw/pair22/kiss22/images/4/000044.jpg,pair22/kiss22/images/4/000044.jpg,940,1280,940,False,False,nan,234.49852346132758,4081.2460314162236,nan,nan,nan,full,234.49852346132758,4081.2460314162236,0.3592701342281879,False,False
Hi4D,/home/shangguanrz/project/pic-edit/datasets/Hi4D_pilot_v1/raw/pair02/backhug02/images/64/000014.jpg,pair02/backhug02/images/64/000014.jpg,940,1280,940,False,False,nan,233.0319345922371,4110.324945977393,nan,nan,nan,full,233.0319345922371,4110.324945977393,0.35968959731543626,False,False
Hi4D,/home/shangguanrz/project/pic-edit/datasets/Hi4D_pilot_v1/raw/pair28/dance28/images/4/000058.jpg,pair28/dance28/images/4/000058.jpg,940,1280,940,False,False,nan,228.2757691905044,4215.569585272607,nan,nan,nan,full,228.2757691905044,4215.569585272607,0.3603187919463087,False,False
Hi4D,/home/shangguanrz/project/pic-edit/datasets/Hi4D_pilot_v1/raw/pair22/kiss22/images/4/000045.jpg,pair22/kiss22/images/4/000045.jpg,940,1280,940,False,False,nan,234.7664859540973,4075.1070894281916,nan,nan,nan,full,234.7664859540973,4075.1070894281916,0.3605285234899329,False,False
Hi4D,/home/shangguanrz/project/pic-edit/datasets/Hi4D_pilot_v1/raw/pair28/dance28/images/4/000063.jpg,pair28/dance28/images/4/000063.jpg,940,1280,940,False,False,nan,229.14364239464203,4193.417750581782,nan,nan,nan,full,229.14364239464203,4193.417750581782,0.3605285234899329,False,False
Hi4D,/home/shangguanrz/project/pic-edit/datasets/Hi4D_pilot_v1/raw/pair09/talk09/images/76/000031.jpg,pair09/talk09/images/76/000031.jpg,940,1280,940,False,False,nan,252.00172402792356,3574.958288314495,nan,nan,nan,full,252.00172402792356,3574.958288314495,0.36073825503355705,False,False
Hi4D,/home/shangguanrz/project/pic-edit/datasets/Hi4D_pilot_v1/raw/pair12/talk12/images/16/000031.jpg,pair12/talk12/images/16/000031.jpg,940,1280,940,False,False,nan,231.26799640074313,4143.006742436835,nan,nan,nan,full,231.26799640074313,4143.006742436835,0.3609479865771812,False,False
Hi4D,/home/shangguanrz/project/pic-edit/datasets/Hi4D_pilot_v1/raw/pair28/dance28/images/4/000106.jpg,pair28/dance28/images/4/000106.jpg,940,1280,940,False,False,nan,225.67379553073027,4259.446424119016,nan,nan,nan,full,225.67379553073027,4259.446424119016,0.3609479865771812,False,False
Hi4D,/home/shangguanrz/project/pic-edit/datasets/Hi4D_pilot_v1/raw/pair12/fight12/images/16/000023.jpg,pair12/fight12/images/16/000023.jpg,940,1280,940,False,False,nan,221.75839588163444,4327.161704205452,nan,nan,nan,full,221.75839588163444,4327.161704205452,0.3611577181208053,False,False
Hi4D,/home/shangguanrz/project/pic-edit/datasets/Hi4D_pilot_v1/raw/pair22/kiss22/images/4/000041.jpg,pair22/kiss22/images/4/000041.jpg,940,1280,940,False,False,nan,233.93122741092972,4098.999241605718,nan,nan,nan,full,233.93122741092972,4098.999241605718,0.3611577181208053,False,False
Hi4D,/home/shangguanrz/project/pic-edit/datasets/Hi4D_pilot_v1/raw/pair12/talk12/images/16/000134.jpg,pair12/talk12/images/16/000134.jpg,940,1280,940,False,False,nan,227.60118545110868,4240.120698969415,nan,nan,nan,full,227.60118545110868,4240.120698969415,0.3615771812080537,False,False
Hi4D,/home/shangguanrz/project/pic-edit/datasets/Hi4D_pilot_v1/raw/pair28/dance28/images/4/000055.jpg,pair28/dance28/images/4/000055.jpg,940,1280,940,False,False,nan,229.15367336454514,4194.657746010638,nan,nan,nan,full,229.15367336454514,4194.657746010638,0.3615771812080537,False,False
Hi4D,/home/shangguanrz/project/pic-edit/datasets/Hi4D_pilot_v1/raw/pair12/fight12/images/16/000026.jpg,pair12/fight12/images/16/000026.jpg,940,1280,940,False,False,nan,219.84451882487886,4356.348549700798,nan,nan,nan,full,219.84451882487886,4356.348549700798,0.361996644295302,False,False
Hi4D,/home/shangguanrz/project/pic-edit/datasets/Hi4D_pilot_v1/raw/pair22/kiss22/images/4/000048.jpg,pair22/kiss22/images/4/000048.jpg,940,1280,940,False,False,nan,234.60016810974957,4088.762165475399,nan,nan,nan,full,234.60016810974957,4088.762165475399,0.36283557046979864,False,False
Hi4D,/home/shangguanrz/project/pic-edit/datasets/Hi4D_pilot_v1/raw/pair12/talk12/images/16/000136.jpg,pair12/talk12/images/16/000136.jpg,940,1280,940,False,False,nan,228.07337765606775,4236.396120761303,nan,nan,nan,full,228.07337765606775,4236.396120761303,0.3636744966442953,False,False
Hi4D,/home/shangguanrz/project/pic-edit/datasets/Hi4D_pilot_v1/raw/pair28/dance28/images/4/000064.jpg,pair28/dance28/images/4/000064.jpg,940,1280,940,False,False,nan,229.42997251432803,4194.192538646941,nan,nan,nan,full,229.42997251432803,4194.192538646941,0.3636744966442953,False,False
Hi4D,/home/shangguanrz/project/pic-edit/datasets/Hi4D_pilot_v1/raw/pair09/talk09/images/76/000055.jpg,pair09/talk09/images/76/000055.jpg,940,1280,940,False,False,nan,249.53830012696645,3688.886479803856,nan,nan,nan,full,249.53830012696645,3688.886479803856,0.36409395973154357,False,False
Hi4D,/home/shangguanrz/project/pic-edit/datasets/Hi4D_pilot_v1/raw/pair01/fight01/images/52/000050.jpg,pair01/fight01/images/52/000050.jpg,940,1280,940,False,False,nan,234.6817028550554,4093.560100149601,nan,nan,nan,full,234.6817028550554,4093.560100149601,0.36430369127516776,False,False
Hi4D,/home/shangguanrz/project/pic-edit/datasets/Hi4D_pilot_v1/raw/pair10/argue10/images/52/000124.jpg,pair10/argue10/images/52/000124.jpg,940,1280,940,False,False,nan,239.9687025343039,3927.897221991356,nan,nan,nan,full,239.9687025343039,3927.897221991356,0.3649328859060402,False,False
Hi4D,/home/shangguanrz/project/pic-edit/datasets/Hi4D_pilot_v1/raw/pair10/dance10/images/4/000075.jpg,pair10/dance10/images/4/000075.jpg,940,1280,940,False,False,nan,223.93862121660501,4304.856653091755,nan,nan,nan,full,223.93862121660501,4304.856653091755,0.3651426174496644,False,False
Hi4D,/home/shangguanrz/project/pic-edit/datasets/Hi4D_pilot_v1/raw/pair01/fight01/images/52/000048.jpg,pair01/fight01/images/52/000048.jpg,940,1280,940,False,False,nan,234.44728009651664,4101.944668384309,nan,nan,nan,full,234.44728009651664,4101.944668384309,0.36556208053691275,False,False
Hi4D,/home/shangguanrz/project/pic-edit/datasets/Hi4D_pilot_v1/raw/pair28/dance28/images/4/000061.jpg,pair28/dance28/images/4/000061.jpg,940,1280,940,False,False,nan,228.6686849813215,4229.644697473404,nan,nan,nan,full,228.6686849813215,4229.644697473404,0.36619127516778527,False,False
Hi4D,/home/shangguanrz/project/pic-edit/datasets/Hi4D_pilot_v1/raw/pair10/argue10/images/52/000115.jpg,pair10/argue10/images/52/000115.jpg,940,1280,940,False,False,nan,239.22818763807055,3950.692611369681,nan,nan,nan,full,239.22818763807055,3950.692611369681,0.3664010067114094,False,False
Hi4D,/home/shangguanrz/project/pic-edit/datasets/Hi4D_pilot_v1/raw/pair12/talk12/images/16/000132.jpg,pair12/talk12/images/16/000132.jpg,940,1280,940,False,False,nan,226.04303499420823,4268.492779670878,nan,nan,nan,full,226.04303499420823,4268.492779670878,0.3664010067114094,False,False
Hi4D,/home/shangguanrz/project/pic-edit/datasets/Hi4D_pilot_v1/raw/pair01/fight01/images/52/000012.jpg,pair01/fight01/images/52/000012.jpg,940,1280,940,False,False,nan,234.0983313041988,4110.574436918218,nan,nan,nan,full,234.0983313041988,4110.574436918218,0.36682046979865773,False,False
Hi4D,/home/shangguanrz/project/pic-edit/datasets/Hi4D_pilot_v1/raw/pair28/dance28/images/4/000054.jpg,pair28/dance28/images/4/000054.jpg,940,1280,940,False,False,nan,229.74448309769295,4200.487470910904,nan,nan,nan,full,229.74448309769295,4200.487470910904,0.36703020134228187,False,False
Hi4D,/home/shangguanrz/project/pic-edit/datasets/Hi4D_pilot_v1/raw/pair22/kiss22/images/4/000046.jpg,pair22/kiss22/images/4/000046.jpg,940,1280,940,False,False,nan,235.21592821798043,4085.7374501329787,nan,nan,nan,full,235.21592821798043,4085.7374501329787,0.36786912751677847,False,False
Hi4D,/home/shangguanrz/project/pic-edit/datasets/Hi4D_pilot_v1/raw/pair02/pose02/images/52/000101.jpg,pair02/pose02/images/52/000101.jpg,940,1280,940,False,False,nan,228.5106069220305,4241.152302194149,nan,nan,nan,full,228.5106069220305,4241.152302194149,0.3680788590604027,False,False
Hi4D,/home/shangguanrz/project/pic-edit/datasets/Hi4D_pilot_v1/raw/pair10/argue10/images/52/000083.jpg,pair10/argue10/images/52/000083.jpg,940,1280,940,False,False,nan,240.2989317659557,3930.269250748005,nan,nan,nan,full,240.2989317659557,3930.269250748005,0.3680788590604027,False,False
Hi4D,/home/shangguanrz/project/pic-edit/datasets/Hi4D_pilot_v1/raw/pair10/argue10/images/52/000128.jpg,pair10/argue10/images/52/000128.jpg,940,1280,940,False,False,nan,240.84301227992236,3915.265448387633,nan,nan,nan,full,240.84301227992236,3915.265448387633,0.3680788590604027,False,False
Hi4D,/home/shangguanrz/project/pic-edit/datasets/Hi4D_pilot_v1/raw/pair22/kiss22/images/4/000047.jpg,pair22/kiss22/images/4/000047.jpg,940,1280,940,False,False,nan,235.39712643526215,4081.48456200133,nan,nan,nan,full,235.39712643526215,4081.48456200133,0.36828859060402686,False,False
Hi4D,/home/shangguanrz/project/pic-edit/datasets/Hi4D_pilot_v1/raw/pair22/kiss22/images/4/000050.jpg,pair22/kiss22/images/4/000050.jpg,940,1280,940,False,False,nan,234.3146681740253,4111.304209607712,nan,nan,nan,full,234.3146681740253,4111.304209607712,0.36870805369127513,False,False
Hi4D,/home/shangguanrz/project/pic-edit/datasets/Hi4D_pilot_v1/raw/pair10/dance10/images/4/000180.jpg,pair10/dance10/images/4/000180.jpg,940,1280,940,False,False,nan,224.22482491662026,4312.827480884309,nan,nan,nan,full,224.22482491662026,4312.827480884309,0.3689177852348993,False,False
Hi4D,/home/shangguanrz/project/pic-edit/datasets/Hi4D_pilot_v1/raw/pair12/talk12/images/16/000030.jpg,pair12/talk12/images/16/000030.jpg,940,1280,940,False,False,nan,232.5893679146261,4148.855146692154,nan,nan,nan,full,232.5893679146261,4148.855146692154,0.3689177852348993,False,False
Hi4D,/home/shangguanrz/project/pic-edit/datasets/Hi4D_pilot_v1/raw/pair12/fight12/images/16/000032.jpg,pair12/fight12/images/16/000032.jpg,940,1280,940,False,False,nan,225.36369299381337,4293.42375540226,nan,nan,nan,full,225.36369299381337,4293.42375540226,0.3691275167785235,False,False
Hi4D,/home/shangguanrz/project/pic-edit/datasets/Hi4D_pilot_v1/raw/pair22/kiss22/images/4/000051.jpg,pair22/kiss22/images/4/000051.jpg,940,1280,940,False,False,nan,234.07836789335263,4120.399434840426,nan,nan,nan,full,234.07836789335263,4120.399434840426,0.3691275167785235,False,False
Hi4D,/home/shangguanrz/project/pic-edit/datasets/Hi4D_pilot_v1/raw/pair14/hug14/images/4/000045.jpg,pair14/hug14/images/4/000045.jpg,940,1280,940,False,False,nan,225.57573805569305,4297.798080119681,nan,nan,nan,full,225.57573805569305,4297.798080119681,0.37059563758389263,False,False
Hi4D,/home/shangguanrz/project/pic-edit/datasets/Hi4D_pilot_v1/raw/pair14/hug14/images/4/000057.jpg,pair14/hug14/images/4/000057.jpg,940,1280,940,False,False,nan,225.10369343234703,4307.107691988032,nan,nan,nan,full,225.10369343234703,4307.107691988032,0.37143456375838924,False,False
Hi4D,/home/shangguanrz/project/pic-edit/datasets/Hi4D_pilot_v1/raw/pair09/talk09/images/76/000056.jpg,pair09/talk09/images/76/000056.jpg,940,1280,940,False,False,nan,251.14976288323587,3721.908826462766,nan,nan,nan,full,251.14976288323587,3721.908826462766,0.3718540268456376,False,False
Hi4D,/home/shangguanrz/project/pic-edit/datasets/Hi4D_pilot_v1/raw/pair22/kiss22/images/4/000043.jpg,pair22/kiss22/images/4/000043.jpg,940,1280,940,False,False,nan,235.28193927272622,4096.472936751995,nan,nan,nan,full,235.28193927272622,4096.472936751995,0.3718540268456376,False,False
Hi4D,/home/shangguanrz/project/pic-edit/datasets/Hi4D_pilot_v1/raw/pair01/hug01/images/4/000115.jpg,pair01/hug01/images/4/000115.jpg,940,1280,940,False,False,nan,217.80563712624632,4426.261614860372,nan,nan,nan,full,217.80563712624632,4426.261614860372,0.3722734899328859,False,False
Hi4D,/home/shangguanrz/project/pic-edit/datasets/Hi4D_pilot_v1/raw/pair12/talk12/images/16/000084.jpg,pair12/talk12/images/16/000084.jpg,940,1280,940,False,False,nan,230.97476186618482,4189.043623254654,nan,nan,nan,full,230.97476186618482,4189.043623254654,0.3722734899328859,False,False
Hi4D,/home/shangguanrz/project/pic-edit/datasets/Hi4D_pilot_v1/raw/pair12/talk12/images/16/000131.jpg,pair12/talk12/images/16/000131.jpg,940,1280,940,False,False,nan,226.57037689069,4284.315481632314,nan,nan,nan,full,226.57037689069,4284.315481632314,0.3729026845637584,False,False
Hi4D,/home/shangguanrz/project/pic-edit/datasets/Hi4D_pilot_v1/raw/pair28/basketball28/images/4/000096.jpg,pair28/basketball28/images/4/000096.jpg,940,1280,940,False,False,nan,232.06783292235812,4177.87853224734,nan,nan,nan,full,232.06783292235812,4177.87853224734,0.37311241610738255,False,False
Hi4D,/home/shangguanrz/project/pic-edit/datasets/Hi4D_pilot_v1/raw/pair02/pose02/images/52/000099.jpg,pair02/pose02/images/52/000099.jpg,940,1280,940,False,False,nan,230.33528795645432,4212.322805851064,nan,nan,nan,full,230.33528795645432,4212.322805851064,0.3733221476510067,False,False
Hi4D,/home/shangguanrz/project/pic-edit/datasets/Hi4D_pilot_v1/raw/pair22/kiss22/images/4/000049.jpg,pair22/kiss22/images/4/000049.jpg,940,1280,940,False,False,nan,234.8603485883659,4115.430601728724,nan,nan,nan,full,234.8603485883659,4115.430601728724,0.373741610738255,False,False
Hi4D,/home/shangguanrz/project/pic-edit/datasets/Hi4D_pilot_v1/raw/pair10/argue10/images/52/000129.jpg,pair10/argue10/images/52/000129.jpg,940,1280,940,False,False,nan,242.19644425702134,3909.635711020612,nan,nan,nan,full,242.19644425702134,3909.635711020612,0.37458053691275167,False,False
Hi4D,/home/shangguanrz/project/pic-edit/datasets/Hi4D_pilot_v1/raw/pair10/dance10/images/4/000078.jpg,pair10/dance10/images/4/000078.jpg,940,1280,940,False,False,nan,225.1946961315254,4316.410312084441,nan,nan,nan,full,225.1946961315254,4316.410312084441,0.37458053691275167,False,False
Hi4D,/home/shangguanrz/project/pic-edit/datasets/Hi4D_pilot_v1/raw/pair01/hug01/images/4/000114.jpg,pair01/hug01/images/4/000114.jpg,940,1280,940,False,False,nan,217.57825403569126,4448.747267702793,nan,nan,nan,full,217.57825403569126,4448.747267702793,0.37520973154362414,False,False
Hi4D,/home/shangguanrz/project/pic-edit/datasets/Hi4D_pilot_v1/raw/pair14/hug14/images/4/000041.jpg,pair14/hug14/images/4/000041.jpg,940,1280,940,False,False,nan,225.78662307662304,4311.566510139628,nan,nan,nan,full,225.78662307662304,4311.566510139628,0.37541946308724833,False,False
Hi4D,/home/shangguanrz/project/pic-edit/datasets/Hi4D_pilot_v1/raw/pair09/talk09/images/76/000030.jpg,pair09/talk09/images/76/000030.jpg,940,1280,940,False,False,nan,257.58407397937214,3612.9266331449467,nan,nan,nan,full,257.58407397937214,3612.9266331449467,0.37625838926174493,False,False
Hi4D,/home/shangguanrz/project/pic-edit/datasets/Hi4D_pilot_v1/raw/pair28/basketball28/images/4/000108.jpg,pair28/basketball28/images/4/000108.jpg,940,1280,940,False,False,nan,233.76740043332745,4148.983980219415,nan,nan,nan,full,233.76740043332745,4148.983980219415,0.37625838926174493,False,False
Hi4D,/home/shangguanrz/project/pic-edit/datasets/Hi4D_pilot_v1/raw/pair02/pose02/images/52/000104.jpg,pair02/pose02/images/52/000104.jpg,940,1280,940,False,False,nan,230.38609018469887,4226.062001329788,nan,nan,nan,full,230.38609018469887,4226.062001329788,0.3766778523489933,False,False
Hi4D,/home/shangguanrz/project/pic-edit/datasets/Hi4D_pilot_v1/raw/pair22/kiss22/images/4/000040.jpg,pair22/kiss22/images/4/000040.jpg,940,1280,940,False,False,nan,235.09689043870384,4117.547415226064,nan,nan,nan,full,235.09689043870384,4117.547415226064,0.3766778523489933,False,False
Hi4D,/home/shangguanrz/project/pic-edit/datasets/Hi4D_pilot_v1/raw/pair10/argue10/images/52/000126.jpg,pair10/argue10/images/52/000126.jpg,940,1280,940,False,False,nan,241.6549130947193,3943.3897107712764,nan,nan,nan,full,241.6549130947193,3943.3897107712764,0.3777265100671141,False,False
Hi4D,/home/shangguanrz/project/pic-edit/datasets/Hi4D_pilot_v1/raw/pair10/dance10/images/4/000016.jpg,pair10/dance10/images/4/000016.jpg,940,1280,940,False,False,nan,226.28763523334933,4312.820343666888,nan,nan,nan,full,226.28763523334933,4312.820343666888,0.3777265100671141,False,False
Hi4D,/home/shangguanrz/project/pic-edit/datasets/Hi4D_pilot_v1/raw/pair12/fight12/images/16/000063.jpg,pair12/fight12/images/16/000063.jpg,940,1280,940,False,False,nan,225.08424581600136,4329.521380485372,nan,nan,nan,full,225.08424581600136,4329.521380485372,0.3777265100671141,False,False
Hi4D,/home/shangguanrz/project/pic-edit/datasets/Hi4D_pilot_v1/raw/pair22/game22/images/4/000141.jpg,pair22/game22/images/4/000141.jpg,940,1280,940,False,False,nan,239.60767323010754,3994.026543799867,nan,nan,nan,full,239.60767323010754,3994.026543799867,0.3777265100671141,False,False
Hi4D,/home/shangguanrz/project/pic-edit/datasets/Hi4D_pilot_v1/raw/pair10/argue10/images/52/000122.jpg,pair10/argue10/images/52/000122.jpg,940,1280,940,False,False,nan,240.59705279638672,3962.991969331782,nan,nan,nan,full,240.59705279638672,3962.991969331782,0.37793624161073824,False,False
Hi4D,/home/shangguanrz/project/pic-edit/datasets/Hi4D_pilot_v1/raw/pair10/dance10/images/4/000081.jpg,pair10/dance10/images/4/000081.jpg,940,1280,940,False,False,nan,226.69438468929656,4305.42687209109,nan,nan,nan,full,226.69438468929656,4305.42687209109,0.37793624161073824,False,False
Hi4D,/home/shangguanrz/project/pic-edit/datasets/Hi4D_pilot_v1/raw/pair10/argue10/images/52/000125.jpg,pair10/argue10/images/52/000125.jpg,940,1280,940,False,False,nan,242.20258758830602,3926.2075403091753,nan,nan,nan,full,242.20258758830602,3926.2075403091753,0.3781459731543624,False,False
Hi4D,/home/shangguanrz/project/pic-edit/datasets/Hi4D_pilot_v1/raw/pair10/argue10/images/52/000127.jpg,pair10/argue10/images/52/000127.jpg,940,1280,940,False,False,nan,242.06089786168621,3932.84209815492,nan,nan,nan,full,242.06089786168621,3932.84209815492,0.37856543624161076,False,False
Hi4D,/home/shangguanrz/project/pic-edit/datasets/Hi4D_pilot_v1/raw/pair10/argue10/images/52/000090.jpg,pair10/argue10/images/52/000090.jpg,940,1280,940,False,False,nan,241.9354012011402,3939.1744618517287,nan,nan,nan,full,241.9354012011402,3939.1744618517287,0.37919463087248323,False,False
Hi4D,/home/shangguanrz/project/pic-edit/datasets/Hi4D_pilot_v1/raw/pair12/talk12/images/16/000118.jpg,pair12/talk12/images/16/000118.jpg,940,1280,940,False,False,nan,229.82556137489806,4248.390115940824,nan,nan,nan,full,229.82556137489806,4248.390115940824,0.37940436241610737,False,False
Hi4D,/home/shangguanrz/project/pic-edit/datasets/Hi4D_pilot_v1/raw/pair22/kiss22/images/4/000057.jpg,pair22/kiss22/images/4/000057.jpg,940,1280,940,False,False,nan,235.22379584288694,4121.795815325798,nan,nan,nan,full,235.22379584288694,4121.795815325798,0.37940436241610737,False,False
Hi4D,/home/shangguanrz/project/pic-edit/datasets/Hi4D_pilot_v1/raw/pair12/fight12/images/16/000028.jpg,pair12/fight12/images/16/000028.jpg,940,1280,940,False,False,nan,223.10273975241833,4364.919225814495,nan,nan,nan,full,223.10273975241833,4364.919225814495,0.37961409395973156,False,False
Hi4D,/home/shangguanrz/project/pic-edit/datasets/Hi4D_pilot_v1/raw/pair14/hug14/images/4/000056.jpg,pair14/hug14/images/4/000056.jpg,940,1280,940,False,False,nan,227.2388854488468,4305.897138879654,nan,nan,nan,full,227.2388854488468,4305.897138879654,0.3798238255033557,False,False
Hi4D,/home/shangguanrz/project/pic-edit/datasets/Hi4D_pilot_v1/raw/pair22/kiss22/images/4/000055.jpg,pair22/kiss22/images/4/000055.jpg,940,1280,940,False,False,nan,234.20709237106902,4151.83361037234,nan,nan,nan,full,234.20709237106902,4151.83361037234,0.3798238255033557,False,False
Hi4D,/home/shangguanrz/project/pic-edit/datasets/Hi4D_pilot_v1/raw/pair09/talk09/images/76/000057.jpg,pair09/talk09/images/76/000057.jpg,940,1280,940,False,False,nan,253.62457580809797,3731.8025785405584,nan,nan,nan,full,253.62457580809797,3731.8025785405584,0.3804530201342282,False,False
Hi4D,/home/shangguanrz/project/pic-edit/datasets/Hi4D_pilot_v1/raw/pair28/fight28/images/4/000094.jpg,pair28/fight28/images/4/000094.jpg,940,1280,940,False,False,nan,232.42240364716676,4219.082727310505,nan,nan,nan,full,232.42240364716676,4219.082727310505,0.38234060402684567,False,False
Hi4D,/home/shangguanrz/project/pic-edit/datasets/Hi4D_pilot_v1/raw/pair22/kiss22/images/4/000056.jpg,pair22/kiss22/images/4/000056.jpg,940,1280,940,False,False,nan,234.42009134039503,4156.224713264628,nan,nan,nan,full,234.42009134039503,4156.224713264628,0.3825503355704698,False,False
Hi4D,/home/shangguanrz/project/pic-edit/datasets/Hi4D_pilot_v1/raw/pair22/kiss22/images/4/000039.jpg,pair22/kiss22/images/4/000039.jpg,940,1280,940,False,False,nan,235.47522411779778,4127.855406416224,nan,nan,nan,full,235.47522411779778,4127.855406416224,0.38276006711409394,False,False
Hi4D,/home/shangguanrz/project/pic-edit/datasets/Hi4D_pilot_v1/raw/pair10/argue10/images/52/000086.jpg,pair10/argue10/images/52/000086.jpg,940,1280,940,False,False,nan,243.11314576510773,3924.9224360039893,nan,nan,nan,full,243.11314576510773,3924.9224360039893,0.38338926174496646,False,False
Hi4D,/home/shangguanrz/project/pic-edit/datasets/Hi4D_pilot_v1/raw/pair09/talk09/images/76/000029.jpg,pair09/talk09/images/76/000029.jpg,940,1280,940,False,False,nan,258.6004903071226,3663.993247174202,nan,nan,nan,full,258.6004903071226,3663.993247174202,0.38380872483221473,False,False
Hi4D,/home/shangguanrz/project/pic-edit/datasets/Hi4D_pilot_v1/raw/pair12/talk12/images/16/000032.jpg,pair12/talk12/images/16/000032.jpg,940,1280,940,False,False,nan,233.13782860068184,4198.446237117686,nan,nan,nan,full,233.13782860068184,4198.446237117686,0.38380872483221473,False,False
Hi4D,/home/shangguanrz/project/pic-edit/datasets/Hi4D_pilot_v1/raw/pair10/dance10/images/4/000021.jpg,pair10/dance10/images/4/000021.jpg,940,1280,940,False,False,nan,226.1247343660858,4337.464220412234,nan,nan,nan,full,226.1247343660858,4337.464220412234,0.3840184563758389,False,False
Hi4D,/home/shangguanrz/project/pic-edit/datasets/Hi4D_pilot_v1/raw/pair02/backhug02/images/64/000150.jpg,pair02/backhug02/images/64/000150.jpg,940,1280,940,False,False,nan,235.89530668824216,4119.163252160904,nan,nan,nan,full,235.89530668824216,4119.163252160904,0.384018456375839,False,False
Hi4D,/home/shangguanrz/project/pic-edit/datasets/Hi4D_pilot_v1/raw/pair12/talk12/images/16/000116.jpg,pair12/talk12/images/16/000116.jpg,940,1280,940,False,False,nan,230.3332336066589,4254.805716007314,nan,nan,nan,full,230.3332336066589,4254.805716007314,0.3846476510067114,False,False
Hi4D,/home/shangguanrz/project/pic-edit/datasets/Hi4D_pilot_v1/raw/pair01/hug01/images/4/000033.jpg,pair01/hug01/images/4/000033.jpg,940,1280,940,False,False,nan,226.34824234241808,4338.685453374335,nan,nan,nan,full,226.34824234241808,4338.685453374335,0.3859060402684564,False,False
Hi4D,/home/shangguanrz/project/pic-edit/datasets/Hi4D_pilot_v1/raw/pair09/talk09/images/76/000028.jpg,pair09/talk09/images/76/000028.jpg,940,1280,940,False,False,nan,259.92860989418966,3665.1610704787236,nan,nan,nan,full,259.92860989418966,3665.1610704787236,0.3861157718120805,False,False
Hi4D,/home/shangguanrz/project/pic-edit/datasets/Hi4D_pilot_v1/raw/pair28/fight28/images/4/000093.jpg,pair28/fight28/images/4/000093.jpg,940,1280,940,False,False,nan,232.67739599910774,4224.40632272274,nan,nan,nan,full,232.67739599910774,4224.40632272274,0.38611577181208057,False,False
Hi4D,/home/shangguanrz/project/pic-edit/datasets/Hi4D_pilot_v1/raw/pair10/dance10/images/4/000017.jpg,pair10/dance10/images/4/000017.jpg,940,1280,940,False,False,nan,226.11959917977592,4345.290880568484,nan,nan,nan,full,226.11959917977592,4345.290880568484,0.38758389261744963,False,False
Hi4D,/home/shangguanrz/project/pic-edit/datasets/Hi4D_pilot_v1/raw/pair28/dance28/images/4/000052.jpg,pair28/dance28/images/4/000052.jpg,940,1280,940,False,False,nan,232.71301463590373,4228.692590591755,nan,nan,nan,full,232.71301463590373,4228.692590591755,0.38758389261744963,False,False
Hi4D,/home/shangguanrz/project/pic-edit/datasets/Hi4D_pilot_v1/raw/pair12/fight12/images/16/000030.jpg,pair12/fight12/images/16/000030.jpg,940,1280,940,False,False,nan,224.71081368809328,4371.454226230053,nan,nan,nan,full,224.71081368809328,4371.454226230053,0.388003355704698,False,False
Hi4D,/home/shangguanrz/project/pic-edit/datasets/Hi4D_pilot_v1/raw/pair10/dance10/images/4/000026.jpg,pair10/dance10/images/4/000026.jpg,940,1280,940,False,False,nan,229.30573923394064,4297.464584025931,nan,nan,nan,full,229.30573923394064,4297.464584025931,0.3888422818791946,False,False
Hi4D,/home/shangguanrz/project/pic-edit/datasets/Hi4D_pilot_v1/raw/pair28/dance28/images/4/000090.jpg,pair28/dance28/images/4/000090.jpg,940,1280,940,False,False,nan,232.20576822037276,4244.998202709441,nan,nan,nan,full,232.20576822037276,4244.998202709441,0.3888422818791946,False,False
Hi4D,/home/shangguanrz/project/pic-edit/datasets/Hi4D_pilot_v1/raw/pair10/argue10/images/52/000084.jpg,pair10/argue10/images/52/000084.jpg,940,1280,940,False,False,nan,242.5518822614939,3967.213617852394,nan,nan,nan,full,242.5518822614939,3967.213617852394,0.3888422818791947,False,False
Hi4D,/home/shangguanrz/project/pic-edit/datasets/Hi4D_pilot_v1/raw/pair10/argue10/images/52/000123.jpg,pair10/argue10/images/52/000123.jpg,940,1280,940,False,False,nan,242.63514916170453,3965.9168259640956,nan,nan,nan,full,242.63514916170453,3965.9168259640956,0.38926174496644295,False,False
Hi4D,/home/shangguanrz/project/pic-edit/datasets/Hi4D_pilot_v1/raw/pair12/talk12/images/16/000029.jpg,pair12/talk12/images/16/000029.jpg,940,1280,940,False,False,nan,234.8707115966143,4169.085106382979,nan,nan,nan,full,234.8707115966143,4169.085106382979,0.3901006711409396,False,False
Hi4D,/home/shangguanrz/project/pic-edit/datasets/Hi4D_pilot_v1/raw/pair02/backhug02/images/64/000122.jpg,pair02/backhug02/images/64/000122.jpg,940,1280,940,False,False,nan,236.46332334695,4131.360974900266,nan,nan,nan,full,236.46332334695,4131.360974900266,0.39031040268456374,False,False
Hi4D,/home/shangguanrz/project/pic-edit/datasets/Hi4D_pilot_v1/raw/pair12/talk12/images/16/000114.jpg,pair12/talk12/images/16/000114.jpg,940,1280,940,False,False,nan,230.22807117345485,4269.357546542553,nan,nan,nan,full,230.22807117345485,4269.357546542553,0.39031040268456374,False,False
Hi4D,/home/shangguanrz/project/pic-edit/datasets/Hi4D_pilot_v1/raw/pair10/argue10/images/52/000121.jpg,pair10/argue10/images/52/000121.jpg,940,1280,940,False,False,nan,242.28499415253776,3983.995158743351,nan,nan,nan,full,242.28499415253776,3983.995158743351,0.3911493288590604,False,False
Hi4D,/home/shangguanrz/project/pic-edit/datasets/Hi4D_pilot_v1/raw/pair12/fight12/images/16/000029.jpg,pair12/fight12/images/16/000029.jpg,940,1280,940,False,False,nan,224.2726191513514,4382.093407164229,nan,nan,nan,full,224.2726191513514,4382.093407164229,0.3911493288590604,False,False
Hi4D,/home/shangguanrz/project/pic-edit/datasets/Hi4D_pilot_v1/raw/pair14/hug14/images/4/000055.jpg,pair14/hug14/images/4/000055.jpg,940,1280,940,False,False,nan,227.5131031664694,4340.954143118351,nan,nan,nan,full,227.5131031664694,4340.954143118351,0.3911493288590604,False,False
Hi4D,/home/shangguanrz/project/pic-edit/datasets/Hi4D_pilot_v1/raw/pair09/talk09/images/76/000027.jpg,pair09/talk09/images/76/000027.jpg,940,1280,940,False,False,nan,261.71762345624,3673.529057928856,nan,nan,nan,full,261.71762345624,3673.529057928856,0.3913590604026846,False,False
Hi4D,/home/shangguanrz/project/pic-edit/datasets/Hi4D_pilot_v1/raw/pair09/talk09/images/76/000058.jpg,pair09/talk09/images/76/000058.jpg,940,1280,940,False,False,nan,256.10534564266385,3753.54296875,nan,nan,nan,full,256.10534564266385,3753.54296875,0.3915687919463087,False,False
Hi4D,/home/shangguanrz/project/pic-edit/datasets/Hi4D_pilot_v1/raw/pair14/hug14/images/4/000059.jpg,pair14/hug14/images/4/000059.jpg,940,1280,940,False,False,nan,227.83638653465394,4339.60554147274,nan,nan,nan,full,227.83638653465394,4339.60554147274,0.3915687919463087,False,False
Hi4D,/home/shangguanrz/project/pic-edit/datasets/Hi4D_pilot_v1/raw/pair10/dance10/images/4/000015.jpg,pair10/dance10/images/4/000015.jpg,940,1280,940,False,False,nan,228.50471357902077,4325.330483294548,nan,nan,nan,full,228.50471357902077,4325.330483294548,0.3917785234899329,False,False
Hi4D,/home/shangguanrz/project/pic-edit/datasets/Hi4D_pilot_v1/raw/pair02/backhug02/images/64/000071.jpg,pair02/backhug02/images/64/000071.jpg,940,1280,940,False,False,nan,237.6003644260253,4104.061326047207,nan,nan,nan,full,237.6003644260253,4104.061326047207,0.39198825503355705,False,False
Hi4D,/home/shangguanrz/project/pic-edit/datasets/Hi4D_pilot_v1/raw/pair12/talk12/images/16/000121.jpg,pair12/talk12/images/16/000121.jpg,940,1280,940,False,False,nan,229.10398587815195,4315.14494680851,nan,nan,nan,full,229.10398587815195,4315.14494680851,0.39198825503355705,False,False
Hi4D,/home/shangguanrz/project/pic-edit/datasets/Hi4D_pilot_v1/raw/pair12/talk12/images/16/000119.jpg,pair12/talk12/images/16/000119.jpg,940,1280,940,False,False,nan,229.91511322565344,4287.061274102393,nan,nan,nan,full,229.91511322565344,4287.061274102393,0.3921979865771812,False,False
Hi4D,/home/shangguanrz/project/pic-edit/datasets/Hi4D_pilot_v1/raw/pair28/fight28/images/4/000098.jpg,pair28/fight28/images/4/000098.jpg,940,1280,940,False,False,nan,233.42833654629052,4236.297217835771,nan,nan,nan,full,233.42833654629052,4236.297217835771,0.39366610738255037,False,False
Hi4D,/home/shangguanrz/project/pic-edit/datasets/Hi4D_pilot_v1/raw/pair28/basketball28/images/4/000033.jpg,pair28/basketball28/images/4/000033.jpg,940,1280,940,False,False,nan,235.11372524680672,4177.90489943484,nan,nan,nan,full,235.11372524680672,4177.90489943484,0.39450503355704697,False,False
Hi4D,/home/shangguanrz/project/pic-edit/datasets/Hi4D_pilot_v1/raw/pair22/kiss22/images/4/000036.jpg,pair22/kiss22/images/4/000036.jpg,940,1280,940,False,False,nan,235.56150607187965,4162.167002576462,nan,nan,nan,full,235.56150607187965,4162.167002576462,0.39471476510067116,False,False
Hi4D,/home/shangguanrz/project/pic-edit/datasets/Hi4D_pilot_v1/raw/pair22/kiss22/images/4/000054.jpg,pair22/kiss22/images/4/000054.jpg,940,1280,940,False,False,nan,236.28137744975987,4147.28620553524,nan,nan,nan,full,236.28137744975987,4147.28620553524,0.39471476510067116,False,False
Hi4D,/home/shangguanrz/project/pic-edit/datasets/Hi4D_pilot_v1/raw/pair01/fight01/images/52/000046.jpg,pair01/fight01/images/52/000046.jpg,940,1280,940,False,False,nan,238.5932658231059,4097.113613696809,nan,nan,nan,full,238.5932658231059,4097.113613696809,0.3949244966442953,False,False
Hi4D,/home/shangguanrz/project/pic-edit/datasets/Hi4D_pilot_v1/raw/pair09/talk09/images/76/000026.jpg,pair09/talk09/images/76/000026.jpg,940,1280,940,False,False,nan,262.6354732277869,3683.7980177859044,nan,nan,nan,full,262.6354732277869,3683.7980177859044,0.3953439597315436,False,False
Hi4D,/home/shangguanrz/project/pic-edit/datasets/Hi4D_pilot_v1/raw/pair02/pose02/images/52/000102.jpg,pair02/pose02/images/52/000102.jpg,940,1280,940,False,False,nan,232.605001056286,4256.172384059176,nan,nan,nan,full,232.605001056286,4256.172384059176,0.3959731543624161,False,False
Hi4D,/home/shangguanrz/project/pic-edit/datasets/Hi4D_pilot_v1/raw/pair12/fight12/images/16/000064.jpg,pair12/fight12/images/16/000064.jpg,940,1280,940,False,False,nan,226.08536316863874,4375.769780585107,nan,nan,nan,full,226.08536316863874,4375.769780585107,0.3961828859060402,False,False
Hi4D,/home/shangguanrz/project/pic-edit/datasets/Hi4D_pilot_v1/raw/pair28/dance28/images/4/000051.jpg,pair28/dance28/images/4/000051.jpg,940,1280,940,False,False,nan,233.49151205325776,4243.048745013298,nan,nan,nan,full,233.49151205325776,4243.048745013298,0.3966023489932886,False,False
Hi4D,/home/shangguanrz/project/pic-edit/datasets/Hi4D_pilot_v1/raw/pair28/dance28/images/4/000105.jpg,pair28/dance28/images/4/000105.jpg,940,1280,940,False,False,nan,229.97504961180326,4305.336269946809,nan,nan,nan,full,229.97504961180326,4305.336269946809,0.3966023489932886,False,False
Hi4D,/home/shangguanrz/project/pic-edit/datasets/Hi4D_pilot_v1/raw/pair22/kiss22/images/4/000034.jpg,pair22/kiss22/images/4/000034.jpg,940,1280,940,False,False,nan,237.86866643707802,4114.073678523936,nan,nan,nan,full,237.86866643707802,4114.073678523936,0.3974412751677852,False,False
Hi4D,/home/shangguanrz/project/pic-edit/datasets/Hi4D_pilot_v1/raw/pair28/basketball28/images/4/000046.jpg,pair28/basketball28/images/4/000046.jpg,940,1280,940,False,False,nan,233.1950778248571,4252.08702834109,nan,nan,nan,full,233.1950778248571,4252.08702834109,0.39744127516778527,False,False
Hi4D,/home/shangguanrz/project/pic-edit/datasets/Hi4D_pilot_v1/raw/pair10/argue10/images/52/000116.jpg,pair10/argue10/images/52/000116.jpg,940,1280,940,False,False,nan,242.73569421684005,3997.771796043883,nan,nan,nan,full,242.73569421684005,3997.771796043883,0.39786073825503354,False,False
Hi4D,/home/shangguanrz/project/pic-edit/datasets/Hi4D_pilot_v1/raw/pair12/talk12/images/16/000028.jpg,pair12/talk12/images/16/000028.jpg,940,1280,940,False,False,nan,235.23256350578146,4184.420264710771,nan,nan,nan,full,235.23256350578146,4184.420264710771,0.39786073825503354,False,False
Hi4D,/home/shangguanrz/project/pic-edit/datasets/Hi4D_pilot_v1/raw/pair09/talk09/images/76/000025.jpg,pair09/talk09/images/76/000025.jpg,940,1280,940,False,False,nan,263.3429702878969,3686.94512549867,nan,nan,nan,full,263.3429702878969,3686.94512549867,0.39807046979865773,False,False
Hi4D,/home/shangguanrz/project/pic-edit/datasets/Hi4D_pilot_v1/raw/pair12/talk12/images/16/000033.jpg,pair12/talk12/images/16/000033.jpg,940,1280,940,False,False,nan,234.01844871254625,4241.328592503324,nan,nan,nan,full,234.01844871254625,4241.328592503324,0.39890939597315433,False,False
Hi4D,/home/shangguanrz/project/pic-edit/datasets/Hi4D_pilot_v1/raw/pair12/talk12/images/16/000034.jpg,pair12/talk12/images/16/000034.jpg,940,1280,940,False,False,nan,232.04988935941915,4278.468417553191,nan,nan,nan,full,232.04988935941915,4278.468417553191,0.3999580536912752,False,False
Hi4D,/home/shangguanrz/project/pic-edit/datasets/Hi4D_pilot_v1/raw/pair01/fight01/images/52/000047.jpg,pair01/fight01/images/52/000047.jpg,940,1280,940,False,False,nan,238.2317284326469,4122.137186253324,nan,nan,nan,full,238.2317284326469,4122.137186253324,0.401006711409396,False,False
Hi4D,/home/shangguanrz/project/pic-edit/datasets/Hi4D_pilot_v1/raw/pair02/backhug02/images/64/000012.jpg,pair02/backhug02/images/64/000012.jpg,940,1280,940,False,False,nan,235.82071665402938,4185.596544630984,nan,nan,nan,full,235.82071665402938,4185.596544630984,0.4014261744966443,False,False
Hi4D,/home/shangguanrz/project/pic-edit/datasets/Hi4D_pilot_v1/raw/pair22/kiss22/images/4/000052.jpg,pair22/kiss22/images/4/000052.jpg,940,1280,940,False,False,nan,237.406241813441,4144.488676030585,nan,nan,nan,full,237.406241813441,4144.488676030585,0.40184563758389263,False,False
Hi4D,/home/shangguanrz/project/pic-edit/datasets/Hi4D_pilot_v1/raw/pair09/talk09/images/76/000024.jpg,pair09/talk09/images/76/000024.jpg,940,1280,940,False,False,nan,264.09040793748176,3695.1287088597073,nan,nan,nan,full,264.09040793748176,3695.1287088597073,0.40205536912751677,False,False
Hi4D,/home/shangguanrz/project/pic-edit/datasets/Hi4D_pilot_v1/raw/pair09/talk09/images/76/000059.jpg,pair09/talk09/images/76/000059.jpg,940,1280,940,False,False,nan,257.7111369102936,3793.591339760638,nan,nan,nan,full,257.7111369102936,3793.591339760638,0.4024748322147651,False,False
Hi4D,/home/shangguanrz/project/pic-edit/datasets/Hi4D_pilot_v1/raw/pair22/kiss22/images/4/000053.jpg,pair22/kiss22/images/4/000053.jpg,940,1280,940,False,False,nan,237.5895819104922,4142.262903091755,nan,nan,nan,full,237.5895819104922,4142.262903091755,0.40331375838926176,False,False
Hi4D,/home/shangguanrz/project/pic-edit/datasets/Hi4D_pilot_v1/raw/pair09/talk09/images/76/000060.jpg,pair09/talk09/images/76/000060.jpg,940,1280,940,False,False,nan,257.46168718339635,3804.23944481383,nan,nan,nan,full,257.46168718339635,3804.23944481383,0.40373322147651003,False,False
Hi4D,/home/shangguanrz/project/pic-edit/datasets/Hi4D_pilot_v1/raw/pair22/kiss22/images/4/000037.jpg,pair22/kiss22/images/4/000037.jpg,940,1280,940,False,False,nan,237.02242756353994,4158.8837890625,nan,nan,nan,full,237.02242756353994,4158.8837890625,0.4037332214765101,False,False
Hi4D,/home/shangguanrz/project/pic-edit/datasets/Hi4D_pilot_v1/raw/pair14/hug14/images/4/000053.jpg,pair14/hug14/images/4/000053.jpg,940,1280,940,False,False,nan,229.13172987156074,4353.133435837766,nan,nan,nan,full,229.13172987156074,4353.133435837766,0.4041526845637584,False,False
Hi4D,/home/shangguanrz/project/pic-edit/datasets/Hi4D_pilot_v1/raw/pair14/hug14/images/4/000047.jpg,pair14/hug14/images/4/000047.jpg,940,1280,940,False,False,nan,228.23989444879342,4372.103359790559,nan,nan,nan,full,228.23989444879342,4372.103359790559,0.4047818791946309,False,False
Hi4D,/home/shangguanrz/project/pic-edit/datasets/Hi4D_pilot_v1/raw/pair12/talk12/images/16/000066.jpg,pair12/talk12/images/16/000066.jpg,940,1280,940,False,False,nan,232.66185476845777,4284.235112616357,nan,nan,nan,full,232.66185476845777,4284.235112616357,0.4052013422818792,False,False
Hi4D,/home/shangguanrz/project/pic-edit/datasets/Hi4D_pilot_v1/raw/pair22/game22/images/4/000142.jpg,pair22/game22/images/4/000142.jpg,940,1280,940,False,False,nan,242.55360562049088,4039.277696974734,nan,nan,nan,full,242.55360562049088,4039.277696974734,0.4052013422818792,False,False
Hi4D,/home/shangguanrz/project/pic-edit/datasets/Hi4D_pilot_v1/raw/pair28/basketball28/images/4/000100.jpg,pair28/basketball28/images/4/000100.jpg,940,1280,940,False,False,nan,235.4706859482581,4224.819793051862,nan,nan,nan,full,235.4706859482581,4224.819793051862,0.40625,False,False
Hi4D,/home/shangguanrz/project/pic-edit/datasets/Hi4D_pilot_v1/raw/pair10/dance10/images/4/000083.jpg,pair10/dance10/images/4/000083.jpg,940,1280,940,False,False,nan,231.4477016676223,4317.70233543883,nan,nan,nan,full,231.4477016676223,4317.70233543883,0.4068791946308725,False,False
Hi4D,/home/shangguanrz/project/pic-edit/datasets/Hi4D_pilot_v1/raw/pair10/dance10/images/4/000018.jpg,pair10/dance10/images/4/000018.jpg,940,1280,940,False,False,nan,228.30458532730452,4376.341973487367,nan,nan,nan,full,228.30458532730452,4376.341973487367,0.40708892617449666,False,False
Hi4D,/home/shangguanrz/project/pic-edit/datasets/Hi4D_pilot_v1/raw/pair14/hug14/images/4/000060.jpg,pair14/hug14/images/4/000060.jpg,940,1280,940,False,False,nan,228.96367020925928,4364.722375748005,nan,nan,nan,full,228.96367020925928,4364.722375748005,0.4072986577181208,False,False
Hi4D,/home/shangguanrz/project/pic-edit/datasets/Hi4D_pilot_v1/raw/pair28/basketball28/images/4/000054.jpg,pair28/basketball28/images/4/000054.jpg,940,1280,940,False,False,nan,234.37174133304129,4259.868361452793,nan,nan,nan,full,234.37174133304129,4259.868361452793,0.4079278523489933,False,False
Hi4D,/home/shangguanrz/project/pic-edit/datasets/Hi4D_pilot_v1/raw/pair22/kiss22/images/4/000035.jpg,pair22/kiss22/images/4/000035.jpg,940,1280,940,False,False,nan,237.73343609705836,4153.826753656915,nan,nan,nan,full,237.73343609705836,4153.826753656915,0.4093959731543624,False,False
Hi4D,/home/shangguanrz/project/pic-edit/datasets/Hi4D_pilot_v1/raw/pair12/fight12/images/16/000099.jpg,pair12/fight12/images/16/000099.jpg,940,1280,940,False,False,nan,228.86073445129747,4378.111619015957,nan,nan,nan,full,228.86073445129747,4378.111619015957,0.41044463087248323,False,False
Hi4D,/home/shangguanrz/project/pic-edit/datasets/Hi4D_pilot_v1/raw/pair10/argue10/images/52/000119.jpg,pair10/argue10/images/52/000119.jpg,940,1280,940,False,False,nan,243.80352283517075,4035.456771525931,nan,nan,nan,full,243.80352283517075,4035.456771525931,0.41086409395973156,False,False
Hi4D,/home/shangguanrz/project/pic-edit/datasets/Hi4D_pilot_v1/raw/pair12/fight12/images/16/000098.jpg,pair12/fight12/images/16/000098.jpg,940,1280,940,False,False,nan,228.3261535800976,4389.041483128324,nan,nan,nan,full,228.3261535800976,4389.041483128324,0.4112835570469799,False,False
Hi4D,/home/shangguanrz/project/pic-edit/datasets/Hi4D_pilot_v1/raw/pair16/jump16/images/4/000082.jpg,pair16/jump16/images/4/000082.jpg,940,1280,940,False,False,nan,231.62098401763313,4333.388027759309,nan,nan,nan,full,231.62098401763313,4333.388027759309,0.4114932885906041,False,False
Hi4D,/home/shangguanrz/project/pic-edit/datasets/Hi4D_pilot_v1/raw/pair28/dance28/images/4/000103.jpg,pair28/dance28/images/4/000103.jpg,940,1280,940,False,False,nan,233.3131900206849,4299.062074052526,nan,nan,nan,full,233.3131900206849,4299.062074052526,0.4117030201342282,False,False
Hi4D,/home/shangguanrz/project/pic-edit/datasets/Hi4D_pilot_v1/raw/pair09/talk09/images/76/000061.jpg,pair09/talk09/images/76/000061.jpg,940,1280,940,False,False,nan,260.4752508640937,3811.342783826463,nan,nan,nan,full,260.4752508640937,3811.342783826463,0.4123322147651006,False,False
Hi4D,/home/shangguanrz/project/pic-edit/datasets/Hi4D_pilot_v1/raw/pair10/argue10/images/52/000120.jpg,pair10/argue10/images/52/000120.jpg,940,1280,940,False,False,nan,244.60279297685668,4012.930123836436,nan,nan,nan,full,244.60279297685668,4012.930123836436,0.41296140939597314,False,False
Hi4D,/home/shangguanrz/project/pic-edit/datasets/Hi4D_pilot_v1/raw/pair10/dance10/images/4/000023.jpg,pair10/dance10/images/4/000023.jpg,940,1280,940,False,False,nan,229.92805387316497,4361.310889710771,nan,nan,nan,full,229.92805387316497,4361.310889710771,0.4133808724832215,False,False
Hi4D,/home/shangguanrz/project/pic-edit/datasets/Hi4D_pilot_v1/raw/pair10/argue10/images/52/000118.jpg,pair10/argue10/images/52/000118.jpg,940,1280,940,False,False,nan,243.91454543499128,4048.994223736702,nan,nan,nan,full,243.91454543499128,4048.994223736702,0.4138003355704698,False,False
Hi4D,/home/shangguanrz/project/pic-edit/datasets/Hi4D_pilot_v1/raw/pair28/dance28/images/4/000091.jpg,pair28/dance28/images/4/000091.jpg,940,1280,940,False,False,nan,233.97110725798282,4290.064349235372,nan,nan,nan,full,233.97110725798282,4290.064349235372,0.41401006711409394,False,False
Hi4D,/home/shangguanrz/project/pic-edit/datasets/Hi4D_pilot_v1/raw/pair12/fight12/images/16/000102.jpg,pair12/fight12/images/16/000102.jpg,940,1280,940,False,False,nan,228.76187682267826,4400.292532413564,nan,nan,nan,full,228.76187682267826,4400.292532413564,0.4148489932885906,False,False
Hi4D,/home/shangguanrz/project/pic-edit/datasets/Hi4D_pilot_v1/raw/pair14/hug14/images/4/000052.jpg,pair14/hug14/images/4/000052.jpg,940,1280,940,False,False,nan,228.45873705989473,4405.451888713431,nan,nan,nan,full,228.45873705989473,4405.451888713431,0.41505872483221473,False,False
Hi4D,/home/shangguanrz/project/pic-edit/datasets/Hi4D_pilot_v1/raw/pair28/basketball28/images/4/000095.jpg,pair28/basketball28/images/4/000095.jpg,940,1280,940,False,False,nan,236.3358730507847,4234.458693484043,nan,nan,nan,full,236.3358730507847,4234.458693484043,0.4154781879194631,False,False
Hi4D,/home/shangguanrz/project/pic-edit/datasets/Hi4D_pilot_v1/raw/pair28/dance28/images/4/000049.jpg,pair28/dance28/images/4/000049.jpg,940,1280,940,False,False,nan,234.70124400671165,4270.977362450133,nan,nan,nan,full,234.70124400671165,4270.977362450133,0.4154781879194631,False,False
Hi4D,/home/shangguanrz/project/pic-edit/datasets/Hi4D_pilot_v1/raw/pair10/argue10/images/52/000117.jpg,pair10/argue10/images/52/000117.jpg,940,1280,940,False,False,nan,244.23494044595208,4049.6405522772607,nan,nan,nan,full,244.23494044595208,4049.6405522772607,0.41568791946308725,False,False
Hi4D,/home/shangguanrz/project/pic-edit/datasets/Hi4D_pilot_v1/raw/pair12/talk12/images/16/000086.jpg,pair12/talk12/images/16/000086.jpg,940,1280,940,False,False,nan,233.12942005463887,4322.904629321809,nan,nan,nan,full,233.12942005463887,4322.904629321809,0.4161073825503355,False,False
Hi4D,/home/shangguanrz/project/pic-edit/datasets/Hi4D_pilot_v1/raw/pair12/talk12/images/16/000044.jpg,pair12/talk12/images/16/000044.jpg,940,1280,940,False,False,nan,231.1575965864079,4349.641695063165,nan,nan,nan,full,231.1575965864079,4349.641695063165,0.4161073825503356,False,False
Hi4D,/home/shangguanrz/project/pic-edit/datasets/Hi4D_pilot_v1/raw/pair09/talk09/images/76/000062.jpg,pair09/talk09/images/76/000062.jpg,940,1280,940,False,False,nan,260.43554478967394,3832.35546875,nan,nan,nan,full,260.43554478967394,3832.35546875,0.41673657718120805,False,False
Hi4D,/home/shangguanrz/project/pic-edit/datasets/Hi4D_pilot_v1/raw/pair12/talk12/images/16/000036.jpg,pair12/talk12/images/16/000036.jpg,940,1280,940,False,False,nan,232.3662712749932,4340.617540724734,nan,nan,nan,full,232.3662712749932,4340.617540724734,0.4169463087248322,False,False
Hi4D,/home/shangguanrz/project/pic-edit/datasets/Hi4D_pilot_v1/raw/pair12/talk12/images/16/000027.jpg,pair12/talk12/images/16/000027.jpg,940,1280,940,False,False,nan,235.6314445692201,4255.082779255319,nan,nan,nan,full,235.6314445692201,4255.082779255319,0.41736577181208057,False,False
Hi4D,/home/shangguanrz/project/pic-edit/datasets/Hi4D_pilot_v1/raw/pair28/fight28/images/4/000099.jpg,pair28/fight28/images/4/000099.jpg,940,1280,940,False,False,nan,235.96974139342538,4253.457083194814,nan,nan,nan,full,235.96974139342538,4253.457083194814,0.419253355704698,False,False
Hi4D,/home/shangguanrz/project/pic-edit/datasets/Hi4D_pilot_v1/raw/pair12/fight12/images/16/000100.jpg,pair12/fight12/images/16/000100.jpg,940,1280,940,False,False,nan,229.81054764365433,4385.07951712101,nan,nan,nan,full,229.81054764365433,4385.07951712101,0.4196728187919463,False,False
Hi4D,/home/shangguanrz/project/pic-edit/datasets/Hi4D_pilot_v1/raw/pair14/hug14/images/4/000051.jpg,pair14/hug14/images/4/000051.jpg,940,1280,940,False,False,nan,228.95302386019978,4414.632594331782,nan,nan,nan,full,228.95302386019978,4414.632594331782,0.4196728187919463,False,False
Hi4D,/home/shangguanrz/project/pic-edit/datasets/Hi4D_pilot_v1/raw/pair01/fight01/images/52/000011.jpg,pair01/fight01/images/52/000011.jpg,940,1280,940,False,False,nan,238.29651109445896,4190.59949509641,nan,nan,nan,full,238.29651109445896,4190.59949509641,0.4200922818791947,False,False
Hi4D,/home/shangguanrz/project/pic-edit/datasets/Hi4D_pilot_v1/raw/pair12/talk12/images/16/000035.jpg,pair12/talk12/images/16/000035.jpg,940,1280,940,False,False,nan,233.445824405493,4326.911039311835,nan,nan,nan,full,233.445824405493,4326.911039311835,0.4200922818791947,False,False
Hi4D,/home/shangguanrz/project/pic-edit/datasets/Hi4D_pilot_v1/raw/pair22/kiss22/images/4/000038.jpg,pair22/kiss22/images/4/000038.jpg,940,1280,940,False,False,nan,240.17472554610399,4146.265957446809,nan,nan,nan,full,240.17472554610399,4146.265957446809,0.4203020134228188,False,False
Hi4D,/home/shangguanrz/project/pic-edit/datasets/Hi4D_pilot_v1/raw/pair16/jump16/images/4/000083.jpg,pair16/jump16/images/4/000083.jpg,940,1280,940,False,False,nan,232.51021147616143,4350.591100814495,nan,nan,nan,full,232.51021147616143,4350.591100814495,0.4213506711409396,False,False
Hi4D,/home/shangguanrz/project/pic-edit/datasets/Hi4D_pilot_v1/raw/pair28/basketball28/images/4/000052.jpg,pair28/basketball28/images/4/000052.jpg,940,1280,940,False,False,nan,236.8699858856449,4243.872537815824,nan,nan,nan,full,236.8699858856449,4243.872537815824,0.4217701342281879,False,False
Hi4D,/home/shangguanrz/project/pic-edit/datasets/Hi4D_pilot_v1/raw/pair02/backhug02/images/64/000120.jpg,pair02/backhug02/images/64/000120.jpg,940,1280,940,False,False,nan,238.92629081167314,4190.006368434176,nan,nan,nan,full,238.92629081167314,4190.006368434176,0.4238674496644295,False,False
Hi4D,/home/shangguanrz/project/pic-edit/datasets/Hi4D_pilot_v1/raw/pair01/hug01/images/4/000117.jpg,pair01/hug01/images/4/000117.jpg,940,1280,940,False,False,nan,227.2484347881533,4485.107473819814,nan,nan,nan,full,227.2484347881533,4485.107473819814,0.42428691275167785,False,False
Hi4D,/home/shangguanrz/project/pic-edit/datasets/Hi4D_pilot_v1/raw/pair12/fight12/images/16/000065.jpg,pair12/fight12/images/16/000065.jpg,940,1280,940,False,False,nan,229.51476423658897,4417.918145362367,nan,nan,nan,full,229.51476423658897,4417.918145362367,0.4255453020134228,False,False
Hi4D,/home/shangguanrz/project/pic-edit/datasets/Hi4D_pilot_v1/raw/pair14/hug14/images/4/000048.jpg,pair14/hug14/images/4/000048.jpg,940,1280,940,False,False,nan,230.7985807727666,4387.345931682181,nan,nan,nan,full,230.7985807727666,4387.345931682181,0.4265939597315436,False,False
Hi4D,/home/shangguanrz/project/pic-edit/datasets/Hi4D_pilot_v1/raw/pair10/dance10/images/4/000002.jpg,pair10/dance10/images/4/000002.jpg,940,1280,940,False,False,nan,234.25471886294955,4334.631939827128,nan,nan,nan,full,234.25471886294955,4334.631939827128,0.42680369127516776,False,False
Hi4D,/home/shangguanrz/project/pic-edit/datasets/Hi4D_pilot_v1/raw/pair10/dance10/images/4/000004.jpg,pair10/dance10/images/4/000004.jpg,940,1280,940,False,False,nan,234.29737897683398,4333.067445146276,nan,nan,nan,full,234.29737897683398,4333.067445146276,0.4268036912751678,False,False
Hi4D,/home/shangguanrz/project/pic-edit/datasets/Hi4D_pilot_v1/raw/pair12/fight12/images/16/000103.jpg,pair12/fight12/images/16/000103.jpg,940,1280,940,False,False,nan,230.2158689519408,4406.514451047207,nan,nan,nan,full,230.2158689519408,4406.514451047207,0.4268036912751678,False,False
Hi4D,/home/shangguanrz/project/pic-edit/datasets/Hi4D_pilot_v1/raw/pair09/talk09/images/76/000070.jpg,pair09/talk09/images/76/000070.jpg,940,1280,940,False,False,nan,263.6004900083978,3835.2028341090427,nan,nan,nan,full,263.6004900083978,3835.2028341090427,0.42701342281879195,False,False
Hi4D,/home/shangguanrz/project/pic-edit/datasets/Hi4D_pilot_v1/raw/pair09/talk09/images/76/000023.jpg,pair09/talk09/images/76/000023.jpg,940,1280,940,False,False,nan,269.3524325462746,3753.8597593916224,nan,nan,nan,full,269.3524325462746,3753.8597593916224,0.4276426174496644,False,False
Hi4D,/home/shangguanrz/project/pic-edit/datasets/Hi4D_pilot_v1/raw/pair09/talk09/images/76/000069.jpg,pair09/talk09/images/76/000069.jpg,940,1280,940,False,False,nan,263.5453087496455,3839.195000831117,nan,nan,nan,full,263.5453087496455,3839.195000831117,0.42785234899328856,False,False
Hi4D,/home/shangguanrz/project/pic-edit/datasets/Hi4D_pilot_v1/raw/pair14/hug14/images/4/000049.jpg,pair14/hug14/images/4/000049.jpg,940,1280,940,False,False,nan,230.10769460618414,4411.051882480053,nan,nan,nan,full,230.10769460618414,4411.051882480053,0.4278523489932886,False,False
Hi4D,/home/shangguanrz/project/pic-edit/datasets/Hi4D_pilot_v1/raw/pair28/dance28/images/4/000093.jpg,pair28/dance28/images/4/000093.jpg,940,1280,940,False,False,nan,234.30096710629462,4337.894375415559,nan,nan,nan,full,234.30096710629462,4337.894375415559,0.42806208053691275,False,False
Hi4D,/home/shangguanrz/project/pic-edit/datasets/Hi4D_pilot_v1/raw/pair02/backhug02/images/64/000118.jpg,pair02/backhug02/images/64/000118.jpg,940,1280,940,False,False,nan,238.5595001744544,4229.15204247008,nan,nan,nan,full,238.5595001744544,4229.15204247008,0.42869127516778527,False,False
Hi4D,/home/shangguanrz/project/pic-edit/datasets/Hi4D_pilot_v1/raw/pair10/dance10/images/4/000005.jpg,pair10/dance10/images/4/000005.jpg,940,1280,940,False,False,nan,233.8461264120933,4348.663231382979,nan,nan,nan,full,233.8461264120933,4348.663231382979,0.4289010067114094,False,False
Hi4D,/home/shangguanrz/project/pic-edit/datasets/Hi4D_pilot_v1/raw/pair28/fight28/images/4/000096.jpg,pair28/fight28/images/4/000096.jpg,940,1280,940,False,False,nan,236.07598908379805,4276.754082862367,nan,nan,nan,full,236.07598908379805,4276.754082862367,0.4289010067114094,False,False
Hi4D,/home/shangguanrz/project/pic-edit/datasets/Hi4D_pilot_v1/raw/pair14/hug14/images/4/000040.jpg,pair14/hug14/images/4/000040.jpg,940,1280,940,False,False,nan,230.82947874865195,4404.522751828457,nan,nan,nan,full,230.82947874865195,4404.522751828457,0.42973993288590606,False,False
Hi4D,/home/shangguanrz/project/pic-edit/datasets/Hi4D_pilot_v1/raw/pair09/talk09/images/76/000067.jpg,pair09/talk09/images/76/000067.jpg,940,1280,940,False,False,nan,263.25336854106536,3849.8290392287236,nan,nan,nan,full,263.25336854106536,3849.8290392287236,0.4299496644295302,False,False
Hi4D,/home/shangguanrz/project/pic-edit/datasets/Hi4D_pilot_v1/raw/pair10/dance10/images/4/000006.jpg,pair10/dance10/images/4/000006.jpg,940,1280,940,False,False,nan,233.6043030707314,4354.832000083112,nan,nan,nan,full,233.6043030707314,4354.832000083112,0.4299496644295302,False,False
Hi4D,/home/shangguanrz/project/pic-edit/datasets/Hi4D_pilot_v1/raw/pair28/fight28/images/4/000091.jpg,pair28/fight28/images/4/000091.jpg,940,1280,940,False,False,nan,234.53396564522387,4338.210054438165,nan,nan,nan,full,234.53396564522387,4338.210054438165,0.4299496644295302,False,False
Hi4D,/home/shangguanrz/project/pic-edit/datasets/Hi4D_pilot_v1/raw/pair09/talk09/images/76/000063.jpg,pair09/talk09/images/76/000063.jpg,940,1280,940,False,False,nan,262.8458229417227,3857.955285904255,nan,nan,nan,full,262.8458229417227,3857.955285904255,0.4307885906040268,False,False
Hi4D,/home/shangguanrz/project/pic-edit/datasets/Hi4D_pilot_v1/raw/pair12/talk12/images/16/000138.jpg,pair12/talk12/images/16/000138.jpg,940,1280,940,False,False,nan,235.0005685604228,4328.069346326462,nan,nan,nan,full,235.0005685604228,4328.069346326462,0.4314177852348993,False,False
Hi4D,/home/shangguanrz/project/pic-edit/datasets/Hi4D_pilot_v1/raw/pair10/dance10/images/4/000003.jpg,pair10/dance10/images/4/000003.jpg,940,1280,940,False,False,nan,235.26686352480584,4318.480686918218,nan,nan,nan,full,235.26686352480584,4318.480686918218,0.432256711409396,False,False
Hi4D,/home/shangguanrz/project/pic-edit/datasets/Hi4D_pilot_v1/raw/pair01/hug01/images/4/000032.jpg,pair01/hug01/images/4/000032.jpg,940,1280,940,False,False,nan,231.0686805586083,4413.843614943484,nan,nan,nan,full,231.0686805586083,4413.843614943484,0.4326761744966443,False,False
Hi4D,/home/shangguanrz/project/pic-edit/datasets/Hi4D_pilot_v1/raw/pair02/dance02/images/4/000146.jpg,pair02/dance02/images/4/000146.jpg,940,1280,940,False,False,nan,234.78457365115887,4339.53113572141,nan,nan,nan,full,234.78457365115887,4339.53113572141,0.43288590604026844,False,False
Hi4D,/home/shangguanrz/project/pic-edit/datasets/Hi4D_pilot_v1/raw/pair28/fight28/images/4/000119.jpg,pair28/fight28/images/4/000119.jpg,940,1280,940,False,False,nan,237.6876284716462,4255.922706117021,nan,nan,nan,full,237.6876284716462,4255.922706117021,0.43351510067114096,False,False
Hi4D,/home/shangguanrz/project/pic-edit/datasets/Hi4D_pilot_v1/raw/pair09/talk09/images/76/000068.jpg,pair09/talk09/images/76/000068.jpg,940,1280,940,False,False,nan,264.4282034385414,3842.491345994016,nan,nan,nan,full,264.4282034385414,3842.491345994016,0.4341442953020134,False,False
Hi4D,/home/shangguanrz/project/pic-edit/datasets/Hi4D_pilot_v1/raw/pair28/basketball28/images/4/000030.jpg,pair28/basketball28/images/4/000030.jpg,940,1280,940,False,False,nan,241.69515552052334,4162.919776429521,nan,nan,nan,full,241.69515552052334,4162.919776429521,0.4341442953020134,False,False
Hi4D,/home/shangguanrz/project/pic-edit/datasets/Hi4D_pilot_v1/raw/pair28/fight28/images/4/000088.jpg,pair28/fight28/images/4/000088.jpg,940,1280,940,False,False,nan,235.85200296237815,4313.078779504654,nan,nan,nan,full,235.85200296237815,4313.078779504654,0.4343540268456376,False,False
Hi4D,/home/shangguanrz/project/pic-edit/datasets/Hi4D_pilot_v1/raw/pair14/hug14/images/4/000062.jpg,pair14/hug14/images/4/000062.jpg,940,1280,940,False,False,nan,230.07628314351538,4449.21739943484,nan,nan,nan,full,230.07628314351538,4449.21739943484,0.4351929530201343,False,False
Hi4D,/home/shangguanrz/project/pic-edit/datasets/Hi4D_pilot_v1/raw/pair10/argue10/images/52/000087.jpg,pair10/argue10/images/52/000087.jpg,940,1280,940,False,False,nan,249.3345232228987,4035.046698387633,nan,nan,nan,full,249.3345232228987,4035.046698387633,0.43540268456375836,False,False
Hi4D,/home/shangguanrz/project/pic-edit/datasets/Hi4D_pilot_v1/raw/pair28/dance28/images/4/000048.jpg,pair28/dance28/images/4/000048.jpg,940,1280,940,False,False,nan,236.86414323073274,4290.197805851064,nan,nan,nan,full,236.86414323073274,4290.197805851064,0.4360318791946309,False,False
Hi4D,/home/shangguanrz/project/pic-edit/datasets/Hi4D_pilot_v1/raw/pair02/backhug02/images/64/000073.jpg,pair02/backhug02/images/64/000073.jpg,940,1280,940,False,False,nan,241.30597323775567,4181.688123337766,nan,nan,nan,full,241.30597323775567,4181.688123337766,0.4364513422818792,False,False
Hi4D,/home/shangguanrz/project/pic-edit/datasets/Hi4D_pilot_v1/raw/pair09/talk09/images/76/000064.jpg,pair09/talk09/images/76/000064.jpg,940,1280,940,False,False,nan,263.3172493557036,3882.3950818650264,nan,nan,nan,full,263.3172493557036,3882.3950818650264,0.43666107382550334,False,False
Hi4D,/home/shangguanrz/project/pic-edit/datasets/Hi4D_pilot_v1/raw/pair12/talk12/images/16/000129.jpg,pair12/talk12/images/16/000129.jpg,940,1280,940,False,False,nan,231.66972803300513,4421.801414976729,nan,nan,nan,full,231.66972803300513,4421.801414976729,0.43687080536912754,False,False
Hi4D,/home/shangguanrz/project/pic-edit/datasets/Hi4D_pilot_v1/raw/pair12/fight12/images/16/000067.jpg,pair12/fight12/images/16/000067.jpg,940,1280,940,False,False,nan,229.8311039379356,4468.353037732712,nan,nan,nan,full,229.8311039379356,4468.353037732712,0.43708053691275167,False,False
Hi4D,/home/shangguanrz/project/pic-edit/datasets/Hi4D_pilot_v1/raw/pair12/talk12/images/16/000088.jpg,pair12/talk12/images/16/000088.jpg,940,1280,940,False,False,nan,233.96583311562628,4373.395674035904,nan,nan,nan,full,233.96583311562628,4373.395674035904,0.43770973154362414,False,False
Hi4D,/home/shangguanrz/project/pic-edit/datasets/Hi4D_pilot_v1/raw/pair09/talk09/images/76/000019.jpg,pair09/talk09/images/76/000019.jpg,940,1280,940,False,False,nan,272.308830566431,3779.5580015791224,nan,nan,nan,full,272.308830566431,3779.5580015791224,0.43791946308724833,False,False
Hi4D,/home/shangguanrz/project/pic-edit/datasets/Hi4D_pilot_v1/raw/pair10/dance10/images/4/000014.jpg,pair10/dance10/images/4/000014.jpg,940,1280,940,False,False,nan,233.31815270718653,4387.030169547872,nan,nan,nan,full,233.31815270718653,4387.030169547872,0.43833892617449666,False,False
Hi4D,/home/shangguanrz/project/pic-edit/datasets/Hi4D_pilot_v1/raw/pair16/jump16/images/4/000089.jpg,pair16/jump16/images/4/000089.jpg,940,1280,940,False,False,nan,231.36362845390943,4434.057461353059,nan,nan,nan,full,231.36362845390943,4434.057461353059,0.43833892617449666,False,False
Hi4D,/home/shangguanrz/project/pic-edit/datasets/Hi4D_pilot_v1/raw/pair09/talk09/images/76/000071.jpg,pair09/talk09/images/76/000071.jpg,940,1280,940,False,False,nan,265.0970484187238,3852.58075340758,nan,nan,nan,full,265.0970484187238,3852.58075340758,0.438758389261745,False,False
Hi4D,/home/shangguanrz/project/pic-edit/datasets/Hi4D_pilot_v1/raw/pair10/dance10/images/4/000001.jpg,pair10/dance10/images/4/000001.jpg,940,1280,940,False,False,nan,235.20900643058033,4344.000457114362,nan,nan,nan,full,235.20900643058033,4344.000457114362,0.4391778523489933,False,False
Hi4D,/home/shangguanrz/project/pic-edit/datasets/Hi4D_pilot_v1/raw/pair02/dance02/images/4/000125.jpg,pair02/dance02/images/4/000125.jpg,940,1280,940,False,False,nan,233.62533164855427,4384.363676030585,nan,nan,nan,full,233.62533164855427,4384.363676030585,0.4395973154362416,False,False
Hi4D,/home/shangguanrz/project/pic-edit/datasets/Hi4D_pilot_v1/raw/pair09/talk09/images/76/000020.jpg,pair09/talk09/images/76/000020.jpg,940,1280,940,False,False,nan,271.59584846964464,3788.053887549867,nan,nan,nan,full,271.59584846964464,3788.053887549867,0.4395973154362416,False,False
Hi4D,/home/shangguanrz/project/pic-edit/datasets/Hi4D_pilot_v1/raw/pair28/basketball28/images/4/000051.jpg,pair28/basketball28/images/4/000051.jpg,940,1280,940,False,False,nan,237.69800751235704,4271.528652759309,nan,nan,nan,full,237.69800751235704,4271.528652759309,0.4398070469798658,False,False
Hi4D,/home/shangguanrz/project/pic-edit/datasets/Hi4D_pilot_v1/raw/pair09/talk09/images/76/000066.jpg,pair09/talk09/images/76/000066.jpg,940,1280,940,False,False,nan,264.5765716290247,3873.1858377659573,nan,nan,nan,full,264.5765716290247,3873.1858377659573,0.44043624161073824,False,False
Hi4D,/home/shangguanrz/project/pic-edit/datasets/Hi4D_pilot_v1/raw/pair16/jump16/images/4/000091.jpg,pair16/jump16/images/4/000091.jpg,940,1280,940,False,False,nan,229.83111088323943,4487.624792220745,nan,nan,nan,full,229.83111088323943,4487.624792220745,0.44043624161073824,False,False
Hi4D,/home/shangguanrz/project/pic-edit/datasets/Hi4D_pilot_v1/raw/pair10/dance10/images/4/000086.jpg,pair10/dance10/images/4/000086.jpg,940,1280,940,False,False,nan,235.9834872686577,4328.69249709109,nan,nan,nan,full,235.9834872686577,4328.69249709109,0.44106543624161076,False,False
Hi4D,/home/shangguanrz/project/pic-edit/datasets/Hi4D_pilot_v1/raw/pair09/talk09/images/76/000072.jpg,pair09/talk09/images/76/000072.jpg,940,1280,940,False,False,nan,266.36465944613525,3861.7294298537236,nan,nan,nan,full,266.36465944613525,3861.7294298537236,0.4435822147651006,False,False
Hi4D,/home/shangguanrz/project/pic-edit/datasets/Hi4D_pilot_v1/raw/pair02/backhug02/images/64/000010.jpg,pair02/backhug02/images/64/000010.jpg,940,1280,940,False,False,nan,238.38350058570603,4277.067133477393,nan,nan,nan,full,238.38350058570603,4277.067133477393,0.4446308724832215,False,False
Hi4D,/home/shangguanrz/project/pic-edit/datasets/Hi4D_pilot_v1/raw/pair12/fight12/images/16/000096.jpg,pair12/fight12/images/16/000096.jpg,940,1280,940,False,False,nan,231.70965777699786,4469.617395279255,nan,nan,nan,full,231.70965777699786,4469.617395279255,0.4460989932885906,False,False
Hi4D,/home/shangguanrz/project/pic-edit/datasets/Hi4D_pilot_v1/raw/pair02/dance02/images/4/000145.jpg,pair02/dance02/images/4/000145.jpg,940,1280,940,False,False,nan,236.37905611930898,4340.690741356383,nan,nan,nan,full,236.37905611930898,4340.690741356383,0.4465184563758389,False,False
Hi4D,/home/shangguanrz/project/pic-edit/datasets/Hi4D_pilot_v1/raw/pair28/basketball28/images/4/000055.jpg,pair28/basketball28/images/4/000055.jpg,940,1280,940,False,False,nan,237.39461823832457,4316.007916389628,nan,nan,nan,full,237.39461823832457,4316.007916389628,0.4465184563758389,False,False
Hi4D,/home/shangguanrz/project/pic-edit/datasets/Hi4D_pilot_v1/raw/pair02/dance02/images/4/000143.jpg,pair02/dance02/images/4/000143.jpg,940,1280,940,False,False,nan,236.01819573184278,4345.322265625,nan,nan,nan,full,236.01819573184278,4345.322265625,0.4471476510067114,False,False
Hi4D,/home/shangguanrz/project/pic-edit/datasets/Hi4D_pilot_v1/raw/pair12/talk12/images/16/000112.jpg,pair12/talk12/images/16/000112.jpg,940,1280,940,False,False,nan,235.9288529633073,4355.387238198138,nan,nan,nan,full,235.9288529633073,4355.387238198138,0.4488255033557047,False,False
Hi4D,/home/shangguanrz/project/pic-edit/datasets/Hi4D_pilot_v1/raw/pair02/backhug02/images/64/000116.jpg,pair02/backhug02/images/64/000116.jpg,940,1280,940,False,False,nan,239.84722598530468,4265.718988946143,nan,nan,nan,full,239.84722598530468,4265.718988946143,0.44903523489932884,False,False
Hi4D,/home/shangguanrz/project/pic-edit/datasets/Hi4D_pilot_v1/raw/pair09/talk09/images/76/000073.jpg,pair09/talk09/images/76/000073.jpg,940,1280,940,False,False,nan,267.9323192639769,3862.707789644282,nan,nan,nan,full,267.9323192639769,3862.707789644282,0.4498741610738255,False,False
Hi4D,/home/shangguanrz/project/pic-edit/datasets/Hi4D_pilot_v1/raw/pair09/talk09/images/76/000065.jpg,pair09/talk09/images/76/000065.jpg,940,1280,940,False,False,nan,266.52392273501823,3892.472344581117,nan,nan,nan,full,266.52392273501823,3892.472344581117,0.4502936241610738,False,False
Hi4D,/home/shangguanrz/project/pic-edit/datasets/Hi4D_pilot_v1/raw/pair28/dance28/images/4/000102.jpg,pair28/dance28/images/4/000102.jpg,940,1280,940,False,False,nan,237.4471188735616,4326.837132230718,nan,nan,nan,full,237.4471188735616,4326.837132230718,0.4502936241610738,False,False
Hi4D,/home/shangguanrz/project/pic-edit/datasets/Hi4D_pilot_v1/raw/pair01/fight01/images/52/000010.jpg,pair01/fight01/images/52/000010.jpg,940,1280,940,False,False,nan,240.89965158126208,4251.892172955452,nan,nan,nan,full,240.89965158126208,4251.892172955452,0.45071308724832215,False,False
Hi4D,/home/shangguanrz/project/pic-edit/datasets/Hi4D_pilot_v1/raw/pair02/dance02/images/4/000117.jpg,pair02/dance02/images/4/000117.jpg,940,1280,940,False,False,nan,235.01161364766472,4389.144728640293,nan,nan,nan,full,235.01161364766472,4389.144728640293,0.45071308724832215,False,False
Hi4D,/home/shangguanrz/project/pic-edit/datasets/Hi4D_pilot_v1/raw/pair16/jump16/images/4/000088.jpg,pair16/jump16/images/4/000088.jpg,940,1280,940,False,False,nan,232.9507082482979,4459.112242353724,nan,nan,nan,full,232.9507082482979,4459.112242353724,0.4511325503355704,False,False
Hi4D,/home/shangguanrz/project/pic-edit/datasets/Hi4D_pilot_v1/raw/pair09/talk09/images/76/000022.jpg,pair09/talk09/images/76/000022.jpg,940,1280,940,False,False,nan,274.0138336506944,3814.0409429022607,nan,nan,nan,full,274.0138336506944,3814.0409429022607,0.4515520134228188,False,False
Hi4D,/home/shangguanrz/project/pic-edit/datasets/Hi4D_pilot_v1/raw/pair09/talk09/images/76/000018.jpg,pair09/talk09/images/76/000018.jpg,940,1280,940,False,False,nan,276.52874207129673,3781.884557845745,nan,nan,nan,full,276.52874207129673,3781.884557845745,0.45218120805369133,False,False
Hi4D,/home/shangguanrz/project/pic-edit/datasets/Hi4D_pilot_v1/raw/pair12/talk12/images/16/000020.jpg,pair12/talk12/images/16/000020.jpg,940,1280,940,False,False,nan,237.01448175808918,4345.729616855053,nan,nan,nan,full,237.01448175808918,4345.729616855053,0.45281040268456374,False,False
Hi4D,/home/shangguanrz/project/pic-edit/datasets/Hi4D_pilot_v1/raw/pair01/hug01/images/4/000019.jpg,pair01/hug01/images/4/000019.jpg,940,1280,940,False,False,nan,232.93361310054402,4475.585667386968,nan,nan,nan,full,232.93361310054402,4475.585667386968,0.45343959731543626,False,False
Hi4D,/home/shangguanrz/project/pic-edit/datasets/Hi4D_pilot_v1/raw/pair12/talk12/images/16/000123.jpg,pair12/talk12/images/16/000123.jpg,940,1280,940,False,False,nan,233.93376694269563,4443.912826213431,nan,nan,nan,full,233.93376694269563,4443.912826213431,0.45343959731543626,False,False
Hi4D,/home/shangguanrz/project/pic-edit/datasets/Hi4D_pilot_v1/raw/pair28/fight28/images/4/000108.jpg,pair28/fight28/images/4/000108.jpg,940,1280,940,False,False,nan,235.49214047441762,4382.18475731383,nan,nan,nan,full,235.49214047441762,4382.18475731383,0.45385906040268453,False,False
Hi4D,/home/shangguanrz/project/pic-edit/datasets/Hi4D_pilot_v1/raw/pair28/fight28/images/4/000106.jpg,pair28/fight28/images/4/000106.jpg,940,1280,940,False,False,nan,236.33402569243248,4366.70856881649,nan,nan,nan,full,236.33402569243248,4366.70856881649,0.4546979865771812,False,False
Hi4D,/home/shangguanrz/project/pic-edit/datasets/Hi4D_pilot_v1/raw/pair09/talk09/images/76/000017.jpg,pair09/talk09/images/76/000017.jpg,940,1280,940,False,False,nan,275.48464918115013,3811.025785405585,nan,nan,nan,full,275.48464918115013,3811.025785405585,0.4549077181208054,False,False
Hi4D,/home/shangguanrz/project/pic-edit/datasets/Hi4D_pilot_v1/raw/pair09/talk09/images/76/000074.jpg,pair09/talk09/images/76/000074.jpg,940,1280,940,False,False,nan,268.82366490472,3880.510035738032,nan,nan,nan,full,268.82366490472,3880.510035738032,0.4549077181208054,False,False
Hi4D,/home/shangguanrz/project/pic-edit/datasets/Hi4D_pilot_v1/raw/pair12/fight12/images/16/000068.jpg,pair12/fight12/images/16/000068.jpg,940,1280,940,False,False,nan,231.78077354812686,4511.733533494016,nan,nan,nan,full,231.78077354812686,4511.733533494016,0.4551174496644296,False,False
Hi4D,/home/shangguanrz/project/pic-edit/datasets/Hi4D_pilot_v1/raw/pair02/dance02/images/4/000148.jpg,pair02/dance02/images/4/000148.jpg,940,1280,940,False,False,nan,236.56549666398996,4364.331574135638,nan,nan,nan,full,236.56549666398996,4364.331574135638,0.45553691275167785,False,False
Hi4D,/home/shangguanrz/project/pic-edit/datasets/Hi4D_pilot_v1/raw/pair09/talk09/images/76/000021.jpg,pair09/talk09/images/76/000021.jpg,940,1280,940,False,False,nan,275.29928528099595,3817.6185484541224,nan,nan,nan,full,275.29928528099595,3817.6185484541224,0.45616610738255037,False,False
Hi4D,/home/shangguanrz/project/pic-edit/datasets/Hi4D_pilot_v1/raw/pair12/talk12/images/16/000042.jpg,pair12/talk12/images/16/000042.jpg,940,1280,940,False,False,nan,235.3244607296126,4401.768918301197,nan,nan,nan,full,235.3244607296126,4401.768918301197,0.45616610738255037,False,False
Hi4D,/home/shangguanrz/project/pic-edit/datasets/Hi4D_pilot_v1/raw/pair12/talk12/images/16/000127.jpg,pair12/talk12/images/16/000127.jpg,940,1280,940,False,False,nan,232.82389668651487,4494.258103390957,nan,nan,nan,full,232.82389668651487,4494.258103390957,0.457005033557047,False,False
Hi4D,/home/shangguanrz/project/pic-edit/datasets/Hi4D_pilot_v1/raw/pair09/talk09/images/76/000075.jpg,pair09/talk09/images/76/000075.jpg,940,1280,940,False,False,nan,269.6821520635853,3884.195031998005,nan,nan,nan,full,269.6821520635853,3884.195031998005,0.4574244966442953,False,False
Hi4D,/home/shangguanrz/project/pic-edit/datasets/Hi4D_pilot_v1/raw/pair01/hug01/images/4/000017.jpg,pair01/hug01/images/4/000017.jpg,940,1280,940,False,False,nan,232.5841798272917,4506.182347074468,nan,nan,nan,full,232.5841798272917,4506.182347074468,0.45784395973154357,False,False
Hi4D,/home/shangguanrz/project/pic-edit/datasets/Hi4D_pilot_v1/raw/pair01/hug01/images/4/000016.jpg,pair01/hug01/images/4/000016.jpg,940,1280,940,False,False,nan,233.01896813057195,4498.323294132314,nan,nan,nan,full,233.01896813057195,4498.323294132314,0.4580536912751678,False,False
Hi4D,/home/shangguanrz/project/pic-edit/datasets/Hi4D_pilot_v1/raw/pair14/hug14/images/4/000063.jpg,pair14/hug14/images/4/000063.jpg,940,1280,940,False,False,nan,232.35852575644802,4512.864704537899,nan,nan,nan,full,232.35852575644802,4512.864704537899,0.4584731543624161,False,False
Hi4D,/home/shangguanrz/project/pic-edit/datasets/Hi4D_pilot_v1/raw/pair10/dance10/images/4/000008.jpg,pair10/dance10/images/4/000008.jpg,940,1280,940,False,False,nan,234.97182178972207,4428.342524102393,nan,nan,nan,full,234.97182178972207,4428.342524102393,0.4588926174496645,False,False
Hi4D,/home/shangguanrz/project/pic-edit/datasets/Hi4D_pilot_v1/raw/pair12/fight12/images/16/000069.jpg,pair12/fight12/images/16/000069.jpg,940,1280,940,False,False,nan,231.96780173678158,4528.636136968085,nan,nan,nan,full,231.96780173678158,4528.636136968085,0.4597315436241611,False,False
Hi4D,/home/shangguanrz/project/pic-edit/datasets/Hi4D_pilot_v1/raw/pair02/pose02/images/52/000030.jpg,pair02/pose02/images/52/000030.jpg,940,1280,940,False,False,nan,238.39307612161824,4342.821766954788,nan,nan,nan,full,238.39307612161824,4342.821766954788,0.4616191275167785,False,False
Hi4D,/home/shangguanrz/project/pic-edit/datasets/Hi4D_pilot_v1/raw/pair16/jump16/images/4/000080.jpg,pair16/jump16/images/4/000080.jpg,940,1280,940,False,False,nan,235.61243268317253,4415.009807180851,nan,nan,nan,full,235.61243268317253,4415.009807180851,0.46203859060402686,False,False
Hi4D,/home/shangguanrz/project/pic-edit/datasets/Hi4D_pilot_v1/raw/pair16/jump16/images/4/000081.jpg,pair16/jump16/images/4/000081.jpg,940,1280,940,False,False,nan,235.01024794111746,4452.33935546875,nan,nan,nan,full,235.01024794111746,4452.33935546875,0.4632969798657718,False,False
Hi4D,/home/shangguanrz/project/pic-edit/datasets/Hi4D_pilot_v1/raw/pair02/pose02/images/52/000015.jpg,pair02/pose02/images/52/000015.jpg,940,1280,940,False,False,nan,244.97735197040063,4209.19373337766,nan,nan,nan,full,244.97735197040063,4209.19373337766,0.4635067114093959,False,False
Hi4D,/home/shangguanrz/project/pic-edit/datasets/Hi4D_pilot_v1/raw/pair02/backhug02/images/64/000009.jpg,pair02/backhug02/images/64/000009.jpg,940,1280,940,False,False,nan,240.133346116586,4315.849515874335,nan,nan,nan,full,240.133346116586,4315.849515874335,0.463506711409396,False,False
Hi4D,/home/shangguanrz/project/pic-edit/datasets/Hi4D_pilot_v1/raw/pair12/talk12/images/16/000108.jpg,pair12/talk12/images/16/000108.jpg,940,1280,940,False,False,nan,237.1306655595561,4379.97344581117,nan,nan,nan,full,237.1306655595561,4379.97344581117,0.4637164429530201,False,False
Hi4D,/home/shangguanrz/project/pic-edit/datasets/Hi4D_pilot_v1/raw/pair28/fight28/images/4/000111.jpg,pair28/fight28/images/4/000111.jpg,940,1280,940,False,False,nan,237.15685183411549,4376.392785904255,nan,nan,nan,full,237.15685183411549,4376.392785904255,0.46371644295302017,False,False
Hi4D,/home/shangguanrz/project/pic-edit/datasets/Hi4D_pilot_v1/raw/pair28/dance28/images/4/000094.jpg,pair28/dance28/images/4/000094.jpg,940,1280,940,False,False,nan,237.64322616458753,4364.05010596742,nan,nan,nan,full,237.64322616458753,4364.05010596742,0.46413590604026844,False,False
Hi4D,/home/shangguanrz/project/pic-edit/datasets/Hi4D_pilot_v1/raw/pair09/talk09/images/76/000010.jpg,pair09/talk09/images/76/000010.jpg,940,1280,940,False,False,nan,271.812423003103,3895.6165433843084,nan,nan,nan,full,271.812423003103,3895.6165433843084,0.4645553691275168,False,False
Hi4D,/home/shangguanrz/project/pic-edit/datasets/Hi4D_pilot_v1/raw/pair28/fight28/images/4/000112.jpg,pair28/fight28/images/4/000112.jpg,940,1280,940,False,False,nan,237.46747124405567,4372.350533992686,nan,nan,nan,full,237.46747124405567,4372.350533992686,0.46476510067114096,False,False
Hi4D,/home/shangguanrz/project/pic-edit/datasets/Hi4D_pilot_v1/raw/pair28/fight28/images/4/000121.jpg,pair28/fight28/images/4/000121.jpg,940,1280,940,False,False,nan,241.30244684043976,4294.998265043218,nan,nan,nan,full,241.30244684043976,4294.998265043218,0.4649748322147651,False,False
Hi4D,/home/shangguanrz/project/pic-edit/datasets/Hi4D_pilot_v1/raw/pair22/game22/images/4/000144.jpg,pair22/game22/images/4/000144.jpg,940,1280,940,False,False,nan,247.8153752817618,4168.033951130319,nan,nan,nan,full,247.8153752817618,4168.033951130319,0.4660234899328859,False,False
Hi4D,/home/shangguanrz/project/pic-edit/datasets/Hi4D_pilot_v1/raw/pair28/dance28/images/4/000100.jpg,pair28/dance28/images/4/000100.jpg,940,1280,940,False,False,nan,239.1664460675378,4342.27520362367,nan,nan,nan,full,239.1664460675378,4342.27520362367,0.4660234899328859,False,False
Hi4D,/home/shangguanrz/project/pic-edit/datasets/Hi4D_pilot_v1/raw/pair09/talk09/images/76/000015.jpg,pair09/talk09/images/76/000015.jpg,940,1280,940,False,False,nan,276.5420402769267,3840.770757147606,nan,nan,nan,full,276.5420402769267,3840.770757147606,0.4664429530201342,False,False
Hi4D,/home/shangguanrz/project/pic-edit/datasets/Hi4D_pilot_v1/raw/pair10/argue10/images/52/000089.jpg,pair10/argue10/images/52/000089.jpg,940,1280,940,False,False,nan,251.39465046919221,4133.784771858378,nan,nan,nan,full,251.39465046919221,4133.784771858378,0.4664429530201342,False,False
Hi4D,/home/shangguanrz/project/pic-edit/datasets/Hi4D_pilot_v1/raw/pair10/dance10/images/4/000013.jpg,pair10/dance10/images/4/000013.jpg,940,1280,940,False,False,nan,235.89436190740287,4422.92626953125,nan,nan,nan,full,235.89436190740287,4422.92626953125,0.4664429530201343,False,False
Hi4D,/home/shangguanrz/project/pic-edit/datasets/Hi4D_pilot_v1/raw/pair02/backhug02/images/64/000007.jpg,pair02/backhug02/images/64/000007.jpg,940,1280,940,False,False,nan,240.270241220999,4322.939390791224,nan,nan,nan,full,240.270241220999,4322.939390791224,0.4666526845637584,False,False
Hi4D,/home/shangguanrz/project/pic-edit/datasets/Hi4D_pilot_v1/raw/pair02/dance02/images/4/000124.jpg,pair02/dance02/images/4/000124.jpg,940,1280,940,False,False,nan,236.3014564150434,4415.67003615359,nan,nan,nan,full,236.3014564150434,4415.67003615359,0.4666526845637584,False,False
Hi4D,/home/shangguanrz/project/pic-edit/datasets/Hi4D_pilot_v1/raw/pair09/talk09/images/76/000012.jpg,pair09/talk09/images/76/000012.jpg,940,1280,940,False,False,nan,274.00548618459874,3882.584420711436,nan,nan,nan,full,274.00548618459874,3882.584420711436,0.4666526845637584,False,False
Hi4D,/home/shangguanrz/project/pic-edit/datasets/Hi4D_pilot_v1/raw/pair28/fight28/images/4/000109.jpg,pair28/fight28/images/4/000109.jpg,940,1280,940,False,False,nan,237.14221927058165,4390.128916638962,nan,nan,nan,full,237.14221927058165,4390.128916638962,0.4672818791946308,False,False
Hi4D,/home/shangguanrz/project/pic-edit/datasets/Hi4D_pilot_v1/raw/pair01/hug01/images/4/000021.jpg,pair01/hug01/images/4/000021.jpg,940,1280,940,False,False,nan,233.4734022590357,4521.32433302859,nan,nan,nan,full,233.4734022590357,4521.32433302859,0.467491610738255,False,False
Hi4D,/home/shangguanrz/project/pic-edit/datasets/Hi4D_pilot_v1/raw/pair10/dance10/images/4/000089.jpg,pair10/dance10/images/4/000089.jpg,940,1280,940,False,False,nan,237.98206526890982,4368.016466505984,nan,nan,nan,full,237.98206526890982,4368.016466505984,0.467491610738255,False,False
Hi4D,/home/shangguanrz/project/pic-edit/datasets/Hi4D_pilot_v1/raw/pair10/dance10/images/4/000007.jpg,pair10/dance10/images/4/000007.jpg,940,1280,940,False,False,nan,236.65639742835177,4410.005194481383,nan,nan,nan,full,236.65639742835177,4410.005194481383,0.46749161073825507,False,False
Hi4D,/home/shangguanrz/project/pic-edit/datasets/Hi4D_pilot_v1/raw/pair02/pose02/images/52/000016.jpg,pair02/pose02/images/52/000016.jpg,940,1280,940,False,False,nan,246.2173675598198,4212.437229886968,nan,nan,nan,full,246.2173675598198,4212.437229886968,0.4677013422818792,False,False
Hi4D,/home/shangguanrz/project/pic-edit/datasets/Hi4D_pilot_v1/raw/pair22/game22/images/4/000146.jpg,pair22/game22/images/4/000146.jpg,940,1280,940,False,False,nan,249.7753216066259,4150.933604138962,nan,nan,nan,full,249.7753216066259,4150.933604138962,0.46875,False,False
Hi4D,/home/shangguanrz/project/pic-edit/datasets/Hi4D_pilot_v1/raw/pair28/fight28/images/4/000101.jpg,pair28/fight28/images/4/000101.jpg,940,1280,940,False,False,nan,240.42986711518373,4325.60974900266,nan,nan,nan,full,240.42986711518373,4325.60974900266,0.46875,False,False
Hi4D,/home/shangguanrz/project/pic-edit/datasets/Hi4D_pilot_v1/raw/pair01/fight01/images/52/000001.jpg,pair01/fight01/images/52/000001.jpg,940,1280,940,False,False,nan,242.0592320229522,4291.387258976064,nan,nan,nan,full,242.0592320229522,4291.387258976064,0.46895973154362414,False,False
Hi4D,/home/shangguanrz/project/pic-edit/datasets/Hi4D_pilot_v1/raw/pair09/talk09/images/76/000006.jpg,pair09/talk09/images/76/000006.jpg,940,1280,940,False,False,nan,272.3867076203908,3918.9000685671544,nan,nan,nan,full,272.3867076203908,3918.9000685671544,0.4691694630872483,False,False
Hi4D,/home/shangguanrz/project/pic-edit/datasets/Hi4D_pilot_v1/raw/pair28/fight28/images/4/000090.jpg,pair28/fight28/images/4/000090.jpg,940,1280,940,False,False,nan,237.3122648579494,4403.545441323138,nan,nan,nan,full,237.3122648579494,4403.545441323138,0.47021812080536907,False,False
Hi4D,/home/shangguanrz/project/pic-edit/datasets/Hi4D_pilot_v1/raw/pair09/talk09/images/76/000014.jpg,pair09/talk09/images/76/000014.jpg,940,1280,940,False,False,nan,275.83509706336486,3873.926279920213,nan,nan,nan,full,275.83509706336486,3873.926279920213,0.4708473154362416,False,False
Hi4D,/home/shangguanrz/project/pic-edit/datasets/Hi4D_pilot_v1/raw/pair12/talk12/images/16/000110.jpg,pair12/talk12/images/16/000110.jpg,940,1280,940,False,False,nan,237.32074733361117,4404.037088597074,nan,nan,nan,full,237.32074733361117,4404.037088597074,0.4708473154362416,False,False
Hi4D,/home/shangguanrz/project/pic-edit/datasets/Hi4D_pilot_v1/raw/pair09/talk09/images/76/000011.jpg,pair09/talk09/images/76/000011.jpg,940,1280,940,False,False,nan,274.3527404685645,3897.655314993351,nan,nan,nan,full,274.3527404685645,3897.655314993351,0.4712667785234899,False,False
Hi4D,/home/shangguanrz/project/pic-edit/datasets/Hi4D_pilot_v1/raw/pair12/talk12/images/16/000021.jpg,pair12/talk12/images/16/000021.jpg,940,1280,940,False,False,nan,239.03252618288013,4361.734239943484,nan,nan,nan,full,239.03252618288013,4361.734239943484,0.47126677852348997,False,False
Hi4D,/home/shangguanrz/project/pic-edit/datasets/Hi4D_pilot_v1/raw/pair28/basketball28/images/4/000047.jpg,pair28/basketball28/images/4/000047.jpg,940,1280,940,False,False,nan,242.06367295810466,4303.663065159574,nan,nan,nan,full,242.06367295810466,4303.663065159574,0.4714765100671141,False,False
Hi4D,/home/shangguanrz/project/pic-edit/datasets/Hi4D_pilot_v1/raw/pair22/game22/images/4/000148.jpg,pair22/game22/images/4/000148.jpg,940,1280,940,False,False,nan,252.0537086052288,4140.468843500665,nan,nan,nan,full,252.0537086052288,4140.468843500665,0.47210570469798663,False,False
Hi4D,/home/shangguanrz/project/pic-edit/datasets/Hi4D_pilot_v1/raw/pair09/talk09/images/76/000007.jpg,pair09/talk09/images/76/000007.jpg,940,1280,940,False,False,nan,272.7959077261918,3925.7056287400264,nan,nan,nan,full,272.7959077261918,3925.7056287400264,0.47231543624161076,False,False
Hi4D,/home/shangguanrz/project/pic-edit/datasets/Hi4D_pilot_v1/raw/pair02/dance02/images/4/000127.jpg,pair02/dance02/images/4/000127.jpg,940,1280,940,False,False,nan,236.65652472444546,4433.703758726729,nan,nan,nan,full,236.65652472444546,4433.703758726729,0.47336409395973156,False,False
Hi4D,/home/shangguanrz/project/pic-edit/datasets/Hi4D_pilot_v1/raw/pair09/talk09/images/76/000009.jpg,pair09/talk09/images/76/000009.jpg,940,1280,940,False,False,nan,274.218760663727,3912.6082841589096,nan,nan,nan,full,274.218760663727,3912.6082841589096,0.47336409395973156,False,False
Hi4D,/home/shangguanrz/project/pic-edit/datasets/Hi4D_pilot_v1/raw/pair12/talk12/images/16/000107.jpg,pair12/talk12/images/16/000107.jpg,940,1280,940,False,False,nan,238.56138012211156,4381.61677194149,nan,nan,nan,full,238.56138012211156,4381.61677194149,0.4739932885906041,False,False
Hi4D,/home/shangguanrz/project/pic-edit/datasets/Hi4D_pilot_v1/raw/pair28/fight28/images/4/000117.jpg,pair28/fight28/images/4/000117.jpg,940,1280,940,False,False,nan,242.03778896808302,4313.635503241357,nan,nan,nan,full,242.03778896808302,4313.635503241357,0.4739932885906041,False,False
Hi4D,/home/shangguanrz/project/pic-edit/datasets/Hi4D_pilot_v1/raw/pair09/talk09/images/76/000016.jpg,pair09/talk09/images/76/000016.jpg,940,1280,940,False,False,nan,277.0803914328893,3866.815512799202,nan,nan,nan,full,277.0803914328893,3866.815512799202,0.47441275167785235,False,False
Hi4D,/home/shangguanrz/project/pic-edit/datasets/Hi4D_pilot_v1/raw/pair12/talk12/images/16/000149.jpg,pair12/talk12/images/16/000149.jpg,940,1280,940,False,False,nan,236.49366981630249,4447.621737865691,nan,nan,nan,full,236.49366981630249,4447.621737865691,0.47441275167785235,False,False
Hi4D,/home/shangguanrz/project/pic-edit/datasets/Hi4D_pilot_v1/raw/pair02/pose02/images/52/000013.jpg,pair02/pose02/images/52/000013.jpg,940,1280,940,False,False,nan,246.29506685033328,4241.12188331117,nan,nan,nan,full,246.29506685033328,4241.12188331117,0.4746224832214765,False,False
Hi4D,/home/shangguanrz/project/pic-edit/datasets/Hi4D_pilot_v1/raw/pair12/talk12/images/16/000147.jpg,pair12/talk12/images/16/000147.jpg,940,1280,940,False,False,nan,236.31980980948236,4453.721087516622,nan,nan,nan,full,236.31980980948236,4453.721087516622,0.4748322147651007,False,False
Hi4D,/home/shangguanrz/project/pic-edit/datasets/Hi4D_pilot_v1/raw/pair02/dance02/images/4/000131.jpg,pair02/dance02/images/4/000131.jpg,940,1280,940,False,False,nan,236.93181101687088,4439.471471908245,nan,nan,nan,full,236.93181101687088,4439.471471908245,0.47567114093959734,False,False
Hi4D,/home/shangguanrz/project/pic-edit/datasets/Hi4D_pilot_v1/raw/pair01/fight01/images/52/000009.jpg,pair01/fight01/images/52/000009.jpg,940,1280,940,False,False,nan,242.2407211787888,4314.100180767952,nan,nan,nan,full,242.2407211787888,4314.100180767952,0.4758808724832215,False,False
Hi4D,/home/shangguanrz/project/pic-edit/datasets/Hi4D_pilot_v1/raw/pair12/talk12/images/16/000125.jpg,pair12/talk12/images/16/000125.jpg,940,1280,940,False,False,nan,235.08644611836016,4510.829267785904,nan,nan,nan,full,235.08644611836016,4510.829267785904,0.4767197986577181,False,False
Hi4D,/home/shangguanrz/project/pic-edit/datasets/Hi4D_pilot_v1/raw/pair09/talk09/images/76/000005.jpg,pair09/talk09/images/76/000005.jpg,940,1280,940,False,False,nan,273.86392717158543,3937.121987200798,nan,nan,nan,full,273.86392717158543,3937.121987200798,0.4773489932885906,False,False
Hi4D,/home/shangguanrz/project/pic-edit/datasets/Hi4D_pilot_v1/raw/pair01/hug01/images/4/000022.jpg,pair01/hug01/images/4/000022.jpg,940,1280,940,False,False,nan,234.53210522306614,4547.319668384309,nan,nan,nan,full,234.53210522306614,4547.319668384309,0.47755872483221473,False,False
Hi4D,/home/shangguanrz/project/pic-edit/datasets/Hi4D_pilot_v1/raw/pair12/talk12/images/16/000022.jpg,pair12/talk12/images/16/000022.jpg,940,1280,940,False,False,nan,240.0615790612075,4363.970443400931,nan,nan,nan,full,240.0615790612075,4363.970443400931,0.47755872483221473,False,False
Hi4D,/home/shangguanrz/project/pic-edit/datasets/Hi4D_pilot_v1/raw/pair09/talk09/images/76/000003.jpg,pair09/talk09/images/76/000003.jpg,940,1280,940,False,False,nan,274.7199611481416,3930.652655418883,nan,nan,nan,full,274.7199611481416,3930.652655418883,0.47818791946308725,False,False
Hi4D,/home/shangguanrz/project/pic-edit/datasets/Hi4D_pilot_v1/raw/pair12/fight12/images/16/000071.jpg,pair12/fight12/images/16/000071.jpg,940,1280,940,False,False,nan,233.27718561491096,4584.845256399601,nan,nan,nan,full,233.27718561491096,4584.845256399601,0.4786073825503356,False,False
Hi4D,/home/shangguanrz/project/pic-edit/datasets/Hi4D_pilot_v1/raw/pair09/talk09/images/76/000004.jpg,pair09/talk09/images/76/000004.jpg,940,1280,940,False,False,nan,274.6111675308214,3933.703530169548,nan,nan,nan,full,274.6111675308214,3933.703530169548,0.4788171140939598,False,False
Hi4D,/home/shangguanrz/project/pic-edit/datasets/Hi4D_pilot_v1/raw/pair01/fight01/images/52/000003.jpg,pair01/fight01/images/52/000003.jpg,940,1280,940,False,False,nan,243.29562827222972,4305.349266539229,nan,nan,nan,full,243.29562827222972,4305.349266539229,0.47923657718120805,False,False
Hi4D,/home/shangguanrz/project/pic-edit/datasets/Hi4D_pilot_v1/raw/pair28/fight28/images/4/000122.jpg,pair28/fight28/images/4/000122.jpg,940,1280,940,False,False,nan,242.46945622108709,4326.06531540891,nan,nan,nan,full,242.46945622108709,4326.06531540891,0.4796560402684564,False,False
Hi4D,/home/shangguanrz/project/pic-edit/datasets/Hi4D_pilot_v1/raw/pair09/talk09/images/76/000008.jpg,pair09/talk09/images/76/000008.jpg,940,1280,940,False,False,nan,275.04098340986326,3934.379872423537,nan,nan,nan,full,275.04098340986326,3934.379872423537,0.4798657718120805,False,False
Hi4D,/home/shangguanrz/project/pic-edit/datasets/Hi4D_pilot_v1/raw/pair01/hug01/images/4/000014.jpg,pair01/hug01/images/4/000014.jpg,940,1280,940,False,False,nan,235.02365314167187,4525.461384225399,nan,nan,nan,full,235.02365314167187,4525.461384225399,0.47986577181208057,False,False
Hi4D,/home/shangguanrz/project/pic-edit/datasets/Hi4D_pilot_v1/raw/pair01/fight01/images/52/000002.jpg,pair01/fight01/images/52/000002.jpg,940,1280,940,False,False,nan,243.4456375913147,4307.769635139628,nan,nan,nan,full,243.4456375913147,4307.769635139628,0.48091442953020136,False,False
Hi4D,/home/shangguanrz/project/pic-edit/datasets/Hi4D_pilot_v1/raw/pair12/talk12/images/16/000023.jpg,pair12/talk12/images/16/000023.jpg,940,1280,940,False,False,nan,240.16468890167135,4374.837153008643,nan,nan,nan,full,240.16468890167135,4374.837153008643,0.4815436241610738,False,False
Hi4D,/home/shangguanrz/project/pic-edit/datasets/Hi4D_pilot_v1/raw/pair09/talk09/images/76/000001.jpg,pair09/talk09/images/76/000001.jpg,940,1280,940,False,False,nan,275.3307927563591,3936.5152406083776,nan,nan,nan,full,275.3307927563591,3936.5152406083776,0.481753355704698,False,False
Hi4D,/home/shangguanrz/project/pic-edit/datasets/Hi4D_pilot_v1/raw/pair16/jump16/images/4/000087.jpg,pair16/jump16/images/4/000087.jpg,940,1280,940,False,False,nan,236.70281175090585,4476.33972947141,nan,nan,nan,full,236.70281175090585,4476.33972947141,0.48196308724832215,False,False
Hi4D,/home/shangguanrz/project/pic-edit/datasets/Hi4D_pilot_v1/raw/pair12/talk12/images/16/000024.jpg,pair12/talk12/images/16/000024.jpg,940,1280,940,False,False,nan,240.07657527621367,4378.713233460771,nan,nan,nan,full,240.07657527621367,4378.713233460771,0.4821728187919463,False,False
Hi4D,/home/shangguanrz/project/pic-edit/datasets/Hi4D_pilot_v1/raw/pair16/jump16/images/4/000084.jpg,pair16/jump16/images/4/000084.jpg,940,1280,940,False,False,nan,239.12594276901388,4402.644988364362,nan,nan,nan,full,239.12594276901388,4402.644988364362,0.4821728187919463,False,False
Hi4D,/home/shangguanrz/project/pic-edit/datasets/Hi4D_pilot_v1/raw/pair02/backhug02/images/64/000005.jpg,pair02/backhug02/images/64/000005.jpg,940,1280,940,False,False,nan,241.55932475687857,4350.626423287899,nan,nan,nan,full,241.55932475687857,4350.626423287899,0.4825922818791946,False,False
Hi4D,/home/shangguanrz/project/pic-edit/datasets/Hi4D_pilot_v1/raw/pair28/fight28/images/4/000103.jpg,pair28/fight28/images/4/000103.jpg,940,1280,940,False,False,nan,239.47820272042011,4398.495688580452,nan,nan,nan,full,239.47820272042011,4398.495688580452,0.4825922818791947,False,False
Hi4D,/home/shangguanrz/project/pic-edit/datasets/Hi4D_pilot_v1/raw/pair28/fight28/images/4/000116.jpg,pair28/fight28/images/4/000116.jpg,940,1280,940,False,False,nan,241.12885272497508,4356.956324800532,nan,nan,nan,full,241.12885272497508,4356.956324800532,0.4828020134228188,False,False
Hi4D,/home/shangguanrz/project/pic-edit/datasets/Hi4D_pilot_v1/raw/pair01/hug01/images/4/000030.jpg,pair01/hug01/images/4/000030.jpg,940,1280,940,False,False,nan,235.13382940564352,4536.293228474069,nan,nan,nan,full,235.13382940564352,4536.293228474069,0.4832214765100671,False,False
Hi4D,/home/shangguanrz/project/pic-edit/datasets/Hi4D_pilot_v1/raw/pair09/talk09/images/76/000013.jpg,pair09/talk09/images/76/000013.jpg,940,1280,940,False,False,nan,278.0341197678869,3893.85077293883,nan,nan,nan,full,278.0341197678869,3893.85077293883,0.48343120805369133,False,False
Hi4D,/home/shangguanrz/project/pic-edit/datasets/Hi4D_pilot_v1/raw/pair01/fight01/images/52/000004.jpg,pair01/fight01/images/52/000004.jpg,940,1280,940,False,False,nan,243.87876971602276,4321.703395113032,nan,nan,nan,full,243.87876971602276,4321.703395113032,0.48573825503355705,False,False
Hi4D,/home/shangguanrz/project/pic-edit/datasets/Hi4D_pilot_v1/raw/pair10/dance10/images/4/000123.jpg,pair10/dance10/images/4/000123.jpg,940,1280,940,False,False,nan,236.17395998849864,4511.809975482048,nan,nan,nan,full,236.17395998849864,4511.809975482048,0.4861577181208054,False,False
Hi4D,/home/shangguanrz/project/pic-edit/datasets/Hi4D_pilot_v1/raw/pair14/hug14/images/4/000038.jpg,pair14/hug14/images/4/000038.jpg,940,1280,940,False,False,nan,235.06948479528396,4563.356611535904,nan,nan,nan,full,235.06948479528396,4563.356611535904,0.48615771812080544,False,False
Hi4D,/home/shangguanrz/project/pic-edit/datasets/Hi4D_pilot_v1/raw/pair12/talk12/images/16/000105.jpg,pair12/talk12/images/16/000105.jpg,940,1280,940,False,False,nan,240.38821325781333,4381.987356632314,nan,nan,nan,full,240.38821325781333,4381.987356632314,0.4863674496644295,False,False
Hi4D,/home/shangguanrz/project/pic-edit/datasets/Hi4D_pilot_v1/raw/pair28/basketball28/images/4/000031.jpg,pair28/basketball28/images/4/000031.jpg,940,1280,940,False,False,nan,247.1293774065306,4260.963908743351,nan,nan,nan,full,247.1293774065306,4260.963908743351,0.4863674496644295,False,False
Hi4D,/home/shangguanrz/project/pic-edit/datasets/Hi4D_pilot_v1/raw/pair02/backhug02/images/64/000001.jpg,pair02/backhug02/images/64/000001.jpg,940,1280,940,False,False,nan,242.98976463362774,4340.609333444149,nan,nan,nan,full,242.98976463362774,4340.609333444149,0.48699664429530204,False,False
Hi4D,/home/shangguanrz/project/pic-edit/datasets/Hi4D_pilot_v1/raw/pair02/dance02/images/4/000132.jpg,pair02/dance02/images/4/000132.jpg,940,1280,940,False,False,nan,237.78463095912252,4455.462838680186,nan,nan,nan,full,237.78463095912252,4455.462838680186,0.48720637583892623,False,False
Hi4D,/home/shangguanrz/project/pic-edit/datasets/Hi4D_pilot_v1/raw/pair09/talk09/images/76/000002.jpg,pair09/talk09/images/76/000002.jpg,940,1280,940,False,False,nan,276.1923382465739,3944.879134807181,nan,nan,nan,full,276.1923382465739,3944.879134807181,0.4874161073825503,False,False
Hi4D,/home/shangguanrz/project/pic-edit/datasets/Hi4D_pilot_v1/raw/pair14/hug14/images/4/000064.jpg,pair14/hug14/images/4/000064.jpg,940,1280,940,False,False,nan,235.0904287447645,4574.743299119016,nan,nan,nan,full,235.0904287447645,4574.743299119016,0.4884647651006711,False,False
Hi4D,/home/shangguanrz/project/pic-edit/datasets/Hi4D_pilot_v1/raw/pair12/talk12/images/16/000140.jpg,pair12/talk12/images/16/000140.jpg,940,1280,940,False,False,nan,241.6613789545892,4369.948491522607,nan,nan,nan,full,241.6613789545892,4369.948491522607,0.48846476510067116,False,False
Hi4D,/home/shangguanrz/project/pic-edit/datasets/Hi4D_pilot_v1/raw/pair28/basketball28/images/4/000106.jpg,pair28/basketball28/images/4/000106.jpg,940,1280,940,False,False,nan,242.80897620362146,4345.24864943484,nan,nan,nan,full,242.80897620362146,4345.24864943484,0.48846476510067116,False,False
Hi4D,/home/shangguanrz/project/pic-edit/datasets/Hi4D_pilot_v1/raw/pair28/fight28/images/4/000104.jpg,pair28/fight28/images/4/000104.jpg,940,1280,940,False,False,nan,239.49458672699217,4417.953332779255,nan,nan,nan,full,239.49458672699217,4417.953332779255,0.48846476510067116,False,False
Hi4D,/home/shangguanrz/project/pic-edit/datasets/Hi4D_pilot_v1/raw/pair10/dance10/images/4/000125.jpg,pair10/dance10/images/4/000125.jpg,940,1280,940,False,False,nan,235.91419516034983,4532.309424867021,nan,nan,nan,full,235.91419516034983,4532.309424867021,0.48888422818791943,False,False
Hi4D,/home/shangguanrz/project/pic-edit/datasets/Hi4D_pilot_v1/raw/pair12/talk12/images/16/000079.jpg,pair12/talk12/images/16/000079.jpg,940,1280,940,False,False,nan,237.03653031031757,4501.14006399601,nan,nan,nan,full,237.03653031031757,4501.14006399601,0.48909395973154357,False,False
Hi4D,/home/shangguanrz/project/pic-edit/datasets/Hi4D_pilot_v1/raw/pair02/dance02/images/4/000136.jpg,pair02/dance02/images/4/000136.jpg,940,1280,940,False,False,nan,238.3980316905319,4453.913117104388,nan,nan,nan,full,238.3980316905319,4453.913117104388,0.4899328859060402,False,False
Hi4D,/home/shangguanrz/project/pic-edit/datasets/Hi4D_pilot_v1/raw/pair10/dance10/images/4/000012.jpg,pair10/dance10/images/4/000012.jpg,940,1280,940,False,False,nan,237.75727545742862,4473.694595661569,nan,nan,nan,full,237.75727545742862,4473.694595661569,0.4899328859060403,False,False
Hi4D,/home/shangguanrz/project/pic-edit/datasets/Hi4D_pilot_v1/raw/pair10/dance10/images/4/000128.jpg,pair10/dance10/images/4/000128.jpg,940,1280,940,False,False,nan,235.43761766304968,4564.000197390293,nan,nan,nan,full,235.43761766304968,4564.000197390293,0.4901426174496644,False,False
Hi4D,/home/shangguanrz/project/pic-edit/datasets/Hi4D_pilot_v1/raw/pair10/argue10/images/52/000088.jpg,pair10/argue10/images/52/000088.jpg,940,1280,940,False,False,nan,256.7527839721949,4168.976531333112,nan,nan,nan,full,256.7527839721949,4168.976531333112,0.4901426174496645,False,False
Hi4D,/home/shangguanrz/project/pic-edit/datasets/Hi4D_pilot_v1/raw/pair02/dance02/images/4/000150.jpg,pair02/dance02/images/4/000150.jpg,940,1280,940,False,False,nan,239.758575354161,4422.710677775931,nan,nan,nan,full,239.758575354161,4422.710677775931,0.49056208053691275,False,False
Hi4D,/home/shangguanrz/project/pic-edit/datasets/Hi4D_pilot_v1/raw/pair01/fight01/images/52/000008.jpg,pair01/fight01/images/52/000008.jpg,940,1280,940,False,False,nan,243.0418761680978,4348.78313040226,nan,nan,nan,full,243.0418761680978,4348.78313040226,0.4909815436241611,False,False
Hi4D,/home/shangguanrz/project/pic-edit/datasets/Hi4D_pilot_v1/raw/pair02/backhug02/images/64/000114.jpg,pair02/backhug02/images/64/000114.jpg,940,1280,940,False,False,nan,244.7389178547777,4320.89490525266,nan,nan,nan,full,244.7389178547777,4320.89490525266,0.49161073825503354,False,False
Hi4D,/home/shangguanrz/project/pic-edit/datasets/Hi4D_pilot_v1/raw/pair02/dance02/images/4/000134.jpg,pair02/dance02/images/4/000134.jpg,940,1280,940,False,False,nan,238.88370975489104,4452.746831366357,nan,nan,nan,full,238.88370975489104,4452.746831366357,0.49161073825503354,False,False
Hi4D,/home/shangguanrz/project/pic-edit/datasets/Hi4D_pilot_v1/raw/pair10/dance10/images/4/000133.jpg,pair10/dance10/images/4/000133.jpg,940,1280,940,False,False,nan,235.8730438287682,4555.021463597074,nan,nan,nan,full,235.8730438287682,4555.021463597074,0.49161073825503354,False,False
Hi4D,/home/shangguanrz/project/pic-edit/datasets/Hi4D_pilot_v1/raw/pair16/jump16/images/4/000092.jpg,pair16/jump16/images/4/000092.jpg,940,1280,940,False,False,nan,234.69276658071547,4597.55559133976,nan,nan,nan,full,234.69276658071547,4597.55559133976,0.49223993288590606,False,False
Hi4D,/home/shangguanrz/project/pic-edit/datasets/Hi4D_pilot_v1/raw/pair12/talk12/images/16/000082.jpg,pair12/talk12/images/16/000082.jpg,940,1280,940,False,False,nan,240.22860596966777,4414.00890334109,nan,nan,nan,full,240.22860596966777,4414.00890334109,0.4924496644295302,False,False
Hi4D,/home/shangguanrz/project/pic-edit/datasets/Hi4D_pilot_v1/raw/pair28/fight28/images/4/000086.jpg,pair28/fight28/images/4/000086.jpg,940,1280,940,False,False,nan,240.88194421404572,4401.166971409574,nan,nan,nan,full,240.88194421404572,4401.166971409574,0.49265939597315433,False,False
Hi4D,/home/shangguanrz/project/pic-edit/datasets/Hi4D_pilot_v1/raw/pair28/dance28/images/4/000046.jpg,pair28/dance28/images/4/000046.jpg,940,1280,940,False,False,nan,241.79826641287835,4381.057482130984,nan,nan,nan,full,241.79826641287835,4381.057482130984,0.49286912751677847,False,False
Hi4D,/home/shangguanrz/project/pic-edit/datasets/Hi4D_pilot_v1/raw/pair02/backhug02/images/64/000075.jpg,pair02/backhug02/images/64/000075.jpg,940,1280,940,False,False,nan,246.47061991246375,4301.22998046875,nan,nan,nan,full,246.47061991246375,4301.22998046875,0.493498322147651,False,False
Hi4D,/home/shangguanrz/project/pic-edit/datasets/Hi4D_pilot_v1/raw/pair02/backhug02/images/64/000076.jpg,pair02/backhug02/images/64/000076.jpg,940,1280,940,False,False,nan,245.8612020300653,4306.136490192819,nan,nan,nan,full,245.8612020300653,4306.136490192819,0.493498322147651,False,False
Hi4D,/home/shangguanrz/project/pic-edit/datasets/Hi4D_pilot_v1/raw/pair12/talk12/images/16/000040.jpg,pair12/talk12/images/16/000040.jpg,940,1280,940,False,False,nan,238.8946474741195,4458.914987117686,nan,nan,nan,full,238.8946474741195,4458.914987117686,0.493498322147651,False,False
Hi4D,/home/shangguanrz/project/pic-edit/datasets/Hi4D_pilot_v1/raw/pair02/backhug02/images/64/000003.jpg,pair02/backhug02/images/64/000003.jpg,940,1280,940,False,False,nan,242.86321162138663,4361.52880859375,nan,nan,nan,full,242.86321162138663,4361.52880859375,0.4937080536912752,False,False
Hi4D,/home/shangguanrz/project/pic-edit/datasets/Hi4D_pilot_v1/raw/pair02/pose02/images/52/000011.jpg,pair02/pose02/images/52/000011.jpg,940,1280,940,False,False,nan,247.83920946375937,4271.718718833112,nan,nan,nan,full,247.83920946375937,4271.718718833112,0.4939177852348994,False,False
Hi4D,/home/shangguanrz/project/pic-edit/datasets/Hi4D_pilot_v1/raw/pair12/fight12/images/16/000072.jpg,pair12/fight12/images/16/000072.jpg,940,1280,940,False,False,nan,234.69232249872454,4609.042833693484,nan,nan,nan,full,234.69232249872454,4609.042833693484,0.4945469798657718,False,False
Hi4D,/home/shangguanrz/project/pic-edit/datasets/Hi4D_pilot_v1/raw/pair14/hug14/images/4/000072.jpg,pair14/hug14/images/4/000072.jpg,940,1280,940,False,False,nan,233.14158599708023,4651.608564660904,nan,nan,nan,full,233.14158599708023,4651.608564660904,0.4945469798657718,False,False
Hi4D,/home/shangguanrz/project/pic-edit/datasets/Hi4D_pilot_v1/raw/pair28/basketball28/images/4/000050.jpg,pair28/basketball28/images/4/000050.jpg,940,1280,940,False,False,nan,244.760958696178,4329.286163979388,nan,nan,nan,full,244.760958696178,4329.286163979388,0.4949664429530201,False,False
Hi4D,/home/shangguanrz/project/pic-edit/datasets/Hi4D_pilot_v1/raw/pair28/basketball28/images/4/000029.jpg,pair28/basketball28/images/4/000029.jpg,940,1280,940,False,False,nan,251.3009208857663,4246.674087849069,nan,nan,nan,full,251.3009208857663,4246.674087849069,0.4951761744966443,False,False
Hi4D,/home/shangguanrz/project/pic-edit/datasets/Hi4D_pilot_v1/raw/pair28/basketball28/images/4/000104.jpg,pair28/basketball28/images/4/000104.jpg,940,1280,940,False,False,nan,244.77517105411653,4332.806484790559,nan,nan,nan,full,244.77517105411653,4332.806484790559,0.49559563758389263,False,False
Hi4D,/home/shangguanrz/project/pic-edit/datasets/Hi4D_pilot_v1/raw/pair01/hug01/images/4/000119.jpg,pair01/hug01/images/4/000119.jpg,940,1280,940,False,False,nan,234.18110882086472,4634.692964594415,nan,nan,nan,full,234.18110882086472,4634.692964594415,0.49643456375838924,False,False
Hi4D,/home/shangguanrz/project/pic-edit/datasets/Hi4D_pilot_v1/raw/pair12/talk12/images/16/000075.jpg,pair12/talk12/images/16/000075.jpg,940,1280,940,False,False,nan,238.97115226456245,4475.43994140625,nan,nan,nan,full,238.97115226456245,4475.43994140625,0.49685402684563756,False,False
Hi4D,/home/shangguanrz/project/pic-edit/datasets/Hi4D_pilot_v1/raw/pair01/hug01/images/4/000125.jpg,pair01/hug01/images/4/000125.jpg,940,1280,940,False,False,nan,235.20075070040423,4600.718583776596,nan,nan,nan,full,235.20075070040423,4600.718583776596,0.49748322147651003,False,False
Hi4D,/home/shangguanrz/project/pic-edit/datasets/Hi4D_pilot_v1/raw/pair10/dance10/images/4/000130.jpg,pair10/dance10/images/4/000130.jpg,940,1280,940,False,False,nan,236.63733488229565,4559.727144281915,nan,nan,nan,full,236.63733488229565,4559.727144281915,0.4976929530201342,False,False
Hi4D,/home/shangguanrz/project/pic-edit/datasets/Hi4D_pilot_v1/raw/pair28/fight28/images/4/000085.jpg,pair28/fight28/images/4/000085.jpg,940,1280,940,False,False,nan,241.4820047100511,4410.465061918218,nan,nan,nan,full,241.4820047100511,4410.465061918218,0.49790268456375836,False,False
Hi4D,/home/shangguanrz/project/pic-edit/datasets/Hi4D_pilot_v1/raw/pair02/pose02/images/52/000018.jpg,pair02/pose02/images/52/000018.jpg,940,1280,940,False,False,nan,251.86262638226736,4250.874989611038,nan,nan,nan,full,251.86262638226736,4250.874989611038,0.4979026845637584,False,False
Hi4D,/home/shangguanrz/project/pic-edit/datasets/Hi4D_pilot_v1/raw/pair12/fight12/images/16/000095.jpg,pair12/fight12/images/16/000095.jpg,940,1280,940,False,False,nan,236.88483526513494,4554.272990774601,nan,nan,nan,full,236.88483526513494,4554.272990774601,0.4985318791946308,False,False
Hi4D,/home/shangguanrz/project/pic-edit/datasets/Hi4D_pilot_v1/raw/pair10/dance10/images/4/000091.jpg,pair10/dance10/images/4/000091.jpg,940,1280,940,False,False,nan,241.22271998382467,4417.451296542553,nan,nan,nan,full,241.22271998382467,4417.451296542553,0.4985318791946309,False,False
Hi4D,/home/shangguanrz/project/pic-edit/datasets/Hi4D_pilot_v1/raw/pair28/dance28/images/4/000099.jpg,pair28/dance28/images/4/000099.jpg,940,1280,940,False,False,nan,244.30953815092374,4353.468698055186,nan,nan,nan,full,244.30953815092374,4353.468698055186,0.49874161073825507,False,False
Hi4D,/home/shangguanrz/project/pic-edit/datasets/Hi4D_pilot_v1/raw/pair01/hug01/images/4/000029.jpg,pair01/hug01/images/4/000029.jpg,940,1280,940,False,False,nan,235.99411779164515,4582.352227393617,nan,nan,nan,full,235.99411779164515,4582.352227393617,0.49916107382550334,False,False
Hi4D,/home/shangguanrz/project/pic-edit/datasets/Hi4D_pilot_v1/raw/pair28/basketball28/images/4/000048.jpg,pair28/basketball28/images/4/000048.jpg,940,1280,940,False,False,nan,246.40289334950802,4324.396494763962,nan,nan,nan,full,246.40289334950802,4324.396494763962,0.49916107382550334,False,False
Hi4D,/home/shangguanrz/project/pic-edit/datasets/Hi4D_pilot_v1/raw/pair16/jump16/images/4/000086.jpg,pair16/jump16/images/4/000086.jpg,940,1280,940,False,False,nan,238.93231014578848,4489.704039228724,nan,nan,nan,full,238.93231014578848,4489.704039228724,0.4993708053691275,False,False
Hi4D,/home/shangguanrz/project/pic-edit/datasets/Hi4D_pilot_v1/raw/pair02/dance02/images/4/000129.jpg,pair02/dance02/images/4/000129.jpg,940,1280,940,False,False,nan,239.89814055001048,4466.032849900266,nan,nan,nan,full,239.89814055001048,4466.032849900266,0.5,False,False
Hi4D,/home/shangguanrz/project/pic-edit/datasets/Hi4D_pilot_v1/raw/pair01/hug01/images/4/000012.jpg,pair01/hug01/images/4/000012.jpg,940,1280,940,False,False,nan,237.3179884362458,4552.589500914229,nan,nan,nan,full,237.3179884362458,4552.589500914229,0.5010486577181208,False,False
Hi4D,/home/shangguanrz/project/pic-edit/datasets/Hi4D_pilot_v1/raw/pair01/fight01/images/52/000005.jpg,pair01/fight01/images/52/000005.jpg,940,1280,940,False,False,nan,245.09150450658126,4342.953395113032,nan,nan,nan,full,245.09150450658126,4342.953395113032,0.5018875838926175,False,False
Hi4D,/home/shangguanrz/project/pic-edit/datasets/Hi4D_pilot_v1/raw/pair02/dance02/images/4/000138.jpg,pair02/dance02/images/4/000138.jpg,940,1280,940,False,False,nan,239.78707218728707,4482.589345079788,nan,nan,nan,full,239.78707218728707,4482.589345079788,0.5018875838926175,False,False
Hi4D,/home/shangguanrz/project/pic-edit/datasets/Hi4D_pilot_v1/raw/pair01/hug01/images/4/000024.jpg,pair01/hug01/images/4/000024.jpg,940,1280,940,False,False,nan,236.59426278879658,4581.873555934176,nan,nan,nan,full,236.59426278879658,4581.873555934176,0.5023070469798657,False,False
Hi4D,/home/shangguanrz/project/pic-edit/datasets/Hi4D_pilot_v1/raw/pair01/fight01/images/52/000007.jpg,pair01/fight01/images/52/000007.jpg,940,1280,940,False,False,nan,244.54001242499803,4360.630568484043,nan,nan,nan,full,244.54001242499803,4360.630568484043,0.50251677852349,False,False
Hi4D,/home/shangguanrz/project/pic-edit/datasets/Hi4D_pilot_v1/raw/pair12/talk12/images/16/000037.jpg,pair12/talk12/images/16/000037.jpg,940,1280,940,False,False,nan,240.1794499539044,4467.951909491357,nan,nan,nan,full,240.1794499539044,4467.951909491357,0.5027265100671141,False,False
Hi4D,/home/shangguanrz/project/pic-edit/datasets/Hi4D_pilot_v1/raw/pair01/hug01/images/4/000009.jpg,pair01/hug01/images/4/000009.jpg,940,1280,940,False,False,nan,237.1434278741796,4566.586675116357,nan,nan,nan,full,237.1434278741796,4566.586675116357,0.5029362416107382,False,False
Hi4D,/home/shangguanrz/project/pic-edit/datasets/Hi4D_pilot_v1/raw/pair12/talk12/images/16/000039.jpg,pair12/talk12/images/16/000039.jpg,940,1280,940,False,False,nan,239.16967544945834,4498.947982463431,nan,nan,nan,full,239.16967544945834,4498.947982463431,0.5029362416107382,False,False
Hi4D,/home/shangguanrz/project/pic-edit/datasets/Hi4D_pilot_v1/raw/pair28/dance28/images/4/000096.jpg,pair28/dance28/images/4/000096.jpg,940,1280,940,False,False,nan,242.28906044457065,4407.314421958112,nan,nan,nan,full,242.28906044457065,4407.314421958112,0.5029362416107382,False,False
Hi4D,/home/shangguanrz/project/pic-edit/datasets/Hi4D_pilot_v1/raw/pair02/dance02/images/4/000139.jpg,pair02/dance02/images/4/000139.jpg,940,1280,940,False,False,nan,239.7587939480572,4496.696621509309,nan,nan,nan,full,239.7587939480572,4496.696621509309,0.5044043624161074,False,False
Hi4D,/home/shangguanrz/project/pic-edit/datasets/Hi4D_pilot_v1/raw/pair01/fight01/images/52/000006.jpg,pair01/fight01/images/52/000006.jpg,940,1280,940,False,False,nan,245.13495063004638,4352.091215093085,nan,nan,nan,full,245.13495063004638,4352.091215093085,0.5046140939597316,False,False
Hi4D,/home/shangguanrz/project/pic-edit/datasets/Hi4D_pilot_v1/raw/pair12/talk12/images/16/000068.jpg,pair12/talk12/images/16/000068.jpg,940,1280,940,False,False,nan,241.02995261607964,4450.008996841755,nan,nan,nan,full,241.02995261607964,4450.008996841755,0.5046140939597316,False,False
Hi4D,/home/shangguanrz/project/pic-edit/datasets/Hi4D_pilot_v1/raw/pair02/backhug02/images/64/000112.jpg,pair02/backhug02/images/64/000112.jpg,940,1280,940,False,False,nan,246.91127452401346,4336.54462059508,nan,nan,nan,full,246.91127452401346,4336.54462059508,0.5048238255033557,False,False
Hi4D,/home/shangguanrz/project/pic-edit/datasets/Hi4D_pilot_v1/raw/pair12/talk12/images/16/000025.jpg,pair12/talk12/images/16/000025.jpg,940,1280,940,False,False,nan,243.1881206091738,4390.555425116357,nan,nan,nan,full,243.1881206091738,4390.555425116357,0.505243288590604,False,False
Hi4D,/home/shangguanrz/project/pic-edit/datasets/Hi4D_pilot_v1/raw/pair01/hug01/images/4/000025.jpg,pair01/hug01/images/4/000025.jpg,940,1280,940,False,False,nan,236.42677650509947,4594.295015375665,nan,nan,nan,full,236.42677650509947,4594.295015375665,0.5054530201342282,False,False
Hi4D,/home/shangguanrz/project/pic-edit/datasets/Hi4D_pilot_v1/raw/pair12/talk12/images/16/000143.jpg,pair12/talk12/images/16/000143.jpg,940,1280,940,False,False,nan,239.8207390840208,4498.540755900931,nan,nan,nan,full,239.8207390840208,4498.540755900931,0.5056627516778524,False,False
Hi4D,/home/shangguanrz/project/pic-edit/datasets/Hi4D_pilot_v1/raw/pair01/hug01/images/4/000011.jpg,pair01/hug01/images/4/000011.jpg,940,1280,940,False,False,nan,237.49963503242256,4565.524330950798,nan,nan,nan,full,237.49963503242256,4565.524330950798,0.5058724832214765,False,False
Hi4D,/home/shangguanrz/project/pic-edit/datasets/Hi4D_pilot_v1/raw/pair28/basketball28/images/4/000056.jpg,pair28/basketball28/images/4/000056.jpg,940,1280,940,False,False,nan,244.3910171539873,4375.571039727393,nan,nan,nan,full,244.3910171539873,4375.571039727393,0.5060822147651007,False,False
Hi4D,/home/shangguanrz/project/pic-edit/datasets/Hi4D_pilot_v1/raw/pair12/fight12/images/16/000090.jpg,pair12/fight12/images/16/000090.jpg,940,1280,940,False,False,nan,234.84779421608064,4652.403517702793,nan,nan,nan,full,234.84779421608064,4652.403517702793,0.5067114093959731,False,False
Hi4D,/home/shangguanrz/project/pic-edit/datasets/Hi4D_pilot_v1/raw/pair12/fight12/images/16/000094.jpg,pair12/fight12/images/16/000094.jpg,940,1280,940,False,False,nan,237.05599871171228,4585.35791015625,nan,nan,nan,full,237.05599871171228,4585.35791015625,0.5069211409395973,False,False
Hi4D,/home/shangguanrz/project/pic-edit/datasets/Hi4D_pilot_v1/raw/pair16/jump16/images/4/000085.jpg,pair16/jump16/images/4/000085.jpg,940,1280,940,False,False,nan,241.4696628989111,4453.159397855718,nan,nan,nan,full,241.4696628989111,4453.159397855718,0.5071308724832214,False,False
Hi4D,/home/shangguanrz/project/pic-edit/datasets/Hi4D_pilot_v1/raw/pair12/talk12/images/16/000026.jpg,pair12/talk12/images/16/000026.jpg,940,1280,940,False,False,nan,244.7053309274562,4372.786683427526,nan,nan,nan,full,244.7053309274562,4372.786683427526,0.5075503355704698,False,False
Hi4D,/home/shangguanrz/project/pic-edit/datasets/Hi4D_pilot_v1/raw/pair01/hug01/images/4/000008.jpg,pair01/hug01/images/4/000008.jpg,940,1280,940,False,False,nan,237.60619994769982,4569.914374168883,nan,nan,nan,full,237.60619994769982,4569.914374168883,0.5077600671140939,False,False
Hi4D,/home/shangguanrz/project/pic-edit/datasets/Hi4D_pilot_v1/raw/pair28/basketball28/images/4/000105.jpg,pair28/basketball28/images/4/000105.jpg,940,1280,940,False,False,nan,246.88379773795734,4344.551581200133,nan,nan,nan,full,246.88379773795734,4344.551581200133,0.5079697986577181,False,False
Hi4D,/home/shangguanrz/project/pic-edit/datasets/Hi4D_pilot_v1/raw/pair02/pose02/images/52/000029.jpg,pair02/pose02/images/52/000029.jpg,940,1280,940,False,False,nan,243.88545627729445,4400.623784491357,nan,nan,nan,full,243.88545627729445,4400.623784491357,0.5085989932885906,False,False
Hi4D,/home/shangguanrz/project/pic-edit/datasets/Hi4D_pilot_v1/raw/pair02/dance02/images/4/000122.jpg,pair02/dance02/images/4/000122.jpg,940,1280,940,False,False,nan,238.95689067842196,4535.907205784574,nan,nan,nan,full,238.95689067842196,4535.907205784574,0.5100671140939598,False,False
Hi4D,/home/shangguanrz/project/pic-edit/datasets/Hi4D_pilot_v1/raw/pair12/fight12/images/16/000092.jpg,pair12/fight12/images/16/000092.jpg,940,1280,940,False,False,nan,237.58157668665766,4583.485247672872,nan,nan,nan,full,237.58157668665766,4583.485247672872,0.5106963087248322,False,False
Hi4D,/home/shangguanrz/project/pic-edit/datasets/Hi4D_pilot_v1/raw/pair28/basketball28/images/4/000101.jpg,pair28/basketball28/images/4/000101.jpg,940,1280,940,False,False,nan,249.60530663095162,4326.50529837101,nan,nan,nan,full,249.60530663095162,4326.50529837101,0.5125838926174497,False,False
Hi4D,/home/shangguanrz/project/pic-edit/datasets/Hi4D_pilot_v1/raw/pair12/talk12/images/16/000145.jpg,pair12/talk12/images/16/000145.jpg,940,1280,940,False,False,nan,240.55077377060192,4502.495210688165,nan,nan,nan,full,240.55077377060192,4502.495210688165,0.5132130872483222,False,False
Hi4D,/home/shangguanrz/project/pic-edit/datasets/Hi4D_pilot_v1/raw/pair12/talk12/images/16/000038.jpg,pair12/talk12/images/16/000038.jpg,940,1280,940,False,False,nan,240.7077496881505,4505.042251911569,nan,nan,nan,full,240.7077496881505,4505.042251911569,0.5140520134228188,False,False
Hi4D,/home/shangguanrz/project/pic-edit/datasets/Hi4D_pilot_v1/raw/pair10/dance10/images/4/000009.jpg,pair10/dance10/images/4/000009.jpg,940,1280,940,False,False,nan,240.36071081569483,4512.750103889628,nan,nan,nan,full,240.36071081569483,4512.750103889628,0.514261744966443,False,False
Hi4D,/home/shangguanrz/project/pic-edit/datasets/Hi4D_pilot_v1/raw/pair12/talk12/images/16/000103.jpg,pair12/talk12/images/16/000103.jpg,940,1280,940,False,False,nan,243.08339905717247,4440.979284408245,nan,nan,nan,full,243.08339905717247,4440.979284408245,0.5144714765100671,False,False
Hi4D,/home/shangguanrz/project/pic-edit/datasets/Hi4D_pilot_v1/raw/pair28/dance28/images/4/000045.jpg,pair28/dance28/images/4/000045.jpg,940,1280,940,False,False,nan,244.44428326696118,4407.512009640957,nan,nan,nan,full,244.44428326696118,4407.512009640957,0.5148909395973155,False,False
Hi4D,/home/shangguanrz/project/pic-edit/datasets/Hi4D_pilot_v1/raw/pair01/hug01/images/4/000006.jpg,pair01/hug01/images/4/000006.jpg,940,1280,940,False,False,nan,238.78379335787682,4581.72130568484,nan,nan,nan,full,238.78379335787682,4581.72130568484,0.5165687919463087,False,False
Hi4D,/home/shangguanrz/project/pic-edit/datasets/Hi4D_pilot_v1/raw/pair10/dance10/images/4/000146.jpg,pair10/dance10/images/4/000146.jpg,940,1280,940,False,False,nan,238.32567905796876,4588.487273520612,nan,nan,nan,full,238.32567905796876,4588.487273520612,0.516988255033557,False,False
Hi4D,/home/shangguanrz/project/pic-edit/datasets/Hi4D_pilot_v1/raw/pair12/fight12/images/16/000091.jpg,pair12/fight12/images/16/000091.jpg,940,1280,940,False,False,nan,237.33473332209405,4621.190949135638,nan,nan,nan,full,237.33473332209405,4621.190949135638,0.5176174496644295,False,False
Hi4D,/home/shangguanrz/project/pic-edit/datasets/Hi4D_pilot_v1/raw/pair14/hug14/images/4/000074.jpg,pair14/hug14/images/4/000074.jpg,940,1280,940,False,False,nan,235.54898245661653,4684.259131898271,nan,nan,nan,full,235.54898245661653,4684.259131898271,0.5176174496644295,False,False
Hi4D,/home/shangguanrz/project/pic-edit/datasets/Hi4D_pilot_v1/raw/pair12/talk12/images/16/000142.jpg,pair12/talk12/images/16/000142.jpg,940,1280,940,False,False,nan,241.8441513548506,4500.731455701462,nan,nan,nan,full,241.8441513548506,4500.731455701462,0.5184563758389262,False,False
Hi4D,/home/shangguanrz/project/pic-edit/datasets/Hi4D_pilot_v1/raw/pair02/dance02/images/4/000118.jpg,pair02/dance02/images/4/000118.jpg,940,1280,940,False,False,nan,242.22452967560307,4491.73309715758,nan,nan,nan,full,242.22452967560307,4491.73309715758,0.5192953020134228,False,False
Hi4D,/home/shangguanrz/project/pic-edit/datasets/Hi4D_pilot_v1/raw/pair10/dance10/images/4/000120.jpg,pair10/dance10/images/4/000120.jpg,940,1280,940,False,False,nan,239.6542918859105,4581.036527593085,nan,nan,nan,full,239.6542918859105,4581.036527593085,0.5203439597315436,False,False
Hi4D,/home/shangguanrz/project/pic-edit/datasets/Hi4D_pilot_v1/raw/pair28/basketball28/images/4/000058.jpg,pair28/basketball28/images/4/000058.jpg,940,1280,940,False,False,nan,245.80738148334714,4404.797612616357,nan,nan,nan,full,245.80738148334714,4404.797612616357,0.5209731543624161,False,False
Hi4D,/home/shangguanrz/project/pic-edit/datasets/Hi4D_pilot_v1/raw/pair12/talk12/images/16/000081.jpg,pair12/talk12/images/16/000081.jpg,940,1280,940,False,False,nan,241.68900898429484,4515.311928607048,nan,nan,nan,full,241.68900898429484,4515.311928607048,0.5213926174496645,False,False
Hi4D,/home/shangguanrz/project/pic-edit/datasets/Hi4D_pilot_v1/raw/pair10/dance10/images/4/000149.jpg,pair10/dance10/images/4/000149.jpg,940,1280,940,False,False,nan,238.82599243010372,4594.940481632314,nan,nan,nan,full,238.82599243010372,4594.940481632314,0.5216023489932886,False,False
Hi4D,/home/shangguanrz/project/pic-edit/datasets/Hi4D_pilot_v1/raw/pair02/backhug02/images/64/000078.jpg,pair02/backhug02/images/64/000078.jpg,940,1280,940,False,False,nan,247.38432579161406,4383.769998753324,nan,nan,nan,full,247.38432579161406,4383.769998753324,0.5228607382550335,False,False
Hi4D,/home/shangguanrz/project/pic-edit/datasets/Hi4D_pilot_v1/raw/pair12/talk12/images/16/000090.jpg,pair12/talk12/images/16/000090.jpg,940,1280,940,False,False,nan,242.03469710988983,4512.366834275266,nan,nan,nan,full,242.03469710988983,4512.366834275266,0.5228607382550335,False,False
Hi4D,/home/shangguanrz/project/pic-edit/datasets/Hi4D_pilot_v1/raw/pair10/dance10/images/4/000107.jpg,pair10/dance10/images/4/000107.jpg,940,1280,940,False,False,nan,237.95531586617994,4625.419953041888,nan,nan,nan,full,237.95531586617994,4625.419953041888,0.5236996644295302,False,False
Hi4D,/home/shangguanrz/project/pic-edit/datasets/Hi4D_pilot_v1/raw/pair12/talk12/images/16/000077.jpg,pair12/talk12/images/16/000077.jpg,940,1280,940,False,False,nan,241.74243964947632,4531.003251745346,nan,nan,nan,full,241.74243964947632,4531.003251745346,0.5251677852348994,False,False
Hi4D,/home/shangguanrz/project/pic-edit/datasets/Hi4D_pilot_v1/raw/pair14/hug14/images/4/000066.jpg,pair14/hug14/images/4/000066.jpg,940,1280,940,False,False,nan,237.57521870857778,4640.29138962766,nan,nan,nan,full,237.57521870857778,4640.29138962766,0.5251677852348994,False,False
Hi4D,/home/shangguanrz/project/pic-edit/datasets/Hi4D_pilot_v1/raw/pair12/fight12/images/16/000086.jpg,pair12/fight12/images/16/000086.jpg,940,1280,940,False,False,nan,235.8316843939238,4721.380225648271,nan,nan,nan,full,235.8316843939238,4721.380225648271,0.5255872483221476,False,False
Hi4D,/home/shangguanrz/project/pic-edit/datasets/Hi4D_pilot_v1/raw/pair14/hug14/images/4/000071.jpg,pair14/hug14/images/4/000071.jpg,940,1280,940,False,False,nan,236.7097871073397,4681.200860206117,nan,nan,nan,full,236.7097871073397,4681.200860206117,0.5255872483221476,False,False
Hi4D,/home/shangguanrz/project/pic-edit/datasets/Hi4D_pilot_v1/raw/pair10/dance10/images/4/000109.jpg,pair10/dance10/images/4/000109.jpg,940,1280,940,False,False,nan,238.02158363991165,4635.40617727726,nan,nan,nan,full,238.02158363991165,4635.40617727726,0.5270553691275168,False,False
Hi4D,/home/shangguanrz/project/pic-edit/datasets/Hi4D_pilot_v1/raw/pair10/dance10/images/4/000136.jpg,pair10/dance10/images/4/000136.jpg,940,1280,940,False,False,nan,239.9178874322924,4589.915922124335,nan,nan,nan,full,239.9178874322924,4589.915922124335,0.5270553691275168,False,False
Hi4D,/home/shangguanrz/project/pic-edit/datasets/Hi4D_pilot_v1/raw/pair28/fight28/images/4/000114.jpg,pair28/fight28/images/4/000114.jpg,940,1280,940,False,False,nan,244.83161479771658,4449.409501745346,nan,nan,nan,full,244.83161479771658,4449.409501745346,0.5270553691275168,False,False
Hi4D,/home/shangguanrz/project/pic-edit/datasets/Hi4D_pilot_v1/raw/pair12/talk12/images/16/000101.jpg,pair12/talk12/images/16/000101.jpg,940,1280,940,False,False,nan,244.38106388655007,4476.207685754654,nan,nan,nan,full,244.38106388655007,4476.207685754654,0.5278942953020134,False,False
Hi4D,/home/shangguanrz/project/pic-edit/datasets/Hi4D_pilot_v1/raw/pair12/fight12/images/16/000084.jpg,pair12/fight12/images/16/000084.jpg,940,1280,940,False,False,nan,237.02913854693105,4689.932845744681,nan,nan,nan,full,237.02913854693105,4689.932845744681,0.5281040268456376,False,False
Hi4D,/home/shangguanrz/project/pic-edit/datasets/Hi4D_pilot_v1/raw/pair02/dance02/images/4/000141.jpg,pair02/dance02/images/4/000141.jpg,940,1280,940,False,False,nan,242.74700689941795,4520.321320229388,nan,nan,nan,full,242.74700689941795,4520.321320229388,0.5287332214765101,False,False
Hi4D,/home/shangguanrz/project/pic-edit/datasets/Hi4D_pilot_v1/raw/pair01/hug01/images/4/000027.jpg,pair01/hug01/images/4/000027.jpg,940,1280,940,False,False,nan,238.67816907855493,4633.593085106383,nan,nan,nan,full,238.67816907855493,4633.593085106383,0.5291526845637584,False,False
Hi4D,/home/shangguanrz/project/pic-edit/datasets/Hi4D_pilot_v1/raw/pair10/dance10/images/4/000104.jpg,pair10/dance10/images/4/000104.jpg,940,1280,940,False,False,nan,240.95721375969214,4576.71442819149,nan,nan,nan,full,240.95721375969214,4576.71442819149,0.5293624161073825,False,False
Hi4D,/home/shangguanrz/project/pic-edit/datasets/Hi4D_pilot_v1/raw/pair28/basketball28/images/4/000102.jpg,pair28/basketball28/images/4/000102.jpg,940,1280,940,False,False,nan,253.17482489026364,4355.770642869016,nan,nan,nan,full,253.17482489026364,4355.770642869016,0.5322986577181208,False,False
Hi4D,/home/shangguanrz/project/pic-edit/datasets/Hi4D_pilot_v1/raw/pair28/fight28/images/4/000124.jpg,pair28/fight28/images/4/000124.jpg,940,1280,940,False,False,nan,248.2368359018527,4411.031416223404,nan,nan,nan,full,248.2368359018527,4411.031416223404,0.5325083892617449,False,False
Hi4D,/home/shangguanrz/project/pic-edit/datasets/Hi4D_pilot_v1/raw/pair02/backhug02/images/64/000110.jpg,pair02/backhug02/images/64/000110.jpg,940,1280,940,False,False,nan,248.14679882608962,4421.421397107712,nan,nan,nan,full,248.14679882608962,4421.421397107712,0.5348154362416107,False,False
Hi4D,/home/shangguanrz/project/pic-edit/datasets/Hi4D_pilot_v1/raw/pair12/fight12/images/16/000087.jpg,pair12/fight12/images/16/000087.jpg,940,1280,940,False,False,nan,237.41892318069372,4714.087267287234,nan,nan,nan,full,237.41892318069372,4714.087267287234,0.535234899328859,False,False
Hi4D,/home/shangguanrz/project/pic-edit/datasets/Hi4D_pilot_v1/raw/pair12/fight12/images/16/000073.jpg,pair12/fight12/images/16/000073.jpg,940,1280,940,False,False,nan,238.12714885575247,4681.06659325133,nan,nan,nan,full,238.12714885575247,4681.06659325133,0.5354446308724832,False,False
Hi4D,/home/shangguanrz/project/pic-edit/datasets/Hi4D_pilot_v1/raw/pair09/hug09/images/28/000016.jpg,pair09/hug09/images/28/000016.jpg,940,1280,940,False,False,nan,274.4383286579317,4167.175843583776,nan,nan,nan,full,274.4383286579317,4167.175843583776,0.5367030201342282,False,False
Hi4D,/home/shangguanrz/project/pic-edit/datasets/Hi4D_pilot_v1/raw/pair12/fight12/images/16/000088.jpg,pair12/fight12/images/16/000088.jpg,940,1280,940,False,False,nan,237.29934103683735,4724.395757147607,nan,nan,nan,full,237.29934103683735,4724.395757147607,0.5369127516778524,False,False
Hi4D,/home/shangguanrz/project/pic-edit/datasets/Hi4D_pilot_v1/raw/pair14/hug14/images/4/000068.jpg,pair14/hug14/images/4/000068.jpg,940,1280,940,False,False,nan,237.07740607624308,4726.057191240026,nan,nan,nan,full,237.07740607624308,4726.057191240026,0.5369127516778524,False,False
Hi4D,/home/shangguanrz/project/pic-edit/datasets/Hi4D_pilot_v1/raw/pair14/hug14/images/4/000070.jpg,pair14/hug14/images/4/000070.jpg,940,1280,940,False,False,nan,237.5359591096977,4714.538979388298,nan,nan,nan,full,237.5359591096977,4714.538979388298,0.5371224832214765,False,False
Hi4D,/home/shangguanrz/project/pic-edit/datasets/Hi4D_pilot_v1/raw/pair10/dance10/images/4/000094.jpg,pair10/dance10/images/4/000094.jpg,940,1280,940,False,False,nan,245.5715491530743,4491.91368849734,nan,nan,nan,full,245.5715491530743,4491.91368849734,0.5383808724832215,False,False
Hi4D,/home/shangguanrz/project/pic-edit/datasets/Hi4D_pilot_v1/raw/pair14/dance14/images/16/000117.jpg,pair14/dance14/images/16/000117.jpg,940,1280,940,False,False,nan,257.89246501138496,4341.71931100399,nan,nan,nan,full,257.89246501138496,4341.71931100399,0.5383808724832215,False,False
Hi4D,/home/shangguanrz/project/pic-edit/datasets/Hi4D_pilot_v1/raw/pair28/dance28/images/4/000097.jpg,pair28/dance28/images/4/000097.jpg,940,1280,940,False,False,nan,248.20484295834135,4447.951577044548,nan,nan,nan,full,248.20484295834135,4447.951577044548,0.5396392617449665,False,False
Hi4D,/home/shangguanrz/project/pic-edit/datasets/Hi4D_pilot_v1/raw/pair10/dance10/images/4/000143.jpg,pair10/dance10/images/4/000143.jpg,940,1280,940,False,False,nan,241.28409300070643,4612.060162483378,nan,nan,nan,full,241.28409300070643,4612.060162483378,0.5400587248322147,False,False
Hi4D,/home/shangguanrz/project/pic-edit/datasets/Hi4D_pilot_v1/raw/pair14/talk14/images/4/000111.jpg,pair14/talk14/images/4/000111.jpg,940,1280,940,False,False,nan,238.6891225483851,4695.120948304521,nan,nan,nan,full,238.6891225483851,4695.120948304521,0.5404781879194631,False,False
Hi4D,/home/shangguanrz/project/pic-edit/datasets/Hi4D_pilot_v1/raw/pair02/backhug02/images/64/000109.jpg,pair02/backhug02/images/64/000109.jpg,940,1280,940,False,False,nan,249.01987976021982,4438.63641747008,nan,nan,nan,full,249.01987976021982,4438.63641747008,0.5408976510067114,False,False
Hi4D,/home/shangguanrz/project/pic-edit/datasets/Hi4D_pilot_v1/raw/pair28/basketball28/images/4/000089.jpg,pair28/basketball28/images/4/000089.jpg,940,1280,940,False,False,nan,253.16437261468306,4384.311751994681,nan,nan,nan,full,253.16437261468306,4384.311751994681,0.5408976510067114,False,False
Hi4D,/home/shangguanrz/project/pic-edit/datasets/Hi4D_pilot_v1/raw/pair09/hug09/images/28/000018.jpg,pair09/hug09/images/28/000018.jpg,940,1280,940,False,False,nan,273.1282275572196,4204.665880568484,nan,nan,nan,full,273.1282275572196,4204.665880568484,0.5413171140939597,False,False
Hi4D,/home/shangguanrz/project/pic-edit/datasets/Hi4D_pilot_v1/raw/pair14/hug14/images/4/000037.jpg,pair14/hug14/images/4/000037.jpg,940,1280,940,False,False,nan,240.40636119598608,4634.65050490359,nan,nan,nan,full,240.40636119598608,4634.65050490359,0.5413171140939598,False,False
Hi4D,/home/shangguanrz/project/pic-edit/datasets/Hi4D_pilot_v1/raw/pair09/hug09/images/28/000017.jpg,pair09/hug09/images/28/000017.jpg,940,1280,940,False,False,nan,277.2067830718821,4147.862439744016,nan,nan,nan,full,277.2067830718821,4147.862439744016,0.5415268456375839,False,False
Hi4D,/home/shangguanrz/project/pic-edit/datasets/Hi4D_pilot_v1/raw/pair09/hug09/images/28/000077.jpg,pair09/hug09/images/28/000077.jpg,940,1280,940,False,False,nan,273.0872864580468,4205.534792636303,nan,nan,nan,full,273.0872864580468,4205.534792636303,0.5415268456375839,False,False
Hi4D,/home/shangguanrz/project/pic-edit/datasets/Hi4D_pilot_v1/raw/pair10/dance10/images/4/000138.jpg,pair10/dance10/images/4/000138.jpg,940,1280,940,False,False,nan,241.97070587482756,4602.992623836436,nan,nan,nan,full,241.97070587482756,4602.992623836436,0.541736577181208,False,False
Hi4D,/home/shangguanrz/project/pic-edit/datasets/Hi4D_pilot_v1/raw/pair09/hug09/images/28/000076.jpg,pair09/hug09/images/28/000076.jpg,940,1280,940,False,False,nan,273.55563040864905,4219.711685505319,nan,nan,nan,full,273.55563040864905,4219.711685505319,0.5446728187919463,False,False
Hi4D,/home/shangguanrz/project/pic-edit/datasets/Hi4D_pilot_v1/raw/pair02/pose02/images/52/000020.jpg,pair02/pose02/images/52/000020.jpg,940,1280,940,False,False,nan,254.82763058071276,4383.477061170212,nan,nan,nan,full,254.82763058071276,4383.477061170212,0.5450922818791946,False,False
Hi4D,/home/shangguanrz/project/pic-edit/datasets/Hi4D_pilot_v1/raw/pair09/hug09/images/28/000079.jpg,pair09/hug09/images/28/000079.jpg,940,1280,940,False,False,nan,274.43472388123644,4214.881430767952,nan,nan,nan,full,274.43472388123644,4214.881430767952,0.5459312080536913,False,False
Hi4D,/home/shangguanrz/project/pic-edit/datasets/Hi4D_pilot_v1/raw/pair02/backhug02/images/64/000080.jpg,pair02/backhug02/images/64/000080.jpg,940,1280,940,False,False,nan,251.7179665964834,4429.932326296543,nan,nan,nan,full,251.7179665964834,4429.932326296543,0.5471895973154363,False,False
Hi4D,/home/shangguanrz/project/pic-edit/datasets/Hi4D_pilot_v1/raw/pair12/fight12/images/16/000083.jpg,pair12/fight12/images/16/000083.jpg,940,1280,940,False,False,nan,238.8778638567737,4725.496966422872,nan,nan,nan,full,238.8778638567737,4725.496966422872,0.5473993288590604,False,False
Hi4D,/home/shangguanrz/project/pic-edit/datasets/Hi4D_pilot_v1/raw/pair12/talk12/images/16/000099.jpg,pair12/talk12/images/16/000099.jpg,940,1280,940,False,False,nan,246.53298760817674,4523.098975648271,nan,nan,nan,full,246.53298760817674,4523.098975648271,0.5486577181208053,False,False
Hi4D,/home/shangguanrz/project/pic-edit/datasets/Hi4D_pilot_v1/raw/pair01/hug01/images/4/000120.jpg,pair01/hug01/images/4/000120.jpg,940,1280,940,False,False,nan,240.119928040403,4693.997288480718,nan,nan,nan,full,240.119928040403,4693.997288480718,0.5488674496644296,False,False
Hi4D,/home/shangguanrz/project/pic-edit/datasets/Hi4D_pilot_v1/raw/pair09/hug09/images/28/000080.jpg,pair09/hug09/images/28/000080.jpg,940,1280,940,False,False,nan,274.9254197309113,4224.848154920212,nan,nan,nan,full,274.9254197309113,4224.848154920212,0.5490771812080537,False,False
Hi4D,/home/shangguanrz/project/pic-edit/datasets/Hi4D_pilot_v1/raw/pair28/basketball28/images/4/000093.jpg,pair28/basketball28/images/4/000093.jpg,940,1280,940,False,False,nan,250.26469855828762,4457.708350648271,nan,nan,nan,full,250.26469855828762,4457.708350648271,0.5490771812080537,False,False
Hi4D,/home/shangguanrz/project/pic-edit/datasets/Hi4D_pilot_v1/raw/pair09/hug09/images/28/000033.jpg,pair09/hug09/images/28/000033.jpg,940,1280,940,False,False,nan,276.1272363899089,4205.390500332447,nan,nan,nan,full,276.1272363899089,4205.390500332447,0.5503355704697986,False,False
Hi4D,/home/shangguanrz/project/pic-edit/datasets/Hi4D_pilot_v1/raw/pair10/dance10/images/4/000112.jpg,pair10/dance10/images/4/000112.jpg,940,1280,940,False,False,nan,241.50525335695696,4650.410686087101,nan,nan,nan,full,241.50525335695696,4650.410686087101,0.550755033557047,False,False
Hi4D,/home/shangguanrz/project/pic-edit/datasets/Hi4D_pilot_v1/raw/pair12/talk12/images/16/000097.jpg,pair12/talk12/images/16/000097.jpg,940,1280,940,False,False,nan,246.14922059610342,4549.504217918883,nan,nan,nan,full,246.14922059610342,4549.504217918883,0.550964765100671,False,False
Hi4D,/home/shangguanrz/project/pic-edit/datasets/Hi4D_pilot_v1/raw/pair12/talk12/images/16/000070.jpg,pair12/talk12/images/16/000070.jpg,940,1280,940,False,False,nan,245.50813117648968,4560.282766788564,nan,nan,nan,full,245.50813117648968,4560.282766788564,0.5513842281879195,False,False
Hi4D,/home/shangguanrz/project/pic-edit/datasets/Hi4D_pilot_v1/raw/pair16/jump16/images/4/000055.jpg,pair16/jump16/images/4/000055.jpg,940,1280,940,False,False,nan,243.55333004042598,4606.26337059508,nan,nan,nan,full,243.55333004042598,4606.26337059508,0.5515939597315436,False,False
Hi4D,/home/shangguanrz/project/pic-edit/datasets/Hi4D_pilot_v1/raw/pair10/dance10/images/4/000151.jpg,pair10/dance10/images/4/000151.jpg,940,1280,940,False,False,nan,241.30797939853144,4674.064858294548,nan,nan,nan,full,241.30797939853144,4674.064858294548,0.5530620805369127,False,False
Hi4D,/home/shangguanrz/project/pic-edit/datasets/Hi4D_pilot_v1/raw/pair09/hug09/images/28/000036.jpg,pair09/hug09/images/28/000036.jpg,940,1280,940,False,False,nan,276.0671763968122,4226.732743932846,nan,nan,nan,full,276.0671763968122,4226.732743932846,0.5541107382550335,False,False
Hi4D,/home/shangguanrz/project/pic-edit/datasets/Hi4D_pilot_v1/raw/pair16/jump16/images/4/000079.jpg,pair16/jump16/images/4/000079.jpg,940,1280,940,False,False,nan,247.7199742647251,4524.773208942819,nan,nan,nan,full,247.7199742647251,4524.773208942819,0.5541107382550335,False,False
Hi4D,/home/shangguanrz/project/pic-edit/datasets/Hi4D_pilot_v1/raw/pair28/basketball28/images/4/000088.jpg,pair28/basketball28/images/4/000088.jpg,940,1280,940,False,False,nan,255.66694455318935,4416.403309923538,nan,nan,nan,full,255.66694455318935,4416.403309923538,0.5541107382550335,False,False
Hi4D,/home/shangguanrz/project/pic-edit/datasets/Hi4D_pilot_v1/raw/pair10/dance10/images/4/000011.jpg,pair10/dance10/images/4/000011.jpg,940,1280,940,False,False,nan,244.03052525562956,4608.985185339096,nan,nan,nan,full,244.03052525562956,4608.985185339096,0.5543204697986577,False,False
Hi4D,/home/shangguanrz/project/pic-edit/datasets/Hi4D_pilot_v1/raw/pair09/hug09/images/28/000032.jpg,pair09/hug09/images/28/000032.jpg,940,1280,940,False,False,nan,276.41290760879446,4226.629654255319,nan,nan,nan,full,276.41290760879446,4226.629654255319,0.5555788590604027,False,False
Hi4D,/home/shangguanrz/project/pic-edit/datasets/Hi4D_pilot_v1/raw/pair09/hug09/images/28/000081.jpg,pair09/hug09/images/28/000081.jpg,940,1280,940,False,False,nan,275.1964198220849,4247.035810754654,nan,nan,nan,full,275.1964198220849,4247.035810754654,0.5574664429530202,False,False
Hi4D,/home/shangguanrz/project/pic-edit/datasets/Hi4D_pilot_v1/raw/pair14/hug14/images/4/000075.jpg,pair14/hug14/images/4/000075.jpg,940,1280,940,False,False,nan,239.84848242423388,4738.293072639628,nan,nan,nan,full,239.84848242423388,4738.293072639628,0.5576761744966443,False,False
Hi4D,/home/shangguanrz/project/pic-edit/datasets/Hi4D_pilot_v1/raw/pair09/hug09/images/28/000027.jpg,pair09/hug09/images/28/000027.jpg,940,1280,940,False,False,nan,276.0459389291289,4241.369867852393,nan,nan,nan,full,276.0459389291289,4241.369867852393,0.5580956375838926,False,False
Hi4D,/home/shangguanrz/project/pic-edit/datasets/Hi4D_pilot_v1/raw/pair09/hug09/images/28/000056.jpg,pair09/hug09/images/28/000056.jpg,940,1280,940,False,False,nan,276.18041235116766,4239.605821974734,nan,nan,nan,full,276.18041235116766,4239.605821974734,0.5580956375838926,False,False
Hi4D,/home/shangguanrz/project/pic-edit/datasets/Hi4D_pilot_v1/raw/pair10/dance10/images/4/000141.jpg,pair10/dance10/images/4/000141.jpg,940,1280,940,False,False,nan,242.9934257320982,4643.9794921875,nan,nan,nan,full,242.9934257320982,4643.9794921875,0.5585151006711409,False,False
Hi4D,/home/shangguanrz/project/pic-edit/datasets/Hi4D_pilot_v1/raw/pair14/dance14/images/16/000116.jpg,pair14/dance14/images/16/000116.jpg,940,1280,940,False,False,nan,263.8200994424822,4362.34563040226,nan,nan,nan,full,263.8200994424822,4362.34563040226,0.5593540268456376,False,False
Hi4D,/home/shangguanrz/project/pic-edit/datasets/Hi4D_pilot_v1/raw/pair16/talk16/images/16/000083.jpg,pair16/talk16/images/16/000083.jpg,940,1280,940,False,False,nan,265.86003621696295,4342.538615774601,nan,nan,nan,full,265.86003621696295,4342.538615774601,0.55998322147651,False,False
Hi4D,/home/shangguanrz/project/pic-edit/datasets/Hi4D_pilot_v1/raw/pair02/pose02/images/52/000025.jpg,pair02/pose02/images/52/000025.jpg,940,1280,940,False,False,nan,251.60543740168043,4500.699135638298,nan,nan,nan,full,251.60543740168043,4500.699135638298,0.5604026845637584,False,False
Hi4D,/home/shangguanrz/project/pic-edit/datasets/Hi4D_pilot_v1/raw/pair02/dance02/images/4/000120.jpg,pair02/dance02/images/4/000120.jpg,940,1280,940,False,False,nan,245.57887685798102,4592.13679147274,nan,nan,nan,full,245.57887685798102,4592.13679147274,0.5606124161073825,False,False
Hi4D,/home/shangguanrz/project/pic-edit/datasets/Hi4D_pilot_v1/raw/pair28/basketball28/images/4/000091.jpg,pair28/basketball28/images/4/000091.jpg,940,1280,940,False,False,nan,256.7647717023878,4440.013516040559,nan,nan,nan,full,256.7647717023878,4440.013516040559,0.5608221476510067,False,False
Hi4D,/home/shangguanrz/project/pic-edit/datasets/Hi4D_pilot_v1/raw/pair09/hug09/images/28/000074.jpg,pair09/hug09/images/28/000074.jpg,940,1280,940,False,False,nan,276.59039822451507,4242.524279005984,nan,nan,nan,full,276.59039822451507,4242.524279005984,0.5610318791946309,False,False
Hi4D,/home/shangguanrz/project/pic-edit/datasets/Hi4D_pilot_v1/raw/pair28/fight28/images/4/000083.jpg,pair28/fight28/images/4/000083.jpg,940,1280,940,False,False,nan,248.7783134983859,4550.142380734707,nan,nan,nan,full,248.7783134983859,4550.142380734707,0.5622902684563759,False,False
Hi4D,/home/shangguanrz/project/pic-edit/datasets/Hi4D_pilot_v1/raw/pair12/fight12/images/16/000081.jpg,pair12/fight12/images/16/000081.jpg,940,1280,940,False,False,nan,239.81993629026866,4760.793623254654,nan,nan,nan,full,239.81993629026866,4760.793623254654,0.5625,False,False
Hi4D,/home/shangguanrz/project/pic-edit/datasets/Hi4D_pilot_v1/raw/pair09/hug09/images/28/000054.jpg,pair09/hug09/images/28/000054.jpg,940,1280,940,False,False,nan,277.13793065244124,4242.629789311835,nan,nan,nan,full,277.13793065244124,4242.629789311835,0.5633389261744967,False,False
Hi4D,/home/shangguanrz/project/pic-edit/datasets/Hi4D_pilot_v1/raw/pair02/backhug02/images/64/000082.jpg,pair02/backhug02/images/64/000082.jpg,940,1280,940,False,False,nan,255.13632609950517,4468.469570728059,nan,nan,nan,full,255.13632609950517,4468.469570728059,0.5635486577181208,False,False
Hi4D,/home/shangguanrz/project/pic-edit/datasets/Hi4D_pilot_v1/raw/pair10/dance10/images/4/000177.jpg,pair10/dance10/images/4/000177.jpg,940,1280,940,False,False,nan,242.79438377902653,4686.807004238697,nan,nan,nan,full,242.79438377902653,4686.807004238697,0.5635486577181208,False,False
Hi4D,/home/shangguanrz/project/pic-edit/datasets/Hi4D_pilot_v1/raw/pair12/talk12/images/16/000073.jpg,pair12/talk12/images/16/000073.jpg,940,1280,940,False,False,nan,245.38778657511705,4617.585667386968,nan,nan,nan,full,245.38778657511705,4617.585667386968,0.5648070469798657,False,False
Hi4D,/home/shangguanrz/project/pic-edit/datasets/Hi4D_pilot_v1/raw/pair02/backhug02/images/64/000084.jpg,pair02/backhug02/images/64/000084.jpg,940,1280,940,False,False,nan,254.08342431278564,4487.853557180851,nan,nan,nan,full,254.08342431278564,4487.853557180851,0.5648070469798658,False,False
Hi4D,/home/shangguanrz/project/pic-edit/datasets/Hi4D_pilot_v1/raw/pair01/hug01/images/4/000122.jpg,pair01/hug01/images/4/000122.jpg,940,1280,940,False,False,nan,240.22508037287275,4756.091921542553,nan,nan,nan,full,240.22508037287275,4756.091921542553,0.5652265100671141,False,False
Hi4D,/home/shangguanrz/project/pic-edit/datasets/Hi4D_pilot_v1/raw/pair09/hug09/images/28/000072.jpg,pair09/hug09/images/28/000072.jpg,940,1280,940,False,False,nan,278.3389829978408,4235.101593666888,nan,nan,nan,full,278.3389829978408,4235.101593666888,0.5652265100671141,False,False
Hi4D,/home/shangguanrz/project/pic-edit/datasets/Hi4D_pilot_v1/raw/pair14/hug14/images/4/000076.jpg,pair14/hug14/images/4/000076.jpg,940,1280,940,False,False,nan,239.71353092599423,4775.17431640625,nan,nan,nan,full,239.71353092599423,4775.17431640625,0.5652265100671141,False,False
Hi4D,/home/shangguanrz/project/pic-edit/datasets/Hi4D_pilot_v1/raw/pair02/pose02/images/52/000027.jpg,pair02/pose02/images/52/000027.jpg,940,1280,940,False,False,nan,251.4648796049326,4523.72235497008,nan,nan,nan,full,251.4648796049326,4523.72235497008,0.5660654362416108,False,False
Hi4D,/home/shangguanrz/project/pic-edit/datasets/Hi4D_pilot_v1/raw/pair09/hug09/images/28/000035.jpg,pair09/hug09/images/28/000035.jpg,940,1280,940,False,False,nan,278.7119353724961,4233.955182014628,nan,nan,nan,full,278.7119353724961,4233.955182014628,0.5660654362416108,False,False
Hi4D,/home/shangguanrz/project/pic-edit/datasets/Hi4D_pilot_v1/raw/pair16/jump16/images/4/000056.jpg,pair16/jump16/images/4/000056.jpg,940,1280,940,False,False,nan,244.65494481917685,4637.781146110372,nan,nan,nan,full,244.65494481917685,4637.781146110372,0.5662751677852349,False,False
Hi4D,/home/shangguanrz/project/pic-edit/datasets/Hi4D_pilot_v1/raw/pair09/hug09/images/28/000034.jpg,pair09/hug09/images/28/000034.jpg,940,1280,940,False,False,nan,278.7672037000082,4232.099827543218,nan,nan,nan,full,278.7672037000082,4232.099827543218,0.5664848993288591,False,False
Hi4D,/home/shangguanrz/project/pic-edit/datasets/Hi4D_pilot_v1/raw/pair10/dance10/images/4/000117.jpg,pair10/dance10/images/4/000117.jpg,940,1280,940,False,False,nan,244.4089439833472,4644.097105634974,nan,nan,nan,full,244.4089439833472,4644.097105634974,0.5666946308724832,False,False
Hi4D,/home/shangguanrz/project/pic-edit/datasets/Hi4D_pilot_v1/raw/pair09/hug09/images/28/000057.jpg,pair09/hug09/images/28/000057.jpg,940,1280,940,False,False,nan,277.43932310927227,4248.53282912234,nan,nan,nan,full,277.43932310927227,4248.53282912234,0.5669043624161074,False,False
Hi4D,/home/shangguanrz/project/pic-edit/datasets/Hi4D_pilot_v1/raw/pair10/dance10/images/4/000096.jpg,pair10/dance10/images/4/000096.jpg,940,1280,940,False,False,nan,248.83695138704192,4573.57966256649,nan,nan,nan,full,248.83695138704192,4573.57966256649,0.5669043624161074,False,False
Hi4D,/home/shangguanrz/project/pic-edit/datasets/Hi4D_pilot_v1/raw/pair14/dance14/images/16/000118.jpg,pair14/dance14/images/16/000118.jpg,940,1280,940,False,False,nan,261.7047098839968,4421.288491107048,nan,nan,nan,full,261.7047098839968,4421.288491107048,0.5669043624161074,False,False
Hi4D,/home/shangguanrz/project/pic-edit/datasets/Hi4D_pilot_v1/raw/pair09/hug09/images/28/000059.jpg,pair09/hug09/images/28/000059.jpg,940,1280,940,False,False,nan,277.88718812956216,4245.95684424867,nan,nan,nan,full,277.88718812956216,4245.95684424867,0.5673238255033557,False,False
Hi4D,/home/shangguanrz/project/pic-edit/datasets/Hi4D_pilot_v1/raw/pair16/talk16/images/16/000079.jpg,pair16/talk16/images/16/000079.jpg,940,1280,940,False,False,nan,264.3351186382496,4380.241896609043,nan,nan,nan,full,264.3351186382496,4380.241896609043,0.567743288590604,False,False
Hi4D,/home/shangguanrz/project/pic-edit/datasets/Hi4D_pilot_v1/raw/pair09/hug09/images/28/000028.jpg,pair09/hug09/images/28/000028.jpg,940,1280,940,False,False,nan,278.88027443716896,4234.226458610372,nan,nan,nan,full,278.88027443716896,4234.226458610372,0.5681627516778524,False,False
Hi4D,/home/shangguanrz/project/pic-edit/datasets/Hi4D_pilot_v1/raw/pair14/hug14/images/4/000067.jpg,pair14/hug14/images/4/000067.jpg,940,1280,940,False,False,nan,241.39222768247268,4745.871633976064,nan,nan,nan,full,241.39222768247268,4745.871633976064,0.569001677852349,False,False
Hi4D,/home/shangguanrz/project/pic-edit/datasets/Hi4D_pilot_v1/raw/pair12/talk12/images/16/000071.jpg,pair12/talk12/images/16/000071.jpg,940,1280,940,False,False,nan,247.75251082361638,4596.00432180851,nan,nan,nan,full,247.75251082361638,4596.00432180851,0.5696308724832215,False,False
Hi4D,/home/shangguanrz/project/pic-edit/datasets/Hi4D_pilot_v1/raw/pair09/hug09/images/28/000029.jpg,pair09/hug09/images/28/000029.jpg,940,1280,940,False,False,nan,279.2285594990913,4237.9306640625,nan,nan,nan,full,279.2285594990913,4237.9306640625,0.5700503355704698,False,False
Hi4D,/home/shangguanrz/project/pic-edit/datasets/Hi4D_pilot_v1/raw/pair09/hug09/images/28/000073.jpg,pair09/hug09/images/28/000073.jpg,940,1280,940,False,False,nan,278.6747533794494,4246.048661901596,nan,nan,nan,full,278.6747533794494,4246.048661901596,0.5702600671140939,False,False
Hi4D,/home/shangguanrz/project/pic-edit/datasets/Hi4D_pilot_v1/raw/pair09/hug09/images/28/000075.jpg,pair09/hug09/images/28/000075.jpg,940,1280,940,False,False,nan,278.7391032384445,4244.815460854388,nan,nan,nan,full,278.7391032384445,4244.815460854388,0.5702600671140939,False,False
Hi4D,/home/shangguanrz/project/pic-edit/datasets/Hi4D_pilot_v1/raw/pair10/dance10/images/4/000102.jpg,pair10/dance10/images/4/000102.jpg,940,1280,940,False,False,nan,244.92058125595642,4643.353764960107,nan,nan,nan,full,244.92058125595642,4643.353764960107,0.5702600671140939,False,False
Hi4D,/home/shangguanrz/project/pic-edit/datasets/Hi4D_pilot_v1/raw/pair10/dance10/images/4/000115.jpg,pair10/dance10/images/4/000115.jpg,940,1280,940,False,False,nan,244.53039002534538,4665.290537732712,nan,nan,nan,full,244.53039002534538,4665.290537732712,0.5702600671140939,False,False
Hi4D,/home/shangguanrz/project/pic-edit/datasets/Hi4D_pilot_v1/raw/pair02/pose02/images/52/000023.jpg,pair02/pose02/images/52/000023.jpg,940,1280,940,False,False,nan,253.6919618645584,4518.54943068484,nan,nan,nan,full,253.6919618645584,4518.54943068484,0.5706795302013423,False,False
Hi4D,/home/shangguanrz/project/pic-edit/datasets/Hi4D_pilot_v1/raw/pair16/jump16/images/4/000045.jpg,pair16/jump16/images/4/000045.jpg,940,1280,940,False,False,nan,247.53943067654166,4604.435349484707,nan,nan,nan,full,247.53943067654166,4604.435349484707,0.5706795302013423,False,False
Hi4D,/home/shangguanrz/project/pic-edit/datasets/Hi4D_pilot_v1/raw/pair14/talk14/images/4/000116.jpg,pair14/talk14/images/4/000116.jpg,940,1280,940,False,False,nan,243.67050015996517,4708.949551196809,nan,nan,nan,full,243.67050015996517,4708.949551196809,0.5713087248322147,False,False
Hi4D,/home/shangguanrz/project/pic-edit/datasets/Hi4D_pilot_v1/raw/pair09/hug09/images/28/000053.jpg,pair09/hug09/images/28/000053.jpg,940,1280,940,False,False,nan,277.99269671804933,4257.235528174867,nan,nan,nan,full,277.99269671804933,4257.235528174867,0.5715184563758389,False,False
Hi4D,/home/shangguanrz/project/pic-edit/datasets/Hi4D_pilot_v1/raw/pair16/talk16/images/16/000077.jpg,pair16/talk16/images/16/000077.jpg,940,1280,940,False,False,nan,267.2294188016354,4361.918882978724,nan,nan,nan,full,267.2294188016354,4361.918882978724,0.571518456375839,False,False
Hi4D,/home/shangguanrz/project/pic-edit/datasets/Hi4D_pilot_v1/raw/pair09/hug09/images/28/000084.jpg,pair09/hug09/images/28/000084.jpg,940,1280,940,False,False,nan,277.6202327711866,4261.160021193484,nan,nan,nan,full,277.6202327711866,4261.160021193484,0.5723573825503355,False,False
Hi4D,/home/shangguanrz/project/pic-edit/datasets/Hi4D_pilot_v1/raw/pair12/fight12/images/16/000075.jpg,pair12/fight12/images/16/000075.jpg,940,1280,940,False,False,nan,240.70726861593246,4772.880194481383,nan,nan,nan,full,240.70726861593246,4772.880194481383,0.5723573825503356,False,False
Hi4D,/home/shangguanrz/project/pic-edit/datasets/Hi4D_pilot_v1/raw/pair02/backhug02/images/64/000107.jpg,pair02/backhug02/images/64/000107.jpg,940,1280,940,False,False,nan,255.70004160814878,4507.323408410904,nan,nan,nan,full,255.70004160814878,4507.323408410904,0.5725671140939597,False,False
Hi4D,/home/shangguanrz/project/pic-edit/datasets/Hi4D_pilot_v1/raw/pair09/hug09/images/28/000060.jpg,pair09/hug09/images/28/000060.jpg,940,1280,940,False,False,nan,278.9084650556012,4246.193182762633,nan,nan,nan,full,278.9084650556012,4246.193182762633,0.5727768456375839,False,False
Hi4D,/home/shangguanrz/project/pic-edit/datasets/Hi4D_pilot_v1/raw/pair09/hug09/images/28/000041.jpg,pair09/hug09/images/28/000041.jpg,940,1280,940,False,False,nan,277.60104469661536,4263.504841256649,nan,nan,nan,full,277.60104469661536,4263.504841256649,0.5731963087248322,False,False
Hi4D,/home/shangguanrz/project/pic-edit/datasets/Hi4D_pilot_v1/raw/pair16/jump16/images/4/000054.jpg,pair16/jump16/images/4/000054.jpg,940,1280,940,False,False,nan,247.44430294658545,4620.958984375,nan,nan,nan,full,247.44430294658545,4620.958984375,0.5731963087248322,False,False
Hi4D,/home/shangguanrz/project/pic-edit/datasets/Hi4D_pilot_v1/raw/pair16/jump16/images/4/000093.jpg,pair16/jump16/images/4/000093.jpg,940,1280,940,False,False,nan,243.15874529659288,4722.34228515625,nan,nan,nan,full,243.15874529659288,4722.34228515625,0.5731963087248322,False,False
Hi4D,/home/shangguanrz/project/pic-edit/datasets/Hi4D_pilot_v1/raw/pair09/hug09/images/28/000070.jpg,pair09/hug09/images/28/000070.jpg,940,1280,940,False,False,nan,278.7644817917636,4255.644687084441,nan,nan,nan,full,278.7644817917636,4255.644687084441,0.574244966442953,False,False
Hi4D,/home/shangguanrz/project/pic-edit/datasets/Hi4D_pilot_v1/raw/pair14/talk14/images/4/000114.jpg,pair14/talk14/images/4/000114.jpg,940,1280,940,False,False,nan,244.37019249493312,4700.209264876995,nan,nan,nan,full,244.37019249493312,4700.209264876995,0.574244966442953,False,False
Hi4D,/home/shangguanrz/project/pic-edit/datasets/Hi4D_pilot_v1/raw/pair14/talk14/images/4/000109.jpg,pair14/talk14/images/4/000109.jpg,940,1280,940,False,False,nan,241.85309871260856,4760.004259474734,nan,nan,nan,full,241.85309871260856,4760.004259474734,0.5746644295302014,False,False
Hi4D,/home/shangguanrz/project/pic-edit/datasets/Hi4D_pilot_v1/raw/pair09/hug09/images/28/000069.jpg,pair09/hug09/images/28/000069.jpg,940,1280,940,False,False,nan,278.72462744384177,4259.370647024601,nan,nan,nan,full,278.72462744384177,4259.370647024601,0.5748741610738255,False,False
Hi4D,/home/shangguanrz/project/pic-edit/datasets/Hi4D_pilot_v1/raw/pair16/jump16/images/4/000095.jpg,pair16/jump16/images/4/000095.jpg,940,1280,940,False,False,nan,240.8018188164643,4780.584160987367,nan,nan,nan,full,240.8018188164643,4780.584160987367,0.5748741610738255,False,False
Hi4D,/home/shangguanrz/project/pic-edit/datasets/Hi4D_pilot_v1/raw/pair16/talk16/images/16/000085.jpg,pair16/talk16/images/16/000085.jpg,940,1280,940,False,False,nan,267.77766850759343,4365.915350731383,nan,nan,nan,full,267.77766850759343,4365.915350731383,0.5748741610738255,False,False
Hi4D,/home/shangguanrz/project/pic-edit/datasets/Hi4D_pilot_v1/raw/pair28/basketball28/images/4/000027.jpg,pair28/basketball28/images/4/000027.jpg,940,1280,940,False,False,nan,260.2515106904609,4479.355676529255,nan,nan,nan,full,260.2515106904609,4479.355676529255,0.5748741610738255,False,False
Hi4D,/home/shangguanrz/project/pic-edit/datasets/Hi4D_pilot_v1/raw/pair28/basketball28/images/4/000059.jpg,pair28/basketball28/images/4/000059.jpg,940,1280,940,False,False,nan,253.45175840237823,4549.327138048538,nan,nan,nan,full,253.45175840237823,4549.327138048538,0.5750838926174497,False,False
Hi4D,/home/shangguanrz/project/pic-edit/datasets/Hi4D_pilot_v1/raw/pair09/hug09/images/28/000042.jpg,pair09/hug09/images/28/000042.jpg,940,1280,940,False,False,nan,278.4380344845634,4261.16913231383,nan,nan,nan,full,278.4380344845634,4261.16913231383,0.575503355704698,False,False
Hi4D,/home/shangguanrz/project/pic-edit/datasets/Hi4D_pilot_v1/raw/pair16/jump16/images/4/000053.jpg,pair16/jump16/images/4/000053.jpg,940,1280,940,False,False,nan,246.92915245867687,4636.082488364362,nan,nan,nan,full,246.92915245867687,4636.082488364362,0.5757130872483222,False,False
Hi4D,/home/shangguanrz/project/pic-edit/datasets/Hi4D_pilot_v1/raw/pair16/talk16/images/16/000081.jpg,pair16/talk16/images/16/000081.jpg,940,1280,940,False,False,nan,266.8577374092806,4379.657694065824,nan,nan,nan,full,266.8577374092806,4379.657694065824,0.5757130872483222,False,False
Hi4D,/home/shangguanrz/project/pic-edit/datasets/Hi4D_pilot_v1/raw/pair09/hug09/images/28/000058.jpg,pair09/hug09/images/28/000058.jpg,940,1280,940,False,False,nan,278.8109367932869,4259.464324301862,nan,nan,nan,full,278.8109367932869,4259.464324301862,0.5761325503355704,False,False
Hi4D,/home/shangguanrz/project/pic-edit/datasets/Hi4D_pilot_v1/raw/pair28/basketball28/images/4/000092.jpg,pair28/basketball28/images/4/000092.jpg,940,1280,940,False,False,nan,257.42797191847825,4510.407236951462,nan,nan,nan,full,257.42797191847825,4510.407236951462,0.5765520134228188,False,False
Hi4D,/home/shangguanrz/project/pic-edit/datasets/Hi4D_pilot_v1/raw/pair09/hug09/images/28/000038.jpg,pair09/hug09/images/28/000038.jpg,940,1280,940,False,False,nan,278.82663338904257,4260.772658327793,nan,nan,nan,full,278.82663338904257,4260.772658327793,0.576761744966443,False,False
Hi4D,/home/shangguanrz/project/pic-edit/datasets/Hi4D_pilot_v1/raw/pair16/jump16/images/4/000057.jpg,pair16/jump16/images/4/000057.jpg,940,1280,940,False,False,nan,245.31581312544802,4679.109697057846,nan,nan,nan,full,245.31581312544802,4679.109697057846,0.5769714765100671,False,False
Hi4D,/home/shangguanrz/project/pic-edit/datasets/Hi4D_pilot_v1/raw/pair09/hug09/images/28/000065.jpg,pair09/hug09/images/28/000065.jpg,940,1280,940,False,False,nan,279.590873675845,4253.747174202128,nan,nan,nan,full,279.590873675845,4253.747174202128,0.5771812080536913,False,False
Hi4D,/home/shangguanrz/project/pic-edit/datasets/Hi4D_pilot_v1/raw/pair16/jump16/images/4/000099.jpg,pair16/jump16/images/4/000099.jpg,940,1280,940,False,False,nan,253.0134689696454,4564.058084690824,nan,nan,nan,full,253.0134689696454,4564.058084690824,0.5771812080536913,False,False
Hi4D,/home/shangguanrz/project/pic-edit/datasets/Hi4D_pilot_v1/raw/pair12/talk12/images/16/000095.jpg,pair12/talk12/images/16/000095.jpg,940,1280,940,False,False,nan,251.13082439341443,4588.39336768617,nan,nan,nan,full,251.13082439341443,4588.39336768617,0.5778104026845637,False,False
Hi4D,/home/shangguanrz/project/pic-edit/datasets/Hi4D_pilot_v1/raw/pair09/hug09/images/28/000082.jpg,pair09/hug09/images/28/000082.jpg,940,1280,940,False,False,nan,277.69647499960763,4276.841547539893,nan,nan,nan,full,277.69647499960763,4276.841547539893,0.5780201342281879,False,False
Hi4D,/home/shangguanrz/project/pic-edit/datasets/Hi4D_pilot_v1/raw/pair16/talk16/images/16/000075.jpg,pair16/talk16/images/16/000075.jpg,940,1280,940,False,False,nan,268.4472979568636,4370.112138464096,nan,nan,nan,full,268.4472979568636,4370.112138464096,0.5780201342281879,False,False
Hi4D,/home/shangguanrz/project/pic-edit/datasets/Hi4D_pilot_v1/raw/pair02/pose02/images/52/000022.jpg,pair02/pose02/images/52/000022.jpg,940,1280,940,False,False,nan,257.52649680601627,4515.677090259309,nan,nan,nan,full,257.52649680601627,4515.677090259309,0.5786493288590604,False,False
Hi4D,/home/shangguanrz/project/pic-edit/datasets/Hi4D_pilot_v1/raw/pair09/hug09/images/28/000040.jpg,pair09/hug09/images/28/000040.jpg,940,1280,940,False,False,nan,278.43592547439465,4270.08387009641,nan,nan,nan,full,278.43592547439465,4270.08387009641,0.5786493288590604,False,False
Hi4D,/home/shangguanrz/project/pic-edit/datasets/Hi4D_pilot_v1/raw/pair02/backhug02/images/64/000105.jpg,pair02/backhug02/images/64/000105.jpg,940,1280,940,False,False,nan,255.5596252907828,4545.661299035904,nan,nan,nan,full,255.5596252907828,4545.661299035904,0.5788590604026846,False,False
Hi4D,/home/shangguanrz/project/pic-edit/datasets/Hi4D_pilot_v1/raw/pair16/jump16/images/4/000039.jpg,pair16/jump16/images/4/000039.jpg,940,1280,940,False,False,nan,249.73222408309792,4609.23621384641,nan,nan,nan,full,249.73222408309792,4609.23621384641,0.5796979865771812,False,False
Hi4D,/home/shangguanrz/project/pic-edit/datasets/Hi4D_pilot_v1/raw/pair09/hug09/images/28/000062.jpg,pair09/hug09/images/28/000062.jpg,940,1280,940,False,False,nan,280.5843160481623,4254.990670711436,nan,nan,nan,full,280.5843160481623,4254.990670711436,0.5803271812080537,False,False
Hi4D,/home/shangguanrz/project/pic-edit/datasets/Hi4D_pilot_v1/raw/pair09/hug09/images/28/000083.jpg,pair09/hug09/images/28/000083.jpg,940,1280,940,False,False,nan,278.9844396520168,4267.772845329122,nan,nan,nan,full,278.9844396520168,4267.772845329122,0.5803271812080537,False,False
Hi4D,/home/shangguanrz/project/pic-edit/datasets/Hi4D_pilot_v1/raw/pair10/dance10/images/4/000010.jpg,pair10/dance10/images/4/000010.jpg,940,1280,940,False,False,nan,249.07019899006394,4623.979149351729,nan,nan,nan,full,249.07019899006394,4623.979149351729,0.580746644295302,False,False
Hi4D,/home/shangguanrz/project/pic-edit/datasets/Hi4D_pilot_v1/raw/pair16/jump16/images/4/000046.jpg,pair16/jump16/images/4/000046.jpg,940,1280,940,False,False,nan,248.08173400838217,4642.937344165559,nan,nan,nan,full,248.08173400838217,4642.937344165559,0.5822147651006712,False,False
Hi4D,/home/shangguanrz/project/pic-edit/datasets/Hi4D_pilot_v1/raw/pair09/hug09/images/28/000066.jpg,pair09/hug09/images/28/000066.jpg,940,1280,940,False,False,nan,280.7006816350264,4257.330036569149,nan,nan,nan,full,280.7006816350264,4257.330036569149,0.5824244966442953,False,False
Hi4D,/home/shangguanrz/project/pic-edit/datasets/Hi4D_pilot_v1/raw/pair09/hug09/images/28/000061.jpg,pair09/hug09/images/28/000061.jpg,940,1280,940,False,False,nan,280.0881161382966,4263.191873753324,nan,nan,nan,full,280.0881161382966,4263.191873753324,0.5826342281879194,False,False
Hi4D,/home/shangguanrz/project/pic-edit/datasets/Hi4D_pilot_v1/raw/pair09/hug09/images/28/000087.jpg,pair09/hug09/images/28/000087.jpg,940,1280,940,False,False,nan,279.94081949030124,4265.191801030585,nan,nan,nan,full,279.94081949030124,4265.191801030585,0.5826342281879194,False,False
Hi4D,/home/shangguanrz/project/pic-edit/datasets/Hi4D_pilot_v1/raw/pair02/backhug02/images/64/000086.jpg,pair02/backhug02/images/64/000086.jpg,940,1280,940,False,False,nan,256.5019666974552,4558.110715176197,nan,nan,nan,full,256.5019666974552,4558.110715176197,0.5836828859060403,False,False
Hi4D,/home/shangguanrz/project/pic-edit/datasets/Hi4D_pilot_v1/raw/pair12/fight12/images/16/000076.jpg,pair12/fight12/images/16/000076.jpg,940,1280,940,False,False,nan,240.94940354425802,4810.141913231383,nan,nan,nan,full,240.94940354425802,4810.141913231383,0.5843120805369127,False,False
Hi4D,/home/shangguanrz/project/pic-edit/datasets/Hi4D_pilot_v1/raw/pair16/talk16/images/16/000091.jpg,pair16/talk16/images/16/000091.jpg,940,1280,940,False,False,nan,273.288619541701,4355.893294963431,nan,nan,nan,full,273.288619541701,4355.893294963431,0.5845218120805369,False,False
Hi4D,/home/shangguanrz/project/pic-edit/datasets/Hi4D_pilot_v1/raw/pair09/hug09/images/28/000045.jpg,pair09/hug09/images/28/000045.jpg,940,1280,940,False,False,nan,280.77056799087654,4261.184861203457,nan,nan,nan,full,280.77056799087654,4261.184861203457,0.5851510067114094,False,False
Hi4D,/home/shangguanrz/project/pic-edit/datasets/Hi4D_pilot_v1/raw/pair02/backhug02/images/64/000088.jpg,pair02/backhug02/images/64/000088.jpg,940,1280,940,False,False,nan,257.18972061143404,4561.146567486702,nan,nan,nan,full,257.18972061143404,4561.146567486702,0.5857802013422819,False,False
Hi4D,/home/shangguanrz/project/pic-edit/datasets/Hi4D_pilot_v1/raw/pair09/hug09/images/28/000037.jpg,pair09/hug09/images/28/000037.jpg,940,1280,940,False,False,nan,280.71318666284145,4269.384817569814,nan,nan,nan,full,280.71318666284145,4269.384817569814,0.587248322147651,False,False
Hi4D,/home/shangguanrz/project/pic-edit/datasets/Hi4D_pilot_v1/raw/pair09/hug09/images/28/000051.jpg,pair09/hug09/images/28/000051.jpg,940,1280,940,False,False,nan,280.9019062411952,4267.157881067154,nan,nan,nan,full,280.9019062411952,4267.157881067154,0.587248322147651,False,False
Hi4D,/home/shangguanrz/project/pic-edit/datasets/Hi4D_pilot_v1/raw/pair09/hug09/images/28/000067.jpg,pair09/hug09/images/28/000067.jpg,940,1280,940,False,False,nan,280.4628729412273,4272.258560505319,nan,nan,nan,full,280.4628729412273,4272.258560505319,0.587248322147651,False,False
Hi4D,/home/shangguanrz/project/pic-edit/datasets/Hi4D_pilot_v1/raw/pair09/hug09/images/28/000052.jpg,pair09/hug09/images/28/000052.jpg,940,1280,940,False,False,nan,280.4202631036585,4275.94354637633,nan,nan,nan,full,280.4202631036585,4275.94354637633,0.5876677852348993,False,False
Hi4D,/home/shangguanrz/project/pic-edit/datasets/Hi4D_pilot_v1/raw/pair10/dance10/images/4/000154.jpg,pair10/dance10/images/4/000154.jpg,940,1280,940,False,False,nan,243.74404554412394,4769.512009640957,nan,nan,nan,full,243.74404554412394,4769.512009640957,0.5878775167785235,False,False
Hi4D,/home/shangguanrz/project/pic-edit/datasets/Hi4D_pilot_v1/raw/pair09/hug09/images/28/000048.jpg,pair09/hug09/images/28/000048.jpg,940,1280,940,False,False,nan,281.0010924858441,4268.308053523936,nan,nan,nan,full,281.0010924858441,4268.308053523936,0.5882969798657718,False,False
Hi4D,/home/shangguanrz/project/pic-edit/datasets/Hi4D_pilot_v1/raw/pair09/hug09/images/28/000050.jpg,pair09/hug09/images/28/000050.jpg,940,1280,940,False,False,nan,281.38600030445633,4263.57921584109,nan,nan,nan,full,281.38600030445633,4263.57921584109,0.588506711409396,False,False
Hi4D,/home/shangguanrz/project/pic-edit/datasets/Hi4D_pilot_v1/raw/pair28/dance28/images/4/000043.jpg,pair28/dance28/images/4/000043.jpg,940,1280,940,False,False,nan,254.88574209036256,4588.470651180186,nan,nan,nan,full,254.88574209036256,4588.470651180186,0.588506711409396,False,False
Hi4D,/home/shangguanrz/project/pic-edit/datasets/Hi4D_pilot_v1/raw/pair10/dance10/images/4/000156.jpg,pair10/dance10/images/4/000156.jpg,940,1280,940,False,False,nan,244.15887632225372,4764.016508061835,nan,nan,nan,full,244.15887632225372,4764.016508061835,0.5887164429530201,False,False
Hi4D,/home/shangguanrz/project/pic-edit/datasets/Hi4D_pilot_v1/raw/pair09/hug09/images/28/000044.jpg,pair09/hug09/images/28/000044.jpg,940,1280,940,False,False,nan,281.4243375062133,4268.038231382979,nan,nan,nan,full,281.4243375062133,4268.038231382979,0.589765100671141,False,False
Hi4D,/home/shangguanrz/project/pic-edit/datasets/Hi4D_pilot_v1/raw/pair12/talk12/images/16/000094.jpg,pair12/talk12/images/16/000094.jpg,940,1280,940,False,False,nan,251.9350610424513,4627.936326047207,nan,nan,nan,full,251.9350610424513,4627.936326047207,0.5901845637583892,False,False
Hi4D,/home/shangguanrz/project/pic-edit/datasets/Hi4D_pilot_v1/raw/pair09/hug09/images/28/000030.jpg,pair09/hug09/images/28/000030.jpg,940,1280,940,False,False,nan,281.90325787810514,4262.237138464096,nan,nan,nan,full,281.90325787810514,4262.237138464096,0.5908137583892618,False,False
Hi4D,/home/shangguanrz/project/pic-edit/datasets/Hi4D_pilot_v1/raw/pair09/hug09/images/28/000064.jpg,pair09/hug09/images/28/000064.jpg,940,1280,940,False,False,nan,281.62370491243695,4269.410914644282,nan,nan,nan,full,281.62370491243695,4269.410914644282,0.5910234899328859,False,False
Hi4D,/home/shangguanrz/project/pic-edit/datasets/Hi4D_pilot_v1/raw/pair09/hug09/images/28/000085.jpg,pair09/hug09/images/28/000085.jpg,940,1280,940,False,False,nan,280.9962478681029,4280.185235206117,nan,nan,nan,full,280.9962478681029,4280.185235206117,0.5916526845637584,False,False
Hi4D,/home/shangguanrz/project/pic-edit/datasets/Hi4D_pilot_v1/raw/pair01/hug01/images/4/000123.jpg,pair01/hug01/images/4/000123.jpg,940,1280,940,False,False,nan,243.3958014532849,4789.396162317154,nan,nan,nan,full,243.3958014532849,4789.396162317154,0.5920721476510067,False,False
Hi4D,/home/shangguanrz/project/pic-edit/datasets/Hi4D_pilot_v1/raw/pair12/talk12/images/16/000092.jpg,pair12/talk12/images/16/000092.jpg,940,1280,940,False,False,nan,250.79251369255167,4650.079247007979,nan,nan,nan,full,250.79251369255167,4650.079247007979,0.5922818791946309,False,False
Hi4D,/home/shangguanrz/project/pic-edit/datasets/Hi4D_pilot_v1/raw/pair02/backhug02/images/64/000103.jpg,pair02/backhug02/images/64/000103.jpg,940,1280,940,False,False,nan,258.28811874339465,4583.382781333112,nan,nan,nan,full,258.28811874339465,4583.382781333112,0.5929110738255033,False,False
Hi4D,/home/shangguanrz/project/pic-edit/datasets/Hi4D_pilot_v1/raw/pair09/hug09/images/28/000019.jpg,pair09/hug09/images/28/000019.jpg,940,1280,940,False,False,nan,280.04589565588697,4305.464812583112,nan,nan,nan,full,280.04589565588697,4305.464812583112,0.5929110738255033,False,False
Hi4D,/home/shangguanrz/project/pic-edit/datasets/Hi4D_pilot_v1/raw/pair09/hug09/images/28/000049.jpg,pair09/hug09/images/28/000049.jpg,940,1280,940,False,False,nan,281.7764318037648,4274.236421625665,nan,nan,nan,full,281.7764318037648,4274.236421625665,0.5935402684563759,False,False
Hi4D,/home/shangguanrz/project/pic-edit/datasets/Hi4D_pilot_v1/raw/pair28/dance28/images/4/000042.jpg,pair28/dance28/images/4/000042.jpg,940,1280,940,False,False,nan,253.9681779162924,4623.705088513962,nan,nan,nan,full,253.9681779162924,4623.705088513962,0.5941694630872483,False,False
Hi4D,/home/shangguanrz/project/pic-edit/datasets/Hi4D_pilot_v1/raw/pair09/hug09/images/28/000068.jpg,pair09/hug09/images/28/000068.jpg,940,1280,940,False,False,nan,281.8971079872333,4272.311419547872,nan,nan,nan,full,281.8971079872333,4272.311419547872,0.5945889261744967,False,False
Hi4D,/home/shangguanrz/project/pic-edit/datasets/Hi4D_pilot_v1/raw/pair28/fight28/images/4/000044.jpg,pair28/fight28/images/4/000044.jpg,940,1280,940,False,False,nan,254.4311873391237,4623.255329537899,nan,nan,nan,full,254.4311873391237,4623.255329537899,0.5954278523489933,False,False
Hi4D,/home/shangguanrz/project/pic-edit/datasets/Hi4D_pilot_v1/raw/pair09/hug09/images/28/000043.jpg,pair09/hug09/images/28/000043.jpg,940,1280,940,False,False,nan,281.8087304783332,4281.352435172872,nan,nan,nan,full,281.8087304783332,4281.352435172872,0.5956375838926175,False,False
Hi4D,/home/shangguanrz/project/pic-edit/datasets/Hi4D_pilot_v1/raw/pair09/hug09/images/28/000090.jpg,pair09/hug09/images/28/000090.jpg,940,1280,940,False,False,nan,281.80621842832903,4288.813154504654,nan,nan,nan,full,281.80621842832903,4288.813154504654,0.5964765100671141,False,False
Hi4D,/home/shangguanrz/project/pic-edit/datasets/Hi4D_pilot_v1/raw/pair16/jump16/images/4/000040.jpg,pair16/jump16/images/4/000040.jpg,940,1280,940,False,False,nan,252.16806173680757,4649.134911070479,nan,nan,nan,full,252.16806173680757,4649.134911070479,0.5968959731543624,False,False
Hi4D,/home/shangguanrz/project/pic-edit/datasets/Hi4D_pilot_v1/raw/pair09/hug09/images/28/000026.jpg,pair09/hug09/images/28/000026.jpg,940,1280,940,False,False,nan,281.88029323481175,4288.085428440824,nan,nan,nan,full,281.88029323481175,4288.085428440824,0.5971057046979866,False,False
Hi4D,/home/shangguanrz/project/pic-edit/datasets/Hi4D_pilot_v1/raw/pair28/fight28/images/4/000041.jpg,pair28/fight28/images/4/000041.jpg,940,1280,940,False,False,nan,255.2911277881517,4625.512196642288,nan,nan,nan,full,255.2911277881517,4625.512196642288,0.5977348993288591,False,False
Hi4D,/home/shangguanrz/project/pic-edit/datasets/Hi4D_pilot_v1/raw/pair16/talk16/images/16/000087.jpg,pair16/talk16/images/16/000087.jpg,940,1280,940,False,False,nan,273.12777579621303,4410.597064079122,nan,nan,nan,full,273.12777579621303,4410.597064079122,0.5979446308724832,False,False
Hi4D,/home/shangguanrz/project/pic-edit/datasets/Hi4D_pilot_v1/raw/pair16/talk16/images/16/000089.jpg,pair16/talk16/images/16/000089.jpg,940,1280,940,False,False,nan,274.53936311679496,4390.904702044548,nan,nan,nan,full,274.53936311679496,4390.904702044548,0.5979446308724832,False,False
Hi4D,/home/shangguanrz/project/pic-edit/datasets/Hi4D_pilot_v1/raw/pair09/hug09/images/28/000046.jpg,pair09/hug09/images/28/000046.jpg,940,1280,940,False,False,nan,282.32868909814226,4280.202023769947,nan,nan,nan,full,282.32868909814226,4280.202023769947,0.5981543624161074,False,False
Hi4D,/home/shangguanrz/project/pic-edit/datasets/Hi4D_pilot_v1/raw/pair12/fight12/images/16/000079.jpg,pair12/fight12/images/16/000079.jpg,940,1280,940,False,False,nan,242.16110436284413,4846.351728723404,nan,nan,nan,full,242.16110436284413,4846.351728723404,0.5981543624161074,False,False
Hi4D,/home/shangguanrz/project/pic-edit/datasets/Hi4D_pilot_v1/raw/pair12/fight12/images/16/000080.jpg,pair12/fight12/images/16/000080.jpg,940,1280,940,False,False,nan,242.5272011825703,4840.621000249335,nan,nan,nan,full,242.5272011825703,4840.621000249335,0.5983640939597316,False,False
Hi4D,/home/shangguanrz/project/pic-edit/datasets/Hi4D_pilot_v1/raw/pair10/dance10/images/4/000099.jpg,pair10/dance10/images/4/000099.jpg,940,1280,940,False,False,nan,250.47611243134443,4697.51472116024,nan,nan,nan,full,250.47611243134443,4697.51472116024,0.5992030201342282,False,False
Hi4D,/home/shangguanrz/project/pic-edit/datasets/Hi4D_pilot_v1/raw/pair14/dance14/images/16/000200.jpg,pair14/dance14/images/16/000200.jpg,940,1280,940,False,False,nan,267.8388225714941,4479.46198678524,nan,nan,nan,full,267.8388225714941,4479.46198678524,0.6006711409395973,False,False
Hi4D,/home/shangguanrz/project/pic-edit/datasets/Hi4D_pilot_v1/raw/pair02/backhug02/images/64/000101.jpg,pair02/backhug02/images/64/000101.jpg,940,1280,940,False,False,nan,260.01335780995095,4603.279379986702,nan,nan,nan,full,260.01335780995095,4603.279379986702,0.601510067114094,False,False
Hi4D,/home/shangguanrz/project/pic-edit/datasets/Hi4D_pilot_v1/raw/pair09/hug09/images/28/000088.jpg,pair09/hug09/images/28/000088.jpg,940,1280,940,False,False,nan,283.2859385163604,4294.306661402926,nan,nan,nan,full,283.2859385163604,4294.306661402926,0.6027684563758389,False,False
Hi4D,/home/shangguanrz/project/pic-edit/datasets/Hi4D_pilot_v1/raw/pair16/talk16/images/16/000063.jpg,pair16/talk16/images/16/000063.jpg,940,1280,940,False,False,nan,273.49418137914284,4426.185370262633,nan,nan,nan,full,273.49418137914284,4426.185370262633,0.6027684563758389,False,False
Hi4D,/home/shangguanrz/project/pic-edit/datasets/Hi4D_pilot_v1/raw/pair28/fight28/images/4/000126.jpg,pair28/fight28/images/4/000126.jpg,940,1280,940,False,False,nan,259.68990974029083,4610.547404837101,nan,nan,nan,full,259.68990974029083,4610.547404837101,0.6027684563758389,False,False
Hi4D,/home/shangguanrz/project/pic-edit/datasets/Hi4D_pilot_v1/raw/pair12/fight12/images/16/000077.jpg,pair12/fight12/images/16/000077.jpg,940,1280,940,False,False,nan,242.8107827385393,4850.128750415559,nan,nan,nan,full,242.8107827385393,4850.128750415559,0.602768456375839,False,False
Hi4D,/home/shangguanrz/project/pic-edit/datasets/Hi4D_pilot_v1/raw/pair14/dance14/images/16/000199.jpg,pair14/dance14/images/16/000199.jpg,940,1280,940,False,False,nan,268.2699442016641,4488.819533327793,nan,nan,nan,full,268.2699442016641,4488.819533327793,0.6029781879194631,False,False
Hi4D,/home/shangguanrz/project/pic-edit/datasets/Hi4D_pilot_v1/raw/pair09/hug09/images/28/000015.jpg,pair09/hug09/images/28/000015.jpg,940,1280,940,False,False,nan,286.27768084427083,4255.417677859043,nan,nan,nan,full,286.27768084427083,4255.417677859043,0.6031879194630873,False,False
Hi4D,/home/shangguanrz/project/pic-edit/datasets/Hi4D_pilot_v1/raw/pair09/hug09/images/28/000089.jpg,pair09/hug09/images/28/000089.jpg,940,1280,940,False,False,nan,282.8787250275956,4298.291472739362,nan,nan,nan,full,282.8787250275956,4298.291472739362,0.6031879194630873,False,False
Hi4D,/home/shangguanrz/project/pic-edit/datasets/Hi4D_pilot_v1/raw/pair16/jump16/images/4/000058.jpg,pair16/jump16/images/4/000058.jpg,940,1280,940,False,False,nan,248.3285843882155,4745.100087267288,nan,nan,nan,full,248.3285843882155,4745.100087267288,0.6036073825503356,False,False
Hi4D,/home/shangguanrz/project/pic-edit/datasets/Hi4D_pilot_v1/raw/pair14/talk14/images/4/000118.jpg,pair14/talk14/images/4/000118.jpg,940,1280,940,False,False,nan,247.9701628458074,4752.91259765625,nan,nan,nan,full,247.9701628458074,4752.91259765625,0.6040268456375839,False,False
Hi4D,/home/shangguanrz/project/pic-edit/datasets/Hi4D_pilot_v1/raw/pair16/jump16/images/4/000052.jpg,pair16/jump16/images/4/000052.jpg,940,1280,940,False,False,nan,249.78776794019035,4727.57391747008,nan,nan,nan,full,249.78776794019035,4727.57391747008,0.6044463087248322,False,False
Hi4D,/home/shangguanrz/project/pic-edit/datasets/Hi4D_pilot_v1/raw/pair09/hug09/images/28/000020.jpg,pair09/hug09/images/28/000020.jpg,940,1280,940,False,False,nan,279.3630110195397,4352.956865026596,nan,nan,nan,full,279.3630110195397,4352.956865026596,0.6046560402684564,False,False
Hi4D,/home/shangguanrz/project/pic-edit/datasets/Hi4D_pilot_v1/raw/pair10/dance10/images/4/000159.jpg,pair10/dance10/images/4/000159.jpg,940,1280,940,False,False,nan,246.29688266037056,4784.351583277926,nan,nan,nan,full,246.29688266037056,4784.351583277926,0.6050755033557047,False,False
Hi4D,/home/shangguanrz/project/pic-edit/datasets/Hi4D_pilot_v1/raw/pair14/dance14/images/16/000119.jpg,pair14/dance14/images/16/000119.jpg,940,1280,940,False,False,nan,267.3478815174577,4507.48884225399,nan,nan,nan,full,267.3478815174577,4507.48884225399,0.605285234899329,False,False
Hi4D,/home/shangguanrz/project/pic-edit/datasets/Hi4D_pilot_v1/raw/pair16/jump16/images/4/000096.jpg,pair16/jump16/images/4/000096.jpg,940,1280,940,False,False,nan,248.86903126564098,4744.64006399601,nan,nan,nan,full,248.86903126564098,4744.64006399601,0.605494966442953,False,False
Hi4D,/home/shangguanrz/project/pic-edit/datasets/Hi4D_pilot_v1/raw/pair16/jump16/images/4/000041.jpg,pair16/jump16/images/4/000041.jpg,940,1280,940,False,False,nan,250.07507501308498,4729.921126994681,nan,nan,nan,full,250.07507501308498,4729.921126994681,0.6057046979865772,False,False
Hi4D,/home/shangguanrz/project/pic-edit/datasets/Hi4D_pilot_v1/raw/pair16/jump16/images/4/000098.jpg,pair16/jump16/images/4/000098.jpg,940,1280,940,False,False,nan,258.9508647689618,4629.533442071143,nan,nan,nan,full,258.9508647689618,4629.533442071143,0.6059144295302012,False,False
Hi4D,/home/shangguanrz/project/pic-edit/datasets/Hi4D_pilot_v1/raw/pair12/highfive12/images/4/000036.jpg,pair12/highfive12/images/4/000036.jpg,940,1280,940,False,False,nan,237.15553532792416,5051.78166555851,nan,nan,nan,full,237.15553532792416,5051.78166555851,0.606753355704698,False,False
Hi4D,/home/shangguanrz/project/pic-edit/datasets/Hi4D_pilot_v1/raw/pair14/dance14/images/16/000114.jpg,pair14/dance14/images/16/000114.jpg,940,1280,940,False,False,nan,272.5161256133673,4465.966142370346,nan,nan,nan,full,272.5161256133673,4465.966142370346,0.6071728187919463,False,False
Hi4D,/home/shangguanrz/project/pic-edit/datasets/Hi4D_pilot_v1/raw/pair12/highfive12/images/4/000037.jpg,pair12/highfive12/images/4/000037.jpg,940,1280,940,False,False,nan,237.4468133869404,5042.871322307181,nan,nan,nan,full,237.4468133869404,5042.871322307181,0.6075922818791946,False,False
Hi4D,/home/shangguanrz/project/pic-edit/datasets/Hi4D_pilot_v1/raw/pair02/backhug02/images/64/000090.jpg,pair02/backhug02/images/64/000090.jpg,940,1280,940,False,False,nan,262.09147054299666,4608.341350149601,nan,nan,nan,full,262.09147054299666,4608.341350149601,0.6078020134228188,False,False
Hi4D,/home/shangguanrz/project/pic-edit/datasets/Hi4D_pilot_v1/raw/pair28/fight28/images/4/000039.jpg,pair28/fight28/images/4/000039.jpg,940,1280,940,False,False,nan,259.4547813401443,4635.917740192819,nan,nan,nan,full,259.4547813401443,4635.917740192819,0.6082214765100671,False,False
Hi4D,/home/shangguanrz/project/pic-edit/datasets/Hi4D_pilot_v1/raw/pair28/fight28/images/4/000037.jpg,pair28/fight28/images/4/000037.jpg,940,1280,940,False,False,nan,259.5899726069584,4640.054999168883,nan,nan,nan,full,259.5899726069584,4640.054999168883,0.6096895973154361,False,False
Hi4D,/home/shangguanrz/project/pic-edit/datasets/Hi4D_pilot_v1/raw/pair02/backhug02/images/64/000099.jpg,pair02/backhug02/images/64/000099.jpg,940,1280,940,False,False,nan,262.0595773582061,4619.554957613032,nan,nan,nan,full,262.0595773582061,4619.554957613032,0.6098993288590604,False,False
Hi4D,/home/shangguanrz/project/pic-edit/datasets/Hi4D_pilot_v1/raw/pair16/jump16/images/4/000044.jpg,pair16/jump16/images/4/000044.jpg,940,1280,940,False,False,nan,252.03593932257462,4725.880100980718,nan,nan,nan,full,252.03593932257462,4725.880100980718,0.6101090604026845,False,False
Hi4D,/home/shangguanrz/project/pic-edit/datasets/Hi4D_pilot_v1/raw/pair28/fight28/images/4/000081.jpg,pair28/fight28/images/4/000081.jpg,940,1280,940,False,False,nan,254.64335716499247,4707.391923620346,nan,nan,nan,full,254.64335716499247,4707.391923620346,0.6111577181208054,False,False
Hi4D,/home/shangguanrz/project/pic-edit/datasets/Hi4D_pilot_v1/raw/pair28/fight28/images/4/000042.jpg,pair28/fight28/images/4/000042.jpg,940,1280,940,False,False,nan,258.6229839013032,4652.327470495346,nan,nan,nan,full,258.6229839013032,4652.327470495346,0.6113674496644295,False,False
Hi4D,/home/shangguanrz/project/pic-edit/datasets/Hi4D_pilot_v1/raw/pair28/fight28/images/4/000045.jpg,pair28/fight28/images/4/000045.jpg,940,1280,940,False,False,nan,256.98225417413454,4680.461436170212,nan,nan,nan,full,256.98225417413454,4680.461436170212,0.6115771812080537,False,False
Hi4D,/home/shangguanrz/project/pic-edit/datasets/Hi4D_pilot_v1/raw/pair28/basketball28/images/4/000087.jpg,pair28/basketball28/images/4/000087.jpg,940,1280,940,False,False,nan,266.70386692685963,4557.532548620346,nan,nan,nan,full,266.70386692685963,4557.532548620346,0.611996644295302,False,False
Hi4D,/home/shangguanrz/project/pic-edit/datasets/Hi4D_pilot_v1/raw/pair16/jump16/images/4/000100.jpg,pair16/jump16/images/4/000100.jpg,940,1280,940,False,False,nan,258.55856185738674,4667.035249750665,nan,nan,nan,full,258.55856185738674,4667.035249750665,0.6130453020134228,False,False
Hi4D,/home/shangguanrz/project/pic-edit/datasets/Hi4D_pilot_v1/raw/pair16/talk16/images/16/000093.jpg,pair16/talk16/images/16/000093.jpg,940,1280,940,False,False,nan,275.30469452228516,4457.448211020612,nan,nan,nan,full,275.30469452228516,4457.448211020612,0.6138842281879194,False,False
Hi4D,/home/shangguanrz/project/pic-edit/datasets/Hi4D_pilot_v1/raw/pair28/fight28/images/4/000036.jpg,pair28/fight28/images/4/000036.jpg,940,1280,940,False,False,nan,263.02385145207245,4627.97862990359,nan,nan,nan,full,263.02385145207245,4627.97862990359,0.6155620805369127,False,False
Hi4D,/home/shangguanrz/project/pic-edit/datasets/Hi4D_pilot_v1/raw/pair28/fight28/images/4/000080.jpg,pair28/fight28/images/4/000080.jpg,940,1280,940,False,False,nan,255.8393437738277,4716.587942569814,nan,nan,nan,full,255.8393437738277,4716.587942569814,0.6157718120805369,False,False
Hi4D,/home/shangguanrz/project/pic-edit/datasets/Hi4D_pilot_v1/raw/pair28/fight28/images/4/000127.jpg,pair28/fight28/images/4/000127.jpg,940,1280,940,False,False,nan,260.5004186526366,4661.652894365026,nan,nan,nan,full,260.5004186526366,4661.652894365026,0.6157718120805369,False,False
Hi4D,/home/shangguanrz/project/pic-edit/datasets/Hi4D_pilot_v1/raw/pair02/backhug02/images/64/000097.jpg,pair02/backhug02/images/64/000097.jpg,940,1280,940,False,False,nan,262.7124408169968,4633.156520113032,nan,nan,nan,full,262.7124408169968,4633.156520113032,0.6161912751677853,False,False
Hi4D,/home/shangguanrz/project/pic-edit/datasets/Hi4D_pilot_v1/raw/pair16/jump16/images/4/000047.jpg,pair16/jump16/images/4/000047.jpg,940,1280,940,False,False,nan,254.03429303259912,4729.113873420878,nan,nan,nan,full,254.03429303259912,4729.113873420878,0.6164010067114094,False,False
Hi4D,/home/shangguanrz/project/pic-edit/datasets/Hi4D_pilot_v1/raw/pair12/highfive12/images/4/000035.jpg,pair12/highfive12/images/4/000035.jpg,940,1280,940,False,False,nan,238.7241241576554,5049.430954953457,nan,nan,nan,full,238.7241241576554,5049.430954953457,0.6166107382550335,False,False
Hi4D,/home/shangguanrz/project/pic-edit/datasets/Hi4D_pilot_v1/raw/pair02/backhug02/images/64/000093.jpg,pair02/backhug02/images/64/000093.jpg,940,1280,940,False,False,nan,263.1355581270348,4630.223238031915,nan,nan,nan,full,263.1355581270348,4630.223238031915,0.6168204697986577,False,False
Hi4D,/home/shangguanrz/project/pic-edit/datasets/Hi4D_pilot_v1/raw/pair16/jump16/images/4/000094.jpg,pair16/jump16/images/4/000094.jpg,940,1280,940,False,False,nan,245.54915426539958,4849.529328041888,nan,nan,nan,full,245.54915426539958,4849.529328041888,0.6178691275167785,False,False
Hi4D,/home/shangguanrz/project/pic-edit/datasets/Hi4D_pilot_v1/raw/pair28/fight28/images/4/000047.jpg,pair28/fight28/images/4/000047.jpg,940,1280,940,False,False,nan,259.15369362440407,4697.529130651596,nan,nan,nan,full,259.15369362440407,4697.529130651596,0.6187080536912752,False,False
Hi4D,/home/shangguanrz/project/pic-edit/datasets/Hi4D_pilot_v1/raw/pair14/dance14/images/16/000198.jpg,pair14/dance14/images/16/000198.jpg,940,1280,940,False,False,nan,270.59013359702624,4549.249771442819,nan,nan,nan,full,270.59013359702624,4549.249771442819,0.6189177852348993,False,False
Hi4D,/home/shangguanrz/project/pic-edit/datasets/Hi4D_pilot_v1/raw/pair14/talk14/images/4/000121.jpg,pair14/talk14/images/4/000121.jpg,940,1280,940,False,False,nan,244.03293946351647,4907.248078041888,nan,nan,nan,full,244.03293946351647,4907.248078041888,0.6191275167785235,False,False
Hi4D,/home/shangguanrz/project/pic-edit/datasets/Hi4D_pilot_v1/raw/pair16/jump16/images/4/000038.jpg,pair16/jump16/images/4/000038.jpg,940,1280,940,False,False,nan,254.69585640495742,4735.360871010638,nan,nan,nan,full,254.69585640495742,4735.360871010638,0.6191275167785235,False,False
Hi4D,/home/shangguanrz/project/pic-edit/datasets/Hi4D_pilot_v1/raw/pair12/highfive12/images/4/000082.jpg,pair12/highfive12/images/4/000082.jpg,940,1280,940,False,False,nan,238.20019462236507,5100.338784075798,nan,nan,nan,full,238.20019462236507,5100.338784075798,0.6193372483221476,False,False
Hi4D,/home/shangguanrz/project/pic-edit/datasets/Hi4D_pilot_v1/raw/pair02/backhug02/images/64/000092.jpg,pair02/backhug02/images/64/000092.jpg,940,1280,940,False,False,nan,263.5687558725173,4636.741408327793,nan,nan,nan,full,263.5687558725173,4636.741408327793,0.6203859060402684,False,False
Hi4D,/home/shangguanrz/project/pic-edit/datasets/Hi4D_pilot_v1/raw/pair12/highfive12/images/4/000034.jpg,pair12/highfive12/images/4/000034.jpg,940,1280,940,False,False,nan,239.2740196939667,5064.805861452793,nan,nan,nan,full,239.2740196939667,5064.805861452793,0.6220637583892618,False,False
Hi4D,/home/shangguanrz/project/pic-edit/datasets/Hi4D_pilot_v1/raw/pair28/basketball28/images/4/000060.jpg,pair28/basketball28/images/4/000060.jpg,940,1280,940,False,False,nan,263.82768828785754,4643.559414478059,nan,nan,nan,full,263.82768828785754,4643.559414478059,0.6231124161073825,False,False
Hi4D,/home/shangguanrz/project/pic-edit/datasets/Hi4D_pilot_v1/raw/pair28/basketball28/images/4/000025.jpg,pair28/basketball28/images/4/000025.jpg,940,1280,940,False,False,nan,267.7309510842498,4589.326140708112,nan,nan,nan,full,267.7309510842498,4589.326140708112,0.6235318791946309,False,False
Hi4D,/home/shangguanrz/project/pic-edit/datasets/Hi4D_pilot_v1/raw/pair16/talk16/images/16/000142.jpg,pair16/talk16/images/16/000142.jpg,940,1280,940,False,False,nan,271.02637558749166,4567.319086602393,nan,nan,nan,full,271.02637558749166,4567.319086602393,0.6241610738255035,False,False
Hi4D,/home/shangguanrz/project/pic-edit/datasets/Hi4D_pilot_v1/raw/pair16/talk16/images/16/000064.jpg,pair16/talk16/images/16/000064.jpg,940,1280,940,False,False,nan,277.56053841324507,4467.486089178857,nan,nan,nan,full,277.56053841324507,4467.486089178857,0.6243708053691275,False,False
Hi4D,/home/shangguanrz/project/pic-edit/datasets/Hi4D_pilot_v1/raw/pair14/hug14/images/4/000036.jpg,pair14/hug14/images/4/000036.jpg,940,1280,940,False,False,nan,251.39034323910337,4789.454610621676,nan,nan,nan,full,251.39034323910337,4789.454610621676,0.6245805369127517,False,False
Hi4D,/home/shangguanrz/project/pic-edit/datasets/Hi4D_pilot_v1/raw/pair14/dance14/images/16/000120.jpg,pair14/dance14/images/16/000120.jpg,940,1280,940,False,False,nan,273.0484220142978,4549.288885887633,nan,nan,nan,full,273.0484220142978,4549.288885887633,0.6252097315436241,False,False
Hi4D,/home/shangguanrz/project/pic-edit/datasets/Hi4D_pilot_v1/raw/pair16/talk16/images/16/000069.jpg,pair16/talk16/images/16/000069.jpg,940,1280,940,False,False,nan,271.3583341622687,4570.225232712766,nan,nan,nan,full,271.3583341622687,4570.225232712766,0.6256291946308725,False,False
Hi4D,/home/shangguanrz/project/pic-edit/datasets/Hi4D_pilot_v1/raw/pair28/dance28/images/4/000022.jpg,pair28/dance28/images/4/000022.jpg,940,1280,940,False,False,nan,261.438611043854,4714.225824883643,nan,nan,nan,full,261.438611043854,4714.225824883643,0.6258389261744967,False,False
Hi4D,/home/shangguanrz/project/pic-edit/datasets/Hi4D_pilot_v1/raw/pair14/dance14/images/16/000197.jpg,pair14/dance14/images/16/000197.jpg,940,1280,940,False,False,nan,269.54837677229466,4586.37244431516,nan,nan,nan,full,269.54837677229466,4586.37244431516,0.6262583892617449,False,False
Hi4D,/home/shangguanrz/project/pic-edit/datasets/Hi4D_pilot_v1/raw/pair16/talk16/images/16/000066.jpg,pair16/talk16/images/16/000066.jpg,940,1280,940,False,False,nan,274.1619470880117,4534.176165641622,nan,nan,nan,full,274.1619470880117,4534.176165641622,0.6264681208053691,False,False
Hi4D,/home/shangguanrz/project/pic-edit/datasets/Hi4D_pilot_v1/raw/pair28/basketball28/images/4/000026.jpg,pair28/basketball28/images/4/000026.jpg,940,1280,940,False,False,nan,270.36190936283697,4583.73955909242,nan,nan,nan,full,270.36190936283697,4583.73955909242,0.6266778523489933,False,False
Hi4D,/home/shangguanrz/project/pic-edit/datasets/Hi4D_pilot_v1/raw/pair16/jump16/images/4/000042.jpg,pair16/jump16/images/4/000042.jpg,940,1280,940,False,False,nan,251.91790508641114,4794.242332945479,nan,nan,nan,full,251.91790508641114,4794.242332945479,0.6281459731543624,False,False
Hi4D,/home/shangguanrz/project/pic-edit/datasets/Hi4D_pilot_v1/raw/pair16/talk16/images/16/000140.jpg,pair16/talk16/images/16/000140.jpg,940,1280,940,False,False,nan,271.4451372883286,4584.044184258643,nan,nan,nan,full,271.4451372883286,4584.044184258643,0.6298238255033557,False,False
Hi4D,/home/shangguanrz/project/pic-edit/datasets/Hi4D_pilot_v1/raw/pair28/dance28/images/4/000021.jpg,pair28/dance28/images/4/000021.jpg,940,1280,940,False,False,nan,262.39701327860973,4715.091391705452,nan,nan,nan,full,262.39701327860973,4715.091391705452,0.6300335570469798,False,False
Hi4D,/home/shangguanrz/project/pic-edit/datasets/Hi4D_pilot_v1/raw/pair02/backhug02/images/64/000095.jpg,pair02/backhug02/images/64/000095.jpg,940,1280,940,False,False,nan,264.84671563268944,4658.738125415559,nan,nan,nan,full,264.84671563268944,4658.738125415559,0.6304530201342282,False,False
Hi4D,/home/shangguanrz/project/pic-edit/datasets/Hi4D_pilot_v1/raw/pair12/highfive12/images/4/000038.jpg,pair12/highfive12/images/4/000038.jpg,940,1280,940,False,False,nan,240.34566296919698,5090.164322224069,nan,nan,nan,full,240.34566296919698,5090.164322224069,0.6306627516778524,False,False
Hi4D,/home/shangguanrz/project/pic-edit/datasets/Hi4D_pilot_v1/raw/pair10/dance10/images/4/000162.jpg,pair10/dance10/images/4/000162.jpg,940,1280,940,False,False,nan,250.55882935288705,4830.096170628324,nan,nan,nan,full,250.55882935288705,4830.096170628324,0.6319211409395973,False,False
Hi4D,/home/shangguanrz/project/pic-edit/datasets/Hi4D_pilot_v1/raw/pair10/dance10/images/4/000175.jpg,pair10/dance10/images/4/000175.jpg,940,1280,940,False,False,nan,252.83324757090193,4799.33112741024,nan,nan,nan,full,252.83324757090193,4799.33112741024,0.6319211409395973,False,False
Hi4D,/home/shangguanrz/project/pic-edit/datasets/Hi4D_pilot_v1/raw/pair12/highfive12/images/4/000081.jpg,pair12/highfive12/images/4/000081.jpg,940,1280,940,False,False,nan,239.90628210866328,5136.289997506649,nan,nan,nan,full,239.90628210866328,5136.289997506649,0.6338087248322147,False,False
Hi4D,/home/shangguanrz/project/pic-edit/datasets/Hi4D_pilot_v1/raw/pair12/highfive12/images/4/000033.jpg,pair12/highfive12/images/4/000033.jpg,940,1280,940,False,False,nan,240.769277726217,5097.842420212766,nan,nan,nan,full,240.769277726217,5097.842420212766,0.6346476510067114,False,False
Hi4D,/home/shangguanrz/project/pic-edit/datasets/Hi4D_pilot_v1/raw/pair16/jump16/images/4/000059.jpg,pair16/jump16/images/4/000059.jpg,940,1280,940,False,False,nan,251.8650208181955,4831.284356299867,nan,nan,nan,full,251.8650208181955,4831.284356299867,0.635486577181208,False,False
Hi4D,/home/shangguanrz/project/pic-edit/datasets/Hi4D_pilot_v1/raw/pair16/talk16/images/16/000067.jpg,pair16/talk16/images/16/000067.jpg,940,1280,940,False,False,nan,272.59487242243205,4593.560162483378,nan,nan,nan,full,272.59487242243205,4593.560162483378,0.635486577181208,False,False
Hi4D,/home/shangguanrz/project/pic-edit/datasets/Hi4D_pilot_v1/raw/pair16/jump16/images/4/000078.jpg,pair16/jump16/images/4/000078.jpg,940,1280,940,False,False,nan,261.7145204564575,4746.617935505319,nan,nan,nan,full,261.7145204564575,4746.617935505319,0.6359060402684564,False,False
Hi4D,/home/shangguanrz/project/pic-edit/datasets/Hi4D_pilot_v1/raw/pair14/hug14/images/4/000078.jpg,pair14/hug14/images/4/000078.jpg,940,1280,940,False,False,nan,249.36466633844503,4873.34484084109,nan,nan,nan,full,249.36466633844503,4873.34484084109,0.6365352348993288,False,False
Hi4D,/home/shangguanrz/project/pic-edit/datasets/Hi4D_pilot_v1/raw/pair12/highfive12/images/4/000087.jpg,pair12/highfive12/images/4/000087.jpg,940,1280,940,False,False,nan,240.21100624398773,5138.838347739362,nan,nan,nan,full,240.21100624398773,5138.838347739362,0.636744966442953,False,False
Hi4D,/home/shangguanrz/project/pic-edit/datasets/Hi4D_pilot_v1/raw/pair12/highfive12/images/4/000040.jpg,pair12/highfive12/images/4/000040.jpg,940,1280,940,False,False,nan,242.01090981095237,5060.229242852393,nan,nan,nan,full,242.01090981095237,5060.229242852393,0.6371644295302014,False,False
Hi4D,/home/shangguanrz/project/pic-edit/datasets/Hi4D_pilot_v1/raw/pair12/highfive12/images/4/000041.jpg,pair12/highfive12/images/4/000041.jpg,940,1280,940,False,False,nan,242.28687088623903,5054.006856715426,nan,nan,nan,full,242.28687088623903,5054.006856715426,0.6390520134228188,False,False
Hi4D,/home/shangguanrz/project/pic-edit/datasets/Hi4D_pilot_v1/raw/pair12/highfive12/images/4/000079.jpg,pair12/highfive12/images/4/000079.jpg,940,1280,940,False,False,nan,240.36514311257176,5146.257241107048,nan,nan,nan,full,240.36514311257176,5146.257241107048,0.6398909395973155,False,False
Hi4D,/home/shangguanrz/project/pic-edit/datasets/Hi4D_pilot_v1/raw/pair16/hug16/images/4/000056.jpg,pair16/hug16/images/4/000056.jpg,940,1280,940,False,False,nan,256.8482948506294,4797.897221991357,nan,nan,nan,full,256.8482948506294,4797.897221991357,0.6401006711409396,False,False
Hi4D,/home/shangguanrz/project/pic-edit/datasets/Hi4D_pilot_v1/raw/pair09/hug09/images/28/000021.jpg,pair09/hug09/images/28/000021.jpg,940,1280,940,False,False,nan,284.38344686222376,4419.16838430851,nan,nan,nan,full,284.38344686222376,4419.16838430851,0.6417785234899329,False,False
Hi4D,/home/shangguanrz/project/pic-edit/datasets/Hi4D_pilot_v1/raw/pair28/basketball28/images/4/000085.jpg,pair28/basketball28/images/4/000085.jpg,940,1280,940,False,False,nan,271.65660167053426,4631.464874916888,nan,nan,nan,full,271.65660167053426,4631.464874916888,0.6424077181208053,False,False
Hi4D,/home/shangguanrz/project/pic-edit/datasets/Hi4D_pilot_v1/raw/pair14/dance14/images/16/000195.jpg,pair14/dance14/images/16/000195.jpg,940,1280,940,False,False,nan,270.82161934799933,4640.743018617021,nan,nan,nan,full,270.82161934799933,4640.743018617021,0.6426174496644295,False,False
Hi4D,/home/shangguanrz/project/pic-edit/datasets/Hi4D_pilot_v1/raw/pair14/talk14/images/4/000106.jpg,pair14/talk14/images/4/000106.jpg,940,1280,940,False,False,nan,254.15448502964864,4834.440793301197,nan,nan,nan,full,254.15448502964864,4834.440793301197,0.643036912751678,False,False
Hi4D,/home/shangguanrz/project/pic-edit/datasets/Hi4D_pilot_v1/raw/pair12/highfive12/images/4/000080.jpg,pair12/highfive12/images/4/000080.jpg,940,1280,940,False,False,nan,240.4891247759852,5160.262684923538,nan,nan,nan,full,240.4891247759852,5160.262684923538,0.6440855704697986,False,False
Hi4D,/home/shangguanrz/project/pic-edit/datasets/Hi4D_pilot_v1/raw/pair16/talk16/images/16/000073.jpg,pair16/talk16/images/16/000073.jpg,940,1280,940,False,False,nan,276.33322868046594,4586.905117603059,nan,nan,nan,full,276.33322868046594,4586.905117603059,0.6449244966442953,False,False
Hi4D,/home/shangguanrz/project/pic-edit/datasets/Hi4D_pilot_v1/raw/pair28/dance28/images/4/000040.jpg,pair28/dance28/images/4/000040.jpg,940,1280,940,False,False,nan,261.4087584854899,4785.122942985372,nan,nan,nan,full,261.4087584854899,4785.122942985372,0.6449244966442953,False,False
Hi4D,/home/shangguanrz/project/pic-edit/datasets/Hi4D_pilot_v1/raw/pair09/hug09/images/28/000014.jpg,pair09/hug09/images/28/000014.jpg,940,1280,940,False,False,nan,291.6045885735532,4352.900712682846,nan,nan,nan,full,291.6045885735532,4352.900712682846,0.645763422818792,False,False
Hi4D,/home/shangguanrz/project/pic-edit/datasets/Hi4D_pilot_v1/raw/pair12/highfive12/images/4/000032.jpg,pair12/highfive12/images/4/000032.jpg,940,1280,940,False,False,nan,241.85630041441803,5138.757635887633,nan,nan,nan,full,241.85630041441803,5138.757635887633,0.645763422818792,False,False
Hi4D,/home/shangguanrz/project/pic-edit/datasets/Hi4D_pilot_v1/raw/pair16/talk16/images/16/000072.jpg,pair16/talk16/images/16/000072.jpg,940,1280,940,False,False,nan,275.9531594563686,4599.881015209441,nan,nan,nan,full,275.9531594563686,4599.881015209441,0.6459731543624161,False,False
Hi4D,/home/shangguanrz/project/pic-edit/datasets/Hi4D_pilot_v1/raw/pair14/talk14/images/4/000057.jpg,pair14/talk14/images/4/000057.jpg,940,1280,940,False,False,nan,253.8494402131866,4859.665018284574,nan,nan,nan,full,253.8494402131866,4859.665018284574,0.6461828859060402,False,False
Hi4D,/home/shangguanrz/project/pic-edit/datasets/Hi4D_pilot_v1/raw/pair16/talk16/images/16/000070.jpg,pair16/talk16/images/16/000070.jpg,940,1280,940,False,False,nan,275.1151558980244,4618.051435754654,nan,nan,nan,full,275.1151558980244,4618.051435754654,0.6468120805369127,False,False
Hi4D,/home/shangguanrz/project/pic-edit/datasets/Hi4D_pilot_v1/raw/pair10/dance10/images/4/000164.jpg,pair10/dance10/images/4/000164.jpg,940,1280,940,False,False,nan,253.44042188323095,4876.322400681516,nan,nan,nan,full,253.44042188323095,4876.322400681516,0.6482802013422819,False,False
Hi4D,/home/shangguanrz/project/pic-edit/datasets/Hi4D_pilot_v1/raw/pair16/jump16/images/4/000048.jpg,pair16/jump16/images/4/000048.jpg,940,1280,940,False,False,nan,261.90829098216545,4789.921677609707,nan,nan,nan,full,261.90829098216545,4789.921677609707,0.6484899328859061,False,False
Hi4D,/home/shangguanrz/project/pic-edit/datasets/Hi4D_pilot_v1/raw/pair12/highfive12/images/4/000049.jpg,pair12/highfive12/images/4/000049.jpg,940,1280,940,False,False,nan,243.95336462694254,5071.894562416888,nan,nan,nan,full,243.95336462694254,5071.894562416888,0.6486996644295302,False,False
Hi4D,/home/shangguanrz/project/pic-edit/datasets/Hi4D_pilot_v1/raw/pair28/dance28/images/4/000024.jpg,pair28/dance28/images/4/000024.jpg,940,1280,940,False,False,nan,265.44734320976767,4750.049035904255,nan,nan,nan,full,265.44734320976767,4750.049035904255,0.6501677852348993,False,False
Hi4D,/home/shangguanrz/project/pic-edit/datasets/Hi4D_pilot_v1/raw/pair16/talk16/images/16/000138.jpg,pair16/talk16/images/16/000138.jpg,940,1280,940,False,False,nan,275.8641766439525,4621.216090425532,nan,nan,nan,full,275.8641766439525,4621.216090425532,0.6505872483221476,False,False
Hi4D,/home/shangguanrz/project/pic-edit/datasets/Hi4D_pilot_v1/raw/pair12/highfive12/images/4/000076.jpg,pair12/highfive12/images/4/000076.jpg,940,1280,940,False,False,nan,243.11141659005722,5133.941427027926,nan,nan,nan,full,243.11141659005722,5133.941427027926,0.6524748322147651,False,False
Hi4D,/home/shangguanrz/project/pic-edit/datasets/Hi4D_pilot_v1/raw/pair16/hug16/images/4/000049.jpg,pair16/hug16/images/4/000049.jpg,940,1280,940,False,False,nan,257.2119759679002,4862.653289145612,nan,nan,nan,full,257.2119759679002,4862.653289145612,0.6543624161073825,False,False
Hi4D,/home/shangguanrz/project/pic-edit/datasets/Hi4D_pilot_v1/raw/pair28/dance28/images/4/000027.jpg,pair28/dance28/images/4/000027.jpg,940,1280,940,False,False,nan,267.0327817567768,4744.928253823138,nan,nan,nan,full,267.0327817567768,4744.928253823138,0.6545721476510067,False,False
Hi4D,/home/shangguanrz/project/pic-edit/datasets/Hi4D_pilot_v1/raw/pair28/fight28/images/4/000078.jpg,pair28/fight28/images/4/000078.jpg,940,1280,940,False,False,nan,262.6520421316096,4800.952044547872,nan,nan,nan,full,262.6520421316096,4800.952044547872,0.6547818791946309,False,False
Hi4D,/home/shangguanrz/project/pic-edit/datasets/Hi4D_pilot_v1/raw/pair16/jump16/images/4/000037.jpg,pair16/jump16/images/4/000037.jpg,940,1280,940,False,False,nan,260.27655835729644,4844.995480801197,nan,nan,nan,full,260.27655835729644,4844.995480801197,0.6564597315436241,False,False
Hi4D,/home/shangguanrz/project/pic-edit/datasets/Hi4D_pilot_v1/raw/pair12/highfive12/images/4/000043.jpg,pair12/highfive12/images/4/000043.jpg,940,1280,940,False,False,nan,244.8156545507579,5082.251849235372,nan,nan,nan,full,244.8156545507579,5082.251849235372,0.6566694630872483,False,False
Hi4D,/home/shangguanrz/project/pic-edit/datasets/Hi4D_pilot_v1/raw/pair16/jump16/images/4/000027.jpg,pair16/jump16/images/4/000027.jpg,940,1280,940,False,False,nan,253.53269347479682,4923.168976479388,nan,nan,nan,full,253.53269347479682,4923.168976479388,0.6568791946308725,False,False
Hi4D,/home/shangguanrz/project/pic-edit/datasets/Hi4D_pilot_v1/raw/pair12/highfive12/images/4/000078.jpg,pair12/highfive12/images/4/000078.jpg,940,1280,940,False,False,nan,242.563581688553,5170.719362948803,nan,nan,nan,full,242.563581688553,5170.719362948803,0.6572986577181208,False,False
Hi4D,/home/shangguanrz/project/pic-edit/datasets/Hi4D_pilot_v1/raw/pair16/talk16/images/16/000144.jpg,pair16/talk16/images/16/000144.jpg,940,1280,940,False,False,nan,276.9910346091792,4628.065782912234,nan,nan,nan,full,276.9910346091792,4628.065782912234,0.6572986577181208,False,False
Hi4D,/home/shangguanrz/project/pic-edit/datasets/Hi4D_pilot_v1/raw/pair09/hug09/images/28/000025.jpg,pair09/hug09/images/28/000025.jpg,940,1280,940,False,False,nan,288.16586277567455,4434.274216672207,nan,nan,nan,full,288.16586277567455,4434.274216672207,0.657508389261745,False,False
Hi4D,/home/shangguanrz/project/pic-edit/datasets/Hi4D_pilot_v1/raw/pair28/basketball28/images/4/000063.jpg,pair28/basketball28/images/4/000063.jpg,940,1280,940,False,False,nan,273.19055810971406,4695.778767037899,nan,nan,nan,full,273.19055810971406,4695.778767037899,0.657508389261745,False,False
Hi4D,/home/shangguanrz/project/pic-edit/datasets/Hi4D_pilot_v1/raw/pair16/jump16/images/4/000051.jpg,pair16/jump16/images/4/000051.jpg,940,1280,940,False,False,nan,257.86786209182435,4872.771609042553,nan,nan,nan,full,257.86786209182435,4872.771609042553,0.6577181208053691,False,False
Hi4D,/home/shangguanrz/project/pic-edit/datasets/Hi4D_pilot_v1/raw/pair28/basketball28/images/4/000062.jpg,pair28/basketball28/images/4/000062.jpg,940,1280,940,False,False,nan,272.7444606865624,4712.908078457447,nan,nan,nan,full,272.7444606865624,4712.908078457447,0.6583473154362416,False,False
Hi4D,/home/shangguanrz/project/pic-edit/datasets/Hi4D_pilot_v1/raw/pair14/dance14/images/16/000194.jpg,pair14/dance14/images/16/000194.jpg,940,1280,940,False,False,nan,275.0877761615246,4677.73065575133,nan,nan,nan,full,275.0877761615246,4677.73065575133,0.6585570469798658,False,False
Hi4D,/home/shangguanrz/project/pic-edit/datasets/Hi4D_pilot_v1/raw/pair12/highfive12/images/4/000028.jpg,pair12/highfive12/images/4/000028.jpg,940,1280,940,False,False,nan,244.11553107477954,5143.37097947141,nan,nan,nan,full,244.11553107477954,5143.37097947141,0.6593959731543624,False,False
Hi4D,/home/shangguanrz/project/pic-edit/datasets/Hi4D_pilot_v1/raw/pair10/dance10/images/4/000167.jpg,pair10/dance10/images/4/000167.jpg,940,1280,940,False,False,nan,257.14299712344604,4893.87567528258,nan,nan,nan,full,257.14299712344604,4893.87567528258,0.6596057046979866,False,False
Hi4D,/home/shangguanrz/project/pic-edit/datasets/Hi4D_pilot_v1/raw/pair28/fight28/images/4/000129.jpg,pair28/fight28/images/4/000129.jpg,940,1280,940,False,False,nan,267.0247915597079,4764.935702709441,nan,nan,nan,full,267.0247915597079,4764.935702709441,0.6596057046979866,False,False
Hi4D,/home/shangguanrz/project/pic-edit/datasets/Hi4D_pilot_v1/raw/pair12/highfive12/images/4/000110.jpg,pair12/highfive12/images/4/000110.jpg,940,1280,940,False,False,nan,242.8482757323789,5174.115930435505,nan,nan,nan,full,242.8482757323789,5174.115930435505,0.6600251677852349,False,False
Hi4D,/home/shangguanrz/project/pic-edit/datasets/Hi4D_pilot_v1/raw/pair14/dance14/images/16/000121.jpg,pair14/dance14/images/16/000121.jpg,940,1280,940,False,False,nan,278.85740394555046,4608.034730302526,nan,nan,nan,full,278.85740394555046,4608.034730302526,0.6600251677852349,False,False
Hi4D,/home/shangguanrz/project/pic-edit/datasets/Hi4D_pilot_v1/raw/pair16/hug16/images/4/000046.jpg,pair16/hug16/images/4/000046.jpg,940,1280,940,False,False,nan,256.4547032674226,4904.661236702128,nan,nan,nan,full,256.4547032674226,4904.661236702128,0.6600251677852349,False,False
Hi4D,/home/shangguanrz/project/pic-edit/datasets/Hi4D_pilot_v1/raw/pair16/jump16/images/4/000060.jpg,pair16/jump16/images/4/000060.jpg,940,1280,940,False,False,nan,254.03391251533267,4928.297269780585,nan,nan,nan,full,254.03391251533267,4928.297269780585,0.6600251677852349,False,False
Hi4D,/home/shangguanrz/project/pic-edit/datasets/Hi4D_pilot_v1/raw/pair12/highfive12/images/4/000030.jpg,pair12/highfive12/images/4/000030.jpg,940,1280,940,False,False,nan,244.5788411482959,5138.23640084774,nan,nan,nan,full,244.5788411482959,5138.23640084774,0.6612835570469798,False,False
Hi4D,/home/shangguanrz/project/pic-edit/datasets/Hi4D_pilot_v1/raw/pair28/dance28/images/4/000015.jpg,pair28/dance28/images/4/000015.jpg,940,1280,940,False,False,nan,268.07649356976736,4756.683946974734,nan,nan,nan,full,268.07649356976736,4756.683946974734,0.6612835570469799,False,False
Hi4D,/home/shangguanrz/project/pic-edit/datasets/Hi4D_pilot_v1/raw/pair14/dance14/images/16/000141.jpg,pair14/dance14/images/16/000141.jpg,940,1280,940,False,False,nan,272.52859993958265,4725.515302942154,nan,nan,nan,full,272.52859993958265,4725.515302942154,0.661493288590604,False,False
Hi4D,/home/shangguanrz/project/pic-edit/datasets/Hi4D_pilot_v1/raw/pair12/highfive12/images/4/000140.jpg,pair12/highfive12/images/4/000140.jpg,940,1280,940,False,False,nan,243.0698673743207,5176.094009724069,nan,nan,nan,full,243.0698673743207,5176.094009724069,0.6623322147651006,False,False
Hi4D,/home/shangguanrz/project/pic-edit/datasets/Hi4D_pilot_v1/raw/pair12/highfive12/images/4/000026.jpg,pair12/highfive12/images/4/000026.jpg,940,1280,940,False,False,nan,244.3203715284036,5151.906042220745,nan,nan,nan,full,244.3203715284036,5151.906042220745,0.662751677852349,False,False
Hi4D,/home/shangguanrz/project/pic-edit/datasets/Hi4D_pilot_v1/raw/pair28/dance28/images/4/000018.jpg,pair28/dance28/images/4/000018.jpg,940,1280,940,False,False,nan,267.0859271093103,4776.563372672872,nan,nan,nan,full,267.0859271093103,4776.563372672872,0.662751677852349,False,False
Hi4D,/home/shangguanrz/project/pic-edit/datasets/Hi4D_pilot_v1/raw/pair12/highfive12/images/4/000047.jpg,pair12/highfive12/images/4/000047.jpg,940,1280,940,False,False,nan,246.77604094097765,5081.77918259641,nan,nan,nan,full,246.77604094097765,5081.77918259641,0.6629614093959731,False,False
Hi4D,/home/shangguanrz/project/pic-edit/datasets/Hi4D_pilot_v1/raw/pair16/talk16/images/16/000132.jpg,pair16/talk16/images/16/000132.jpg,940,1280,940,False,False,nan,276.62898045157675,4660.01483543883,nan,nan,nan,full,276.62898045157675,4660.01483543883,0.6629614093959731,False,False
Hi4D,/home/shangguanrz/project/pic-edit/datasets/Hi4D_pilot_v1/raw/pair14/talk14/images/4/000059.jpg,pair14/talk14/images/4/000059.jpg,940,1280,940,False,False,nan,256.6204510343566,4921.883591672207,nan,nan,nan,full,256.6204510343566,4921.883591672207,0.6631711409395973,False,False
Hi4D,/home/shangguanrz/project/pic-edit/datasets/Hi4D_pilot_v1/raw/pair12/highfive12/images/4/000119.jpg,pair12/highfive12/images/4/000119.jpg,940,1280,940,False,False,nan,245.37994850267378,5127.031894115691,nan,nan,nan,full,245.37994850267378,5127.031894115691,0.6633808724832215,False,False
Hi4D,/home/shangguanrz/project/pic-edit/datasets/Hi4D_pilot_v1/raw/pair16/hug16/images/4/000058.jpg,pair16/hug16/images/4/000058.jpg,940,1280,940,False,False,nan,260.15832214905373,4884.175272190824,nan,nan,nan,full,260.15832214905373,4884.175272190824,0.6635906040268456,False,False
Hi4D,/home/shangguanrz/project/pic-edit/datasets/Hi4D_pilot_v1/raw/pair28/dance28/images/4/000019.jpg,pair28/dance28/images/4/000019.jpg,940,1280,940,False,False,nan,266.5271352091868,4786.169485538564,nan,nan,nan,full,266.5271352091868,4786.169485538564,0.6635906040268456,False,False
Hi4D,/home/shangguanrz/project/pic-edit/datasets/Hi4D_pilot_v1/raw/pair12/highfive12/images/4/000131.jpg,pair12/highfive12/images/4/000131.jpg,940,1280,940,False,False,nan,243.49785007678742,5177.818255485372,nan,nan,nan,full,243.49785007678742,5177.818255485372,0.6646392617449665,False,False
Hi4D,/home/shangguanrz/project/pic-edit/datasets/Hi4D_pilot_v1/raw/pair12/highfive12/images/4/000132.jpg,pair12/highfive12/images/4/000132.jpg,940,1280,940,False,False,nan,244.38302251749198,5158.458953208112,nan,nan,nan,full,244.38302251749198,5158.458953208112,0.6646392617449665,False,False
Hi4D,/home/shangguanrz/project/pic-edit/datasets/Hi4D_pilot_v1/raw/pair16/jump16/images/4/000036.jpg,pair16/jump16/images/4/000036.jpg,940,1280,940,False,False,nan,260.8888993528754,4880.471409574468,nan,nan,nan,full,260.8888993528754,4880.471409574468,0.6646392617449665,False,False
Hi4D,/home/shangguanrz/project/pic-edit/datasets/Hi4D_pilot_v1/raw/pair28/fight28/images/4/000130.jpg,pair28/fight28/images/4/000130.jpg,940,1280,940,False,False,nan,267.70467580176955,4778.329018450798,nan,nan,nan,full,267.70467580176955,4778.329018450798,0.6648489932885906,False,False
Hi4D,/home/shangguanrz/project/pic-edit/datasets/Hi4D_pilot_v1/raw/pair28/dance28/images/4/000039.jpg,pair28/dance28/images/4/000039.jpg,940,1280,940,False,False,nan,263.73075919887395,4842.151865857712,nan,nan,nan,full,263.73075919887395,4842.151865857712,0.6656879194630873,False,False
Hi4D,/home/shangguanrz/project/pic-edit/datasets/Hi4D_pilot_v1/raw/pair12/highfive12/images/4/000083.jpg,pair12/highfive12/images/4/000083.jpg,940,1280,940,False,False,nan,244.07298508158308,5173.581667636303,nan,nan,nan,full,244.07298508158308,5173.581667636303,0.6658976510067114,False,False
Hi4D,/home/shangguanrz/project/pic-edit/datasets/Hi4D_pilot_v1/raw/pair16/jump16/images/4/000049.jpg,pair16/jump16/images/4/000049.jpg,940,1280,940,False,False,nan,262.3446173266137,4866.56524268617,nan,nan,nan,full,262.3446173266137,4866.56524268617,0.6661073825503355,False,False
Hi4D,/home/shangguanrz/project/pic-edit/datasets/Hi4D_pilot_v1/raw/pair28/dance28/images/4/000025.jpg,pair28/dance28/images/4/000025.jpg,940,1280,940,False,False,nan,267.3343261097718,4787.643024850399,nan,nan,nan,full,267.3343261097718,4787.643024850399,0.666736577181208,False,False
Hi4D,/home/shangguanrz/project/pic-edit/datasets/Hi4D_pilot_v1/raw/pair12/highfive12/images/4/000073.jpg,pair12/highfive12/images/4/000073.jpg,940,1280,940,False,False,nan,244.69270050984372,5159.178877160904,nan,nan,nan,full,244.69270050984372,5159.178877160904,0.6669463087248322,False,False
Hi4D,/home/shangguanrz/project/pic-edit/datasets/Hi4D_pilot_v1/raw/pair16/jump16/images/4/000029.jpg,pair16/jump16/images/4/000029.jpg,940,1280,940,False,False,nan,261.4190223457426,4884.943909990026,nan,nan,nan,full,261.4190223457426,4884.943909990026,0.6669463087248322,False,False
Hi4D,/home/shangguanrz/project/pic-edit/datasets/Hi4D_pilot_v1/raw/pair28/fight28/images/4/000034.jpg,pair28/fight28/images/4/000034.jpg,940,1280,940,False,False,nan,272.1436410120516,4749.823075964096,nan,nan,nan,full,272.1436410120516,4749.823075964096,0.6671560402684564,False,False
Hi4D,/home/shangguanrz/project/pic-edit/datasets/Hi4D_pilot_v1/raw/pair16/hug16/images/4/000150.jpg,pair16/hug16/images/4/000150.jpg,940,1280,940,False,False,nan,260.776220412209,4894.612356632314,nan,nan,nan,full,260.776220412209,4894.612356632314,0.6673657718120805,False,False
Hi4D,/home/shangguanrz/project/pic-edit/datasets/Hi4D_pilot_v1/raw/pair16/talk16/images/16/000136.jpg,pair16/talk16/images/16/000136.jpg,940,1280,940,False,False,nan,277.51063763474707,4665.794921875,nan,nan,nan,full,277.51063763474707,4665.794921875,0.6673657718120805,False,False
Hi4D,/home/shangguanrz/project/pic-edit/datasets/Hi4D_pilot_v1/raw/pair12/highfive12/images/4/000127.jpg,pair12/highfive12/images/4/000127.jpg,940,1280,940,False,False,nan,244.8768466087745,5153.089822972074,nan,nan,nan,full,244.8768466087745,5153.089822972074,0.6684144295302012,False,False
Hi4D,/home/shangguanrz/project/pic-edit/datasets/Hi4D_pilot_v1/raw/pair12/highfive12/images/4/000057.jpg,pair12/highfive12/images/4/000057.jpg,940,1280,940,False,False,nan,243.8163147322081,5197.105936253324,nan,nan,nan,full,243.8163147322081,5197.105936253324,0.6696728187919463,False,False
Hi4D,/home/shangguanrz/project/pic-edit/datasets/Hi4D_pilot_v1/raw/pair14/talk14/images/4/000040.jpg,pair14/talk14/images/4/000040.jpg,940,1280,940,False,False,nan,251.7437339779909,4998.444367104388,nan,nan,nan,full,251.7437339779909,4998.444367104388,0.6696728187919463,False,False
Hi4D,/home/shangguanrz/project/pic-edit/datasets/Hi4D_pilot_v1/raw/pair12/highfive12/images/4/000103.jpg,pair12/highfive12/images/4/000103.jpg,940,1280,940,False,False,nan,245.52198502808585,5150.834129820479,nan,nan,nan,full,245.52198502808585,5150.834129820479,0.6698825503355704,False,False
Hi4D,/home/shangguanrz/project/pic-edit/datasets/Hi4D_pilot_v1/raw/pair14/talk14/images/4/000041.jpg,pair14/talk14/images/4/000041.jpg,940,1280,940,False,False,nan,250.9628509393425,5013.878386801862,nan,nan,nan,full,250.9628509393425,5013.878386801862,0.6698825503355705,False,False
Hi4D,/home/shangguanrz/project/pic-edit/datasets/Hi4D_pilot_v1/raw/pair12/highfive12/images/4/000074.jpg,pair12/highfive12/images/4/000074.jpg,940,1280,940,False,False,nan,244.7920712371281,5169.87706740359,nan,nan,nan,full,244.7920712371281,5169.87706740359,0.6703020134228188,False,False
Hi4D,/home/shangguanrz/project/pic-edit/datasets/Hi4D_pilot_v1/raw/pair12/highfive12/images/4/000129.jpg,pair12/highfive12/images/4/000129.jpg,940,1280,940,False,False,nan,245.04624347567506,5161.685858543883,nan,nan,nan,full,245.04624347567506,5161.685858543883,0.6707214765100671,False,False
Hi4D,/home/shangguanrz/project/pic-edit/datasets/Hi4D_pilot_v1/raw/pair14/dance14/images/16/000134.jpg,pair14/dance14/images/16/000134.jpg,940,1280,940,False,False,nan,278.3934298124773,4672.548298287899,nan,nan,nan,full,278.3934298124773,4672.548298287899,0.6707214765100671,False,False
Hi4D,/home/shangguanrz/project/pic-edit/datasets/Hi4D_pilot_v1/raw/pair14/talk14/images/4/000039.jpg,pair14/talk14/images/4/000039.jpg,940,1280,940,False,False,nan,252.44080536823674,4986.764908161569,nan,nan,nan,full,252.44080536823674,4986.764908161569,0.6707214765100671,False,False
Hi4D,/home/shangguanrz/project/pic-edit/datasets/Hi4D_pilot_v1/raw/pair28/dance28/images/4/000016.jpg,pair28/dance28/images/4/000016.jpg,940,1280,940,False,False,nan,269.22793316949054,4785.728297456782,nan,nan,nan,full,269.22793316949054,4785.728297456782,0.6707214765100671,False,False
Hi4D,/home/shangguanrz/project/pic-edit/datasets/Hi4D_pilot_v1/raw/pair16/jump16/images/4/000026.jpg,pair16/jump16/images/4/000026.jpg,940,1280,940,False,False,nan,251.80737195674953,5006.46882272274,nan,nan,nan,full,251.80737195674953,5006.46882272274,0.6711409395973155,False,False
Hi4D,/home/shangguanrz/project/pic-edit/datasets/Hi4D_pilot_v1/raw/pair28/dance28/images/4/000003.jpg,pair28/dance28/images/4/000003.jpg,940,1280,940,False,False,nan,269.74284152015395,4789.422820395612,nan,nan,nan,full,269.74284152015395,4789.422820395612,0.6730285234899329,False,False
Hi4D,/home/shangguanrz/project/pic-edit/datasets/Hi4D_pilot_v1/raw/pair28/dance28/images/4/000006.jpg,pair28/dance28/images/4/000006.jpg,940,1280,940,False,False,nan,269.953939707234,4791.149154338431,nan,nan,nan,full,269.953939707234,4791.149154338431,0.6740771812080537,False,False
Hi4D,/home/shangguanrz/project/pic-edit/datasets/Hi4D_pilot_v1/raw/pair12/highfive12/images/4/000121.jpg,pair12/highfive12/images/4/000121.jpg,940,1280,940,False,False,nan,247.96879867710862,5128.108637383643,nan,nan,nan,full,247.96879867710862,5128.108637383643,0.6742869127516778,False,False
Hi4D,/home/shangguanrz/project/pic-edit/datasets/Hi4D_pilot_v1/raw/pair16/jump16/images/4/000025.jpg,pair16/jump16/images/4/000025.jpg,940,1280,940,False,False,nan,252.75496026667173,5007.530065658245,nan,nan,nan,full,252.75496026667173,5007.530065658245,0.6742869127516778,False,False
Hi4D,/home/shangguanrz/project/pic-edit/datasets/Hi4D_pilot_v1/raw/pair12/highfive12/images/4/000045.jpg,pair12/highfive12/images/4/000045.jpg,940,1280,940,False,False,nan,248.63303669667877,5102.372880651596,nan,nan,nan,full,248.63303669667877,5102.372880651596,0.6747063758389261,False,False
Hi4D,/home/shangguanrz/project/pic-edit/datasets/Hi4D_pilot_v1/raw/pair14/dance14/images/16/000193.jpg,pair14/dance14/images/16/000193.jpg,940,1280,940,False,False,nan,277.2629802602618,4718.389191323138,nan,nan,nan,full,277.2629802602618,4718.389191323138,0.6753355704697986,False,False
Hi4D,/home/shangguanrz/project/pic-edit/datasets/Hi4D_pilot_v1/raw/pair16/jump16/images/4/000077.jpg,pair16/jump16/images/4/000077.jpg,940,1280,940,False,False,nan,267.9466828894108,4810.599817154255,nan,nan,nan,full,267.9466828894108,4810.599817154255,0.6755453020134228,False,False
Hi4D,/home/shangguanrz/project/pic-edit/datasets/Hi4D_pilot_v1/raw/pair16/hug16/images/4/000051.jpg,pair16/hug16/images/4/000051.jpg,940,1280,940,False,False,nan,262.7888389514172,4912.037659990026,nan,nan,nan,full,262.7888389514172,4912.037659990026,0.6761744966442953,False,False
Hi4D,/home/shangguanrz/project/pic-edit/datasets/Hi4D_pilot_v1/raw/pair28/dance28/images/4/000001.jpg,pair28/dance28/images/4/000001.jpg,940,1280,940,False,False,nan,269.99291885333554,4798.026616522607,nan,nan,nan,full,269.99291885333554,4798.026616522607,0.6763842281879195,False,False
Hi4D,/home/shangguanrz/project/pic-edit/datasets/Hi4D_pilot_v1/raw/pair16/hug16/images/4/000141.jpg,pair16/hug16/images/4/000141.jpg,940,1280,940,False,False,nan,261.74993633641117,4934.029078706782,nan,nan,nan,full,261.74993633641117,4934.029078706782,0.6765939597315436,False,False
Hi4D,/home/shangguanrz/project/pic-edit/datasets/Hi4D_pilot_v1/raw/pair16/hug16/images/4/000120.jpg,pair16/hug16/images/4/000120.jpg,940,1280,940,False,False,nan,261.09079341661237,4940.521910322474,nan,nan,nan,full,261.09079341661237,4940.521910322474,0.677013422818792,False,False
Hi4D,/home/shangguanrz/project/pic-edit/datasets/Hi4D_pilot_v1/raw/pair28/dance28/images/4/000028.jpg,pair28/dance28/images/4/000028.jpg,940,1280,940,False,False,nan,269.5129231261473,4807.660561419548,nan,nan,nan,full,269.5129231261473,4807.660561419548,0.6772231543624161,False,False
Hi4D,/home/shangguanrz/project/pic-edit/datasets/Hi4D_pilot_v1/raw/pair16/jump16/images/4/000035.jpg,pair16/jump16/images/4/000035.jpg,940,1280,940,False,False,nan,262.5520155108207,4926.224547041224,nan,nan,nan,full,262.5520155108207,4926.224547041224,0.6774328859060403,False,False
Hi4D,/home/shangguanrz/project/pic-edit/datasets/Hi4D_pilot_v1/raw/pair28/dance28/images/4/000012.jpg,pair28/dance28/images/4/000012.jpg,940,1280,940,False,False,nan,271.252773755921,4794.729035073138,nan,nan,nan,full,271.252773755921,4794.729035073138,0.6776426174496644,False,False
Hi4D,/home/shangguanrz/project/pic-edit/datasets/Hi4D_pilot_v1/raw/pair28/fight28/images/4/000050.jpg,pair28/fight28/images/4/000050.jpg,940,1280,940,False,False,nan,266.7612711887869,4842.160997755984,nan,nan,nan,full,266.7612711887869,4842.160997755984,0.6776426174496645,False,False
Hi4D,/home/shangguanrz/project/pic-edit/datasets/Hi4D_pilot_v1/raw/pair16/hug16/images/4/000143.jpg,pair16/hug16/images/4/000143.jpg,940,1280,940,False,False,nan,262.273665433774,4933.889679604388,nan,nan,nan,full,262.273665433774,4933.889679604388,0.6780620805369127,False,False
Hi4D,/home/shangguanrz/project/pic-edit/datasets/Hi4D_pilot_v1/raw/pair28/dance28/images/4/000004.jpg,pair28/dance28/images/4/000004.jpg,940,1280,940,False,False,nan,270.3394226524667,4803.058074301862,nan,nan,nan,full,270.3394226524667,4803.058074301862,0.6780620805369127,False,False
Hi4D,/home/shangguanrz/project/pic-edit/datasets/Hi4D_pilot_v1/raw/pair09/hug09/images/28/000022.jpg,pair09/hug09/images/28/000022.jpg,940,1280,940,False,False,nan,292.2195563533285,4488.97919090758,nan,nan,nan,full,292.2195563533285,4488.97919090758,0.6782718120805369,False,False
Hi4D,/home/shangguanrz/project/pic-edit/datasets/Hi4D_pilot_v1/raw/pair16/hug16/images/4/000122.jpg,pair16/hug16/images/4/000122.jpg,940,1280,940,False,False,nan,262.1230767359287,4935.017256067154,nan,nan,nan,full,262.1230767359287,4935.017256067154,0.6782718120805369,False,False
Hi4D,/home/shangguanrz/project/pic-edit/datasets/Hi4D_pilot_v1/raw/pair28/dance28/images/4/000013.jpg,pair28/dance28/images/4/000013.jpg,940,1280,940,False,False,nan,271.17784767951724,4797.952138048538,nan,nan,nan,full,271.17784767951724,4797.952138048538,0.6782718120805369,False,False
Hi4D,/home/shangguanrz/project/pic-edit/datasets/Hi4D_pilot_v1/raw/pair12/highfive12/images/4/000134.jpg,pair12/highfive12/images/4/000134.jpg,940,1280,940,False,False,nan,246.23040858257832,5181.891154837101,nan,nan,nan,full,246.23040858257832,5181.891154837101,0.6784815436241611,False,False
Hi4D,/home/shangguanrz/project/pic-edit/datasets/Hi4D_pilot_v1/raw/pair28/dance28/images/4/000007.jpg,pair28/dance28/images/4/000007.jpg,940,1280,940,False,False,nan,270.63507640011005,4801.046158161569,nan,nan,nan,full,270.63507640011005,4801.046158161569,0.6784815436241611,False,False
Hi4D,/home/shangguanrz/project/pic-edit/datasets/Hi4D_pilot_v1/raw/pair28/dance28/images/4/000009.jpg,pair28/dance28/images/4/000009.jpg,940,1280,940,False,False,nan,271.293098417085,4796.252088181516,nan,nan,nan,full,271.293098417085,4796.252088181516,0.6784815436241611,False,False
Hi4D,/home/shangguanrz/project/pic-edit/datasets/Hi4D_pilot_v1/raw/pair12/highfive12/images/4/000122.jpg,pair12/highfive12/images/4/000122.jpg,940,1280,940,False,False,nan,247.13868235265468,5165.875581781915,nan,nan,nan,full,247.13868235265468,5165.875581781915,0.6791107382550337,False,False
Hi4D,/home/shangguanrz/project/pic-edit/datasets/Hi4D_pilot_v1/raw/pair28/fight28/images/4/000049.jpg,pair28/fight28/images/4/000049.jpg,940,1280,940,False,False,nan,268.40149651309275,4823.80205909242,nan,nan,nan,full,268.40149651309275,4823.80205909242,0.6793204697986577,False,False
Hi4D,/home/shangguanrz/project/pic-edit/datasets/Hi4D_pilot_v1/raw/pair12/highfive12/images/4/000089.jpg,pair12/highfive12/images/4/000089.jpg,940,1280,940,False,False,nan,244.80931198847887,5213.268097573138,nan,nan,nan,full,244.80931198847887,5213.268097573138,0.6801593959731543,False,False
Hi4D,/home/shangguanrz/project/pic-edit/datasets/Hi4D_pilot_v1/raw/pair12/highfive12/images/4/000024.jpg,pair12/highfive12/images/4/000024.jpg,940,1280,940,False,False,nan,246.98947170656047,5174.443151595745,nan,nan,nan,full,246.98947170656047,5174.443151595745,0.6805788590604027,False,False
Hi4D,/home/shangguanrz/project/pic-edit/datasets/Hi4D_pilot_v1/raw/pair16/hug16/images/4/000148.jpg,pair16/hug16/images/4/000148.jpg,940,1280,940,False,False,nan,262.23691901355477,4942.434663813165,nan,nan,nan,full,262.23691901355477,4942.434663813165,0.6805788590604027,False,False
Hi4D,/home/shangguanrz/project/pic-edit/datasets/Hi4D_pilot_v1/raw/pair16/talk16/images/16/000134.jpg,pair16/talk16/images/16/000134.jpg,940,1280,940,False,False,nan,280.72399875034625,4672.571424119016,nan,nan,nan,full,280.72399875034625,4672.571424119016,0.6805788590604027,False,False
Hi4D,/home/shangguanrz/project/pic-edit/datasets/Hi4D_pilot_v1/raw/pair16/hug16/images/4/000125.jpg,pair16/hug16/images/4/000125.jpg,940,1280,940,False,False,nan,262.2865676205317,4943.560546875,nan,nan,nan,full,262.2865676205317,4943.560546875,0.6814177852348993,False,False
Hi4D,/home/shangguanrz/project/pic-edit/datasets/Hi4D_pilot_v1/raw/pair14/dance14/images/16/000113.jpg,pair14/dance14/images/16/000113.jpg,940,1280,940,False,False,nan,277.4850418367716,4736.819242436835,nan,nan,nan,full,277.4850418367716,4736.819242436835,0.6814177852348994,False,False
Hi4D,/home/shangguanrz/project/pic-edit/datasets/Hi4D_pilot_v1/raw/pair12/highfive12/images/4/000022.jpg,pair12/highfive12/images/4/000022.jpg,940,1280,940,False,False,nan,247.45931384767437,5170.924067071143,nan,nan,nan,full,247.45931384767437,5170.924067071143,0.6816275167785235,False,False
Hi4D,/home/shangguanrz/project/pic-edit/datasets/Hi4D_pilot_v1/raw/pair12/highfive12/images/4/000136.jpg,pair12/highfive12/images/4/000136.jpg,940,1280,940,False,False,nan,246.9831825431357,5185.105489527926,nan,nan,nan,full,246.9831825431357,5185.105489527926,0.6824664429530201,False,False
Hi4D,/home/shangguanrz/project/pic-edit/datasets/Hi4D_pilot_v1/raw/pair10/dance10/images/4/000172.jpg,pair10/dance10/images/4/000172.jpg,940,1280,940,False,False,nan,264.25773757018885,4912.954724900266,nan,nan,nan,full,264.25773757018885,4912.954724900266,0.6824664429530202,False,False
Hi4D,/home/shangguanrz/project/pic-edit/datasets/Hi4D_pilot_v1/raw/pair14/dance14/images/16/000192.jpg,pair14/dance14/images/16/000192.jpg,940,1280,940,False,False,nan,279.4011129825673,4715.07380319149,nan,nan,nan,full,279.4011129825673,4715.07380319149,0.6828859060402684,False,False
Hi4D,/home/shangguanrz/project/pic-edit/datasets/Hi4D_pilot_v1/raw/pair16/hug16/images/4/000060.jpg,pair16/hug16/images/4/000060.jpg,940,1280,940,False,False,nan,263.84678812335125,4927.345412234043,nan,nan,nan,full,263.84678812335125,4927.345412234043,0.6828859060402684,False,False
Hi4D,/home/shangguanrz/project/pic-edit/datasets/Hi4D_pilot_v1/raw/pair12/highfive12/images/4/000051.jpg,pair12/highfive12/images/4/000051.jpg,940,1280,940,False,False,nan,246.81450618125564,5194.852674119016,nan,nan,nan,full,246.81450618125564,5194.852674119016,0.6833053691275168,False,False
Hi4D,/home/shangguanrz/project/pic-edit/datasets/Hi4D_pilot_v1/raw/pair12/highfive12/images/4/000124.jpg,pair12/highfive12/images/4/000124.jpg,940,1280,940,False,False,nan,247.12293494084994,5186.183427526596,nan,nan,nan,full,247.12293494084994,5186.183427526596,0.6833053691275168,False,False
Hi4D,/home/shangguanrz/project/pic-edit/datasets/Hi4D_pilot_v1/raw/pair14/dance14/images/16/000191.jpg,pair14/dance14/images/16/000191.jpg,940,1280,940,False,False,nan,279.42063979940104,4718.04833984375,nan,nan,nan,full,279.42063979940104,4718.04833984375,0.6839345637583893,False,False
Hi4D,/home/shangguanrz/project/pic-edit/datasets/Hi4D_pilot_v1/raw/pair28/dance28/images/4/000010.jpg,pair28/dance28/images/4/000010.jpg,940,1280,940,False,False,nan,271.65210400560204,4813.669641373005,nan,nan,nan,full,271.65210400560204,4813.669641373005,0.6839345637583893,False,False
Hi4D,/home/shangguanrz/project/pic-edit/datasets/Hi4D_pilot_v1/raw/pair28/fight28/images/4/000077.jpg,pair28/fight28/images/4/000077.jpg,940,1280,940,False,False,nan,266.2570156137724,4890.768004072474,nan,nan,nan,full,266.2570156137724,4890.768004072474,0.6843540268456376,False,False
Hi4D,/home/shangguanrz/project/pic-edit/datasets/Hi4D_pilot_v1/raw/pair12/highfive12/images/4/000100.jpg,pair12/highfive12/images/4/000100.jpg,940,1280,940,False,False,nan,248.5740122483995,5165.502877742686,nan,nan,nan,full,248.5740122483995,5165.502877742686,0.6847734899328859,False,False
Hi4D,/home/shangguanrz/project/pic-edit/datasets/Hi4D_pilot_v1/raw/pair12/highfive12/images/4/000055.jpg,pair12/highfive12/images/4/000055.jpg,940,1280,940,False,False,nan,245.64645047951947,5228.119836685505,nan,nan,nan,full,245.64645047951947,5228.119836685505,0.6851929530201342,False,False
Hi4D,/home/shangguanrz/project/pic-edit/datasets/Hi4D_pilot_v1/raw/pair14/talk14/images/4/000042.jpg,pair14/talk14/images/4/000042.jpg,940,1280,940,False,False,nan,253.8466670604894,5077.281000664893,nan,nan,nan,full,253.8466670604894,5077.281000664893,0.6851929530201342,False,False
Hi4D,/home/shangguanrz/project/pic-edit/datasets/Hi4D_pilot_v1/raw/pair16/jump16/images/4/000061.jpg,pair16/jump16/images/4/000061.jpg,940,1280,940,False,False,nan,260.2815131363743,4983.853484458112,nan,nan,nan,full,260.2815131363743,4983.853484458112,0.6856124161073827,False,False
Hi4D,/home/shangguanrz/project/pic-edit/datasets/Hi4D_pilot_v1/raw/pair16/hug16/images/4/000127.jpg,pair16/hug16/images/4/000127.jpg,940,1280,940,False,False,nan,262.8524083929021,4952.999750664893,nan,nan,nan,full,262.8524083929021,4952.999750664893,0.6860318791946309,False,False
Hi4D,/home/shangguanrz/project/pic-edit/datasets/Hi4D_pilot_v1/raw/pair12/highfive12/images/4/000102.jpg,pair12/highfive12/images/4/000102.jpg,940,1280,940,False,False,nan,248.17932023220663,5175.524840009974,nan,nan,nan,full,248.17932023220663,5175.524840009974,0.686241610738255,False,False
Hi4D,/home/shangguanrz/project/pic-edit/datasets/Hi4D_pilot_v1/raw/pair16/hug16/images/4/000053.jpg,pair16/hug16/images/4/000053.jpg,940,1280,940,False,False,nan,265.9611242526578,4908.257843666888,nan,nan,nan,full,265.9611242526578,4908.257843666888,0.686241610738255,False,False
Hi4D,/home/shangguanrz/project/pic-edit/datasets/Hi4D_pilot_v1/raw/pair09/hug09/images/28/000013.jpg,pair09/hug09/images/28/000013.jpg,940,1280,940,False,False,nan,300.2602960988642,4473.51006690492,nan,nan,nan,full,300.2602960988642,4473.51006690492,0.6868708053691275,False,False
Hi4D,/home/shangguanrz/project/pic-edit/datasets/Hi4D_pilot_v1/raw/pair10/dance10/images/4/000170.jpg,pair10/dance10/images/4/000170.jpg,940,1280,940,False,False,nan,264.70603191329104,4926.852549451462,nan,nan,nan,full,264.70603191329104,4926.852549451462,0.6868708053691275,False,False
Hi4D,/home/shangguanrz/project/pic-edit/datasets/Hi4D_pilot_v1/raw/pair12/highfive12/images/4/000112.jpg,pair12/highfive12/images/4/000112.jpg,940,1280,940,False,False,nan,247.63369124461323,5193.906592835771,nan,nan,nan,full,247.63369124461323,5193.906592835771,0.6870805369127517,False,False
Hi4D,/home/shangguanrz/project/pic-edit/datasets/Hi4D_pilot_v1/raw/pair12/highfive12/images/4/000019.jpg,pair12/highfive12/images/4/000019.jpg,940,1280,940,False,False,nan,246.8973219022323,5205.948834358378,nan,nan,nan,full,246.8973219022323,5205.948834358378,0.6875,False,False
Hi4D,/home/shangguanrz/project/pic-edit/datasets/Hi4D_pilot_v1/raw/pair12/highfive12/images/4/000098.jpg,pair12/highfive12/images/4/000098.jpg,940,1280,940,False,False,nan,247.2359666413935,5199.354315575133,nan,nan,nan,full,247.2359666413935,5199.354315575133,0.6875,False,False
Hi4D,/home/shangguanrz/project/pic-edit/datasets/Hi4D_pilot_v1/raw/pair16/hug16/images/4/000118.jpg,pair16/hug16/images/4/000118.jpg,940,1280,940,False,False,nan,263.32982818278424,4955.234800947474,nan,nan,nan,full,263.32982818278424,4955.234800947474,0.6875,False,False
Hi4D,/home/shangguanrz/project/pic-edit/datasets/Hi4D_pilot_v1/raw/pair09/hug09/images/28/000023.jpg,pair09/hug09/images/28/000023.jpg,940,1280,940,False,False,nan,296.2991176455633,4509.33484665891,nan,nan,nan,full,296.2991176455633,4509.33484665891,0.6877097315436241,False,False
Hi4D,/home/shangguanrz/project/pic-edit/datasets/Hi4D_pilot_v1/raw/pair16/talk16/images/16/000061.jpg,pair16/talk16/images/16/000061.jpg,940,1280,940,False,False,nan,283.6757463564588,4646.308832696143,nan,nan,nan,full,283.6757463564588,4646.308832696143,0.6885486577181208,False,False
Hi4D,/home/shangguanrz/project/pic-edit/datasets/Hi4D_pilot_v1/raw/pair14/dance14/images/16/000132.jpg,pair14/dance14/images/16/000132.jpg,940,1280,940,False,False,nan,282.1178816984875,4682.74793259641,nan,nan,nan,full,282.1178816984875,4682.74793259641,0.688758389261745,False,False
Hi4D,/home/shangguanrz/project/pic-edit/datasets/Hi4D_pilot_v1/raw/pair16/hug16/images/4/000134.jpg,pair16/hug16/images/4/000134.jpg,940,1280,940,False,False,nan,263.7493031596965,4958.721503075133,nan,nan,nan,full,263.7493031596965,4958.721503075133,0.6891778523489933,False,False
Hi4D,/home/shangguanrz/project/pic-edit/datasets/Hi4D_pilot_v1/raw/pair12/highfive12/images/4/000104.jpg,pair12/highfive12/images/4/000104.jpg,940,1280,940,False,False,nan,248.42205899125477,5188.019562416888,nan,nan,nan,full,248.42205899125477,5188.019562416888,0.6893875838926175,False,False
Hi4D,/home/shangguanrz/project/pic-edit/datasets/Hi4D_pilot_v1/raw/pair16/talk16/images/16/000130.jpg,pair16/talk16/images/16/000130.jpg,940,1280,940,False,False,nan,282.11629962529895,4690.923069730718,nan,nan,nan,full,282.11629962529895,4690.923069730718,0.6895973154362416,False,False
Hi4D,/home/shangguanrz/project/pic-edit/datasets/Hi4D_pilot_v1/raw/pair16/jump16/images/4/000030.jpg,pair16/jump16/images/4/000030.jpg,940,1280,940,False,False,nan,266.5158624686823,4919.762414810505,nan,nan,nan,full,266.5158624686823,4919.762414810505,0.6898070469798658,False,False
Hi4D,/home/shangguanrz/project/pic-edit/datasets/Hi4D_pilot_v1/raw/pair16/hug16/images/4/000138.jpg,pair16/hug16/images/4/000138.jpg,940,1280,940,False,False,nan,263.8431203776271,4958.975388547207,nan,nan,nan,full,263.8431203776271,4958.975388547207,0.69001677852349,False,False
Hi4D,/home/shangguanrz/project/pic-edit/datasets/Hi4D_pilot_v1/raw/pair12/highfive12/images/4/000084.jpg,pair12/highfive12/images/4/000084.jpg,940,1280,940,False,False,nan,247.37006660215232,5219.076649767288,nan,nan,nan,full,247.37006660215232,5219.076649767288,0.6904362416107382,False,False
Hi4D,/home/shangguanrz/project/pic-edit/datasets/Hi4D_pilot_v1/raw/pair12/highfive12/images/4/000115.jpg,pair12/highfive12/images/4/000115.jpg,940,1280,940,False,False,nan,247.8098317146463,5202.905699384974,nan,nan,nan,full,247.8098317146463,5202.905699384974,0.6906459731543624,False,False
Hi4D,/home/shangguanrz/project/pic-edit/datasets/Hi4D_pilot_v1/raw/pair14/dance14/images/16/000140.jpg,pair14/dance14/images/16/000140.jpg,940,1280,940,False,False,nan,275.13993572962124,4807.615733045212,nan,nan,nan,full,275.13993572962124,4807.615733045212,0.6906459731543624,False,False
Hi4D,/home/shangguanrz/project/pic-edit/datasets/Hi4D_pilot_v1/raw/pair16/hug16/images/4/000074.jpg,pair16/hug16/images/4/000074.jpg,940,1280,940,False,False,nan,265.5469053870901,4935.159429022607,nan,nan,nan,full,265.5469053870901,4935.159429022607,0.6906459731543624,False,False
Hi4D,/home/shangguanrz/project/pic-edit/datasets/Hi4D_pilot_v1/raw/pair16/talk16/images/16/000017.jpg,pair16/talk16/images/16/000017.jpg,940,1280,940,False,False,nan,281.84537461460746,4702.241003158245,nan,nan,nan,full,281.84537461460746,4702.241003158245,0.6908557046979866,False,False
Hi4D,/home/shangguanrz/project/pic-edit/datasets/Hi4D_pilot_v1/raw/pair09/bend09/images/88/000050.jpg,pair09/bend09/images/88/000050.jpg,940,1280,940,False,False,nan,329.81042427442486,4421.303960272607,nan,nan,nan,full,329.81042427442486,4421.303960272607,0.6912751677852349,False,False
Hi4D,/home/shangguanrz/project/pic-edit/datasets/Hi4D_pilot_v1/raw/pair12/highfive12/images/4/000091.jpg,pair12/highfive12/images/4/000091.jpg,940,1280,940,False,False,nan,247.2203567533161,5229.18036278258,nan,nan,nan,full,247.2203567533161,5229.18036278258,0.6912751677852349,False,False
Hi4D,/home/shangguanrz/project/pic-edit/datasets/Hi4D_pilot_v1/raw/pair16/talk16/images/16/000128.jpg,pair16/talk16/images/16/000128.jpg,940,1280,940,False,False,nan,283.7591428975813,4661.683572972074,nan,nan,nan,full,283.7591428975813,4661.683572972074,0.691484899328859,False,False
Hi4D,/home/shangguanrz/project/pic-edit/datasets/Hi4D_pilot_v1/raw/pair12/highfive12/images/4/000085.jpg,pair12/highfive12/images/4/000085.jpg,940,1280,940,False,False,nan,247.51959912190878,5222.238904587766,nan,nan,nan,full,247.51959912190878,5222.238904587766,0.6916946308724832,False,False
Hi4D,/home/shangguanrz/project/pic-edit/datasets/Hi4D_pilot_v1/raw/pair12/highfive12/images/4/000125.jpg,pair12/highfive12/images/4/000125.jpg,940,1280,940,False,False,nan,248.40832529892575,5199.086820561835,nan,nan,nan,full,248.40832529892575,5199.086820561835,0.6919043624161074,False,False
Hi4D,/home/shangguanrz/project/pic-edit/datasets/Hi4D_pilot_v1/raw/pair14/dance14/images/16/000135.jpg,pair14/dance14/images/16/000135.jpg,940,1280,940,False,False,nan,280.28919131572894,4735.759028008643,nan,nan,nan,full,280.28919131572894,4735.759028008643,0.6919043624161074,False,False
Hi4D,/home/shangguanrz/project/pic-edit/datasets/Hi4D_pilot_v1/raw/pair16/hug16/images/4/000136.jpg,pair16/hug16/images/4/000136.jpg,940,1280,940,False,False,nan,263.8874913859064,4965.555580950798,nan,nan,nan,full,263.8874913859064,4965.555580950798,0.6921140939597316,False,False
Hi4D,/home/shangguanrz/project/pic-edit/datasets/Hi4D_pilot_v1/raw/pair16/hug16/images/4/000079.jpg,pair16/hug16/images/4/000079.jpg,940,1280,940,False,False,nan,264.6548359111295,4951.347105634974,nan,nan,nan,full,264.6548359111295,4951.347105634974,0.6923238255033557,False,False
Hi4D,/home/shangguanrz/project/pic-edit/datasets/Hi4D_pilot_v1/raw/pair14/talk14/images/4/000054.jpg,pair14/talk14/images/4/000054.jpg,940,1280,940,False,False,nan,257.7329855303842,5063.207872755984,nan,nan,nan,full,257.7329855303842,5063.207872755984,0.6931627516778524,False,False
Hi4D,/home/shangguanrz/project/pic-edit/datasets/Hi4D_pilot_v1/raw/pair16/hug16/images/4/000081.jpg,pair16/hug16/images/4/000081.jpg,940,1280,940,False,False,nan,264.0039361345655,4966.467129321809,nan,nan,nan,full,264.0039361345655,4966.467129321809,0.6931627516778524,False,False
Hi4D,/home/shangguanrz/project/pic-edit/datasets/Hi4D_pilot_v1/raw/pair16/hug16/images/4/000129.jpg,pair16/hug16/images/4/000129.jpg,940,1280,940,False,False,nan,264.09562432380113,4965.652769697474,nan,nan,nan,full,264.09562432380113,4965.652769697474,0.6931627516778524,False,False
Hi4D,/home/shangguanrz/project/pic-edit/datasets/Hi4D_pilot_v1/raw/pair09/bend09/images/88/000048.jpg,pair09/bend09/images/88/000048.jpg,940,1280,940,False,False,nan,330.73515686572216,4428.109063331117,nan,nan,nan,full,330.73515686572216,4428.109063331117,0.6933724832214765,False,False
Hi4D,/home/shangguanrz/project/pic-edit/datasets/Hi4D_pilot_v1/raw/pair16/hug16/images/4/000067.jpg,pair16/hug16/images/4/000067.jpg,940,1280,940,False,False,nan,266.41094001764736,4936.237709857048,nan,nan,nan,full,266.41094001764736,4936.237709857048,0.6933724832214765,False,False
Hi4D,/home/shangguanrz/project/pic-edit/datasets/Hi4D_pilot_v1/raw/pair16/hug16/images/4/000145.jpg,pair16/hug16/images/4/000145.jpg,940,1280,940,False,False,nan,263.38270763629913,4977.72314453125,nan,nan,nan,full,263.38270763629913,4977.72314453125,0.6933724832214765,False,False
Hi4D,/home/shangguanrz/project/pic-edit/datasets/Hi4D_pilot_v1/raw/pair09/bend09/images/88/000046.jpg,pair09/bend09/images/88/000046.jpg,940,1280,940,False,False,nan,330.28948906872154,4430.017723570479,nan,nan,nan,full,330.28948906872154,4430.017723570479,0.6935822147651006,False,False
Hi4D,/home/shangguanrz/project/pic-edit/datasets/Hi4D_pilot_v1/raw/pair14/hug14/images/4/000079.jpg,pair14/hug14/images/4/000079.jpg,940,1280,940,False,False,nan,261.1487354745472,5026.927048703457,nan,nan,nan,full,261.1487354745472,5026.927048703457,0.694001677852349,False,False
Hi4D,/home/shangguanrz/project/pic-edit/datasets/Hi4D_pilot_v1/raw/pair16/hug16/images/4/000065.jpg,pair16/hug16/images/4/000065.jpg,940,1280,940,False,False,nan,266.0288908312147,4943.915870179521,nan,nan,nan,full,266.0288908312147,4943.915870179521,0.6942114093959733,False,False
Hi4D,/home/shangguanrz/project/pic-edit/datasets/Hi4D_pilot_v1/raw/pair14/dance14/images/16/000190.jpg,pair14/dance14/images/16/000190.jpg,940,1280,940,False,False,nan,280.64900989970124,4744.504851645612,nan,nan,nan,full,280.64900989970124,4744.504851645612,0.6948406040268457,False,False
Hi4D,/home/shangguanrz/project/pic-edit/datasets/Hi4D_pilot_v1/raw/pair16/hug16/images/4/000069.jpg,pair16/hug16/images/4/000069.jpg,940,1280,940,False,False,nan,267.3728697924875,4926.618039394947,nan,nan,nan,full,267.3728697924875,4926.618039394947,0.6952600671140939,False,False
Hi4D,/home/shangguanrz/project/pic-edit/datasets/Hi4D_pilot_v1/raw/pair16/hug16/images/4/000062.jpg,pair16/hug16/images/4/000062.jpg,940,1280,940,False,False,nan,266.74857567553613,4938.785883477393,nan,nan,nan,full,266.74857567553613,4938.785883477393,0.6956795302013423,False,False
Hi4D,/home/shangguanrz/project/pic-edit/datasets/Hi4D_pilot_v1/raw/pair16/hug16/images/4/000072.jpg,pair16/hug16/images/4/000072.jpg,940,1280,940,False,False,nan,266.1343808702993,4951.980645362367,nan,nan,nan,full,266.1343808702993,4951.980645362367,0.6958892617449665,False,False
Hi4D,/home/shangguanrz/project/pic-edit/datasets/Hi4D_pilot_v1/raw/pair28/basketball28/images/4/000084.jpg,pair28/basketball28/images/4/000084.jpg,940,1280,940,False,False,nan,281.14946571546966,4736.294527094415,nan,nan,nan,full,281.14946571546966,4736.294527094415,0.6958892617449665,False,False
Hi4D,/home/shangguanrz/project/pic-edit/datasets/Hi4D_pilot_v1/raw/pair09/bend09/images/88/000044.jpg,pair09/bend09/images/88/000044.jpg,940,1280,940,False,False,nan,332.0887036576105,4446.852871509309,nan,nan,nan,full,332.0887036576105,4446.852871509309,0.6960989932885906,False,False
Hi4D,/home/shangguanrz/project/pic-edit/datasets/Hi4D_pilot_v1/raw/pair16/hug16/images/4/000085.jpg,pair16/hug16/images/4/000085.jpg,940,1280,940,False,False,nan,264.57706394763267,4967.671324384974,nan,nan,nan,full,264.57706394763267,4967.671324384974,0.6960989932885906,False,False
Hi4D,/home/shangguanrz/project/pic-edit/datasets/Hi4D_pilot_v1/raw/pair16/hug16/images/4/000132.jpg,pair16/hug16/images/4/000132.jpg,940,1280,940,False,False,nan,264.2403841886168,4972.452626329788,nan,nan,nan,full,264.2403841886168,4972.452626329788,0.6960989932885906,False,False
Hi4D,/home/shangguanrz/project/pic-edit/datasets/Hi4D_pilot_v1/raw/pair16/hug16/images/4/000111.jpg,pair16/hug16/images/4/000111.jpg,940,1280,940,False,False,nan,264.1031091494925,4976.638152426862,nan,nan,nan,full,264.1031091494925,4976.638152426862,0.6963087248322148,False,False
Hi4D,/home/shangguanrz/project/pic-edit/datasets/Hi4D_pilot_v1/raw/pair14/talk14/images/4/000038.jpg,pair14/talk14/images/4/000038.jpg,940,1280,940,False,False,nan,262.02523773142315,5028.107847822474,nan,nan,nan,full,262.02523773142315,5028.107847822474,0.6965184563758389,False,False
Hi4D,/home/shangguanrz/project/pic-edit/datasets/Hi4D_pilot_v1/raw/pair16/hug16/images/4/000095.jpg,pair16/hug16/images/4/000095.jpg,940,1280,940,False,False,nan,265.6430033643411,4960.533847240691,nan,nan,nan,full,265.6430033643411,4960.533847240691,0.6967281879194631,False,False
Hi4D,/home/shangguanrz/project/pic-edit/datasets/Hi4D_pilot_v1/raw/pair12/highfive12/images/4/000117.jpg,pair12/highfive12/images/4/000117.jpg,940,1280,940,False,False,nan,248.8274886466734,5227.24139793883,nan,nan,nan,full,248.8274886466734,5227.24139793883,0.6969379194630873,False,False
Hi4D,/home/shangguanrz/project/pic-edit/datasets/Hi4D_pilot_v1/raw/pair09/bend09/images/88/000042.jpg,pair09/bend09/images/88/000042.jpg,940,1280,940,False,False,nan,333.4831839976348,4447.072629238697,nan,nan,nan,full,333.4831839976348,4447.072629238697,0.6971476510067114,False,False
Hi4D,/home/shangguanrz/project/pic-edit/datasets/Hi4D_pilot_v1/raw/pair16/jump16/images/4/000024.jpg,pair16/jump16/images/4/000024.jpg,940,1280,940,False,False,nan,260.50277800037077,5053.411683427526,nan,nan,nan,full,260.50277800037077,5053.411683427526,0.6973573825503356,False,False
Hi4D,/home/shangguanrz/project/pic-edit/datasets/Hi4D_pilot_v1/raw/pair14/talk14/images/4/000049.jpg,pair14/talk14/images/4/000049.jpg,940,1280,940,False,False,nan,255.93629190618498,5134.351302775931,nan,nan,nan,full,255.93629190618498,5134.351302775931,0.6975671140939597,False,False
Hi4D,/home/shangguanrz/project/pic-edit/datasets/Hi4D_pilot_v1/raw/pair12/highfive12/images/4/000106.jpg,pair12/highfive12/images/4/000106.jpg,940,1280,940,False,False,nan,249.59600608299738,5205.806308178191,nan,nan,nan,full,249.59600608299738,5205.806308178191,0.6977768456375839,False,False
Hi4D,/home/shangguanrz/project/pic-edit/datasets/Hi4D_pilot_v1/raw/pair16/hug16/images/4/000088.jpg,pair16/hug16/images/4/000088.jpg,940,1280,940,False,False,nan,264.1478587515541,4981.297352892288,nan,nan,nan,full,264.1478587515541,4981.297352892288,0.6979865771812082,False,False
Hi4D,/home/shangguanrz/project/pic-edit/datasets/Hi4D_pilot_v1/raw/pair12/highfive12/images/4/000071.jpg,pair12/highfive12/images/4/000071.jpg,940,1280,940,False,False,nan,248.83008461766997,5230.077200382314,nan,nan,nan,full,248.83008461766997,5230.077200382314,0.6981963087248322,False,False
Hi4D,/home/shangguanrz/project/pic-edit/datasets/Hi4D_pilot_v1/raw/pair14/dance14/images/16/000189.jpg,pair14/dance14/images/16/000189.jpg,940,1280,940,False,False,nan,281.63713147598145,4738.908452460107,nan,nan,nan,full,281.63713147598145,4738.908452460107,0.6981963087248322,False,False
Hi4D,/home/shangguanrz/project/pic-edit/datasets/Hi4D_pilot_v1/raw/pair16/hug16/images/4/000083.jpg,pair16/hug16/images/4/000083.jpg,940,1280,940,False,False,nan,264.6071508284768,4972.83282081117,nan,nan,nan,full,264.6071508284768,4972.83282081117,0.6981963087248322,False,False
Hi4D,/home/shangguanrz/project/pic-edit/datasets/Hi4D_pilot_v1/raw/pair16/hug16/images/4/000113.jpg,pair16/hug16/images/4/000113.jpg,940,1280,940,False,False,nan,264.8813833525247,4969.326525099734,nan,nan,nan,full,264.8813833525247,4969.326525099734,0.6981963087248322,False,False
Hi4D,/home/shangguanrz/project/pic-edit/datasets/Hi4D_pilot_v1/raw/pair28/basketball28/images/4/000022.jpg,pair28/basketball28/images/4/000022.jpg,940,1280,940,False,False,nan,281.811678581186,4732.974463929521,nan,nan,nan,full,281.811678581186,4732.974463929521,0.6981963087248322,False,False
Hi4D,/home/shangguanrz/project/pic-edit/datasets/Hi4D_pilot_v1/raw/pair14/talk14/images/4/000123.jpg,pair14/talk14/images/4/000123.jpg,940,1280,940,False,False,nan,257.74045499191936,5110.030283826462,nan,nan,nan,full,257.74045499191936,5110.030283826462,0.6984060402684564,False,False
Hi4D,/home/shangguanrz/project/pic-edit/datasets/Hi4D_pilot_v1/raw/pair12/highfive12/images/4/000123.jpg,pair12/highfive12/images/4/000123.jpg,940,1280,940,False,False,nan,250.2496547357914,5202.471087516622,nan,nan,nan,full,250.2496547357914,5202.471087516622,0.6986157718120806,False,False
Hi4D,/home/shangguanrz/project/pic-edit/datasets/Hi4D_pilot_v1/raw/pair14/dance14/images/16/000131.jpg,pair14/dance14/images/16/000131.jpg,940,1280,940,False,False,nan,284.0159485366831,4712.395964926862,nan,nan,nan,full,284.0159485366831,4712.395964926862,0.6994546979865772,False,False
Hi4D,/home/shangguanrz/project/pic-edit/datasets/Hi4D_pilot_v1/raw/pair16/hug16/images/4/000044.jpg,pair16/hug16/images/4/000044.jpg,940,1280,940,False,False,nan,261.6641550469906,5058.309050864362,nan,nan,nan,full,261.6641550469906,5058.309050864362,0.6996644295302012,False,False
Hi4D,/home/shangguanrz/project/pic-edit/datasets/Hi4D_pilot_v1/raw/pair14/dance14/images/16/000176.jpg,pair14/dance14/images/16/000176.jpg,940,1280,940,False,False,nan,285.0161693038688,4690.320998171543,nan,nan,nan,full,285.0161693038688,4690.320998171543,0.6996644295302014,False,False
Hi4D,/home/shangguanrz/project/pic-edit/datasets/Hi4D_pilot_v1/raw/pair12/highfive12/images/4/000113.jpg,pair12/highfive12/images/4/000113.jpg,940,1280,940,False,False,nan,250.28495056435443,5203.230146692154,nan,nan,nan,full,250.28495056435443,5203.230146692154,0.6998741610738255,False,False
Hi4D,/home/shangguanrz/project/pic-edit/datasets/Hi4D_pilot_v1/raw/pair28/basketball28/images/4/000023.jpg,pair28/basketball28/images/4/000023.jpg,940,1280,940,False,False,nan,282.5851100361849,4727.193411319814,nan,nan,nan,full,282.5851100361849,4727.193411319814,0.7000838926174496,False,False
Hi4D,/home/shangguanrz/project/pic-edit/datasets/Hi4D_pilot_v1/raw/pair09/bend09/images/88/000052.jpg,pair09/bend09/images/88/000052.jpg,940,1280,940,False,False,nan,334.32836118633253,4452.982712765957,nan,nan,nan,full,334.32836118633253,4452.982712765957,0.7000838926174497,False,False
Hi4D,/home/shangguanrz/project/pic-edit/datasets/Hi4D_pilot_v1/raw/pair09/bend09/images/88/000054.jpg,pair09/bend09/images/88/000054.jpg,940,1280,940,False,False,nan,332.52697478507963,4464.869763962766,nan,nan,nan,full,332.52697478507963,4464.869763962766,0.7002936241610738,False,False
Hi4D,/home/shangguanrz/project/pic-edit/datasets/Hi4D_pilot_v1/raw/pair16/talk16/images/16/000016.jpg,pair16/talk16/images/16/000016.jpg,940,1280,940,False,False,nan,283.4619555681633,4723.772076545878,nan,nan,nan,full,283.4619555681633,4723.772076545878,0.7007130872483222,False,False
Hi4D,/home/shangguanrz/project/pic-edit/datasets/Hi4D_pilot_v1/raw/pair28/basketball28/images/4/000064.jpg,pair28/basketball28/images/4/000064.jpg,940,1280,940,False,False,nan,282.7185979940438,4726.743735455452,nan,nan,nan,full,282.7185979940438,4726.743735455452,0.7007130872483222,False,False
Hi4D,/home/shangguanrz/project/pic-edit/datasets/Hi4D_pilot_v1/raw/pair16/hug16/images/4/000115.jpg,pair16/hug16/images/4/000115.jpg,940,1280,940,False,False,nan,265.8779429860275,4972.686544215426,nan,nan,nan,full,265.8779429860275,4972.686544215426,0.7009228187919463,False,False
Hi4D,/home/shangguanrz/project/pic-edit/datasets/Hi4D_pilot_v1/raw/pair14/dance14/images/16/000186.jpg,pair14/dance14/images/16/000186.jpg,940,1280,940,False,False,nan,281.65517956380006,4750.237335854388,nan,nan,nan,full,281.65517956380006,4750.237335854388,0.7013422818791947,False,False
Hi4D,/home/shangguanrz/project/pic-edit/datasets/Hi4D_pilot_v1/raw/pair16/hug16/images/4/000076.jpg,pair16/hug16/images/4/000076.jpg,940,1280,940,False,False,nan,266.20415691961904,4977.547934674202,nan,nan,nan,full,266.20415691961904,4977.547934674202,0.7023909395973154,False,False
Hi4D,/home/shangguanrz/project/pic-edit/datasets/Hi4D_pilot_v1/raw/pair16/hug16/images/4/000090.jpg,pair16/hug16/images/4/000090.jpg,940,1280,940,False,False,nan,264.7418689367026,4988.113748753324,nan,nan,nan,full,264.7418689367026,4988.113748753324,0.7023909395973154,False,False
Hi4D,/home/shangguanrz/project/pic-edit/datasets/Hi4D_pilot_v1/raw/pair12/highfive12/images/4/000020.jpg,pair12/highfive12/images/4/000020.jpg,940,1280,940,False,False,nan,249.67828961970739,5260.617104388298,nan,nan,nan,full,249.67828961970739,5260.617104388298,0.7026006711409396,False,False
Hi4D,/home/shangguanrz/project/pic-edit/datasets/Hi4D_pilot_v1/raw/pair16/talk16/images/16/000020.jpg,pair16/talk16/images/16/000020.jpg,940,1280,940,False,False,nan,283.30219829711183,4729.875249335107,nan,nan,nan,full,283.30219829711183,4729.875249335107,0.7026006711409396,False,False
Hi4D,/home/shangguanrz/project/pic-edit/datasets/Hi4D_pilot_v1/raw/pair12/highfive12/images/4/000058.jpg,pair12/highfive12/images/4/000058.jpg,940,1280,940,False,False,nan,248.42611579041838,5299.64460397274,nan,nan,nan,full,248.42611579041838,5299.64460397274,0.7030201342281879,False,False
Hi4D,/home/shangguanrz/project/pic-edit/datasets/Hi4D_pilot_v1/raw/pair16/hug16/images/4/000104.jpg,pair16/hug16/images/4/000104.jpg,940,1280,940,False,False,nan,266.3643604894201,4979.235382729388,nan,nan,nan,full,266.3643604894201,4979.235382729388,0.7038590604026846,False,False
Hi4D,/home/shangguanrz/project/pic-edit/datasets/Hi4D_pilot_v1/raw/pair09/bend09/images/88/000055.jpg,pair09/bend09/images/88/000055.jpg,940,1280,940,False,False,nan,333.4948152252158,4478.074977144282,nan,nan,nan,full,333.4948152252158,4478.074977144282,0.7040687919463087,False,False
Hi4D,/home/shangguanrz/project/pic-edit/datasets/Hi4D_pilot_v1/raw/pair16/hug16/images/4/000092.jpg,pair16/hug16/images/4/000092.jpg,940,1280,940,False,False,nan,266.5162629573633,4979.430435505319,nan,nan,nan,full,266.5162629573633,4979.430435505319,0.7049077181208054,False,False
Hi4D,/home/shangguanrz/project/pic-edit/datasets/Hi4D_pilot_v1/raw/pair16/talk16/images/16/000019.jpg,pair16/talk16/images/16/000019.jpg,940,1280,940,False,False,nan,283.75415645362347,4731.05070852726,nan,nan,nan,full,283.75415645362347,4731.05070852726,0.7049077181208054,False,False
Hi4D,/home/shangguanrz/project/pic-edit/datasets/Hi4D_pilot_v1/raw/pair28/basketball28/images/4/000083.jpg,pair28/basketball28/images/4/000083.jpg,940,1280,940,False,False,nan,287.3625463508762,4677.847001745346,nan,nan,nan,full,287.3625463508762,4677.847001745346,0.7053271812080537,False,False
Hi4D,/home/shangguanrz/project/pic-edit/datasets/Hi4D_pilot_v1/raw/pair14/talk14/images/4/000091.jpg,pair14/talk14/images/4/000091.jpg,940,1280,940,False,False,nan,255.2587951773052,5175.271276595745,nan,nan,nan,full,255.2587951773052,5175.271276595745,0.705746644295302,False,False
Hi4D,/home/shangguanrz/project/pic-edit/datasets/Hi4D_pilot_v1/raw/pair12/highfive12/images/4/000017.jpg,pair12/highfive12/images/4/000017.jpg,940,1280,940,False,False,nan,250.00366254411924,5284.572598071809,nan,nan,nan,full,250.00366254411924,5284.572598071809,0.7059563758389262,False,False
Hi4D,/home/shangguanrz/project/pic-edit/datasets/Hi4D_pilot_v1/raw/pair16/hug16/images/4/000109.jpg,pair16/hug16/images/4/000109.jpg,940,1280,940,False,False,nan,266.2175493401982,4989.839272357048,nan,nan,nan,full,266.2175493401982,4989.839272357048,0.7059563758389262,False,False
Hi4D,/home/shangguanrz/project/pic-edit/datasets/Hi4D_pilot_v1/raw/pair14/hug14/images/4/000034.jpg,pair14/hug14/images/4/000034.jpg,940,1280,940,False,False,nan,264.24621040800025,5034.68682471742,nan,nan,nan,full,264.24621040800025,5034.68682471742,0.7061661073825503,False,False
Hi4D,/home/shangguanrz/project/pic-edit/datasets/Hi4D_pilot_v1/raw/pair14/dance14/images/16/000188.jpg,pair14/dance14/images/16/000188.jpg,940,1280,940,False,False,nan,281.70853496774276,4771.033151180186,nan,nan,nan,full,281.70853496774276,4771.033151180186,0.7065855704697986,False,False
Hi4D,/home/shangguanrz/project/pic-edit/datasets/Hi4D_pilot_v1/raw/pair14/talk14/images/4/000052.jpg,pair14/talk14/images/4/000052.jpg,940,1280,940,False,False,nan,259.53320484193216,5146.501142785904,nan,nan,nan,full,259.53320484193216,5146.501142785904,0.7067953020134228,False,False
Hi4D,/home/shangguanrz/project/pic-edit/datasets/Hi4D_pilot_v1/raw/pair09/bend09/images/88/000036.jpg,pair09/bend09/images/88/000036.jpg,940,1280,940,False,False,nan,333.78527998233506,4492.725762549867,nan,nan,nan,full,333.78527998233506,4492.725762549867,0.707214765100671,False,False
Hi4D,/home/shangguanrz/project/pic-edit/datasets/Hi4D_pilot_v1/raw/pair12/highfive12/images/4/000069.jpg,pair12/highfive12/images/4/000069.jpg,940,1280,940,False,False,nan,251.07773519285448,5271.151138630319,nan,nan,nan,full,251.07773519285448,5271.151138630319,0.7072147651006712,False,False
Hi4D,/home/shangguanrz/project/pic-edit/datasets/Hi4D_pilot_v1/raw/pair12/highfive12/images/4/000065.jpg,pair12/highfive12/images/4/000065.jpg,940,1280,940,False,False,nan,250.1286114627498,5293.863873420878,nan,nan,nan,full,250.1286114627498,5293.863873420878,0.7076342281879194,False,False
Hi4D,/home/shangguanrz/project/pic-edit/datasets/Hi4D_pilot_v1/raw/pair09/bend09/images/88/000057.jpg,pair09/bend09/images/88/000057.jpg,940,1280,940,False,False,nan,334.895322586169,4489.986348902926,nan,nan,nan,full,334.895322586169,4489.986348902926,0.7076342281879195,False,False
Hi4D,/home/shangguanrz/project/pic-edit/datasets/Hi4D_pilot_v1/raw/pair09/bend09/images/88/000038.jpg,pair09/bend09/images/88/000038.jpg,940,1280,940,False,False,nan,336.6362686739782,4482.930871841755,nan,nan,nan,full,336.6362686739782,4482.930871841755,0.7080536912751678,False,False
Hi4D,/home/shangguanrz/project/pic-edit/datasets/Hi4D_pilot_v1/raw/pair28/basketball28/images/4/000014.jpg,pair28/basketball28/images/4/000014.jpg,940,1280,940,False,False,nan,282.14801512737523,4765.426996758643,nan,nan,nan,full,282.14801512737523,4765.426996758643,0.708263422818792,False,False
Hi4D,/home/shangguanrz/project/pic-edit/datasets/Hi4D_pilot_v1/raw/pair12/highfive12/images/4/000096.jpg,pair12/highfive12/images/4/000096.jpg,940,1280,940,False,False,nan,250.3161076545014,5292.128459524601,nan,nan,nan,full,250.3161076545014,5292.128459524601,0.7084731543624161,False,False
Hi4D,/home/shangguanrz/project/pic-edit/datasets/Hi4D_pilot_v1/raw/pair16/jump16/images/4/000034.jpg,pair16/jump16/images/4/000034.jpg,940,1280,940,False,False,nan,264.6790528990339,5035.901761968085,nan,nan,nan,full,264.6790528990339,5035.901761968085,0.7084731543624161,False,False
Hi4D,/home/shangguanrz/project/pic-edit/datasets/Hi4D_pilot_v1/raw/pair16/hug16/images/4/000102.jpg,pair16/hug16/images/4/000102.jpg,940,1280,940,False,False,nan,266.75187438143604,4988.732588098404,nan,nan,nan,full,266.75187438143604,4988.732588098404,0.7086828859060403,False,False
Hi4D,/home/shangguanrz/project/pic-edit/datasets/Hi4D_pilot_v1/raw/pair16/talk16/images/16/000028.jpg,pair16/talk16/images/16/000028.jpg,940,1280,940,False,False,nan,283.3212179620647,4755.302100648271,nan,nan,nan,full,283.3212179620647,4755.302100648271,0.7091023489932886,False,False
Hi4D,/home/shangguanrz/project/pic-edit/datasets/Hi4D_pilot_v1/raw/pair16/jump16/images/4/000031.jpg,pair16/jump16/images/4/000031.jpg,940,1280,940,False,False,nan,267.2906719534146,4984.860735954122,nan,nan,nan,full,267.2906719534146,4984.860735954122,0.7093120805369127,False,False
Hi4D,/home/shangguanrz/project/pic-edit/datasets/Hi4D_pilot_v1/raw/pair16/talk16/images/16/000024.jpg,pair16/talk16/images/16/000024.jpg,940,1280,940,False,False,nan,283.7696323195913,4747.254072473404,nan,nan,nan,full,283.7696323195913,4747.254072473404,0.7093120805369127,False,False
Hi4D,/home/shangguanrz/project/pic-edit/datasets/Hi4D_pilot_v1/raw/pair16/talk16/images/16/000059.jpg,pair16/talk16/images/16/000059.jpg,940,1280,940,False,False,nan,287.4801458904462,4695.864870761303,nan,nan,nan,full,287.4801458904462,4695.864870761303,0.7093120805369127,False,False
Hi4D,/home/shangguanrz/project/pic-edit/datasets/Hi4D_pilot_v1/raw/pair28/fight28/images/4/000052.jpg,pair28/fight28/images/4/000052.jpg,940,1280,940,False,False,nan,275.7007911106805,4890.325371924867,nan,nan,nan,full,275.7007911106805,4890.325371924867,0.7093120805369129,False,False
Hi4D,/home/shangguanrz/project/pic-edit/datasets/Hi4D_pilot_v1/raw/pair16/jump16/images/4/000033.jpg,pair16/jump16/images/4/000033.jpg,940,1280,940,False,False,nan,264.9267573704165,5035.535727642952,nan,nan,nan,full,264.9267573704165,5035.535727642952,0.7095218120805369,False,False
Hi4D,/home/shangguanrz/project/pic-edit/datasets/Hi4D_pilot_v1/raw/pair16/talk16/images/16/000146.jpg,pair16/talk16/images/16/000146.jpg,940,1280,940,False,False,nan,282.71027552889944,4763.118496509309,nan,nan,nan,full,282.71027552889944,4763.118496509309,0.7095218120805369,False,False
Hi4D,/home/shangguanrz/project/pic-edit/datasets/Hi4D_pilot_v1/raw/pair28/fight28/images/4/000132.jpg,pair28/fight28/images/4/000132.jpg,940,1280,940,False,False,nan,276.69817837626215,4867.828893783245,nan,nan,nan,full,276.69817837626215,4867.828893783245,0.7095218120805369,False,False
Hi4D,/home/shangguanrz/project/pic-edit/datasets/Hi4D_pilot_v1/raw/pair14/talk14/images/4/000045.jpg,pair14/talk14/images/4/000045.jpg,940,1280,940,False,False,nan,261.81948340297987,5135.825527759309,nan,nan,nan,full,261.81948340297987,5135.825527759309,0.709731543624161,False,False
Hi4D,/home/shangguanrz/project/pic-edit/datasets/Hi4D_pilot_v1/raw/pair12/highfive12/images/4/000138.jpg,pair12/highfive12/images/4/000138.jpg,940,1280,940,False,False,nan,251.92687384666172,5261.234717835771,nan,nan,nan,full,251.92687384666172,5261.234717835771,0.7097315436241611,False,False
Hi4D,/home/shangguanrz/project/pic-edit/datasets/Hi4D_pilot_v1/raw/pair14/dance14/images/16/000175.jpg,pair14/dance14/images/16/000175.jpg,940,1280,940,False,False,nan,285.73702505402247,4725.845194065824,nan,nan,nan,full,285.73702505402247,4725.845194065824,0.7097315436241611,False,False
Hi4D,/home/shangguanrz/project/pic-edit/datasets/Hi4D_pilot_v1/raw/pair09/bend09/images/88/000059.jpg,pair09/bend09/images/88/000059.jpg,940,1280,940,False,False,nan,335.29017601014806,4500.557450964096,nan,nan,nan,full,335.29017601014806,4500.557450964096,0.7099412751677852,False,False
Hi4D,/home/shangguanrz/project/pic-edit/datasets/Hi4D_pilot_v1/raw/pair16/talk16/images/16/000022.jpg,pair16/talk16/images/16/000022.jpg,940,1280,940,False,False,nan,284.77149588719595,4740.733949052526,nan,nan,nan,full,284.77149588719595,4740.733949052526,0.7101510067114094,False,False
Hi4D,/home/shangguanrz/project/pic-edit/datasets/Hi4D_pilot_v1/raw/pair14/talk14/images/4/000094.jpg,pair14/talk14/images/4/000094.jpg,940,1280,940,False,False,nan,258.308370776606,5172.167251911569,nan,nan,nan,full,258.308370776606,5172.167251911569,0.7107802013422819,False,False
Hi4D,/home/shangguanrz/project/pic-edit/datasets/Hi4D_pilot_v1/raw/pair16/hug16/images/4/000099.jpg,pair16/hug16/images/4/000099.jpg,940,1280,940,False,False,nan,266.58164598414027,5009.619109458112,nan,nan,nan,full,266.58164598414027,5009.619109458112,0.710989932885906,False,False
Hi4D,/home/shangguanrz/project/pic-edit/datasets/Hi4D_pilot_v1/raw/pair16/hug16/images/4/000025.jpg,pair16/hug16/images/4/000025.jpg,940,1280,940,False,False,nan,273.8455564206194,4934.814162234043,nan,nan,nan,full,273.8455564206194,4934.814162234043,0.7111996644295302,False,False
Hi4D,/home/shangguanrz/project/pic-edit/datasets/Hi4D_pilot_v1/raw/pair28/basketball28/images/4/000021.jpg,pair28/basketball28/images/4/000021.jpg,940,1280,940,False,False,nan,283.8143161014498,4753.698533078457,nan,nan,nan,full,283.8143161014498,4753.698533078457,0.7111996644295302,False,False
Hi4D,/home/shangguanrz/project/pic-edit/datasets/Hi4D_pilot_v1/raw/pair09/bend09/images/88/000032.jpg,pair09/bend09/images/88/000032.jpg,940,1280,940,False,False,nan,335.7671760827397,4501.54627244016,nan,nan,nan,full,335.7671760827397,4501.54627244016,0.7114093959731543,False,False
Hi4D,/home/shangguanrz/project/pic-edit/datasets/Hi4D_pilot_v1/raw/pair16/hug16/images/4/000106.jpg,pair16/hug16/images/4/000106.jpg,940,1280,940,False,False,nan,267.54540444043715,4995.822359125665,nan,nan,nan,full,267.54540444043715,4995.822359125665,0.7120385906040267,False,False
Hi4D,/home/shangguanrz/project/pic-edit/datasets/Hi4D_pilot_v1/raw/pair16/talk16/images/16/000095.jpg,pair16/talk16/images/16/000095.jpg,940,1280,940,False,False,nan,284.26910055528236,4753.083672706117,nan,nan,nan,full,284.26910055528236,4753.083672706117,0.712248322147651,False,False
Hi4D,/home/shangguanrz/project/pic-edit/datasets/Hi4D_pilot_v1/raw/pair14/dance14/images/16/000177.jpg,pair14/dance14/images/16/000177.jpg,940,1280,940,False,False,nan,285.9784558702238,4727.344279837101,nan,nan,nan,full,285.9784558702238,4727.344279837101,0.7124580536912752,False,False
Hi4D,/home/shangguanrz/project/pic-edit/datasets/Hi4D_pilot_v1/raw/pair09/bend09/images/88/000040.jpg,pair09/bend09/images/88/000040.jpg,940,1280,940,False,False,nan,335.7776936241112,4507.349027593085,nan,nan,nan,full,335.7776936241112,4507.349027593085,0.7126677852348993,False,False
Hi4D,/home/shangguanrz/project/pic-edit/datasets/Hi4D_pilot_v1/raw/pair12/highfive12/images/4/000067.jpg,pair12/highfive12/images/4/000067.jpg,940,1280,940,False,False,nan,252.44849817760397,5272.828821060505,nan,nan,nan,full,252.44849817760397,5272.828821060505,0.7126677852348993,False,False
Hi4D,/home/shangguanrz/project/pic-edit/datasets/Hi4D_pilot_v1/raw/pair09/bend09/images/88/000034.jpg,pair09/bend09/images/88/000034.jpg,940,1280,940,False,False,nan,338.6805334898237,4501.5361328125,nan,nan,nan,full,338.6805334898237,4501.5361328125,0.7130872483221476,False,False
Hi4D,/home/shangguanrz/project/pic-edit/datasets/Hi4D_pilot_v1/raw/pair12/highfive12/images/4/000093.jpg,pair12/highfive12/images/4/000093.jpg,940,1280,940,False,False,nan,250.00317003369173,5385.216828041888,nan,nan,nan,full,250.00317003369173,5385.216828041888,0.7132969798657718,False,False
Hi4D,/home/shangguanrz/project/pic-edit/datasets/Hi4D_pilot_v1/raw/pair14/talk14/images/4/000043.jpg,pair14/talk14/images/4/000043.jpg,940,1280,940,False,False,nan,259.5492914820646,5174.855125914229,nan,nan,nan,full,259.5492914820646,5174.855125914229,0.713506711409396,False,False
Hi4D,/home/shangguanrz/project/pic-edit/datasets/Hi4D_pilot_v1/raw/pair16/hug16/images/4/000024.jpg,pair16/hug16/images/4/000024.jpg,940,1280,940,False,False,nan,270.7623094934962,4972.350835272607,nan,nan,nan,full,270.7623094934962,4972.350835272607,0.713506711409396,False,False
Hi4D,/home/shangguanrz/project/pic-edit/datasets/Hi4D_pilot_v1/raw/pair28/fight28/images/4/000150.jpg,pair28/fight28/images/4/000150.jpg,940,1280,940,False,False,nan,277.15429529478894,4881.251111619016,nan,nan,nan,full,277.15429529478894,4881.251111619016,0.7137164429530201,False,False
Hi4D,/home/shangguanrz/project/pic-edit/datasets/Hi4D_pilot_v1/raw/pair09/bend09/images/88/000071.jpg,pair09/bend09/images/88/000071.jpg,940,1280,940,False,False,nan,333.82261270621933,4520.891518450798,nan,nan,nan,full,333.82261270621933,4520.891518450798,0.7139261744966443,False,False
Hi4D,/home/shangguanrz/project/pic-edit/datasets/Hi4D_pilot_v1/raw/pair14/dance14/images/16/000174.jpg,pair14/dance14/images/16/000174.jpg,940,1280,940,False,False,nan,287.10125891112165,4726.04278174867,nan,nan,nan,full,287.10125891112165,4726.04278174867,0.7139261744966443,False,False
Hi4D,/home/shangguanrz/project/pic-edit/datasets/Hi4D_pilot_v1/raw/pair16/hug16/images/4/000097.jpg,pair16/hug16/images/4/000097.jpg,940,1280,940,False,False,nan,268.376775953121,4994.112657912234,nan,nan,nan,full,268.376775953121,4994.112657912234,0.7139261744966443,False,False
Hi4D,/home/shangguanrz/project/pic-edit/datasets/Hi4D_pilot_v1/raw/pair28/basketball28/images/4/000012.jpg,pair28/basketball28/images/4/000012.jpg,940,1280,940,False,False,nan,283.82949969948237,4764.781239611038,nan,nan,nan,full,283.82949969948237,4764.781239611038,0.7139261744966443,False,False
Hi4D,/home/shangguanrz/project/pic-edit/datasets/Hi4D_pilot_v1/raw/pair16/jump16/images/4/000063.jpg,pair16/jump16/images/4/000063.jpg,940,1280,940,False,False,nan,266.60475083226373,5037.332270196143,nan,nan,nan,full,266.60475083226373,5037.332270196143,0.7145553691275168,False,False
Hi4D,/home/shangguanrz/project/pic-edit/datasets/Hi4D_pilot_v1/raw/pair12/highfive12/images/4/000095.jpg,pair12/highfive12/images/4/000095.jpg,940,1280,940,False,False,nan,249.32002853980268,5435.520424700798,nan,nan,nan,full,249.32002853980268,5435.520424700798,0.7151845637583892,False,False
Hi4D,/home/shangguanrz/project/pic-edit/datasets/Hi4D_pilot_v1/raw/pair16/talk16/images/16/000025.jpg,pair16/talk16/images/16/000025.jpg,940,1280,940,False,False,nan,284.4598076532145,4764.626246675532,nan,nan,nan,full,284.4598076532145,4764.626246675532,0.7151845637583893,False,False
Hi4D,/home/shangguanrz/project/pic-edit/datasets/Hi4D_pilot_v1/raw/pair09/bend09/images/88/000065.jpg,pair09/bend09/images/88/000065.jpg,940,1280,940,False,False,nan,336.06514773057455,4516.887861535904,nan,nan,nan,full,336.06514773057455,4516.887861535904,0.7153942953020134,False,False
Hi4D,/home/shangguanrz/project/pic-edit/datasets/Hi4D_pilot_v1/raw/pair09/bend09/images/88/000069.jpg,pair09/bend09/images/88/000069.jpg,940,1280,940,False,False,nan,334.1635596428376,4526.027509973404,nan,nan,nan,full,334.1635596428376,4526.027509973404,0.7158137583892618,False,False
Hi4D,/home/shangguanrz/project/pic-edit/datasets/Hi4D_pilot_v1/raw/pair14/talk14/images/4/000044.jpg,pair14/talk14/images/4/000044.jpg,940,1280,940,False,False,nan,262.34862455362753,5154.754571143617,nan,nan,nan,full,262.34862455362753,5154.754571143617,0.7166526845637584,False,False
Hi4D,/home/shangguanrz/project/pic-edit/datasets/Hi4D_pilot_v1/raw/pair14/dance14/images/16/000125.jpg,pair14/dance14/images/16/000125.jpg,940,1280,940,False,False,nan,284.61885160035064,4768.036361369681,nan,nan,nan,full,284.61885160035064,4768.036361369681,0.7168624161073825,False,False
Hi4D,/home/shangguanrz/project/pic-edit/datasets/Hi4D_pilot_v1/raw/pair09/bend09/images/88/000063.jpg,pair09/bend09/images/88/000063.jpg,940,1280,940,False,False,nan,336.60797673547467,4524.827439328457,nan,nan,nan,full,336.60797673547467,4524.827439328457,0.7174916107382551,False,False
Hi4D,/home/shangguanrz/project/pic-edit/datasets/Hi4D_pilot_v1/raw/pair28/fight28/images/4/000134.jpg,pair28/fight28/images/4/000134.jpg,940,1280,940,False,False,nan,279.08796778970196,4862.409148520612,nan,nan,nan,full,279.08796778970196,4862.409148520612,0.7177013422818792,False,False
Hi4D,/home/shangguanrz/project/pic-edit/datasets/Hi4D_pilot_v1/raw/pair09/bend09/images/88/000030.jpg,pair09/bend09/images/88/000030.jpg,940,1280,940,False,False,nan,340.65449770285346,4521.402208693484,nan,nan,nan,full,340.65449770285346,4521.402208693484,0.7183305369127517,False,False
Hi4D,/home/shangguanrz/project/pic-edit/datasets/Hi4D_pilot_v1/raw/pair14/dance14/images/16/000185.jpg,pair14/dance14/images/16/000185.jpg,940,1280,940,False,False,nan,285.3106918636088,4766.014679604388,nan,nan,nan,full,285.3106918636088,4766.014679604388,0.7185402684563759,False,False
Hi4D,/home/shangguanrz/project/pic-edit/datasets/Hi4D_pilot_v1/raw/pair09/bend09/images/88/000061.jpg,pair09/bend09/images/88/000061.jpg,940,1280,940,False,False,nan,337.2643911543612,4529.036797706117,nan,nan,nan,full,337.2643911543612,4529.036797706117,0.7189597315436241,False,False
Hi4D,/home/shangguanrz/project/pic-edit/datasets/Hi4D_pilot_v1/raw/pair14/dance14/images/16/000122.jpg,pair14/dance14/images/16/000122.jpg,940,1280,940,False,False,nan,285.70508967893807,4761.172010056516,nan,nan,nan,full,285.70508967893807,4761.172010056516,0.7189597315436241,False,False
Hi4D,/home/shangguanrz/project/pic-edit/datasets/Hi4D_pilot_v1/raw/pair16/talk16/images/16/000033.jpg,pair16/talk16/images/16/000033.jpg,940,1280,940,False,False,nan,284.9747015821173,4771.974734042553,nan,nan,nan,full,284.9747015821173,4771.974734042553,0.7189597315436242,False,False
Hi4D,/home/shangguanrz/project/pic-edit/datasets/Hi4D_pilot_v1/raw/pair14/dance14/images/16/000126.jpg,pair14/dance14/images/16/000126.jpg,940,1280,940,False,False,nan,285.32380307406095,4768.258446226729,nan,nan,nan,full,285.32380307406095,4768.258446226729,0.7191694630872483,False,False
Hi4D,/home/shangguanrz/project/pic-edit/datasets/Hi4D_pilot_v1/raw/pair16/talk16/images/16/000036.jpg,pair16/talk16/images/16/000036.jpg,940,1280,940,False,False,nan,286.1476009020227,4753.013277094415,nan,nan,nan,full,286.1476009020227,4753.013277094415,0.7191694630872483,False,False
Hi4D,/home/shangguanrz/project/pic-edit/datasets/Hi4D_pilot_v1/raw/pair09/bend09/images/88/000067.jpg,pair09/bend09/images/88/000067.jpg,940,1280,940,False,False,nan,337.5581915411758,4534.916628573803,nan,nan,nan,full,337.5581915411758,4534.916628573803,0.7200083892617449,False,False
Hi4D,/home/shangguanrz/project/pic-edit/datasets/Hi4D_pilot_v1/raw/pair12/highfive12/images/4/000053.jpg,pair12/highfive12/images/4/000053.jpg,940,1280,940,False,False,nan,252.41791176957847,5378.440107629654,nan,nan,nan,full,252.41791176957847,5378.440107629654,0.7200083892617449,False,False
Hi4D,/home/shangguanrz/project/pic-edit/datasets/Hi4D_pilot_v1/raw/pair14/talk14/images/4/000062.jpg,pair14/talk14/images/4/000062.jpg,940,1280,940,False,False,nan,267.8213737344191,5043.216287815824,nan,nan,nan,full,267.8213737344191,5043.216287815824,0.7200083892617449,False,False
Hi4D,/home/shangguanrz/project/pic-edit/datasets/Hi4D_pilot_v1/raw/pair12/highfive12/images/4/000015.jpg,pair12/highfive12/images/4/000015.jpg,940,1280,940,False,False,nan,253.92154928805766,5332.44696434508,nan,nan,nan,full,253.92154928805766,5332.44696434508,0.7206375838926175,False,False
Hi4D,/home/shangguanrz/project/pic-edit/datasets/Hi4D_pilot_v1/raw/pair12/highfive12/images/4/000059.jpg,pair12/highfive12/images/4/000059.jpg,940,1280,940,False,False,nan,251.87263393464158,5410.752805019947,nan,nan,nan,full,251.87263393464158,5410.752805019947,0.7206375838926175,False,False
Hi4D,/home/shangguanrz/project/pic-edit/datasets/Hi4D_pilot_v1/raw/pair12/highfive12/images/4/000063.jpg,pair12/highfive12/images/4/000063.jpg,940,1280,940,False,False,nan,253.371786617488,5367.126381732048,nan,nan,nan,full,253.371786617488,5367.126381732048,0.7208473154362416,False,False
Hi4D,/home/shangguanrz/project/pic-edit/datasets/Hi4D_pilot_v1/raw/pair16/talk16/images/16/000030.jpg,pair16/talk16/images/16/000030.jpg,940,1280,940,False,False,nan,284.7767179412451,4784.07470703125,nan,nan,nan,full,284.7767179412451,4784.07470703125,0.7216862416107382,False,False
Hi4D,/home/shangguanrz/project/pic-edit/datasets/Hi4D_pilot_v1/raw/pair28/basketball28/images/4/000013.jpg,pair28/basketball28/images/4/000013.jpg,940,1280,940,False,False,nan,284.8068210414602,4783.645300033245,nan,nan,nan,full,284.8068210414602,4783.645300033245,0.7216862416107382,False,False
Hi4D,/home/shangguanrz/project/pic-edit/datasets/Hi4D_pilot_v1/raw/pair28/fight28/images/4/000023.jpg,pair28/fight28/images/4/000023.jpg,940,1280,940,False,False,nan,275.6329990997203,4954.94061668883,nan,nan,nan,full,275.6329990997203,4954.94061668883,0.7223154362416107,False,False
Hi4D,/home/shangguanrz/project/pic-edit/datasets/Hi4D_pilot_v1/raw/pair16/talk16/images/16/000014.jpg,pair16/talk16/images/16/000014.jpg,940,1280,940,False,False,nan,285.41026428780333,4781.058604138962,nan,nan,nan,full,285.41026428780333,4781.058604138962,0.722734899328859,False,False
Hi4D,/home/shangguanrz/project/pic-edit/datasets/Hi4D_pilot_v1/raw/pair09/bend09/images/88/000026.jpg,pair09/bend09/images/88/000026.jpg,940,1280,940,False,False,nan,343.50510567742384,4549.113624085771,nan,nan,nan,full,343.50510567742384,4549.113624085771,0.7229446308724832,False,False
Hi4D,/home/shangguanrz/project/pic-edit/datasets/Hi4D_pilot_v1/raw/pair12/highfive12/images/4/000108.jpg,pair12/highfive12/images/4/000108.jpg,940,1280,940,False,False,nan,254.1173609931742,5352.683323636968,nan,nan,nan,full,254.1173609931742,5352.683323636968,0.7229446308724832,False,False
Hi4D,/home/shangguanrz/project/pic-edit/datasets/Hi4D_pilot_v1/raw/pair28/fight28/images/4/000021.jpg,pair28/fight28/images/4/000021.jpg,940,1280,940,False,False,nan,276.25382111254936,4946.199499251995,nan,nan,nan,full,276.25382111254936,4946.199499251995,0.7229446308724832,False,False
Hi4D,/home/shangguanrz/project/pic-edit/datasets/Hi4D_pilot_v1/raw/pair28/fight28/images/4/000024.jpg,pair28/fight28/images/4/000024.jpg,940,1280,940,False,False,nan,275.22597978459373,4966.185183261303,nan,nan,nan,full,275.22597978459373,4966.185183261303,0.7231543624161074,False,False
Hi4D,/home/shangguanrz/project/pic-edit/datasets/Hi4D_pilot_v1/raw/pair09/bend09/images/88/000027.jpg,pair09/bend09/images/88/000027.jpg,940,1280,940,False,False,nan,342.5083321877172,4553.960012882314,nan,nan,nan,full,342.5083321877172,4553.960012882314,0.723993288590604,False,False
Hi4D,/home/shangguanrz/project/pic-edit/datasets/Hi4D_pilot_v1/raw/pair12/highfive12/images/4/000013.jpg,pair12/highfive12/images/4/000013.jpg,940,1280,940,False,False,nan,254.33153894844497,5365.87146775266,nan,nan,nan,full,254.33153894844497,5365.87146775266,0.723993288590604,False,False
Hi4D,/home/shangguanrz/project/pic-edit/datasets/Hi4D_pilot_v1/raw/pair14/dance14/images/16/000123.jpg,pair14/dance14/images/16/000123.jpg,940,1280,940,False,False,nan,285.89300714242296,4777.022055767952,nan,nan,nan,full,285.89300714242296,4777.022055767952,0.723993288590604,False,False
Hi4D,/home/shangguanrz/project/pic-edit/datasets/Hi4D_pilot_v1/raw/pair14/dance14/images/16/000162.jpg,pair14/dance14/images/16/000162.jpg,940,1280,940,False,False,nan,285.8132613744602,4778.507760555186,nan,nan,nan,full,285.8132613744602,4778.507760555186,0.723993288590604,False,False
Hi4D,/home/shangguanrz/project/pic-edit/datasets/Hi4D_pilot_v1/raw/pair16/hug16/images/4/000043.jpg,pair16/hug16/images/4/000043.jpg,940,1280,940,False,False,nan,264.8357863235981,5145.340996924867,nan,nan,nan,full,264.8357863235981,5145.340996924867,0.723993288590604,False,False
Hi4D,/home/shangguanrz/project/pic-edit/datasets/Hi4D_pilot_v1/raw/pair16/jump16/images/4/000032.jpg,pair16/jump16/images/4/000032.jpg,940,1280,940,False,False,nan,270.57851331551836,5038.001173952793,nan,nan,nan,full,270.57851331551836,5038.001173952793,0.723993288590604,False,False
Hi4D,/home/shangguanrz/project/pic-edit/datasets/Hi4D_pilot_v1/raw/pair16/talk16/images/16/000027.jpg,pair16/talk16/images/16/000027.jpg,940,1280,940,False,False,nan,285.9792364706493,4774.043685588431,nan,nan,nan,full,285.9792364706493,4774.043685588431,0.7242030201342282,False,False
Hi4D,/home/shangguanrz/project/pic-edit/datasets/Hi4D_pilot_v1/raw/pair28/dance28/images/4/000037.jpg,pair28/dance28/images/4/000037.jpg,940,1280,940,False,False,nan,276.48926195981227,4951.229274019282,nan,nan,nan,full,276.48926195981227,4951.229274019282,0.7244127516778524,False,False
Hi4D,/home/shangguanrz/project/pic-edit/datasets/Hi4D_pilot_v1/raw/pair09/bend09/images/88/000028.jpg,pair09/bend09/images/88/000028.jpg,940,1280,940,False,False,nan,344.50556421765594,4553.58356881649,nan,nan,nan,full,344.50556421765594,4553.58356881649,0.7250419463087249,False,False
Hi4D,/home/shangguanrz/project/pic-edit/datasets/Hi4D_pilot_v1/raw/pair14/dance14/images/16/000136.jpg,pair14/dance14/images/16/000136.jpg,940,1280,940,False,False,nan,284.0532130888546,4809.406073387633,nan,nan,nan,full,284.0532130888546,4809.406073387633,0.7267197986577181,False,False
Hi4D,/home/shangguanrz/project/pic-edit/datasets/Hi4D_pilot_v1/raw/pair14/talk14/images/4/000089.jpg,pair14/talk14/images/4/000089.jpg,940,1280,940,False,False,nan,260.6005663128933,5257.195437167553,nan,nan,nan,full,260.6005663128933,5257.195437167553,0.7271392617449665,False,False
Hi4D,/home/shangguanrz/project/pic-edit/datasets/Hi4D_pilot_v1/raw/pair09/hug09/images/28/000001.jpg,pair09/hug09/images/28/000001.jpg,940,1280,940,False,False,nan,318.89033936180647,4610.884734458112,nan,nan,nan,full,318.89033936180647,4610.884734458112,0.7275587248322148,False,False
Hi4D,/home/shangguanrz/project/pic-edit/datasets/Hi4D_pilot_v1/raw/pair09/bend09/images/88/000024.jpg,pair09/bend09/images/88/000024.jpg,940,1280,940,False,False,nan,342.47465250337217,4576.048132064495,nan,nan,nan,full,342.47465250337217,4576.048132064495,0.7279781879194631,False,False
Hi4D,/home/shangguanrz/project/pic-edit/datasets/Hi4D_pilot_v1/raw/pair12/highfive12/images/4/000011.jpg,pair12/highfive12/images/4/000011.jpg,940,1280,940,False,False,nan,253.8248437267723,5438.005194481383,nan,nan,nan,full,253.8248437267723,5438.005194481383,0.7281879194630873,False,False
Hi4D,/home/shangguanrz/project/pic-edit/datasets/Hi4D_pilot_v1/raw/pair14/talk14/images/4/000046.jpg,pair14/talk14/images/4/000046.jpg,940,1280,940,False,False,nan,263.86738664586386,5183.787244431516,nan,nan,nan,full,263.86738664586386,5183.787244431516,0.7281879194630873,False,False
Hi4D,/home/shangguanrz/project/pic-edit/datasets/Hi4D_pilot_v1/raw/pair09/hug09/images/28/000002.jpg,pair09/hug09/images/28/000002.jpg,940,1280,940,False,False,nan,320.09402984566907,4613.573148686835,nan,nan,nan,full,320.09402984566907,4613.573148686835,0.7286073825503356,False,False
Hi4D,/home/shangguanrz/project/pic-edit/datasets/Hi4D_pilot_v1/raw/pair28/fight28/images/4/000135.jpg,pair28/fight28/images/4/000135.jpg,940,1280,940,False,False,nan,280.2480407166719,4897.317777593085,nan,nan,nan,full,280.2480407166719,4897.317777593085,0.7286073825503356,False,False
Hi4D,/home/shangguanrz/project/pic-edit/datasets/Hi4D_pilot_v1/raw/pair28/dance28/images/4/000036.jpg,pair28/dance28/images/4/000036.jpg,940,1280,940,False,False,nan,275.59719775747317,4983.347915974069,nan,nan,nan,full,275.59719775747317,4983.347915974069,0.7290268456375839,False,False
Hi4D,/home/shangguanrz/project/pic-edit/datasets/Hi4D_pilot_v1/raw/pair16/hug16/images/4/000023.jpg,pair16/hug16/images/4/000023.jpg,940,1280,940,False,False,nan,272.66077226270863,5037.630755485372,nan,nan,nan,full,272.66077226270863,5037.630755485372,0.729236577181208,False,False
Hi4D,/home/shangguanrz/project/pic-edit/datasets/Hi4D_pilot_v1/raw/pair09/bend09/images/88/000023.jpg,pair09/bend09/images/88/000023.jpg,940,1280,940,False,False,nan,342.9807183246852,4581.293768700133,nan,nan,nan,full,342.9807183246852,4581.293768700133,0.7292365771812082,False,False
Hi4D,/home/shangguanrz/project/pic-edit/datasets/Hi4D_pilot_v1/raw/pair09/bend09/images/88/000021.jpg,pair09/bend09/images/88/000021.jpg,940,1280,940,False,False,nan,345.23280218933,4575.563912898936,nan,nan,nan,full,345.23280218933,4575.563912898936,0.7294463087248322,False,False
Hi4D,/home/shangguanrz/project/pic-edit/datasets/Hi4D_pilot_v1/raw/pair16/talk16/images/16/000031.jpg,pair16/talk16/images/16/000031.jpg,940,1280,940,False,False,nan,285.92430745405863,4792.059653424202,nan,nan,nan,full,285.92430745405863,4792.059653424202,0.7294463087248322,False,False
Hi4D,/home/shangguanrz/project/pic-edit/datasets/Hi4D_pilot_v1/raw/pair16/talk16/images/16/000058.jpg,pair16/talk16/images/16/000058.jpg,940,1280,940,False,False,nan,289.9236692304037,4750.632002160904,nan,nan,nan,full,289.9236692304037,4750.632002160904,0.7294463087248322,False,False
Hi4D,/home/shangguanrz/project/pic-edit/datasets/Hi4D_pilot_v1/raw/pair09/bend09/images/88/000025.jpg,pair09/bend09/images/88/000025.jpg,940,1280,940,False,False,nan,344.4764480601344,4578.398146609043,nan,nan,nan,full,344.4764480601344,4578.398146609043,0.7296560402684564,False,False
Hi4D,/home/shangguanrz/project/pic-edit/datasets/Hi4D_pilot_v1/raw/pair16/jump16/images/4/000023.jpg,pair16/jump16/images/4/000023.jpg,940,1280,940,False,False,nan,268.38901861113845,5127.309830036569,nan,nan,nan,full,268.38901861113845,5127.309830036569,0.7307046979865772,False,False
Hi4D,/home/shangguanrz/project/pic-edit/datasets/Hi4D_pilot_v1/raw/pair09/bend09/images/88/000022.jpg,pair09/bend09/images/88/000022.jpg,940,1280,940,False,False,nan,345.6328072890052,4581.350866439495,nan,nan,nan,full,345.6328072890052,4581.350866439495,0.7311241610738255,False,False
Hi4D,/home/shangguanrz/project/pic-edit/datasets/Hi4D_pilot_v1/raw/pair16/talk16/images/16/000039.jpg,pair16/talk16/images/16/000039.jpg,940,1280,940,False,False,nan,288.4996364699494,4775.319668384309,nan,nan,nan,full,288.4996364699494,4775.319668384309,0.7313338926174497,False,False
Hi4D,/home/shangguanrz/project/pic-edit/datasets/Hi4D_pilot_v1/raw/pair28/basketball28/images/4/000010.jpg,pair28/basketball28/images/4/000010.jpg,940,1280,940,False,False,nan,285.92155106157236,4799.671521775266,nan,nan,nan,full,285.92155106157236,4799.671521775266,0.7313338926174497,False,False
Hi4D,/home/shangguanrz/project/pic-edit/datasets/Hi4D_pilot_v1/raw/pair12/highfive12/images/4/000056.jpg,pair12/highfive12/images/4/000056.jpg,940,1280,940,False,False,nan,255.56136199239688,5425.927391539229,nan,nan,nan,full,255.56136199239688,5425.927391539229,0.7315436241610738,False,False
Hi4D,/home/shangguanrz/project/pic-edit/datasets/Hi4D_pilot_v1/raw/pair16/jump16/images/4/000065.jpg,pair16/jump16/images/4/000065.jpg,940,1280,940,False,False,nan,270.8186640672254,5095.392713181516,nan,nan,nan,full,270.8186640672254,5095.392713181516,0.7315436241610738,False,False
Hi4D,/home/shangguanrz/project/pic-edit/datasets/Hi4D_pilot_v1/raw/pair16/talk16/images/16/000126.jpg,pair16/talk16/images/16/000126.jpg,940,1280,940,False,False,nan,287.7064926584094,4782.921729554521,nan,nan,nan,full,287.7064926584094,4782.921729554521,0.7315436241610738,False,False
Hi4D,/home/shangguanrz/project/pic-edit/datasets/Hi4D_pilot_v1/raw/pair28/fight28/images/4/000148.jpg,pair28/fight28/images/4/000148.jpg,940,1280,940,False,False,nan,278.08256054302313,4952.080805352393,nan,nan,nan,full,278.08256054302313,4952.080805352393,0.7315436241610738,False,False
Hi4D,/home/shangguanrz/project/pic-edit/datasets/Hi4D_pilot_v1/raw/pair09/hug09/images/28/000009.jpg,pair09/hug09/images/28/000009.jpg,940,1280,940,False,False,nan,319.9165364477418,4629.152312583112,nan,nan,nan,full,319.9165364477418,4629.152312583112,0.731753355704698,False,False
Hi4D,/home/shangguanrz/project/pic-edit/datasets/Hi4D_pilot_v1/raw/pair28/basketball28/images/4/000066.jpg,pair28/basketball28/images/4/000066.jpg,940,1280,940,False,False,nan,287.1243434695973,4790.963773686835,nan,nan,nan,full,287.1243434695973,4790.963773686835,0.731753355704698,False,False
Hi4D,/home/shangguanrz/project/pic-edit/datasets/Hi4D_pilot_v1/raw/pair09/bend09/images/88/000018.jpg,pair09/bend09/images/88/000018.jpg,940,1280,940,False,False,nan,349.33802837503066,4576.004197140957,nan,nan,nan,full,349.33802837503066,4576.004197140957,0.7319630872483222,False,False
Hi4D,/home/shangguanrz/project/pic-edit/datasets/Hi4D_pilot_v1/raw/pair28/dance28/images/4/000030.jpg,pair28/dance28/images/4/000030.jpg,940,1280,940,False,False,nan,279.57432138072585,4930.628885472074,nan,nan,nan,full,279.57432138072585,4930.628885472074,0.7321728187919463,False,False
Hi4D,/home/shangguanrz/project/pic-edit/datasets/Hi4D_pilot_v1/raw/pair14/talk14/images/4/000096.jpg,pair14/talk14/images/4/000096.jpg,940,1280,940,False,False,nan,262.6086652451588,5256.966090425532,nan,nan,nan,full,262.6086652451588,5256.966090425532,0.7323825503355705,False,False
Hi4D,/home/shangguanrz/project/pic-edit/datasets/Hi4D_pilot_v1/raw/pair09/bend09/images/88/000073.jpg,pair09/bend09/images/88/000073.jpg,940,1280,940,False,False,nan,338.4561628286199,4593.557876911569,nan,nan,nan,full,338.4561628286199,4593.557876911569,0.7328020134228188,False,False
Hi4D,/home/shangguanrz/project/pic-edit/datasets/Hi4D_pilot_v1/raw/pair28/fight28/images/4/000032.jpg,pair28/fight28/images/4/000032.jpg,940,1280,940,False,False,nan,282.11981437917535,4875.108273769947,nan,nan,nan,full,282.11981437917535,4875.108273769947,0.7328020134228188,False,False
Hi4D,/home/shangguanrz/project/pic-edit/datasets/Hi4D_pilot_v1/raw/pair28/basketball28/images/4/000009.jpg,pair28/basketball28/images/4/000009.jpg,940,1280,940,False,False,nan,285.41731855584896,4819.46826171875,nan,nan,nan,full,285.41731855584896,4819.46826171875,0.7334312080536913,False,False
Hi4D,/home/shangguanrz/project/pic-edit/datasets/Hi4D_pilot_v1/raw/pair28/basketball28/images/4/000073.jpg,pair28/basketball28/images/4/000073.jpg,940,1280,940,False,False,nan,284.48764068260624,4839.098726313165,nan,nan,nan,full,284.48764068260624,4839.098726313165,0.7334312080536913,False,False
Hi4D,/home/shangguanrz/project/pic-edit/datasets/Hi4D_pilot_v1/raw/pair14/dance14/images/16/000147.jpg,pair14/dance14/images/16/000147.jpg,940,1280,940,False,False,nan,285.5367596573343,4818.571985123005,nan,nan,nan,full,285.5367596573343,4818.571985123005,0.7336409395973155,False,False
Hi4D,/home/shangguanrz/project/pic-edit/datasets/Hi4D_pilot_v1/raw/pair14/dance14/images/16/000112.jpg,pair14/dance14/images/16/000112.jpg,940,1280,940,False,False,nan,283.5551303139959,4858.947203291224,nan,nan,nan,full,283.5551303139959,4858.947203291224,0.7338506711409396,False,False
Hi4D,/home/shangguanrz/project/pic-edit/datasets/Hi4D_pilot_v1/raw/pair14/dance14/images/16/000139.jpg,pair14/dance14/images/16/000139.jpg,940,1280,940,False,False,nan,280.8206412701544,4914.201930269282,nan,nan,nan,full,280.8206412701544,4914.201930269282,0.7338506711409396,False,False
Hi4D,/home/shangguanrz/project/pic-edit/datasets/Hi4D_pilot_v1/raw/pair09/bend09/images/88/000017.jpg,pair09/bend09/images/88/000017.jpg,940,1280,940,False,False,nan,349.8943071602534,4581.59577584774,nan,nan,nan,full,349.8943071602534,4581.59577584774,0.7340604026845637,False,False
Hi4D,/home/shangguanrz/project/pic-edit/datasets/Hi4D_pilot_v1/raw/pair14/dance14/images/16/000163.jpg,pair14/dance14/images/16/000163.jpg,940,1280,940,False,False,nan,287.475945886496,4792.859478889628,nan,nan,nan,full,287.475945886496,4792.859478889628,0.7340604026845637,False,False
Hi4D,/home/shangguanrz/project/pic-edit/datasets/Hi4D_pilot_v1/raw/pair28/fight28/images/4/000054.jpg,pair28/fight28/images/4/000054.jpg,940,1280,940,False,False,nan,279.58492433261205,4938.482640043218,nan,nan,nan,full,279.58492433261205,4938.482640043218,0.7340604026845637,False,False
Hi4D,/home/shangguanrz/project/pic-edit/datasets/Hi4D_pilot_v1/raw/pair09/hug09/images/28/000003.jpg,pair09/hug09/images/28/000003.jpg,940,1280,940,False,False,nan,320.6976641563875,4635.652239860372,nan,nan,nan,full,320.6976641563875,4635.652239860372,0.7342701342281879,False,False
Hi4D,/home/shangguanrz/project/pic-edit/datasets/Hi4D_pilot_v1/raw/pair28/fight28/images/4/000028.jpg,pair28/fight28/images/4/000028.jpg,940,1280,940,False,False,nan,280.6660708979332,4927.406904504654,nan,nan,nan,full,280.6660708979332,4927.406904504654,0.7353187919463087,False,False
Hi4D,/home/shangguanrz/project/pic-edit/datasets/Hi4D_pilot_v1/raw/pair09/bend09/images/88/000020.jpg,pair09/bend09/images/88/000020.jpg,940,1280,940,False,False,nan,346.0649159294602,4590.830036569149,nan,nan,nan,full,346.0649159294602,4590.830036569149,0.7355285234899329,False,False
Hi4D,/home/shangguanrz/project/pic-edit/datasets/Hi4D_pilot_v1/raw/pair14/dance14/images/16/000146.jpg,pair14/dance14/images/16/000146.jpg,940,1280,940,False,False,nan,285.4923639048975,4832.646941489362,nan,nan,nan,full,285.4923639048975,4832.646941489362,0.7355285234899329,False,False
Hi4D,/home/shangguanrz/project/pic-edit/datasets/Hi4D_pilot_v1/raw/pair14/dance14/images/16/000168.jpg,pair14/dance14/images/16/000168.jpg,940,1280,940,False,False,nan,286.3411928075857,4816.774964677526,nan,nan,nan,full,286.3411928075857,4816.774964677526,0.7363674496644295,False,False
Hi4D,/home/shangguanrz/project/pic-edit/datasets/Hi4D_pilot_v1/raw/pair14/dance14/images/16/000127.jpg,pair14/dance14/images/16/000127.jpg,940,1280,940,False,False,nan,287.47397864461215,4802.640489943484,nan,nan,nan,full,287.47397864461215,4802.640489943484,0.7365771812080537,False,False
Hi4D,/home/shangguanrz/project/pic-edit/datasets/Hi4D_pilot_v1/raw/pair14/talk14/images/4/000104.jpg,pair14/talk14/images/4/000104.jpg,940,1280,940,False,False,nan,263.888725839815,5229.317372423538,nan,nan,nan,full,263.888725839815,5229.317372423538,0.7365771812080537,False,False
Hi4D,/home/shangguanrz/project/pic-edit/datasets/Hi4D_pilot_v1/raw/pair16/talk16/images/16/000038.jpg,pair16/talk16/images/16/000038.jpg,940,1280,940,False,False,nan,289.5510007302218,4782.63927443484,nan,nan,nan,full,289.5510007302218,4782.63927443484,0.7367869127516778,False,False
Hi4D,/home/shangguanrz/project/pic-edit/datasets/Hi4D_pilot_v1/raw/pair28/fight28/images/4/000026.jpg,pair28/fight28/images/4/000026.jpg,940,1280,940,False,False,nan,279.96610516363705,4942.760721409574,nan,nan,nan,full,279.96610516363705,4942.760721409574,0.7367869127516778,False,False
Hi4D,/home/shangguanrz/project/pic-edit/datasets/Hi4D_pilot_v1/raw/pair14/dance14/images/16/000148.jpg,pair14/dance14/images/16/000148.jpg,940,1280,940,False,False,nan,285.97834095578753,4826.582685754654,nan,nan,nan,full,285.97834095578753,4826.582685754654,0.736996644295302,False,False
Hi4D,/home/shangguanrz/project/pic-edit/datasets/Hi4D_pilot_v1/raw/pair09/hug09/images/28/000012.jpg,pair09/hug09/images/28/000012.jpg,940,1280,940,False,False,nan,315.87610461192196,4661.475461269947,nan,nan,nan,full,315.87610461192196,4661.475461269947,0.7376258389261745,False,False
Hi4D,/home/shangguanrz/project/pic-edit/datasets/Hi4D_pilot_v1/raw/pair28/basketball28/images/4/000008.jpg,pair28/basketball28/images/4/000008.jpg,940,1280,940,False,False,nan,282.4254049466929,4893.96033494016,nan,nan,nan,full,282.4254049466929,4893.96033494016,0.7376258389261745,False,False
Hi4D,/home/shangguanrz/project/pic-edit/datasets/Hi4D_pilot_v1/raw/pair14/dance14/images/16/000159.jpg,pair14/dance14/images/16/000159.jpg,940,1280,940,False,False,nan,287.4018343703786,4813.093542220745,nan,nan,nan,full,287.4018343703786,4813.093542220745,0.738255033557047,False,False
Hi4D,/home/shangguanrz/project/pic-edit/datasets/Hi4D_pilot_v1/raw/pair16/talk16/images/16/000013.jpg,pair16/talk16/images/16/000013.jpg,940,1280,940,False,False,nan,286.6522750430325,4823.722396525931,nan,nan,nan,full,286.6522750430325,4823.722396525931,0.738255033557047,False,False
Hi4D,/home/shangguanrz/project/pic-edit/datasets/Hi4D_pilot_v1/raw/pair28/basketball28/images/4/000006.jpg,pair28/basketball28/images/4/000006.jpg,940,1280,940,False,False,nan,284.8331002976464,4858.057648354388,nan,nan,nan,full,284.8331002976464,4858.057648354388,0.738255033557047,False,False
Hi4D,/home/shangguanrz/project/pic-edit/datasets/Hi4D_pilot_v1/raw/pair14/dance14/images/16/000184.jpg,pair14/dance14/images/16/000184.jpg,940,1280,940,False,False,nan,288.90039470280493,4795.911392536569,nan,nan,nan,full,288.90039470280493,4795.911392536569,0.7388842281879194,False,False
Hi4D,/home/shangguanrz/project/pic-edit/datasets/Hi4D_pilot_v1/raw/pair28/dance28/images/4/000031.jpg,pair28/dance28/images/4/000031.jpg,940,1280,940,False,False,nan,279.3990591513512,4964.277260638298,nan,nan,nan,full,279.3990591513512,4964.277260638298,0.7393036912751678,False,False
Hi4D,/home/shangguanrz/project/pic-edit/datasets/Hi4D_pilot_v1/raw/pair16/talk16/images/16/000034.jpg,pair16/talk16/images/16/000034.jpg,940,1280,940,False,False,nan,288.7223158766642,4800.099432762633,nan,nan,nan,full,288.7223158766642,4800.099432762633,0.7397231543624161,False,False
Hi4D,/home/shangguanrz/project/pic-edit/datasets/Hi4D_pilot_v1/raw/pair09/bend09/images/88/000015.jpg,pair09/bend09/images/88/000015.jpg,940,1280,940,False,False,nan,356.91670425726625,4586.111483959441,nan,nan,nan,full,356.91670425726625,4586.111483959441,0.7399328859060403,False,False
Hi4D,/home/shangguanrz/project/pic-edit/datasets/Hi4D_pilot_v1/raw/pair09/bend09/images/88/000019.jpg,pair09/bend09/images/88/000019.jpg,940,1280,940,False,False,nan,349.72969781494396,4602.075548537234,nan,nan,nan,full,349.72969781494396,4602.075548537234,0.7399328859060403,False,False
Hi4D,/home/shangguanrz/project/pic-edit/datasets/Hi4D_pilot_v1/raw/pair12/highfive12/images/4/000061.jpg,pair12/highfive12/images/4/000061.jpg,940,1280,940,False,False,nan,256.3513925826728,5489.785852310505,nan,nan,nan,full,256.3513925826728,5489.785852310505,0.7399328859060403,False,False
Hi4D,/home/shangguanrz/project/pic-edit/datasets/Hi4D_pilot_v1/raw/pair09/bend09/images/88/000016.jpg,pair09/bend09/images/88/000016.jpg,940,1280,940,False,False,nan,354.4833720329392,4590.852996176862,nan,nan,nan,full,354.4833720329392,4590.852996176862,0.7405620805369127,False,False
Hi4D,/home/shangguanrz/project/pic-edit/datasets/Hi4D_pilot_v1/raw/pair16/hug16/images/4/000026.jpg,pair16/hug16/images/4/000026.jpg,940,1280,940,False,False,nan,276.98326216827644,5025.386292802526,nan,nan,nan,full,276.98326216827644,5025.386292802526,0.7407718120805369,False,False
Hi4D,/home/shangguanrz/project/pic-edit/datasets/Hi4D_pilot_v1/raw/pair16/talk16/images/16/000099.jpg,pair16/talk16/images/16/000099.jpg,940,1280,940,False,False,nan,288.83181221045857,4803.23651512633,nan,nan,nan,full,288.83181221045857,4803.23651512633,0.7409815436241611,False,False
Hi4D,/home/shangguanrz/project/pic-edit/datasets/Hi4D_pilot_v1/raw/pair09/hug09/images/28/000008.jpg,pair09/hug09/images/28/000008.jpg,940,1280,940,False,False,nan,324.40660559305405,4665.2197265625,nan,nan,nan,full,324.40660559305405,4665.2197265625,0.7411912751677853,False,False
Hi4D,/home/shangguanrz/project/pic-edit/datasets/Hi4D_pilot_v1/raw/pair14/talk14/images/4/000077.jpg,pair14/talk14/images/4/000077.jpg,940,1280,940,False,False,nan,264.336966282078,5266.455057347074,nan,nan,nan,full,264.336966282078,5266.455057347074,0.7416107382550337,False,False
Hi4D,/home/shangguanrz/project/pic-edit/datasets/Hi4D_pilot_v1/raw/pair28/basketball28/images/4/000067.jpg,pair28/basketball28/images/4/000067.jpg,940,1280,940,False,False,nan,291.4954282164627,4783.381243766622,nan,nan,nan,full,291.4954282164627,4783.381243766622,0.7418204697986577,False,False
Hi4D,/home/shangguanrz/project/pic-edit/datasets/Hi4D_pilot_v1/raw/pair28/basketball28/images/4/000005.jpg,pair28/basketball28/images/4/000005.jpg,940,1280,940,False,False,nan,285.50935462933415,4866.466599484707,nan,nan,nan,full,285.50935462933415,4866.466599484707,0.7422399328859061,False,False
Hi4D,/home/shangguanrz/project/pic-edit/datasets/Hi4D_pilot_v1/raw/pair16/hug16/images/4/000041.jpg,pair16/hug16/images/4/000041.jpg,940,1280,940,False,False,nan,271.43995140666283,5150.934092420212,nan,nan,nan,full,271.43995140666283,5150.934092420212,0.7424496644295302,False,False
Hi4D,/home/shangguanrz/project/pic-edit/datasets/Hi4D_pilot_v1/raw/pair28/basketball28/images/4/000016.jpg,pair28/basketball28/images/4/000016.jpg,940,1280,940,False,False,nan,287.17831575530533,4840.526138630319,nan,nan,nan,full,287.17831575530533,4840.526138630319,0.7424496644295302,False,False
Hi4D,/home/shangguanrz/project/pic-edit/datasets/Hi4D_pilot_v1/raw/pair14/dance14/images/16/000161.jpg,pair14/dance14/images/16/000161.jpg,940,1280,940,False,False,nan,288.9531370726793,4807.82459275266,nan,nan,nan,full,288.9531370726793,4807.82459275266,0.7426593959731544,False,False
Hi4D,/home/shangguanrz/project/pic-edit/datasets/Hi4D_pilot_v1/raw/pair28/basketball28/images/4/000068.jpg,pair28/basketball28/images/4/000068.jpg,940,1280,940,False,False,nan,291.4363869286707,4788.256295711436,nan,nan,nan,full,291.4363869286707,4788.256295711436,0.7432885906040269,False,False
Hi4D,/home/shangguanrz/project/pic-edit/datasets/Hi4D_pilot_v1/raw/pair09/bend09/images/88/000014.jpg,pair09/bend09/images/88/000014.jpg,940,1280,940,False,False,nan,357.13439793401096,4600.246571642288,nan,nan,nan,full,357.13439793401096,4600.246571642288,0.7441275167785235,False,False
Hi4D,/home/shangguanrz/project/pic-edit/datasets/Hi4D_pilot_v1/raw/pair09/hug09/images/28/000010.jpg,pair09/hug09/images/28/000010.jpg,940,1280,940,False,False,nan,321.13783487608777,4693.897637549867,nan,nan,nan,full,321.13783487608777,4693.897637549867,0.7441275167785235,False,False
Hi4D,/home/shangguanrz/project/pic-edit/datasets/Hi4D_pilot_v1/raw/pair14/talk14/images/4/000072.jpg,pair14/talk14/images/4/000072.jpg,940,1280,940,False,False,nan,267.3468539357563,5201.640188663564,nan,nan,nan,full,267.3468539357563,5201.640188663564,0.7445469798657718,False,False
Hi4D,/home/shangguanrz/project/pic-edit/datasets/Hi4D_pilot_v1/raw/pair14/dance14/images/16/000129.jpg,pair14/dance14/images/16/000129.jpg,940,1280,940,False,False,nan,289.0450512459236,4816.999854554521,nan,nan,nan,full,289.0450512459236,4816.999854554521,0.7449664429530201,False,False
Hi4D,/home/shangguanrz/project/pic-edit/datasets/Hi4D_pilot_v1/raw/pair14/talk14/images/4/000047.jpg,pair14/talk14/images/4/000047.jpg,940,1280,940,False,False,nan,266.5394546875536,5229.139492603059,nan,nan,nan,full,266.5394546875536,5229.139492603059,0.7449664429530201,False,False
Hi4D,/home/shangguanrz/project/pic-edit/datasets/Hi4D_pilot_v1/raw/pair09/bend09/images/88/000075.jpg,pair09/bend09/images/88/000075.jpg,940,1280,940,False,False,nan,340.33206821232693,4642.695416389628,nan,nan,nan,full,340.33206821232693,4642.695416389628,0.7449664429530202,False,False
Hi4D,/home/shangguanrz/project/pic-edit/datasets/Hi4D_pilot_v1/raw/pair14/dance14/images/16/000166.jpg,pair14/dance14/images/16/000166.jpg,940,1280,940,False,False,nan,289.05985896084957,4819.216017702793,nan,nan,nan,full,289.05985896084957,4819.216017702793,0.7455956375838926,False,False
Hi4D,/home/shangguanrz/project/pic-edit/datasets/Hi4D_pilot_v1/raw/pair28/basketball28/images/4/000075.jpg,pair28/basketball28/images/4/000075.jpg,940,1280,940,False,False,nan,287.3063642489472,4851.966921542553,nan,nan,nan,full,287.3063642489472,4851.966921542553,0.7455956375838926,False,False
Hi4D,/home/shangguanrz/project/pic-edit/datasets/Hi4D_pilot_v1/raw/pair14/dance14/images/16/000173.jpg,pair14/dance14/images/16/000173.jpg,940,1280,940,False,False,nan,289.72336801091916,4813.563196060505,nan,nan,nan,full,289.72336801091916,4813.563196060505,0.7458053691275168,False,False
Hi4D,/home/shangguanrz/project/pic-edit/datasets/Hi4D_pilot_v1/raw/pair28/basketball28/images/4/000081.jpg,pair28/basketball28/images/4/000081.jpg,940,1280,940,False,False,nan,302.38528381423646,4743.843500664893,nan,nan,nan,full,302.38528381423646,4743.843500664893,0.7464345637583893,False,False
Hi4D,/home/shangguanrz/project/pic-edit/datasets/Hi4D_pilot_v1/raw/pair14/dance14/images/16/000128.jpg,pair14/dance14/images/16/000128.jpg,940,1280,940,False,False,nan,289.083179473769,4827.319948886303,nan,nan,nan,full,289.083179473769,4827.319948886303,0.7472734899328859,False,False
Hi4D,/home/shangguanrz/project/pic-edit/datasets/Hi4D_pilot_v1/raw/pair09/bend09/images/88/000013.jpg,pair09/bend09/images/88/000013.jpg,940,1280,940,False,False,nan,359.72840022641424,4612.252005069814,nan,nan,nan,full,359.72840022641424,4612.252005069814,0.7479026845637584,False,False
Hi4D,/home/shangguanrz/project/pic-edit/datasets/Hi4D_pilot_v1/raw/pair16/jump16/images/4/000066.jpg,pair16/jump16/images/4/000066.jpg,940,1280,940,False,False,nan,274.1557087161089,5147.549472240691,nan,nan,nan,full,274.1557087161089,5147.549472240691,0.7481124161073825,False,False
Hi4D,/home/shangguanrz/project/pic-edit/datasets/Hi4D_pilot_v1/raw/pair14/talk14/images/4/000017.jpg,pair14/talk14/images/4/000017.jpg,940,1280,940,False,False,nan,276.17448978836364,5122.060837765957,nan,nan,nan,full,276.17448978836364,5122.060837765957,0.7491610738255035,False,False
Hi4D,/home/shangguanrz/project/pic-edit/datasets/Hi4D_pilot_v1/raw/pair09/bend09/images/88/000012.jpg,pair09/bend09/images/88/000012.jpg,940,1280,940,False,False,nan,356.1407359875452,4627.983450382314,nan,nan,nan,full,356.1407359875452,4627.983450382314,0.7495805369127517,False,False
Hi4D,/home/shangguanrz/project/pic-edit/datasets/Hi4D_pilot_v1/raw/pair28/fight28/images/4/000147.jpg,pair28/fight28/images/4/000147.jpg,940,1280,940,False,False,nan,281.0493987010258,4978.044942652926,nan,nan,nan,full,281.0493987010258,4978.044942652926,0.75,False,False
Hi4D,/home/shangguanrz/project/pic-edit/datasets/Hi4D_pilot_v1/raw/pair14/talk14/images/4/000037.jpg,pair14/talk14/images/4/000037.jpg,940,1280,940,False,False,nan,275.5140930172975,5140.665423454122,nan,nan,nan,full,275.5140930172975,5140.665423454122,0.7504194630872483,False,False
Hi4D,/home/shangguanrz/project/pic-edit/datasets/Hi4D_pilot_v1/raw/pair09/hug09/images/28/000004.jpg,pair09/hug09/images/28/000004.jpg,940,1280,940,False,False,nan,327.3899076348411,4716.66455078125,nan,nan,nan,full,327.3899076348411,4716.66455078125,0.7510486577181208,False,False
Hi4D,/home/shangguanrz/project/pic-edit/datasets/Hi4D_pilot_v1/raw/pair28/basketball28/images/4/000072.jpg,pair28/basketball28/images/4/000072.jpg,940,1280,940,False,False,nan,288.03672335049646,4869.586207613032,nan,nan,nan,full,288.03672335049646,4869.586207613032,0.7514681208053691,False,False
Hi4D,/home/shangguanrz/project/pic-edit/datasets/Hi4D_pilot_v1/raw/pair16/jump16/images/4/000012.jpg,pair16/jump16/images/4/000012.jpg,940,1280,940,False,False,nan,280.20300936752875,5012.481954371676,nan,nan,nan,full,280.20300936752875,5012.481954371676,0.7523070469798658,False,False
Hi4D,/home/shangguanrz/project/pic-edit/datasets/Hi4D_pilot_v1/raw/pair28/fight28/images/4/000029.jpg,pair28/fight28/images/4/000029.jpg,940,1280,940,False,False,nan,282.6316743412672,4961.54191946476,nan,nan,nan,full,282.6316743412672,4961.54191946476,0.7523070469798658,False,False
Hi4D,/home/shangguanrz/project/pic-edit/datasets/Hi4D_pilot_v1/raw/pair16/hug16/images/4/000042.jpg,pair16/hug16/images/4/000042.jpg,940,1280,940,False,False,nan,271.50086198073274,5196.397232380319,nan,nan,nan,full,271.50086198073274,5196.397232380319,0.7525167785234899,False,False
Hi4D,/home/shangguanrz/project/pic-edit/datasets/Hi4D_pilot_v1/raw/pair14/dance14/images/16/000130.jpg,pair14/dance14/images/16/000130.jpg,940,1280,940,False,False,nan,290.2982743735117,4843.87688040226,nan,nan,nan,full,290.2982743735117,4843.87688040226,0.7527265100671141,False,False
Hi4D,/home/shangguanrz/project/pic-edit/datasets/Hi4D_pilot_v1/raw/pair28/basketball28/images/4/000076.jpg,pair28/basketball28/images/4/000076.jpg,940,1280,940,False,False,nan,287.08551601240566,4899.047903507314,nan,nan,nan,full,287.08551601240566,4899.047903507314,0.7537751677852349,False,False
Hi4D,/home/shangguanrz/project/pic-edit/datasets/Hi4D_pilot_v1/raw/pair14/talk14/images/4/000018.jpg,pair14/talk14/images/4/000018.jpg,940,1280,940,False,False,nan,277.0819660133234,5133.571008560505,nan,nan,nan,full,277.0819660133234,5133.571008560505,0.7548238255033557,False,False
Hi4D,/home/shangguanrz/project/pic-edit/datasets/Hi4D_pilot_v1/raw/pair16/jump16/images/4/000011.jpg,pair16/jump16/images/4/000011.jpg,940,1280,940,False,False,nan,279.6238817216423,5042.564370013298,nan,nan,nan,full,279.6238817216423,5042.564370013298,0.7550335570469799,False,False
Hi4D,/home/shangguanrz/project/pic-edit/datasets/Hi4D_pilot_v1/raw/pair09/hug09/images/28/000011.jpg,pair09/hug09/images/28/000011.jpg,940,1280,940,False,False,nan,322.26026272881677,4739.207135139628,nan,nan,nan,full,322.26026272881677,4739.207135139628,0.7558724832214765,False,False
Hi4D,/home/shangguanrz/project/pic-edit/datasets/Hi4D_pilot_v1/raw/pair14/dance14/images/16/000183.jpg,pair14/dance14/images/16/000183.jpg,940,1280,940,False,False,nan,292.5951766501243,4833.140115940824,nan,nan,nan,full,292.5951766501243,4833.140115940824,0.7560822147651007,False,False
Hi4D,/home/shangguanrz/project/pic-edit/datasets/Hi4D_pilot_v1/raw/pair16/jump16/images/4/000064.jpg,pair16/jump16/images/4/000064.jpg,940,1280,940,False,False,nan,275.34199320746524,5168.317434757314,nan,nan,nan,full,275.34199320746524,5168.317434757314,0.7560822147651007,False,False
Hi4D,/home/shangguanrz/project/pic-edit/datasets/Hi4D_pilot_v1/raw/pair16/jump16/images/4/000068.jpg,pair16/jump16/images/4/000068.jpg,940,1280,940,False,False,nan,276.601592692815,5145.007718999335,nan,nan,nan,full,276.601592692815,5145.007718999335,0.7560822147651007,False,False
Hi4D,/home/shangguanrz/project/pic-edit/datasets/Hi4D_pilot_v1/raw/pair16/talk16/images/16/000011.jpg,pair16/talk16/images/16/000011.jpg,940,1280,940,False,False,nan,289.34786913995566,4868.718781166888,nan,nan,nan,full,289.34786913995566,4868.718781166888,0.7560822147651007,False,False
Hi4D,/home/shangguanrz/project/pic-edit/datasets/Hi4D_pilot_v1/raw/pair14/dance14/images/16/000145.jpg,pair14/dance14/images/16/000145.jpg,940,1280,940,False,False,nan,288.4773242301993,4889.68464303524,nan,nan,nan,full,288.4773242301993,4889.68464303524,0.7562919463087248,False,False
Hi4D,/home/shangguanrz/project/pic-edit/datasets/Hi4D_pilot_v1/raw/pair09/bend09/images/88/000095.jpg,pair09/bend09/images/88/000095.jpg,940,1280,940,False,False,nan,343.4482691674385,4710.219321392952,nan,nan,nan,full,343.4482691674385,4710.219321392952,0.756501677852349,False,False
Hi4D,/home/shangguanrz/project/pic-edit/datasets/Hi4D_pilot_v1/raw/pair16/talk16/images/16/000056.jpg,pair16/talk16/images/16/000056.jpg,940,1280,940,False,False,nan,291.20920256005525,4846.909096575798,nan,nan,nan,full,291.20920256005525,4846.909096575798,0.756501677852349,False,False
Hi4D,/home/shangguanrz/project/pic-edit/datasets/Hi4D_pilot_v1/raw/pair14/talk14/images/4/000074.jpg,pair14/talk14/images/4/000074.jpg,940,1280,940,False,False,nan,269.64881325823086,5271.388142037899,nan,nan,nan,full,269.64881325823086,5271.388142037899,0.7567114093959731,False,False
Hi4D,/home/shangguanrz/project/pic-edit/datasets/Hi4D_pilot_v1/raw/pair16/talk16/images/16/000101.jpg,pair16/talk16/images/16/000101.jpg,940,1280,940,False,False,nan,294.0518820915032,4837.668498587101,nan,nan,nan,full,294.0518820915032,4837.668498587101,0.7575503355704698,False,False
Hi4D,/home/shangguanrz/project/pic-edit/datasets/Hi4D_pilot_v1/raw/pair28/basketball28/images/4/000018.jpg,pair28/basketball28/images/4/000018.jpg,940,1280,940,False,False,nan,290.7717782687742,4866.732317985372,nan,nan,nan,full,290.7717782687742,4866.732317985372,0.7581795302013423,False,False
Hi4D,/home/shangguanrz/project/pic-edit/datasets/Hi4D_pilot_v1/raw/pair14/dance14/images/16/000164.jpg,pair14/dance14/images/16/000164.jpg,940,1280,940,False,False,nan,291.1124343984048,4862.41008352726,nan,nan,nan,full,291.1124343984048,4862.41008352726,0.7583892617449665,False,False
Hi4D,/home/shangguanrz/project/pic-edit/datasets/Hi4D_pilot_v1/raw/pair14/dance14/images/16/000144.jpg,pair14/dance14/images/16/000144.jpg,940,1280,940,False,False,nan,288.7044141586952,4905.675885139628,nan,nan,nan,full,288.7044141586952,4905.675885139628,0.7596476510067114,False,False
Hi4D,/home/shangguanrz/project/pic-edit/datasets/Hi4D_pilot_v1/raw/pair09/bend09/images/88/000097.jpg,pair09/bend09/images/88/000097.jpg,940,1280,940,False,False,nan,343.6005038910454,4722.057565242686,nan,nan,nan,full,343.6005038910454,4722.057565242686,0.7600671140939597,False,False
Hi4D,/home/shangguanrz/project/pic-edit/datasets/Hi4D_pilot_v1/raw/pair28/basketball28/images/4/000019.jpg,pair28/basketball28/images/4/000019.jpg,940,1280,940,False,False,nan,291.8478313081671,4860.48095703125,nan,nan,nan,full,291.8478313081671,4860.48095703125,0.7600671140939597,False,False
Hi4D,/home/shangguanrz/project/pic-edit/datasets/Hi4D_pilot_v1/raw/pair14/dance14/images/16/000167.jpg,pair14/dance14/images/16/000167.jpg,940,1280,940,False,False,nan,293.2700443249474,4855.66169381649,nan,nan,nan,full,293.2700443249474,4855.66169381649,0.7606963087248322,False,False
Hi4D,/home/shangguanrz/project/pic-edit/datasets/Hi4D_pilot_v1/raw/pair14/talk14/images/4/000019.jpg,pair14/talk14/images/4/000019.jpg,940,1280,940,False,False,nan,278.06144740938754,5142.052412317154,nan,nan,nan,full,278.06144740938754,5142.052412317154,0.7606963087248322,False,False
Hi4D,/home/shangguanrz/project/pic-edit/datasets/Hi4D_pilot_v1/raw/pair09/bend09/images/88/000011.jpg,pair09/bend09/images/88/000011.jpg,940,1280,940,False,False,nan,362.58861877271744,4677.051820146276,nan,nan,nan,full,362.58861877271744,4677.051820146276,0.7609060402684564,False,False
Hi4D,/home/shangguanrz/project/pic-edit/datasets/Hi4D_pilot_v1/raw/pair14/dance14/images/16/000143.jpg,pair14/dance14/images/16/000143.jpg,940,1280,940,False,False,nan,289.1420949543694,4898.822577293883,nan,nan,nan,full,289.1420949543694,4898.822577293883,0.7615352348993288,False,False
Hi4D,/home/shangguanrz/project/pic-edit/datasets/Hi4D_pilot_v1/raw/pair28/basketball28/images/4/000070.jpg,pair28/basketball28/images/4/000070.jpg,940,1280,940,False,False,nan,295.92289239262607,4844.782849900266,nan,nan,nan,full,295.92289239262607,4844.782849900266,0.761744966442953,False,False
Hi4D,/home/shangguanrz/project/pic-edit/datasets/Hi4D_pilot_v1/raw/pair28/fight28/images/4/000137.jpg,pair28/fight28/images/4/000137.jpg,940,1280,940,False,False,nan,282.55747023919633,5008.834618101729,nan,nan,nan,full,282.55747023919633,5008.834618101729,0.7621644295302014,False,False
Hi4D,/home/shangguanrz/project/pic-edit/datasets/Hi4D_pilot_v1/raw/pair14/talk14/images/4/000084.jpg,pair14/talk14/images/4/000084.jpg,940,1280,940,False,False,nan,269.2146693758697,5365.777520362367,nan,nan,nan,full,269.2146693758697,5365.777520362367,0.7623741610738255,False,False
Hi4D,/home/shangguanrz/project/pic-edit/datasets/Hi4D_pilot_v1/raw/pair28/dance28/images/4/000033.jpg,pair28/dance28/images/4/000033.jpg,940,1280,940,False,False,nan,281.7603051603083,5041.21300490359,nan,nan,nan,full,281.7603051603083,5041.21300490359,0.7625838926174496,False,False
Hi4D,/home/shangguanrz/project/pic-edit/datasets/Hi4D_pilot_v1/raw/pair28/fight28/images/4/000145.jpg,pair28/fight28/images/4/000145.jpg,940,1280,940,False,False,nan,283.14383881679754,5004.077906831782,nan,nan,nan,full,283.14383881679754,5004.077906831782,0.7625838926174497,False,False
Hi4D,/home/shangguanrz/project/pic-edit/datasets/Hi4D_pilot_v1/raw/pair16/hug16/images/4/000040.jpg,pair16/hug16/images/4/000040.jpg,940,1280,940,False,False,nan,275.9641156483689,5188.704849567819,nan,nan,nan,full,275.9641156483689,5188.704849567819,0.763003355704698,False,False
Hi4D,/home/shangguanrz/project/pic-edit/datasets/Hi4D_pilot_v1/raw/pair28/basketball28/images/4/000017.jpg,pair28/basketball28/images/4/000017.jpg,940,1280,940,False,False,nan,292.00762512296393,4875.09235787899,nan,nan,nan,full,292.00762512296393,4875.09235787899,0.763003355704698,False,False
Hi4D,/home/shangguanrz/project/pic-edit/datasets/Hi4D_pilot_v1/raw/pair16/talk16/images/16/000041.jpg,pair16/talk16/images/16/000041.jpg,940,1280,940,False,False,nan,295.89886882540975,4852.748150764628,nan,nan,nan,full,295.89886882540975,4852.748150764628,0.763213087248322,False,False
Hi4D,/home/shangguanrz/project/pic-edit/datasets/Hi4D_pilot_v1/raw/pair16/hug16/images/4/000022.jpg,pair16/hug16/images/4/000022.jpg,940,1280,940,False,False,nan,276.9253900442635,5172.334981715426,nan,nan,nan,full,276.9253900442635,5172.334981715426,0.7632130872483222,False,False
Hi4D,/home/shangguanrz/project/pic-edit/datasets/Hi4D_pilot_v1/raw/pair14/talk14/images/4/000016.jpg,pair14/talk14/images/4/000016.jpg,940,1280,940,False,False,nan,278.13296039418003,5148.901793134974,nan,nan,nan,full,278.13296039418003,5148.901793134974,0.7634228187919463,False,False
Hi4D,/home/shangguanrz/project/pic-edit/datasets/Hi4D_pilot_v1/raw/pair14/talk14/images/4/000079.jpg,pair14/talk14/images/4/000079.jpg,940,1280,940,False,False,nan,271.2636023357529,5309.757874833776,nan,nan,nan,full,271.2636023357529,5309.757874833776,0.7640520134228188,False,False
Hi4D,/home/shangguanrz/project/pic-edit/datasets/Hi4D_pilot_v1/raw/pair09/bend09/images/88/000077.jpg,pair09/bend09/images/88/000077.jpg,940,1280,940,False,False,nan,351.2582213098293,4721.666898686835,nan,nan,nan,full,351.2582213098293,4721.666898686835,0.764261744966443,False,False
Hi4D,/home/shangguanrz/project/pic-edit/datasets/Hi4D_pilot_v1/raw/pair14/dance14/images/16/000138.jpg,pair14/dance14/images/16/000138.jpg,940,1280,940,False,False,nan,287.6279790254673,4939.53260056516,nan,nan,nan,full,287.6279790254673,4939.53260056516,0.764261744966443,False,False
Hi4D,/home/shangguanrz/project/pic-edit/datasets/Hi4D_pilot_v1/raw/pair28/fight28/images/4/000067.jpg,pair28/fight28/images/4/000067.jpg,940,1280,940,False,False,nan,280.8994917659913,5082.940221908245,nan,nan,nan,full,280.8994917659913,5082.940221908245,0.764261744966443,False,False
Hi4D,/home/shangguanrz/project/pic-edit/datasets/Hi4D_pilot_v1/raw/pair14/dance14/images/16/000111.jpg,pair14/dance14/images/16/000111.jpg,940,1280,940,False,False,nan,289.1616871946265,4914.787556100399,nan,nan,nan,full,289.1616871946265,4914.787556100399,0.7644714765100671,False,False
Hi4D,/home/shangguanrz/project/pic-edit/datasets/Hi4D_pilot_v1/raw/pair14/dance14/images/16/000149.jpg,pair14/dance14/images/16/000149.jpg,940,1280,940,False,False,nan,290.4416099602737,4901.541649351729,nan,nan,nan,full,290.4416099602737,4901.541649351729,0.7644714765100671,False,False
Hi4D,/home/shangguanrz/project/pic-edit/datasets/Hi4D_pilot_v1/raw/pair09/bend09/images/88/000101.jpg,pair09/bend09/images/88/000101.jpg,940,1280,940,False,False,nan,345.0381487578275,4734.296490608378,nan,nan,nan,full,345.0381487578275,4734.296490608378,0.7646812080536913,False,False
Hi4D,/home/shangguanrz/project/pic-edit/datasets/Hi4D_pilot_v1/raw/pair14/talk14/images/4/000081.jpg,pair14/talk14/images/4/000081.jpg,940,1280,940,False,False,nan,272.4269602725062,5291.84881981383,nan,nan,nan,full,272.4269602725062,5291.84881981383,0.7646812080536913,False,False
Hi4D,/home/shangguanrz/project/pic-edit/datasets/Hi4D_pilot_v1/raw/pair14/talk14/images/4/000086.jpg,pair14/talk14/images/4/000086.jpg,940,1280,940,False,False,nan,268.2514112125214,5417.619805518617,nan,nan,nan,full,268.2514112125214,5417.619805518617,0.7653104026845637,False,False
Hi4D,/home/shangguanrz/project/pic-edit/datasets/Hi4D_pilot_v1/raw/pair28/fight28/images/4/000031.jpg,pair28/fight28/images/4/000031.jpg,940,1280,940,False,False,nan,285.86682274126804,4968.334202543218,nan,nan,nan,full,285.86682274126804,4968.334202543218,0.7653104026845639,False,False
Hi4D,/home/shangguanrz/project/pic-edit/datasets/Hi4D_pilot_v1/raw/pair16/jump16/images/4/000075.jpg,pair16/jump16/images/4/000075.jpg,940,1280,940,False,False,nan,281.26368055045737,5081.918405086436,nan,nan,nan,full,281.26368055045737,5081.918405086436,0.7657298657718121,False,False
Hi4D,/home/shangguanrz/project/pic-edit/datasets/Hi4D_pilot_v1/raw/pair28/fight28/images/4/000055.jpg,pair28/fight28/images/4/000055.jpg,940,1280,940,False,False,nan,283.3711127595915,5019.253407579788,nan,nan,nan,full,283.3711127595915,5019.253407579788,0.7659395973154361,False,False
Hi4D,/home/shangguanrz/project/pic-edit/datasets/Hi4D_pilot_v1/raw/pair14/dance14/images/16/000182.jpg,pair14/dance14/images/16/000182.jpg,940,1280,940,False,False,nan,295.36113290710654,4870.434341755319,nan,nan,nan,full,295.36113290710654,4870.434341755319,0.7659395973154363,False,False
Hi4D,/home/shangguanrz/project/pic-edit/datasets/Hi4D_pilot_v1/raw/pair14/talk14/images/4/000015.jpg,pair14/talk14/images/4/000015.jpg,940,1280,940,False,False,nan,278.52247284696136,5156.215467087766,nan,nan,nan,full,278.52247284696136,5156.215467087766,0.7661493288590604,False,False
Hi4D,/home/shangguanrz/project/pic-edit/datasets/Hi4D_pilot_v1/raw/pair14/dance14/images/16/000165.jpg,pair14/dance14/images/16/000165.jpg,940,1280,940,False,False,nan,293.3881815059415,4882.796417885638,nan,nan,nan,full,293.3881815059415,4882.796417885638,0.7663590604026845,False,False
Hi4D,/home/shangguanrz/project/pic-edit/datasets/Hi4D_pilot_v1/raw/pair09/bend09/images/88/000010.jpg,pair09/bend09/images/88/000010.jpg,940,1280,940,False,False,nan,367.9116989944572,4700.411974318484,nan,nan,nan,full,367.9116989944572,4700.411974318484,0.7663590604026846,False,False
Hi4D,/home/shangguanrz/project/pic-edit/datasets/Hi4D_pilot_v1/raw/pair09/bend09/images/88/000009.jpg,pair09/bend09/images/88/000009.jpg,940,1280,940,False,False,nan,366.9215322090199,4714.217794215426,nan,nan,nan,full,366.9215322090199,4714.217794215426,0.7678271812080537,False,False
Hi4D,/home/shangguanrz/project/pic-edit/datasets/Hi4D_pilot_v1/raw/pair14/talk14/images/4/000064.jpg,pair14/talk14/images/4/000064.jpg,940,1280,940,False,False,nan,276.69540802066604,5195.506191821809,nan,nan,nan,full,276.69540802066604,5195.506191821809,0.7678271812080537,False,False
Hi4D,/home/shangguanrz/project/pic-edit/datasets/Hi4D_pilot_v1/raw/pair16/talk16/images/16/000097.jpg,pair16/talk16/images/16/000097.jpg,940,1280,940,False,False,nan,295.2839285564293,4887.424908577128,nan,nan,nan,full,295.2839285564293,4887.424908577128,0.7688758389261745,False,False
Hi4D,/home/shangguanrz/project/pic-edit/datasets/Hi4D_pilot_v1/raw/pair16/jump16/images/4/000067.jpg,pair16/jump16/images/4/000067.jpg,940,1280,940,False,False,nan,277.3937606145591,5190.55656790226,nan,nan,nan,full,277.3937606145591,5190.55656790226,0.7690855704697988,False,False
Hi4D,/home/shangguanrz/project/pic-edit/datasets/Hi4D_pilot_v1/raw/pair28/basketball28/images/4/000071.jpg,pair28/basketball28/images/4/000071.jpg,940,1280,940,False,False,nan,296.9559135130219,4877.5478515625,nan,nan,nan,full,296.9559135130219,4877.5478515625,0.7692953020134228,False,False
Hi4D,/home/shangguanrz/project/pic-edit/datasets/Hi4D_pilot_v1/raw/pair28/dance28/images/4/000034.jpg,pair28/dance28/images/4/000034.jpg,940,1280,940,False,False,nan,283.33616533145585,5045.239808427526,nan,nan,nan,full,283.33616533145585,5045.239808427526,0.7699244966442953,False,False
Hi4D,/home/shangguanrz/project/pic-edit/datasets/Hi4D_pilot_v1/raw/pair09/bend09/images/88/000099.jpg,pair09/bend09/images/88/000099.jpg,940,1280,940,False,False,nan,350.3545330527844,4744.324852476729,nan,nan,nan,full,350.3545330527844,4744.324852476729,0.7701342281879194,False,False
Hi4D,/home/shangguanrz/project/pic-edit/datasets/Hi4D_pilot_v1/raw/pair16/talk16/images/16/000055.jpg,pair16/talk16/images/16/000055.jpg,940,1280,940,False,False,nan,292.0100962032069,4914.218552609707,nan,nan,nan,full,292.0100962032069,4914.218552609707,0.7705536912751678,False,False
Hi4D,/home/shangguanrz/project/pic-edit/datasets/Hi4D_pilot_v1/raw/pair16/jump16/images/4/000074.jpg,pair16/jump16/images/4/000074.jpg,940,1280,940,False,False,nan,281.2197365757565,5132.661756150266,nan,nan,nan,full,281.2197365757565,5132.661756150266,0.7711828859060402,False,False
Hi4D,/home/shangguanrz/project/pic-edit/datasets/Hi4D_pilot_v1/raw/pair09/bend09/images/88/000093.jpg,pair09/bend09/images/88/000093.jpg,940,1280,940,False,False,nan,348.87369654714496,4756.566198470745,nan,nan,nan,full,348.87369654714496,4756.566198470745,0.7728607382550335,False,False
Hi4D,/home/shangguanrz/project/pic-edit/datasets/Hi4D_pilot_v1/raw/pair14/dance14/images/16/000181.jpg,pair14/dance14/images/16/000181.jpg,940,1280,940,False,False,nan,297.51916472811456,4896.102331283245,nan,nan,nan,full,297.51916472811456,4896.102331283245,0.7736996644295302,False,False
Hi4D,/home/shangguanrz/project/pic-edit/datasets/Hi4D_pilot_v1/raw/pair14/talk14/images/4/000012.jpg,pair14/talk14/images/4/000012.jpg,940,1280,940,False,False,nan,278.86408371726225,5182.700829039229,nan,nan,nan,full,278.86408371726225,5182.700829039229,0.7739093959731543,False,False
Hi4D,/home/shangguanrz/project/pic-edit/datasets/Hi4D_pilot_v1/raw/pair28/fight28/images/4/000068.jpg,pair28/fight28/images/4/000068.jpg,940,1280,940,False,False,nan,282.244036128263,5111.224557430186,nan,nan,nan,full,282.244036128263,5111.224557430186,0.7741191275167785,False,False
Hi4D,/home/shangguanrz/project/pic-edit/datasets/Hi4D_pilot_v1/raw/pair16/talk16/images/16/000114.jpg,pair16/talk16/images/16/000114.jpg,940,1280,940,False,False,nan,291.0400939298302,4948.446237117686,nan,nan,nan,full,291.0400939298302,4948.446237117686,0.774748322147651,False,False
Hi4D,/home/shangguanrz/project/pic-edit/datasets/Hi4D_pilot_v1/raw/pair16/talk16/images/16/000124.jpg,pair16/talk16/images/16/000124.jpg,940,1280,940,False,False,nan,295.3396668171872,4922.959327210771,nan,nan,nan,full,295.3396668171872,4922.959327210771,0.774748322147651,False,False
Hi4D,/home/shangguanrz/project/pic-edit/datasets/Hi4D_pilot_v1/raw/pair16/hug16/images/4/000027.jpg,pair16/hug16/images/4/000027.jpg,940,1280,940,False,False,nan,282.5514512882075,5121.059102809176,nan,nan,nan,full,282.5514512882075,5121.059102809176,0.7749580536912751,False,False
Hi4D,/home/shangguanrz/project/pic-edit/datasets/Hi4D_pilot_v1/raw/pair09/bend09/images/88/000103.jpg,pair09/bend09/images/88/000103.jpg,940,1280,940,False,False,nan,346.8681877976146,4772.022512882314,nan,nan,nan,full,346.8681877976146,4772.022512882314,0.7755872483221476,False,False
Hi4D,/home/shangguanrz/project/pic-edit/datasets/Hi4D_pilot_v1/raw/pair14/talk14/images/4/000014.jpg,pair14/talk14/images/4/000014.jpg,940,1280,940,False,False,nan,279.52603176655737,5179.868631565824,nan,nan,nan,full,279.52603176655737,5179.868631565824,0.7757969798657718,False,False
Hi4D,/home/shangguanrz/project/pic-edit/datasets/Hi4D_pilot_v1/raw/pair14/talk14/images/4/000013.jpg,pair14/talk14/images/4/000013.jpg,940,1280,940,False,False,nan,279.271528240106,5188.555217337101,nan,nan,nan,full,279.271528240106,5188.555217337101,0.7764261744966443,False,False
Hi4D,/home/shangguanrz/project/pic-edit/datasets/Hi4D_pilot_v1/raw/pair16/talk16/images/16/000053.jpg,pair16/talk16/images/16/000053.jpg,940,1280,940,False,False,nan,292.2589394159855,4939.747683261303,nan,nan,nan,full,292.2589394159855,4939.747683261303,0.7764261744966443,False,False
Hi4D,/home/shangguanrz/project/pic-edit/datasets/Hi4D_pilot_v1/raw/pair28/fight28/images/4/000139.jpg,pair28/fight28/images/4/000139.jpg,940,1280,940,False,False,nan,285.0645562530697,5059.321278673538,nan,nan,nan,full,285.0645562530697,5059.321278673538,0.7776845637583893,False,False
Hi4D,/home/shangguanrz/project/pic-edit/datasets/Hi4D_pilot_v1/raw/pair09/bend09/images/88/000104.jpg,pair09/bend09/images/88/000104.jpg,940,1280,940,False,False,nan,347.204375927024,4779.715539810505,nan,nan,nan,full,347.204375927024,4779.715539810505,0.7778942953020134,False,False
Hi4D,/home/shangguanrz/project/pic-edit/datasets/Hi4D_pilot_v1/raw/pair14/dance14/images/16/000171.jpg,pair14/dance14/images/16/000171.jpg,940,1280,940,False,False,nan,291.1383666184597,4963.042428523936,nan,nan,nan,full,291.1383666184597,4963.042428523936,0.7789429530201343,False,False
Hi4D,/home/shangguanrz/project/pic-edit/datasets/Hi4D_pilot_v1/raw/pair14/talk14/images/4/000126.jpg,pair14/talk14/images/4/000126.jpg,940,1280,940,False,False,nan,276.15515910578074,5337.068193151596,nan,nan,nan,full,276.15515910578074,5337.068193151596,0.7791526845637584,False,False
Hi4D,/home/shangguanrz/project/pic-edit/datasets/Hi4D_pilot_v1/raw/pair14/talk14/images/4/000069.jpg,pair14/talk14/images/4/000069.jpg,940,1280,940,False,False,nan,277.87494001066375,5263.575652426862,nan,nan,nan,full,277.87494001066375,5263.575652426862,0.7797818791946309,False,False
Hi4D,/home/shangguanrz/project/pic-edit/datasets/Hi4D_pilot_v1/raw/pair14/talk14/images/4/000101.jpg,pair14/talk14/images/4/000101.jpg,940,1280,940,False,False,nan,272.8914481767598,5460.69384765625,nan,nan,nan,full,272.8914481767598,5460.69384765625,0.7797818791946309,False,False
Hi4D,/home/shangguanrz/project/pic-edit/datasets/Hi4D_pilot_v1/raw/pair28/fight28/images/4/000065.jpg,pair28/fight28/images/4/000065.jpg,940,1280,940,False,False,nan,285.40525176580155,5078.254030917553,nan,nan,nan,full,285.40525176580155,5078.254030917553,0.7797818791946309,False,False
Hi4D,/home/shangguanrz/project/pic-edit/datasets/Hi4D_pilot_v1/raw/pair28/fight28/images/4/000070.jpg,pair28/fight28/images/4/000070.jpg,940,1280,940,False,False,nan,284.19909812074917,5104.116543384309,nan,nan,nan,full,284.19909812074917,5104.116543384309,0.779991610738255,False,False
Hi4D,/home/shangguanrz/project/pic-edit/datasets/Hi4D_pilot_v1/raw/pair28/fight28/images/4/000075.jpg,pair28/fight28/images/4/000075.jpg,940,1280,940,False,False,nan,282.1916737026519,5147.061845495346,nan,nan,nan,full,282.1916737026519,5147.061845495346,0.7799916107382551,False,False
Hi4D,/home/shangguanrz/project/pic-edit/datasets/Hi4D_pilot_v1/raw/pair16/hug16/images/4/000039.jpg,pair16/hug16/images/4/000039.jpg,940,1280,940,False,False,nan,278.1054166804185,5258.943203540559,nan,nan,nan,full,278.1054166804185,5258.943203540559,0.7802013422818792,False,False
Hi4D,/home/shangguanrz/project/pic-edit/datasets/Hi4D_pilot_v1/raw/pair14/dance14/images/16/000137.jpg,pair14/dance14/images/16/000137.jpg,940,1280,940,False,False,nan,291.08595602668316,4970.63341505984,nan,nan,nan,full,291.08595602668316,4970.63341505984,0.7808305369127517,False,False
Hi4D,/home/shangguanrz/project/pic-edit/datasets/Hi4D_pilot_v1/raw/pair28/fight28/images/4/000072.jpg,pair28/fight28/images/4/000072.jpg,940,1280,940,False,False,nan,284.0713611116449,5125.689245345745,nan,nan,nan,full,284.0713611116449,5125.689245345745,0.7810402684563759,False,False
Hi4D,/home/shangguanrz/project/pic-edit/datasets/Hi4D_pilot_v1/raw/pair16/jump16/images/4/000022.jpg,pair16/jump16/images/4/000022.jpg,940,1280,940,False,False,nan,280.5408847578892,5192.029566988032,nan,nan,nan,full,280.5408847578892,5192.029566988032,0.78125,False,False
Hi4D,/home/shangguanrz/project/pic-edit/datasets/Hi4D_pilot_v1/raw/pair09/bend09/images/88/000008.jpg,pair09/bend09/images/88/000008.jpg,940,1280,940,False,False,nan,368.74433363695505,4762.63202293883,nan,nan,nan,full,368.74433363695505,4762.63202293883,0.7814597315436241,False,False
Hi4D,/home/shangguanrz/project/pic-edit/datasets/Hi4D_pilot_v1/raw/pair09/hug09/images/28/000006.jpg,pair09/hug09/images/28/000006.jpg,940,1280,940,False,False,nan,330.62950544057253,4837.772658327793,nan,nan,nan,full,330.62950544057253,4837.772658327793,0.7822986577181208,False,False
Hi4D,/home/shangguanrz/project/pic-edit/datasets/Hi4D_pilot_v1/raw/pair14/dance14/images/16/000158.jpg,pair14/dance14/images/16/000158.jpg,940,1280,940,False,False,nan,294.9182957836329,4959.164633892952,nan,nan,nan,full,294.9182957836329,4959.164633892952,0.7829278523489933,False,False
Hi4D,/home/shangguanrz/project/pic-edit/datasets/Hi4D_pilot_v1/raw/pair14/talk14/images/4/000036.jpg,pair14/talk14/images/4/000036.jpg,940,1280,940,False,False,nan,279.902310219001,5215.432679521276,nan,nan,nan,full,279.902310219001,5215.432679521276,0.78376677852349,False,False
Hi4D,/home/shangguanrz/project/pic-edit/datasets/Hi4D_pilot_v1/raw/pair14/talk14/images/4/000010.jpg,pair14/talk14/images/4/000010.jpg,940,1280,940,False,False,nan,280.76611796068676,5198.090861868351,nan,nan,nan,full,280.76611796068676,5198.090861868351,0.7843959731543624,False,False
Hi4D,/home/shangguanrz/project/pic-edit/datasets/Hi4D_pilot_v1/raw/pair14/talk14/images/4/000009.jpg,pair14/talk14/images/4/000009.jpg,940,1280,940,False,False,nan,281.1867335961652,5194.948304521276,nan,nan,nan,full,281.1867335961652,5194.948304521276,0.785234899328859,False,False
Hi4D,/home/shangguanrz/project/pic-edit/datasets/Hi4D_pilot_v1/raw/pair28/basketball28/images/4/000077.jpg,pair28/basketball28/images/4/000077.jpg,940,1280,940,False,False,nan,297.87954418685644,4949.56550241024,nan,nan,nan,full,297.87954418685644,4949.56550241024,0.7856543624161074,False,False
Hi4D,/home/shangguanrz/project/pic-edit/datasets/Hi4D_pilot_v1/raw/pair28/fight28/images/4/000073.jpg,pair28/fight28/images/4/000073.jpg,940,1280,940,False,False,nan,284.53379971970793,5141.29559715758,nan,nan,nan,full,284.53379971970793,5141.29559715758,0.7858640939597316,False,False
Hi4D,/home/shangguanrz/project/pic-edit/datasets/Hi4D_pilot_v1/raw/pair28/fight28/images/4/000140.jpg,pair28/fight28/images/4/000140.jpg,940,1280,940,False,False,nan,286.9785515373516,5091.215841090426,nan,nan,nan,full,286.9785515373516,5091.215841090426,0.7862835570469799,False,False
Hi4D,/home/shangguanrz/project/pic-edit/datasets/Hi4D_pilot_v1/raw/pair14/talk14/images/4/000067.jpg,pair14/talk14/images/4/000067.jpg,940,1280,940,False,False,nan,278.4011650374703,5303.31828665226,nan,nan,nan,full,278.4011650374703,5303.31828665226,0.786493288590604,False,False
Hi4D,/home/shangguanrz/project/pic-edit/datasets/Hi4D_pilot_v1/raw/pair28/basketball28/images/4/000080.jpg,pair28/basketball28/images/4/000080.jpg,940,1280,940,False,False,nan,314.7597428507911,4884.312271442819,nan,nan,nan,full,314.7597428507911,4884.312271442819,0.7867030201342282,False,False
Hi4D,/home/shangguanrz/project/pic-edit/datasets/Hi4D_pilot_v1/raw/pair28/fight28/images/4/000142.jpg,pair28/fight28/images/4/000142.jpg,940,1280,940,False,False,nan,287.2131170364136,5091.916649351729,nan,nan,nan,full,287.2131170364136,5091.916649351729,0.7875419463087248,False,False
Hi4D,/home/shangguanrz/project/pic-edit/datasets/Hi4D_pilot_v1/raw/pair09/hug09/images/28/000005.jpg,pair09/hug09/images/28/000005.jpg,940,1280,940,False,False,nan,333.2833043055439,4859.968853889628,nan,nan,nan,full,333.2833043055439,4859.968853889628,0.787751677852349,False,False
Hi4D,/home/shangguanrz/project/pic-edit/datasets/Hi4D_pilot_v1/raw/pair14/dance14/images/16/000179.jpg,pair14/dance14/images/16/000179.jpg,940,1280,940,False,False,nan,298.56916911993807,4952.073273354388,nan,nan,nan,full,298.56916911993807,4952.073273354388,0.7881711409395973,False,False
Hi4D,/home/shangguanrz/project/pic-edit/datasets/Hi4D_pilot_v1/raw/pair09/bend09/images/88/000120.jpg,pair09/bend09/images/88/000120.jpg,940,1280,940,False,False,nan,347.1912859121616,4819.32635887633,nan,nan,nan,full,347.1912859121616,4819.32635887633,0.7883808724832215,False,False
Hi4D,/home/shangguanrz/project/pic-edit/datasets/Hi4D_pilot_v1/raw/pair14/dance14/images/16/000180.jpg,pair14/dance14/images/16/000180.jpg,940,1280,940,False,False,nan,301.2833640701417,4939.884869514628,nan,nan,nan,full,301.2833640701417,4939.884869514628,0.7885906040268456,False,False
Hi4D,/home/shangguanrz/project/pic-edit/datasets/Hi4D_pilot_v1/raw/pair14/talk14/images/4/000011.jpg,pair14/talk14/images/4/000011.jpg,940,1280,940,False,False,nan,281.248634857201,5205.509017619681,nan,nan,nan,full,281.248634857201,5205.509017619681,0.7888003355704698,False,False
Hi4D,/home/shangguanrz/project/pic-edit/datasets/Hi4D_pilot_v1/raw/pair28/fight28/images/4/000143.jpg,pair28/fight28/images/4/000143.jpg,940,1280,940,False,False,nan,287.51794546831786,5093.953000332447,nan,nan,nan,full,287.51794546831786,5093.953000332447,0.7892197986577181,False,False
Hi4D,/home/shangguanrz/project/pic-edit/datasets/Hi4D_pilot_v1/raw/pair16/talk16/images/16/000042.jpg,pair16/talk16/images/16/000042.jpg,940,1280,940,False,False,nan,300.14717731865994,4948.914935172872,nan,nan,nan,full,300.14717731865994,4948.914935172872,0.7894295302013423,False,False
Hi4D,/home/shangguanrz/project/pic-edit/datasets/Hi4D_pilot_v1/raw/pair09/bend09/images/88/000007.jpg,pair09/bend09/images/88/000007.jpg,940,1280,940,False,False,nan,366.5387503732485,4791.894853307846,nan,nan,nan,full,366.5387503732485,4791.894853307846,0.7896392617449665,False,False
Hi4D,/home/shangguanrz/project/pic-edit/datasets/Hi4D_pilot_v1/raw/pair14/talk14/images/4/000099.jpg,pair14/talk14/images/4/000099.jpg,940,1280,940,False,False,nan,274.1375097112183,5549.126309009309,nan,nan,nan,full,274.1375097112183,5549.126309009309,0.7900587248322147,False,False
Hi4D,/home/shangguanrz/project/pic-edit/datasets/Hi4D_pilot_v1/raw/pair14/talk14/images/4/000020.jpg,pair14/talk14/images/4/000020.jpg,940,1280,940,False,False,nan,282.68933094047,5186.651637300532,nan,nan,nan,full,282.68933094047,5186.651637300532,0.7902684563758389,False,False
Hi4D,/home/shangguanrz/project/pic-edit/datasets/Hi4D_pilot_v1/raw/pair16/talk16/images/16/000148.jpg,pair16/talk16/images/16/000148.jpg,940,1280,940,False,False,nan,292.3389007540892,5004.001610289229,nan,nan,nan,full,292.3389007540892,5004.001610289229,0.7904781879194631,False,False
Hi4D,/home/shangguanrz/project/pic-edit/datasets/Hi4D_pilot_v1/raw/pair16/talk16/images/16/000050.jpg,pair16/talk16/images/16/000050.jpg,940,1280,940,False,False,nan,293.6410888386237,4995.988239694149,nan,nan,nan,full,293.6410888386237,4995.988239694149,0.7908976510067114,False,False
Hi4D,/home/shangguanrz/project/pic-edit/datasets/Hi4D_pilot_v1/raw/pair09/bend09/images/88/000122.jpg,pair09/bend09/images/88/000122.jpg,940,1280,940,False,False,nan,349.7466631284285,4828.727809175532,nan,nan,nan,full,349.7466631284285,4828.727809175532,0.7913171140939597,False,False
Hi4D,/home/shangguanrz/project/pic-edit/datasets/Hi4D_pilot_v1/raw/pair09/bend09/images/88/000091.jpg,pair09/bend09/images/88/000091.jpg,940,1280,940,False,False,nan,351.5396625299484,4819.993870511968,nan,nan,nan,full,351.5396625299484,4819.993870511968,0.7913171140939598,False,False
Hi4D,/home/shangguanrz/project/pic-edit/datasets/Hi4D_pilot_v1/raw/pair16/talk16/images/16/000052.jpg,pair16/talk16/images/16/000052.jpg,940,1280,940,False,False,nan,296.159231311868,4984.550978640293,nan,nan,nan,full,296.159231311868,4984.550978640293,0.791736577181208,False,False
Hi4D,/home/shangguanrz/project/pic-edit/datasets/Hi4D_pilot_v1/raw/pair16/jump16/images/4/000013.jpg,pair16/jump16/images/4/000013.jpg,940,1280,940,False,False,nan,286.97428165962384,5134.133477393617,nan,nan,nan,full,286.97428165962384,5134.133477393617,0.7917365771812082,False,False
Hi4D,/home/shangguanrz/project/pic-edit/datasets/Hi4D_pilot_v1/raw/pair16/talk16/images/16/000103.jpg,pair16/talk16/images/16/000103.jpg,940,1280,940,False,False,nan,296.99487355951806,4985.053118766622,nan,nan,nan,full,296.99487355951806,4985.053118766622,0.7932046979865772,False,False
Hi4D,/home/shangguanrz/project/pic-edit/datasets/Hi4D_pilot_v1/raw/pair14/dance14/images/16/000170.jpg,pair14/dance14/images/16/000170.jpg,940,1280,940,False,False,nan,295.60626071499945,5025.46544630984,nan,nan,nan,full,295.60626071499945,5025.46544630984,0.7965604026845639,False,False
Hi4D,/home/shangguanrz/project/pic-edit/datasets/Hi4D_pilot_v1/raw/pair09/bend09/images/88/000106.jpg,pair09/bend09/images/88/000106.jpg,940,1280,940,False,False,nan,352.2363749028548,4845.328384724069,nan,nan,nan,full,352.2363749028548,4845.328384724069,0.7967701342281879,False,False
Hi4D,/home/shangguanrz/project/pic-edit/datasets/Hi4D_pilot_v1/raw/pair09/bend09/images/88/000079.jpg,pair09/bend09/images/88/000079.jpg,940,1280,940,False,False,nan,357.9209458077855,4833.868434175532,nan,nan,nan,full,357.9209458077855,4833.868434175532,0.7971895973154363,False,False
Hi4D,/home/shangguanrz/project/pic-edit/datasets/Hi4D_pilot_v1/raw/pair14/dance14/images/16/000172.jpg,pair14/dance14/images/16/000172.jpg,940,1280,940,False,False,nan,296.3345994313629,5018.685754654255,nan,nan,nan,full,296.3345994313629,5018.685754654255,0.7971895973154363,False,False
Hi4D,/home/shangguanrz/project/pic-edit/datasets/Hi4D_pilot_v1/raw/pair14/hug14/images/4/000033.jpg,pair14/hug14/images/4/000033.jpg,940,1280,940,False,False,nan,283.6011493901906,5203.050937084441,nan,nan,nan,full,283.6011493901906,5203.050937084441,0.7971895973154363,False,False
Hi4D,/home/shangguanrz/project/pic-edit/datasets/Hi4D_pilot_v1/raw/pair16/talk16/images/16/000116.jpg,pair16/talk16/images/16/000116.jpg,940,1280,940,False,False,nan,297.60715392921355,5025.297051612367,nan,nan,nan,full,297.60715392921355,5025.297051612367,0.7990771812080537,False,False
Hi4D,/home/shangguanrz/project/pic-edit/datasets/Hi4D_pilot_v1/raw/pair28/fight28/images/4/000062.jpg,pair28/fight28/images/4/000062.jpg,940,1280,940,False,False,nan,288.52436582205144,5142.421168550532,nan,nan,nan,full,288.52436582205144,5142.421168550532,0.7992869127516778,False,False
Hi4D,/home/shangguanrz/project/pic-edit/datasets/Hi4D_pilot_v1/raw/pair16/talk16/images/16/000049.jpg,pair16/talk16/images/16/000049.jpg,940,1280,940,False,False,nan,297.4388313479098,5032.409543301197,nan,nan,nan,full,297.4388313479098,5032.409543301197,0.799496644295302,False,False
Hi4D,/home/shangguanrz/project/pic-edit/datasets/Hi4D_pilot_v1/raw/pair16/jump16/images/4/000070.jpg,pair16/jump16/images/4/000070.jpg,940,1280,940,False,False,nan,282.17726609187736,5274.324229138962,nan,nan,nan,full,282.17726609187736,5274.324229138962,0.7999161073825503,False,False
Hi4D,/home/shangguanrz/project/pic-edit/datasets/Hi4D_pilot_v1/raw/pair16/talk16/images/16/000047.jpg,pair16/talk16/images/16/000047.jpg,940,1280,940,False,False,nan,299.1188411509737,5004.186211768617,nan,nan,nan,full,299.1188411509737,5004.186211768617,0.8009647651006712,False,False
Hi4D,/home/shangguanrz/project/pic-edit/datasets/Hi4D_pilot_v1/raw/pair09/bend09/images/88/000006.jpg,pair09/bend09/images/88/000006.jpg,940,1280,940,False,False,nan,369.7128488433314,4844.056952293883,nan,nan,nan,full,369.7128488433314,4844.056952293883,0.8018036912751678,False,False
Hi4D,/home/shangguanrz/project/pic-edit/datasets/Hi4D_pilot_v1/raw/pair09/bend09/images/88/000116.jpg,pair09/bend09/images/88/000116.jpg,940,1280,940,False,False,nan,350.9706507104724,4880.671636053857,nan,nan,nan,full,350.9706507104724,4880.671636053857,0.8022231543624161,False,False
Hi4D,/home/shangguanrz/project/pic-edit/datasets/Hi4D_pilot_v1/raw/pair16/hug16/images/4/000028.jpg,pair16/hug16/images/4/000028.jpg,940,1280,940,False,False,nan,285.51284456207185,5197.820156665559,nan,nan,nan,full,285.51284456207185,5197.820156665559,0.8022231543624161,False,False
Hi4D,/home/shangguanrz/project/pic-edit/datasets/Hi4D_pilot_v1/raw/pair16/talk16/images/16/000045.jpg,pair16/talk16/images/16/000045.jpg,940,1280,940,False,False,nan,299.45117828734277,5009.928565492021,nan,nan,nan,full,299.45117828734277,5009.928565492021,0.8024328859060403,False,False
Hi4D,/home/shangguanrz/project/pic-edit/datasets/Hi4D_pilot_v1/raw/pair16/talk16/images/16/000044.jpg,pair16/talk16/images/16/000044.jpg,940,1280,940,False,False,nan,301.783873920664,4999.89562209109,nan,nan,nan,full,301.783873920664,4999.89562209109,0.8032718120805369,False,False
Hi4D,/home/shangguanrz/project/pic-edit/datasets/Hi4D_pilot_v1/raw/pair16/talk16/images/16/000112.jpg,pair16/talk16/images/16/000112.jpg,940,1280,940,False,False,nan,297.8207001518804,5049.394770196143,nan,nan,nan,full,297.8207001518804,5049.394770196143,0.8043204697986577,False,False
Hi4D,/home/shangguanrz/project/pic-edit/datasets/Hi4D_pilot_v1/raw/pair09/bend09/images/88/000118.jpg,pair09/bend09/images/88/000118.jpg,940,1280,940,False,False,nan,357.11433478673166,4878.791327293883,nan,nan,nan,full,357.11433478673166,4878.791327293883,0.8053691275167785,False,False
Hi4D,/home/shangguanrz/project/pic-edit/datasets/Hi4D_pilot_v1/raw/pair28/fight28/images/4/000063.jpg,pair28/fight28/images/4/000063.jpg,940,1280,940,False,False,nan,288.963014652633,5160.555456283245,nan,nan,nan,full,288.963014652633,5160.555456283245,0.8053691275167785,False,False
Hi4D,/home/shangguanrz/project/pic-edit/datasets/Hi4D_pilot_v1/raw/pair28/fight28/images/4/000057.jpg,pair28/fight28/images/4/000057.jpg,940,1280,940,False,False,nan,290.66507377768596,5147.679032995346,nan,nan,nan,full,290.66507377768596,5147.679032995346,0.8066275167785235,False,False
Hi4D,/home/shangguanrz/project/pic-edit/datasets/Hi4D_pilot_v1/raw/pair16/talk16/images/16/000105.jpg,pair16/talk16/images/16/000105.jpg,940,1280,940,False,False,nan,296.94145982928706,5098.277281416224,nan,nan,nan,full,296.94145982928706,5098.277281416224,0.8076761744966443,False,False
Hi4D,/home/shangguanrz/project/pic-edit/datasets/Hi4D_pilot_v1/raw/pair16/talk16/images/16/000120.jpg,pair16/talk16/images/16/000120.jpg,940,1280,940,False,False,nan,300.0904154257302,5044.84296043883,nan,nan,nan,full,300.0904154257302,5044.84296043883,0.8076761744966443,False,False
Hi4D,/home/shangguanrz/project/pic-edit/datasets/Hi4D_pilot_v1/raw/pair16/hug16/images/4/000029.jpg,pair16/hug16/images/4/000029.jpg,940,1280,940,False,False,nan,285.66622232494984,5233.914187167553,nan,nan,nan,full,285.66622232494984,5233.914187167553,0.8078859060402684,False,False
Hi4D,/home/shangguanrz/project/pic-edit/datasets/Hi4D_pilot_v1/raw/pair14/dance14/images/16/000150.jpg,pair14/dance14/images/16/000150.jpg,940,1280,940,False,False,nan,297.6088489570624,5094.455254737367,nan,nan,nan,full,297.6088489570624,5094.455254737367,0.8083053691275168,False,False
Hi4D,/home/shangguanrz/project/pic-edit/datasets/Hi4D_pilot_v1/raw/pair14/talk14/images/4/000028.jpg,pair14/talk14/images/4/000028.jpg,940,1280,940,False,False,nan,284.96217017208306,5273.07316946476,nan,nan,nan,full,284.96217017208306,5273.07316946476,0.8085151006711409,False,False
Hi4D,/home/shangguanrz/project/pic-edit/datasets/Hi4D_pilot_v1/raw/pair28/basketball28/images/4/000079.jpg,pair28/basketball28/images/4/000079.jpg,940,1280,940,False,False,nan,325.5908293232976,4971.39862450133,nan,nan,nan,full,325.5908293232976,4971.39862450133,0.8087248322147651,False,False
Hi4D,/home/shangguanrz/project/pic-edit/datasets/Hi4D_pilot_v1/raw/pair09/bend09/images/88/000114.jpg,pair09/bend09/images/88/000114.jpg,940,1280,940,False,False,nan,354.3153629753859,4907.520487034574,nan,nan,nan,full,354.3153629753859,4907.520487034574,0.8089345637583893,False,False
Hi4D,/home/shangguanrz/project/pic-edit/datasets/Hi4D_pilot_v1/raw/pair09/bend09/images/88/000005.jpg,pair09/bend09/images/88/000005.jpg,940,1280,940,False,False,nan,369.49405262274894,4883.415485787899,nan,nan,nan,full,369.49405262274894,4883.415485787899,0.8093540268456376,False,False
Hi4D,/home/shangguanrz/project/pic-edit/datasets/Hi4D_pilot_v1/raw/pair16/talk16/images/16/000122.jpg,pair16/talk16/images/16/000122.jpg,940,1280,940,False,False,nan,303.04011340754346,5040.120387300532,nan,nan,nan,full,303.04011340754346,5040.120387300532,0.8095637583892618,False,False
Hi4D,/home/shangguanrz/project/pic-edit/datasets/Hi4D_pilot_v1/raw/pair09/bend09/images/88/000089.jpg,pair09/bend09/images/88/000089.jpg,940,1280,940,False,False,nan,360.0255605784839,4896.75334524601,nan,nan,nan,full,360.0255605784839,4896.75334524601,0.80998322147651,False,False
Hi4D,/home/shangguanrz/project/pic-edit/datasets/Hi4D_pilot_v1/raw/pair09/bend09/images/88/000112.jpg,pair09/bend09/images/88/000112.jpg,940,1280,940,False,False,nan,356.85915520116714,4911.061211768617,nan,nan,nan,full,356.85915520116714,4911.061211768617,0.8106124161073825,False,False
Hi4D,/home/shangguanrz/project/pic-edit/datasets/Hi4D_pilot_v1/raw/pair14/talk14/images/4/000027.jpg,pair14/talk14/images/4/000027.jpg,940,1280,940,False,False,nan,286.2332293815665,5249.276938580452,nan,nan,nan,full,286.2332293815665,5249.276938580452,0.8106124161073825,False,False
Hi4D,/home/shangguanrz/project/pic-edit/datasets/Hi4D_pilot_v1/raw/pair09/bend09/images/88/000124.jpg,pair09/bend09/images/88/000124.jpg,940,1280,940,False,False,nan,352.75915035242514,4925.446943567154,nan,nan,nan,full,352.75915035242514,4925.446943567154,0.811241610738255,False,False
Hi4D,/home/shangguanrz/project/pic-edit/datasets/Hi4D_pilot_v1/raw/pair28/fight28/images/4/000059.jpg,pair28/fight28/images/4/000059.jpg,940,1280,940,False,False,nan,291.2505338976371,5163.437770113032,nan,nan,nan,full,291.2505338976371,5163.437770113032,0.8116610738255033,False,False
Hi4D,/home/shangguanrz/project/pic-edit/datasets/Hi4D_pilot_v1/raw/pair14/dance14/images/16/000157.jpg,pair14/dance14/images/16/000157.jpg,940,1280,940,False,False,nan,301.31094566280353,5077.852393617021,nan,nan,nan,full,301.31094566280353,5077.852393617021,0.8122902684563759,False,False
Hi4D,/home/shangguanrz/project/pic-edit/datasets/Hi4D_pilot_v1/raw/pair16/talk16/images/16/000107.jpg,pair16/talk16/images/16/000107.jpg,940,1280,940,False,False,nan,298.6894530075715,5102.347012134309,nan,nan,nan,full,298.6894530075715,5102.347012134309,0.8125,False,False
Hi4D,/home/shangguanrz/project/pic-edit/datasets/Hi4D_pilot_v1/raw/pair09/bend09/images/88/000110.jpg,pair09/bend09/images/88/000110.jpg,940,1280,940,False,False,nan,354.2615287309051,4932.392349567819,nan,nan,nan,full,354.2615287309051,4932.392349567819,0.8131291946308725,False,False
Hi4D,/home/shangguanrz/project/pic-edit/datasets/Hi4D_pilot_v1/raw/pair16/talk16/images/16/000111.jpg,pair16/talk16/images/16/000111.jpg,940,1280,940,False,False,nan,299.78610012138955,5097.308240525266,nan,nan,nan,full,299.78610012138955,5097.308240525266,0.8131291946308725,False,False
Hi4D,/home/shangguanrz/project/pic-edit/datasets/Hi4D_pilot_v1/raw/pair14/hug14/images/4/000081.jpg,pair14/hug14/images/4/000081.jpg,940,1280,940,False,False,nan,283.72406584356327,5407.187063663564,nan,nan,nan,full,283.72406584356327,5407.187063663564,0.8137583892617449,False,False
Hi4D,/home/shangguanrz/project/pic-edit/datasets/Hi4D_pilot_v1/raw/pair16/jump16/images/4/000073.jpg,pair16/jump16/images/4/000073.jpg,940,1280,940,False,False,nan,288.14597519828806,5220.393523520612,nan,nan,nan,full,288.14597519828806,5220.393523520612,0.8139681208053691,False,False
Hi4D,/home/shangguanrz/project/pic-edit/datasets/Hi4D_pilot_v1/raw/pair09/bend09/images/88/000004.jpg,pair09/bend09/images/88/000004.jpg,940,1280,940,False,False,nan,371.8622614814988,4919.151034740691,nan,nan,nan,full,371.8622614814988,4919.151034740691,0.8156459731543624,False,False
Hi4D,/home/shangguanrz/project/pic-edit/datasets/Hi4D_pilot_v1/raw/pair09/bend09/images/88/000108.jpg,pair09/bend09/images/88/000108.jpg,940,1280,940,False,False,nan,355.08744681240375,4938.942974983378,nan,nan,nan,full,355.08744681240375,4938.942974983378,0.8158557046979866,False,False
Hi4D,/home/shangguanrz/project/pic-edit/datasets/Hi4D_pilot_v1/raw/pair16/hug16/images/4/000021.jpg,pair16/hug16/images/4/000021.jpg,940,1280,940,False,False,nan,286.6369770466876,5322.337340009974,nan,nan,nan,full,286.6369770466876,5322.337340009974,0.8181627516778524,False,False
Hi4D,/home/shangguanrz/project/pic-edit/datasets/Hi4D_pilot_v1/raw/pair16/talk16/images/16/000118.jpg,pair16/talk16/images/16/000118.jpg,940,1280,940,False,False,nan,304.17471778697694,5099.804168051862,nan,nan,nan,full,304.17471778697694,5099.804168051862,0.8181627516778524,False,False
Hi4D,/home/shangguanrz/project/pic-edit/datasets/Hi4D_pilot_v1/raw/pair14/dance14/images/16/000153.jpg,pair14/dance14/images/16/000153.jpg,940,1280,940,False,False,nan,302.34036498738396,5125.134807180851,nan,nan,nan,full,302.34036498738396,5125.134807180851,0.8183724832214765,False,False
Hi4D,/home/shangguanrz/project/pic-edit/datasets/Hi4D_pilot_v1/raw/pair14/talk14/images/4/000026.jpg,pair14/talk14/images/4/000026.jpg,940,1280,940,False,False,nan,288.4593245503912,5264.309746924867,nan,nan,nan,full,288.4593245503912,5264.309746924867,0.8185822147651007,False,False
Hi4D,/home/shangguanrz/project/pic-edit/datasets/Hi4D_pilot_v1/raw/pair16/talk16/images/16/000109.jpg,pair16/talk16/images/16/000109.jpg,940,1280,940,False,False,nan,297.9768878734722,5153.041753241357,nan,nan,nan,full,297.9768878734722,5153.041753241357,0.8196308724832215,False,False
Hi4D,/home/shangguanrz/project/pic-edit/datasets/Hi4D_pilot_v1/raw/pair14/talk14/images/4/000025.jpg,pair14/talk14/images/4/000025.jpg,940,1280,940,False,False,nan,287.6267827129191,5300.3505859375,nan,nan,nan,full,287.6267827129191,5300.3505859375,0.8206795302013423,False,False
Hi4D,/home/shangguanrz/project/pic-edit/datasets/Hi4D_pilot_v1/raw/pair14/talk14/images/4/000035.jpg,pair14/talk14/images/4/000035.jpg,940,1280,940,False,False,nan,287.8476839972169,5298.490317486702,nan,nan,nan,full,287.8476839972169,5298.490317486702,0.8208892617449665,False,False
Hi4D,/home/shangguanrz/project/pic-edit/datasets/Hi4D_pilot_v1/raw/pair16/jump16/images/4/000072.jpg,pair16/jump16/images/4/000072.jpg,940,1280,940,False,False,nan,288.308425257356,5296.22021484375,nan,nan,nan,full,288.308425257356,5296.22021484375,0.8215184563758389,False,False
Hi4D,/home/shangguanrz/project/pic-edit/datasets/Hi4D_pilot_v1/raw/pair14/dance14/images/16/000156.jpg,pair14/dance14/images/16/000156.jpg,940,1280,940,False,False,nan,304.47360897752276,5132.337059507979,nan,nan,nan,full,304.47360897752276,5132.337059507979,0.8217281879194631,False,False
Hi4D,/home/shangguanrz/project/pic-edit/datasets/Hi4D_pilot_v1/raw/pair28/fight28/images/4/000060.jpg,pair28/fight28/images/4/000060.jpg,940,1280,940,False,False,nan,291.7019658416522,5202.72089012633,nan,nan,nan,full,291.7019658416522,5202.72089012633,0.8217281879194631,False,False
Hi4D,/home/shangguanrz/project/pic-edit/datasets/Hi4D_pilot_v1/raw/pair16/jump16/images/4/000071.jpg,pair16/jump16/images/4/000071.jpg,940,1280,940,False,False,nan,287.5692108415704,5327.752773853059,nan,nan,nan,full,287.5692108415704,5327.752773853059,0.8221476510067114,False,False
Hi4D,/home/shangguanrz/project/pic-edit/datasets/Hi4D_pilot_v1/raw/pair14/talk14/images/4/000030.jpg,pair14/talk14/images/4/000030.jpg,940,1280,940,False,False,nan,290.0316648178642,5258.992332945479,nan,nan,nan,full,290.0316648178642,5258.992332945479,0.8225671140939597,False,False
Hi4D,/home/shangguanrz/project/pic-edit/datasets/Hi4D_pilot_v1/raw/pair09/bend09/images/88/000081.jpg,pair09/bend09/images/88/000081.jpg,940,1280,940,False,False,nan,357.79065071351937,4963.807669132314,nan,nan,nan,full,357.79065071351937,4963.807669132314,0.822986577181208,False,False
Hi4D,/home/shangguanrz/project/pic-edit/datasets/Hi4D_pilot_v1/raw/pair14/talk14/images/4/000029.jpg,pair14/talk14/images/4/000029.jpg,940,1280,940,False,False,nan,289.0071483312176,5289.417885638298,nan,nan,nan,full,289.0071483312176,5289.417885638298,0.8236157718120806,False,False
Hi4D,/home/shangguanrz/project/pic-edit/datasets/Hi4D_pilot_v1/raw/pair09/bend09/images/88/000087.jpg,pair09/bend09/images/88/000087.jpg,940,1280,940,False,False,nan,363.08236068327966,4966.747953374335,nan,nan,nan,full,363.08236068327966,4966.747953374335,0.825503355704698,False,False
Hi4D,/home/shangguanrz/project/pic-edit/datasets/Hi4D_pilot_v1/raw/pair09/bend09/images/88/000128.jpg,pair09/bend09/images/88/000128.jpg,940,1280,940,False,False,nan,352.0287628509493,4984.317216589096,nan,nan,nan,full,352.0287628509493,4984.317216589096,0.825503355704698,False,False
Hi4D,/home/shangguanrz/project/pic-edit/datasets/Hi4D_pilot_v1/raw/pair09/bend09/images/88/000003.jpg,pair09/bend09/images/88/000003.jpg,940,1280,940,False,False,nan,373.521889900179,4969.499044215426,nan,nan,nan,full,373.521889900179,4969.499044215426,0.8282298657718121,False,False
Hi4D,/home/shangguanrz/project/pic-edit/datasets/Hi4D_pilot_v1/raw/pair09/bend09/images/88/000083.jpg,pair09/bend09/images/88/000083.jpg,940,1280,940,False,False,nan,361.07446922474514,4978.672197057846,nan,nan,nan,full,361.07446922474514,4978.672197057846,0.8282298657718121,False,False
Hi4D,/home/shangguanrz/project/pic-edit/datasets/Hi4D_pilot_v1/raw/pair16/jump16/images/4/000015.jpg,pair16/jump16/images/4/000015.jpg,940,1280,940,False,False,nan,288.9097297114989,5371.532922623005,nan,nan,nan,full,288.9097297114989,5371.532922623005,0.8288590604026846,False,False
Hi4D,/home/shangguanrz/project/pic-edit/datasets/Hi4D_pilot_v1/raw/pair09/bend09/images/88/000126.jpg,pair09/bend09/images/88/000126.jpg,940,1280,940,False,False,nan,354.63398567914635,5006.150328291224,nan,nan,nan,full,354.63398567914635,5006.150328291224,0.8305369127516778,False,False
Hi4D,/home/shangguanrz/project/pic-edit/datasets/Hi4D_pilot_v1/raw/pair16/talk16/images/16/000150.jpg,pair16/talk16/images/16/000150.jpg,940,1280,940,False,False,nan,297.99644026706636,5200.146515541888,nan,nan,nan,full,297.99644026706636,5200.146515541888,0.8305369127516778,False,False
Hi4D,/home/shangguanrz/project/pic-edit/datasets/Hi4D_pilot_v1/raw/pair14/dance14/images/16/000154.jpg,pair14/dance14/images/16/000154.jpg,940,1280,940,False,False,nan,305.5948666623677,5168.277000914229,nan,nan,nan,full,305.5948666623677,5168.277000914229,0.8309563758389262,False,False
Hi4D,/home/shangguanrz/project/pic-edit/datasets/Hi4D_pilot_v1/raw/pair14/dance14/images/16/000155.jpg,pair14/dance14/images/16/000155.jpg,940,1280,940,False,False,nan,304.8458567244157,5168.852746841755,nan,nan,nan,full,304.8458567244157,5168.852746841755,0.8309563758389262,False,False
Hi4D,/home/shangguanrz/project/pic-edit/datasets/Hi4D_pilot_v1/raw/pair09/bend09/images/88/000085.jpg,pair09/bend09/images/88/000085.jpg,940,1280,940,False,False,nan,364.0893605064893,4994.932700299202,nan,nan,nan,full,364.0893605064893,4994.932700299202,0.832005033557047,False,False
Hi4D,/home/shangguanrz/project/pic-edit/datasets/Hi4D_pilot_v1/raw/pair14/talk14/images/4/000021.jpg,pair14/talk14/images/4/000021.jpg,940,1280,940,False,False,nan,290.79415816146894,5351.842191655585,nan,nan,nan,full,290.79415816146894,5351.842191655585,0.832005033557047,False,False
Hi4D,/home/shangguanrz/project/pic-edit/datasets/Hi4D_pilot_v1/raw/pair16/hug16/images/4/000030.jpg,pair16/hug16/images/4/000030.jpg,940,1280,940,False,False,nan,290.19876646075437,5369.219300615026,nan,nan,nan,full,290.19876646075437,5369.219300615026,0.832005033557047,False,False
Hi4D,/home/shangguanrz/project/pic-edit/datasets/Hi4D_pilot_v1/raw/pair16/hug16/images/4/000038.jpg,pair16/hug16/images/4/000038.jpg,940,1280,940,False,False,nan,288.8383837918072,5418.515157496676,nan,nan,nan,full,288.8383837918072,5418.515157496676,0.8322147651006712,False,False
Hi4D,/home/shangguanrz/project/pic-edit/datasets/Hi4D_pilot_v1/raw/pair09/bend09/images/88/000130.jpg,pair09/bend09/images/88/000130.jpg,940,1280,940,False,False,nan,352.5947475800043,5034.089334690824,nan,nan,nan,full,352.5947475800043,5034.089334690824,0.8328439597315436,False,False
Hi4D,/home/shangguanrz/project/pic-edit/datasets/Hi4D_pilot_v1/raw/pair14/hug14/images/4/000032.jpg,pair14/hug14/images/4/000032.jpg,940,1280,940,False,False,nan,290.15318093876215,5379.456491023936,nan,nan,nan,full,290.15318093876215,5379.456491023936,0.8328439597315436,False,False
Hi4D,/home/shangguanrz/project/pic-edit/datasets/Hi4D_pilot_v1/raw/pair14/talk14/images/4/000024.jpg,pair14/talk14/images/4/000024.jpg,940,1280,940,False,False,nan,292.4522016599687,5358.860143783245,nan,nan,nan,full,292.4522016599687,5358.860143783245,0.8366191275167785,False,False
Hi4D,/home/shangguanrz/project/pic-edit/datasets/Hi4D_pilot_v1/raw/pair14/hug14/images/4/000031.jpg,pair14/hug14/images/4/000031.jpg,940,1280,940,False,False,nan,288.9160393124902,5466.438185671543,nan,nan,nan,full,288.9160393124902,5466.438185671543,0.8376677852348993,False,False
Hi4D,/home/shangguanrz/project/pic-edit/datasets/Hi4D_pilot_v1/raw/pair09/bend09/images/88/000002.jpg,pair09/bend09/images/88/000002.jpg,940,1280,940,False,False,nan,377.93070232730577,5045.564692071143,nan,nan,nan,full,377.93070232730577,5045.564692071143,0.8418624161073825,False,False
Hi4D,/home/shangguanrz/project/pic-edit/datasets/Hi4D_pilot_v1/raw/pair14/talk14/images/4/000034.jpg,pair14/talk14/images/4/000034.jpg,940,1280,940,False,False,nan,296.1091322391591,5390.115971991357,nan,nan,nan,full,296.1091322391591,5390.115971991357,0.842491610738255,False,False
Hi4D,/home/shangguanrz/project/pic-edit/datasets/Hi4D_pilot_v1/raw/pair14/talk14/images/4/000023.jpg,pair14/talk14/images/4/000023.jpg,940,1280,940,False,False,nan,294.97495815202416,5424.527468417553,nan,nan,nan,full,294.97495815202416,5424.527468417553,0.8441694630872483,False,False
Hi4D,/home/shangguanrz/project/pic-edit/datasets/Hi4D_pilot_v1/raw/pair16/hug16/images/4/000020.jpg,pair16/hug16/images/4/000020.jpg,940,1280,940,False,False,nan,290.96033917079416,5481.306910738032,nan,nan,nan,full,290.96033917079416,5481.306910738032,0.8450083892617449,False,False
Hi4D,/home/shangguanrz/project/pic-edit/datasets/Hi4D_pilot_v1/raw/pair16/hug16/images/4/000031.jpg,pair16/hug16/images/4/000031.jpg,940,1280,940,False,False,nan,291.7992842027968,5468.566177692819,nan,nan,nan,full,291.7992842027968,5468.566177692819,0.8454278523489933,False,False
Hi4D,/home/shangguanrz/project/pic-edit/datasets/Hi4D_pilot_v1/raw/pair14/hug14/images/4/000094.jpg,pair14/hug14/images/4/000094.jpg,940,1280,940,False,False,nan,290.0770682038468,5533.261365525266,nan,nan,nan,full,290.0770682038468,5533.261365525266,0.8462667785234899,False,False
Hi4D,/home/shangguanrz/project/pic-edit/datasets/Hi4D_pilot_v1/raw/pair14/hug14/images/4/000095.jpg,pair14/hug14/images/4/000095.jpg,940,1280,940,False,False,nan,290.4086527912635,5529.012238198138,nan,nan,nan,full,290.4086527912635,5529.012238198138,0.8464765100671141,False,False
Hi4D,/home/shangguanrz/project/pic-edit/datasets/Hi4D_pilot_v1/raw/pair14/dance14/images/16/000152.jpg,pair14/dance14/images/16/000152.jpg,940,1280,940,False,False,nan,311.0858931870631,5250.804105718085,nan,nan,nan,full,311.0858931870631,5250.804105718085,0.8466862416107382,False,False
Hi4D,/home/shangguanrz/project/pic-edit/datasets/Hi4D_pilot_v1/raw/pair14/talk14/images/4/000031.jpg,pair14/talk14/images/4/000031.jpg,940,1280,940,False,False,nan,298.8157224106595,5369.67822265625,nan,nan,nan,full,298.8157224106595,5369.67822265625,0.8466862416107382,False,False
Hi4D,/home/shangguanrz/project/pic-edit/datasets/Hi4D_pilot_v1/raw/pair09/bend09/images/88/000001.jpg,pair09/bend09/images/88/000001.jpg,940,1280,940,False,False,nan,384.65965401851093,5127.660010804521,nan,nan,nan,full,384.65965401851093,5127.660010804521,0.8506711409395973,False,False
Hi4D,/home/shangguanrz/project/pic-edit/datasets/Hi4D_pilot_v1/raw/pair16/jump16/images/4/000016.jpg,pair16/jump16/images/4/000016.jpg,940,1280,940,False,False,nan,294.5403027797566,5489.943858045212,nan,nan,nan,full,294.5403027797566,5489.943858045212,0.8513003355704698,False,False
Hi4D,/home/shangguanrz/project/pic-edit/datasets/Hi4D_pilot_v1/raw/pair14/talk14/images/4/000128.jpg,pair14/talk14/images/4/000128.jpg,940,1280,940,False,False,nan,291.11414026620434,5599.972178357712,nan,nan,nan,full,291.11414026620434,5599.972178357712,0.8531879194630873,False,False
Hi4D,/home/shangguanrz/project/pic-edit/datasets/Hi4D_pilot_v1/raw/pair14/talk14/images/4/000032.jpg,pair14/talk14/images/4/000032.jpg,940,1280,940,False,False,nan,301.15975941398546,5423.104180518617,nan,nan,nan,full,301.15975941398546,5423.104180518617,0.8533976510067114,False,False
Hi4D,/home/shangguanrz/project/pic-edit/datasets/Hi4D_pilot_v1/raw/pair14/talk14/images/4/000022.jpg,pair14/talk14/images/4/000022.jpg,940,1280,940,False,False,nan,297.6811794065792,5470.274891954788,nan,nan,nan,full,297.6811794065792,5470.274891954788,0.8536073825503356,False,False
Hi4D,/home/shangguanrz/project/pic-edit/datasets/Hi4D_pilot_v1/raw/pair16/hug16/images/4/000019.jpg,pair16/hug16/images/4/000019.jpg,940,1280,940,False,False,nan,294.21742469034564,5558.555051113697,nan,nan,nan,full,294.21742469034564,5558.555051113697,0.8557046979865772,False,False
Hi4D,/home/shangguanrz/project/pic-edit/datasets/Hi4D_pilot_v1/raw/pair16/hug16/images/4/000011.jpg,pair16/hug16/images/4/000011.jpg,940,1280,940,False,False,nan,297.98129395563814,5489.60370262633,nan,nan,nan,full,297.98129395563814,5489.60370262633,0.8569630872483222,False,False
Hi4D,/home/shangguanrz/project/pic-edit/datasets/Hi4D_pilot_v1/raw/pair16/jump16/images/4/000020.jpg,pair16/jump16/images/4/000020.jpg,940,1280,940,False,False,nan,297.70385643752144,5531.93122506649,nan,nan,nan,full,297.70385643752144,5531.93122506649,0.8582214765100671,False,False
Hi4D,/home/shangguanrz/project/pic-edit/datasets/Hi4D_pilot_v1/raw/pair14/hug14/images/4/000030.jpg,pair14/hug14/images/4/000030.jpg,940,1280,940,False,False,nan,295.7871543707865,5575.259703291224,nan,nan,nan,full,295.7871543707865,5575.259703291224,0.8584312080536913,False,False
Hi4D,/home/shangguanrz/project/pic-edit/datasets/Hi4D_pilot_v1/raw/pair14/talk14/images/4/000033.jpg,pair14/talk14/images/4/000033.jpg,940,1280,940,False,False,nan,303.8243815537328,5456.045056931516,nan,nan,nan,full,303.8243815537328,5456.045056931516,0.8596895973154361,False,False
Hi4D,/home/shangguanrz/project/pic-edit/datasets/Hi4D_pilot_v1/raw/pair16/jump16/images/4/000017.jpg,pair16/jump16/images/4/000017.jpg,940,1280,940,False,False,nan,297.8812891265665,5549.305456283245,nan,nan,nan,full,297.8812891265665,5549.305456283245,0.8603187919463087,False,False
Hi4D,/home/shangguanrz/project/pic-edit/datasets/Hi4D_pilot_v1/raw/pair16/hug16/images/4/000032.jpg,pair16/hug16/images/4/000032.jpg,940,1280,940,False,False,nan,298.2288322131145,5588.743964012633,nan,nan,nan,full,298.2288322131145,5588.743964012633,0.8640939597315436,False,False
Hi4D,/home/shangguanrz/project/pic-edit/datasets/Hi4D_pilot_v1/raw/pair16/hug16/images/4/000037.jpg,pair16/hug16/images/4/000037.jpg,940,1280,940,False,False,nan,298.73939749618734,5567.082374085771,nan,nan,nan,full,298.73939749618734,5567.082374085771,0.8640939597315436,False,False
Hi4D,/home/shangguanrz/project/pic-edit/datasets/Hi4D_pilot_v1/raw/pair16/hug16/images/4/000018.jpg,pair16/hug16/images/4/000018.jpg,940,1280,940,False,False,nan,297.9653605377583,5614.099941821809,nan,nan,nan,full,297.9653605377583,5614.099941821809,0.8643036912751678,False,False
Hi4D,/home/shangguanrz/project/pic-edit/datasets/Hi4D_pilot_v1/raw/pair14/hug14/images/4/000029.jpg,pair14/hug14/images/4/000029.jpg,940,1280,940,False,False,nan,297.4434493397522,5648.31122215758,nan,nan,nan,full,297.4434493397522,5648.31122215758,0.864513422818792,False,False
Hi4D,/home/shangguanrz/project/pic-edit/datasets/Hi4D_pilot_v1/raw/pair16/jump16/images/4/000019.jpg,pair16/jump16/images/4/000019.jpg,940,1280,940,False,False,nan,298.95583418701074,5609.265271775266,nan,nan,nan,full,298.95583418701074,5609.265271775266,0.8664010067114094,False,False
Hi4D,/home/shangguanrz/project/pic-edit/datasets/Hi4D_pilot_v1/raw/pair16/hug16/images/4/000012.jpg,pair16/hug16/images/4/000012.jpg,940,1280,940,False,False,nan,303.7132217658489,5536.770372755984,nan,nan,nan,full,303.7132217658489,5536.770372755984,0.8668204697986577,False,False
Hi4D,/home/shangguanrz/project/pic-edit/datasets/Hi4D_pilot_v1/raw/pair14/hug14/images/4/000093.jpg,pair14/hug14/images/4/000093.jpg,940,1280,940,False,False,nan,299.0461134127007,5616.693463264628,nan,nan,nan,full,299.0461134127007,5616.693463264628,0.867239932885906,False,False
Hi4D,/home/shangguanrz/project/pic-edit/datasets/Hi4D_pilot_v1/raw/pair16/hug16/images/4/000017.jpg,pair16/hug16/images/4/000017.jpg,940,1280,940,False,False,nan,298.9293384646711,5636.186845495346,nan,nan,nan,full,298.9293384646711,5636.186845495346,0.8674496644295302,False,False
Hi4D,/home/shangguanrz/project/pic-edit/datasets/Hi4D_pilot_v1/raw/pair16/jump16/images/4/000018.jpg,pair16/jump16/images/4/000018.jpg,940,1280,940,False,False,nan,301.702235278823,5602.945676113697,nan,nan,nan,full,301.702235278823,5602.945676113697,0.8689177852348993,False,False
Hi4D,/home/shangguanrz/project/pic-edit/datasets/Hi4D_pilot_v1/raw/pair16/hug16/images/4/000013.jpg,pair16/hug16/images/4/000013.jpg,940,1280,940,False,False,nan,303.6564241839297,5565.210833610372,nan,nan,nan,full,303.6564241839297,5565.210833610372,0.8691275167785235,False,False
Hi4D,/home/shangguanrz/project/pic-edit/datasets/Hi4D_pilot_v1/raw/pair14/hug14/images/4/000082.jpg,pair14/hug14/images/4/000082.jpg,940,1280,940,False,False,nan,298.4056125793483,5685.941375083112,nan,nan,nan,full,298.4056125793483,5685.941375083112,0.8693372483221476,False,False
Hi4D,/home/shangguanrz/project/pic-edit/datasets/Hi4D_pilot_v1/raw/pair14/hug14/images/4/000097.jpg,pair14/hug14/images/4/000097.jpg,940,1280,940,False,False,nan,300.20980859760675,5646.022419381649,nan,nan,nan,full,300.20980859760675,5646.022419381649,0.869756711409396,False,False
Hi4D,/home/shangguanrz/project/pic-edit/datasets/Hi4D_pilot_v1/raw/pair16/hug16/images/4/000016.jpg,pair16/hug16/images/4/000016.jpg,940,1280,940,False,False,nan,301.37099991086484,5653.704984624335,nan,nan,nan,full,301.37099991086484,5653.704984624335,0.8720637583892616,False,False
Hi4D,/home/shangguanrz/project/pic-edit/datasets/Hi4D_pilot_v1/raw/pair16/hug16/images/4/000036.jpg,pair16/hug16/images/4/000036.jpg,940,1280,940,False,False,nan,301.2980794115485,5664.017983294548,nan,nan,nan,full,301.2980794115485,5664.017983294548,0.8720637583892618,False,False
Hi4D,/home/shangguanrz/project/pic-edit/datasets/Hi4D_pilot_v1/raw/pair14/hug14/images/4/000011.jpg,pair14/hug14/images/4/000011.jpg,940,1280,940,False,False,nan,301.7239678774607,5660.37049119016,nan,nan,nan,full,301.7239678774607,5660.37049119016,0.8726929530201342,False,False
Hi4D,/home/shangguanrz/project/pic-edit/datasets/Hi4D_pilot_v1/raw/pair16/hug16/images/4/000015.jpg,pair16/hug16/images/4/000015.jpg,940,1280,940,False,False,nan,304.3466326727107,5644.11560837766,nan,nan,nan,full,304.3466326727107,5644.11560837766,0.8735318791946309,False,False
Hi4D,/home/shangguanrz/project/pic-edit/datasets/Hi4D_pilot_v1/raw/pair16/hug16/images/4/000014.jpg,pair16/hug16/images/4/000014.jpg,940,1280,940,False,False,nan,305.2673021353387,5630.705327460107,nan,nan,nan,full,305.2673021353387,5630.705327460107,0.8739513422818792,False,False
Hi4D,/home/shangguanrz/project/pic-edit/datasets/Hi4D_pilot_v1/raw/pair00/yoga00/images/4/000077.jpg,pair00/yoga00/images/4/000077.jpg,940,1280,940,False,False,nan,483.3606464693103,5257.727009225399,nan,nan,nan,full,483.3606464693103,5257.727009225399,0.8747902684563758,False,False
Hi4D,/home/shangguanrz/project/pic-edit/datasets/Hi4D_pilot_v1/raw/pair14/hug14/images/4/000009.jpg,pair14/hug14/images/4/000009.jpg,940,1280,940,False,False,nan,303.26700117049467,5684.313819398271,nan,nan,nan,full,303.26700117049467,5684.313819398271,0.8747902684563759,False,False
Hi4D,/home/shangguanrz/project/pic-edit/datasets/Hi4D_pilot_v1/raw/pair14/hug14/images/4/000013.jpg,pair14/hug14/images/4/000013.jpg,940,1280,940,False,False,nan,303.050316810581,5702.572317569814,nan,nan,nan,full,303.050316810581,5702.572317569814,0.8756291946308725,False,False
Hi4D,/home/shangguanrz/project/pic-edit/datasets/Hi4D_pilot_v1/raw/pair00/yoga00/images/4/000066.jpg,pair00/yoga00/images/4/000066.jpg,940,1280,940,False,False,nan,450.8766251557712,5288.684632646276,nan,nan,nan,full,450.8766251557712,5288.684632646276,0.876258389261745,False,False
Hi4D,/home/shangguanrz/project/pic-edit/datasets/Hi4D_pilot_v1/raw/pair00/yoga00/images/4/000075.jpg,pair00/yoga00/images/4/000075.jpg,940,1280,940,False,False,nan,478.2917576094944,5274.114340924202,nan,nan,nan,full,478.2917576094944,5274.114340924202,0.8768875838926175,False,False
Hi4D,/home/shangguanrz/project/pic-edit/datasets/Hi4D_pilot_v1/raw/pair14/hug14/images/4/000010.jpg,pair14/hug14/images/4/000010.jpg,940,1280,940,False,False,nan,304.685866725774,5688.724110704788,nan,nan,nan,full,304.685866725774,5688.724110704788,0.8768875838926175,False,False
Hi4D,/home/shangguanrz/project/pic-edit/datasets/Hi4D_pilot_v1/raw/pair00/yoga00/images/4/000078.jpg,pair00/yoga00/images/4/000078.jpg,940,1280,940,False,False,nan,490.80634365558296,5287.342004654255,nan,nan,nan,full,490.80634365558296,5287.342004654255,0.8781459731543624,False,False
Hi4D,/home/shangguanrz/project/pic-edit/datasets/Hi4D_pilot_v1/raw/pair16/hug16/images/4/000035.jpg,pair16/hug16/images/4/000035.jpg,940,1280,940,False,False,nan,306.57582240492684,5701.478380568484,nan,nan,nan,full,306.57582240492684,5701.478380568484,0.8785654362416108,False,False
Hi4D,/home/shangguanrz/project/pic-edit/datasets/Hi4D_pilot_v1/raw/pair00/yoga00/images/4/000068.jpg,pair00/yoga00/images/4/000068.jpg,940,1280,940,False,False,nan,457.6384671898707,5300.82842627992,nan,nan,nan,full,457.6384671898707,5300.82842627992,0.8787751677852349,False,False
Hi4D,/home/shangguanrz/project/pic-edit/datasets/Hi4D_pilot_v1/raw/pair14/hug14/images/4/000008.jpg,pair14/hug14/images/4/000008.jpg,940,1280,940,False,False,nan,306.1033412864868,5703.540683178191,nan,nan,nan,full,306.1033412864868,5703.540683178191,0.8787751677852349,False,False
Hi4D,/home/shangguanrz/project/pic-edit/datasets/Hi4D_pilot_v1/raw/pair00/yoga00/images/4/000064.jpg,pair00/yoga00/images/4/000064.jpg,940,1280,940,False,False,nan,451.5553988114965,5325.428264212101,nan,nan,nan,full,451.5553988114965,5325.428264212101,0.8794043624161074,False,False
Hi4D,/home/shangguanrz/project/pic-edit/datasets/Hi4D_pilot_v1/raw/pair00/yoga00/images/4/000073.jpg,pair00/yoga00/images/4/000073.jpg,940,1280,940,False,False,nan,475.14919543827534,5303.157943400931,nan,nan,nan,full,475.14919543827534,5303.157943400931,0.8796140939597316,False,False
Hi4D,/home/shangguanrz/project/pic-edit/datasets/Hi4D_pilot_v1/raw/pair14/hug14/images/4/000098.jpg,pair14/hug14/images/4/000098.jpg,940,1280,940,False,False,nan,306.1153544178372,5712.861276180186,nan,nan,nan,full,306.1153544178372,5712.861276180186,0.8796140939597316,False,False
Hi4D,/home/shangguanrz/project/pic-edit/datasets/Hi4D_pilot_v1/raw/pair00/yoga00/images/4/000071.jpg,pair00/yoga00/images/4/000071.jpg,940,1280,940,False,False,nan,467.30520549582474,5326.366938164893,nan,nan,nan,full,467.30520549582474,5326.366938164893,0.880243288590604,False,False
Hi4D,/home/shangguanrz/project/pic-edit/datasets/Hi4D_pilot_v1/raw/pair16/hug16/images/4/000033.jpg,pair16/hug16/images/4/000033.jpg,940,1280,940,False,False,nan,306.93104776336685,5719.867021276596,nan,nan,nan,full,306.93104776336685,5719.867021276596,0.880243288590604,False,False
Hi4D,/home/shangguanrz/project/pic-edit/datasets/Hi4D_pilot_v1/raw/pair00/yoga00/images/4/000070.jpg,pair00/yoga00/images/4/000070.jpg,940,1280,940,False,False,nan,467.5583224012713,5341.531468168218,nan,nan,nan,full,467.5583224012713,5341.531468168218,0.8812919463087248,False,False
Hi4D,/home/shangguanrz/project/pic-edit/datasets/Hi4D_pilot_v1/raw/pair16/hug16/images/4/000034.jpg,pair16/hug16/images/4/000034.jpg,940,1280,940,False,False,nan,307.5527752742017,5730.794402426862,nan,nan,nan,full,307.5527752742017,5730.794402426862,0.881501677852349,False,False
Hi4D,/home/shangguanrz/project/pic-edit/datasets/Hi4D_pilot_v1/raw/pair14/hug14/images/4/000007.jpg,pair14/hug14/images/4/000007.jpg,940,1280,940,False,False,nan,309.9253839428687,5745.036527593085,nan,nan,nan,full,309.9253839428687,5745.036527593085,0.8831795302013423,False,False
Hi4D,/home/shangguanrz/project/pic-edit/datasets/Hi4D_pilot_v1/raw/pair14/hug14/images/4/000083.jpg,pair14/hug14/images/4/000083.jpg,940,1280,940,False,False,nan,307.3513610894025,5753.962672456782,nan,nan,nan,full,307.3513610894025,5753.962672456782,0.8831795302013423,False,False
Hi4D,/home/shangguanrz/project/pic-edit/datasets/Hi4D_pilot_v1/raw/pair00/yoga00/images/4/000063.jpg,pair00/yoga00/images/4/000063.jpg,940,1280,940,False,False,nan,457.18708809469564,5379.381513879654,nan,nan,nan,full,457.18708809469564,5379.381513879654,0.8833892617449665,False,False
Hi4D,/home/shangguanrz/project/pic-edit/datasets/Hi4D_pilot_v1/raw/pair14/hug14/images/4/000006.jpg,pair14/hug14/images/4/000006.jpg,940,1280,940,False,False,nan,309.29574494749886,5751.685702709441,nan,nan,nan,full,309.29574494749886,5751.685702709441,0.8833892617449665,False,False
Hi4D,/home/shangguanrz/project/pic-edit/datasets/Hi4D_pilot_v1/raw/pair14/hug14/images/4/000086.jpg,pair14/hug14/images/4/000086.jpg,940,1280,940,False,False,nan,304.47746410171277,5836.834742769282,nan,nan,nan,full,304.47746410171277,5836.834742769282,0.8840184563758389,False,False
Hi4D,/home/shangguanrz/project/pic-edit/datasets/Hi4D_pilot_v1/raw/pair14/hug14/images/4/000085.jpg,pair14/hug14/images/4/000085.jpg,940,1280,940,False,False,nan,306.04100721891035,5815.003843916224,nan,nan,nan,full,306.04100721891035,5815.003843916224,0.8844379194630873,False,False
Hi4D,/home/shangguanrz/project/pic-edit/datasets/Hi4D_pilot_v1/raw/pair14/hug14/images/4/000003.jpg,pair14/hug14/images/4/000003.jpg,940,1280,940,False,False,nan,308.59366415970567,5779.317663314495,nan,nan,nan,full,308.59366415970567,5779.317663314495,0.8852768456375839,False,False
Hi4D,/home/shangguanrz/project/pic-edit/datasets/Hi4D_pilot_v1/raw/pair14/hug14/images/4/000002.jpg,pair14/hug14/images/4/000002.jpg,940,1280,940,False,False,nan,310.98832539054484,5769.816354305186,nan,nan,nan,full,310.98832539054484,5769.816354305186,0.8859060402684564,False,False
Hi4D,/home/shangguanrz/project/pic-edit/datasets/Hi4D_pilot_v1/raw/pair14/hug14/images/4/000001.jpg,pair14/hug14/images/4/000001.jpg,940,1280,940,False,False,nan,310.0559828526405,5789.215425531915,nan,nan,nan,full,310.0559828526405,5789.215425531915,0.8861157718120806,False,False
Hi4D,/home/shangguanrz/project/pic-edit/datasets/Hi4D_pilot_v1/raw/pair00/hug00/images/4/000111.jpg,pair00/hug00/images/4/000111.jpg,940,1280,940,False,False,nan,496.00910971768036,5398.757480053191,nan,nan,nan,full,496.00910971768036,5398.757480053191,0.886744966442953,False,False
Hi4D,/home/shangguanrz/project/pic-edit/datasets/Hi4D_pilot_v1/raw/pair14/hug14/images/4/000028.jpg,pair14/hug14/images/4/000028.jpg,940,1280,940,False,False,nan,310.5703783820744,5816.544205036569,nan,nan,nan,full,310.5703783820744,5816.544205036569,0.8869546979865772,False,False
Hi4D,/home/shangguanrz/project/pic-edit/datasets/Hi4D_pilot_v1/raw/pair14/hug14/images/4/000004.jpg,pair14/hug14/images/4/000004.jpg,940,1280,940,False,False,nan,311.1448968092258,5793.864974650931,nan,nan,nan,full,311.1448968092258,5793.864974650931,0.8871644295302014,False,False
Hi4D,/home/shangguanrz/project/pic-edit/datasets/Hi4D_pilot_v1/raw/pair00/hug00/images/4/000112.jpg,pair00/hug00/images/4/000112.jpg,940,1280,940,False,False,nan,496.57386971467116,5413.539041722074,nan,nan,nan,full,496.57386971467116,5413.539041722074,0.8882130872483222,False,False
Hi4D,/home/shangguanrz/project/pic-edit/datasets/Hi4D_pilot_v1/raw/pair14/hug14/images/4/000014.jpg,pair14/hug14/images/4/000014.jpg,940,1280,940,False,False,nan,311.9772512354479,5841.889617270612,nan,nan,nan,full,311.9772512354479,5841.889617270612,0.8884228187919463,False,False
Hi4D,/home/shangguanrz/project/pic-edit/datasets/Hi4D_pilot_v1/raw/pair00/hug00/images/4/000108.jpg,pair00/hug00/images/4/000108.jpg,940,1280,940,False,False,nan,496.6032085988305,5416.601759890293,nan,nan,nan,full,496.6032085988305,5416.601759890293,0.8888422818791946,False,False
Hi4D,/home/shangguanrz/project/pic-edit/datasets/Hi4D_pilot_v1/raw/pair14/hug14/images/4/000099.jpg,pair14/hug14/images/4/000099.jpg,940,1280,940,False,False,nan,312.0096487198118,5877.321756565824,nan,nan,nan,full,312.0096487198118,5877.321756565824,0.8890520134228188,False,False
Hi4D,/home/shangguanrz/project/pic-edit/datasets/Hi4D_pilot_v1/raw/pair14/hug14/images/4/000092.jpg,pair14/hug14/images/4/000092.jpg,940,1280,940,False,False,nan,313.52694603100576,5908.133352726064,nan,nan,nan,full,313.52694603100576,5908.133352726064,0.8896812080536913,False,False
Hi4D,/home/shangguanrz/project/pic-edit/datasets/Hi4D_pilot_v1/raw/pair00/hug00/images/4/000109.jpg,pair00/hug00/images/4/000109.jpg,940,1280,940,False,False,nan,497.5031893144317,5417.635534408245,nan,nan,nan,full,497.5031893144317,5417.635534408245,0.8898909395973154,False,False
Hi4D,/home/shangguanrz/project/pic-edit/datasets/Hi4D_pilot_v1/raw/pair14/hug14/images/4/000087.jpg,pair14/hug14/images/4/000087.jpg,940,1280,940,False,False,nan,313.1325171613326,5932.913439162234,nan,nan,nan,full,313.1325171613326,5932.913439162234,0.8898909395973155,False,False
Hi4D,/home/shangguanrz/project/pic-edit/datasets/Hi4D_pilot_v1/raw/pair14/hug14/images/4/000024.jpg,pair14/hug14/images/4/000024.jpg,940,1280,940,False,False,nan,315.79107523018445,5911.610756732048,nan,nan,nan,full,315.79107523018445,5911.610756732048,0.8903104026845637,False,False
Hi4D,/home/shangguanrz/project/pic-edit/datasets/Hi4D_pilot_v1/raw/pair00/hug00/images/4/000117.jpg,pair00/hug00/images/4/000117.jpg,940,1280,940,False,False,nan,498.37977777783715,5419.7060546875,nan,nan,nan,full,498.37977777783715,5419.7060546875,0.8905201342281879,False,False
Hi4D,/home/shangguanrz/project/pic-edit/datasets/Hi4D_pilot_v1/raw/pair00/hug00/images/4/000097.jpg,pair00/hug00/images/4/000097.jpg,940,1280,940,False,False,nan,496.0856971756912,5440.20428856383,nan,nan,nan,full,496.0856971756912,5440.20428856383,0.8909395973154363,False,False
Hi4D,/home/shangguanrz/project/pic-edit/datasets/Hi4D_pilot_v1/raw/pair14/hug14/images/4/000023.jpg,pair14/hug14/images/4/000023.jpg,940,1280,940,False,False,nan,315.8813225611026,5979.280657829122,nan,nan,nan,full,315.8813225611026,5979.280657829122,0.8911493288590604,False,False
Hi4D,/home/shangguanrz/project/pic-edit/datasets/Hi4D_pilot_v1/raw/pair00/hug00/images/4/000095.jpg,pair00/hug00/images/4/000095.jpg,940,1280,940,False,False,nan,495.5453936888277,5450.90373587101,nan,nan,nan,full,495.5453936888277,5450.90373587101,0.8913590604026846,False,False
Hi4D,/home/shangguanrz/project/pic-edit/datasets/Hi4D_pilot_v1/raw/pair00/hug00/images/4/000106.jpg,pair00/hug00/images/4/000106.jpg,940,1280,940,False,False,nan,497.1018885736986,5435.531935671543,nan,nan,nan,full,497.1018885736986,5435.531935671543,0.8913590604026846,False,False
Hi4D,/home/shangguanrz/project/pic-edit/datasets/Hi4D_pilot_v1/raw/pair00/yoga00/images/4/000140.jpg,pair00/yoga00/images/4/000140.jpg,940,1280,940,False,False,nan,509.1355016611453,5407.387975814495,nan,nan,nan,full,509.1355016611453,5407.387975814495,0.8915687919463087,False,False
Hi4D,/home/shangguanrz/project/pic-edit/datasets/Hi4D_pilot_v1/raw/pair14/hug14/images/4/000088.jpg,pair14/hug14/images/4/000088.jpg,940,1280,940,False,False,nan,317.17321779434906,5986.433282081117,nan,nan,nan,full,317.17321779434906,5986.433282081117,0.8915687919463087,False,False
Hi4D,/home/shangguanrz/project/pic-edit/datasets/Hi4D_pilot_v1/raw/pair00/hug00/images/4/000114.jpg,pair00/hug00/images/4/000114.jpg,940,1280,940,False,False,nan,498.86847943574827,5440.592243600399,nan,nan,nan,full,498.86847943574827,5440.592243600399,0.8926174496644295,False,False
Hi4D,/home/shangguanrz/project/pic-edit/datasets/Hi4D_pilot_v1/raw/pair00/hug00/images/4/000098.jpg,pair00/hug00/images/4/000098.jpg,940,1280,940,False,False,nan,497.0120139318173,5454.124979222074,nan,nan,nan,full,497.0120139318173,5454.124979222074,0.8928271812080537,False,False
Hi4D,/home/shangguanrz/project/pic-edit/datasets/Hi4D_pilot_v1/raw/pair14/hug14/images/4/000015.jpg,pair14/hug14/images/4/000015.jpg,940,1280,940,False,False,nan,321.44631875192704,5997.694564494681,nan,nan,nan,full,321.44631875192704,5997.694564494681,0.8934563758389262,False,False
Hi4D,/home/shangguanrz/project/pic-edit/datasets/Hi4D_pilot_v1/raw/pair14/hug14/images/4/000022.jpg,pair14/hug14/images/4/000022.jpg,940,1280,940,False,False,nan,320.14696012152,6081.963098404255,nan,nan,nan,full,320.14696012152,6081.963098404255,0.8934563758389262,False,False
Hi4D,/home/shangguanrz/project/pic-edit/datasets/Hi4D_pilot_v1/raw/pair14/hug14/images/4/000026.jpg,pair14/hug14/images/4/000026.jpg,940,1280,940,False,False,nan,321.4132654279159,6009.061180601729,nan,nan,nan,full,321.4132654279159,6009.061180601729,0.8934563758389262,False,False
Hi4D,/home/shangguanrz/project/pic-edit/datasets/Hi4D_pilot_v1/raw/pair00/hug00/images/4/000093.jpg,pair00/hug00/images/4/000093.jpg,940,1280,940,False,False,nan,499.5592943228386,5452.470962849069,nan,nan,nan,full,499.5592943228386,5452.470962849069,0.8938758389261745,False,False
Hi4D,/home/shangguanrz/project/pic-edit/datasets/Hi4D_pilot_v1/raw/pair00/hug00/images/4/000104.jpg,pair00/hug00/images/4/000104.jpg,940,1280,940,False,False,nan,499.3609891177141,5459.617031665559,nan,nan,nan,full,499.3609891177141,5459.617031665559,0.894505033557047,False,False
Hi4D,/home/shangguanrz/project/pic-edit/datasets/Hi4D_pilot_v1/raw/pair14/hug14/images/4/000100.jpg,pair14/hug14/images/4/000100.jpg,940,1280,940,False,False,nan,322.26471361759405,6072.216339760638,nan,nan,nan,full,322.26471361759405,6072.216339760638,0.894505033557047,False,False
Hi4D,/home/shangguanrz/project/pic-edit/datasets/Hi4D_pilot_v1/raw/pair00/yoga00/images/4/000129.jpg,pair00/yoga00/images/4/000129.jpg,940,1280,940,False,False,nan,533.4592106315333,5341.901336020612,nan,nan,nan,full,533.4592106315333,5341.901336020612,0.8951342281879194,False,False
Hi4D,/home/shangguanrz/project/pic-edit/datasets/Hi4D_pilot_v1/raw/pair14/hug14/images/4/000021.jpg,pair14/hug14/images/4/000021.jpg,940,1280,940,False,False,nan,323.9141524255735,6109.420576379654,nan,nan,nan,full,323.9141524255735,6109.420576379654,0.8953439597315436,False,False
Hi4D,/home/shangguanrz/project/pic-edit/datasets/Hi4D_pilot_v1/raw/pair14/hug14/images/4/000025.jpg,pair14/hug14/images/4/000025.jpg,940,1280,940,False,False,nan,327.2450777980039,6070.559736535904,nan,nan,nan,full,327.2450777980039,6070.559736535904,0.8955536912751678,False,False
Hi4D,/home/shangguanrz/project/pic-edit/datasets/Hi4D_pilot_v1/raw/pair00/hug00/images/4/000103.jpg,pair00/hug00/images/4/000103.jpg,940,1280,940,False,False,nan,500.48552698493285,5465.335293384309,nan,nan,nan,full,500.48552698493285,5465.335293384309,0.8959731543624161,False,False
Hi4D,/home/shangguanrz/project/pic-edit/datasets/Hi4D_pilot_v1/raw/pair00/yoga00/images/4/000128.jpg,pair00/yoga00/images/4/000128.jpg,940,1280,940,False,False,nan,535.9152150514602,5348.459971326462,nan,nan,nan,full,535.9152150514602,5348.459971326462,0.8959731543624161,False,False
Hi4D,/home/shangguanrz/project/pic-edit/datasets/Hi4D_pilot_v1/raw/pair00/hug00/images/4/000115.jpg,pair00/hug00/images/4/000115.jpg,940,1280,940,False,False,nan,501.49542788230974,5462.552526595745,nan,nan,nan,full,501.49542788230974,5462.552526595745,0.8961828859060403,False,False
Hi4D,/home/shangguanrz/project/pic-edit/datasets/Hi4D_pilot_v1/raw/pair00/yoga00/images/4/000138.jpg,pair00/yoga00/images/4/000138.jpg,940,1280,940,False,False,nan,516.7037410127085,5426.14641165226,nan,nan,nan,full,516.7037410127085,5426.14641165226,0.8961828859060403,False,False
Hi4D,/home/shangguanrz/project/pic-edit/datasets/Hi4D_pilot_v1/raw/pair00/hug00/images/4/000092.jpg,pair00/hug00/images/4/000092.jpg,940,1280,940,False,False,nan,501.12165830228696,5467.767598902926,nan,nan,nan,full,501.12165830228696,5467.767598902926,0.8968120805369127,False,False
Hi4D,/home/shangguanrz/project/pic-edit/datasets/Hi4D_pilot_v1/raw/pair14/talk14/images/4/000131.jpg,pair14/talk14/images/4/000131.jpg,940,1280,940,False,False,nan,325.643114454771,6138.910052360372,nan,nan,nan,full,325.643114454771,6138.910052360372,0.8970218120805369,False,False
Hi4D,/home/shangguanrz/project/pic-edit/datasets/Hi4D_pilot_v1/raw/pair14/hug14/images/4/000091.jpg,pair14/hug14/images/4/000091.jpg,940,1280,940,False,False,nan,324.65535431115427,6200.894624750665,nan,nan,nan,full,324.65535431115427,6200.894624750665,0.8976510067114094,False,False
Hi4D,/home/shangguanrz/project/pic-edit/datasets/Hi4D_pilot_v1/raw/pair00/hug00/images/4/000120.jpg,pair00/hug00/images/4/000120.jpg,940,1280,940,False,False,nan,505.0697709441239,5470.529525432181,nan,nan,nan,full,505.0697709441239,5470.529525432181,0.8984899328859061,False,False
Hi4D,/home/shangguanrz/project/pic-edit/datasets/Hi4D_pilot_v1/raw/pair00/hug00/images/4/000090.jpg,pair00/hug00/images/4/000090.jpg,940,1280,940,False,False,nan,505.37131620907786,5470.945863115026,nan,nan,nan,full,505.37131620907786,5470.945863115026,0.8989093959731543,False,False
Hi4D,/home/shangguanrz/project/pic-edit/datasets/Hi4D_pilot_v1/raw/pair00/yoga00/images/4/000131.jpg,pair00/yoga00/images/4/000131.jpg,940,1280,940,False,False,nan,535.625901632689,5393.724567819149,nan,nan,nan,full,535.625901632689,5393.724567819149,0.8989093959731544,False,False
Hi4D,/home/shangguanrz/project/pic-edit/datasets/Hi4D_pilot_v1/raw/pair00/hug00/images/4/000100.jpg,pair00/hug00/images/4/000100.jpg,940,1280,940,False,False,nan,500.87708219803517,5486.777613863032,nan,nan,nan,full,500.87708219803517,5486.777613863032,0.8991191275167785,False,False
Hi4D,/home/shangguanrz/project/pic-edit/datasets/Hi4D_pilot_v1/raw/pair14/hug14/images/4/000090.jpg,pair14/hug14/images/4/000090.jpg,940,1280,940,False,False,nan,329.34076631225685,6229.268720910904,nan,nan,nan,full,329.34076631225685,6229.268720910904,0.8993288590604027,False,False
Hi4D,/home/shangguanrz/project/pic-edit/datasets/Hi4D_pilot_v1/raw/pair00/yoga00/images/4/000080.jpg,pair00/yoga00/images/4/000080.jpg,940,1280,940,False,False,nan,511.1293619369802,5468.813248005319,nan,nan,nan,full,511.1293619369802,5468.813248005319,0.899748322147651,False,False
Hi4D,/home/shangguanrz/project/pic-edit/datasets/Hi4D_pilot_v1/raw/pair00/yoga00/images/4/000126.jpg,pair00/yoga00/images/4/000126.jpg,940,1280,940,False,False,nan,537.375233136431,5392.600648271276,nan,nan,nan,full,537.375233136431,5392.600648271276,0.899748322147651,False,False
Hi4D,/home/shangguanrz/project/pic-edit/datasets/Hi4D_pilot_v1/raw/pair00/hug00/images/4/000119.jpg,pair00/hug00/images/4/000119.jpg,940,1280,940,False,False,nan,506.13993334497695,5481.092627992021,nan,nan,nan,full,506.13993334497695,5481.092627992021,0.8999580536912752,False,False
Hi4D,/home/shangguanrz/project/pic-edit/datasets/Hi4D_pilot_v1/raw/pair14/hug14/images/4/000016.jpg,pair14/hug14/images/4/000016.jpg,940,1280,940,False,False,nan,333.07120335776654,6197.746717087766,nan,nan,nan,full,333.07120335776654,6197.746717087766,0.8999580536912752,False,False
Hi4D,/home/shangguanrz/project/pic-edit/datasets/Hi4D_pilot_v1/raw/pair00/yoga00/images/4/000122.jpg,pair00/yoga00/images/4/000122.jpg,940,1280,940,False,False,nan,535.6291030003723,5413.588067237367,nan,nan,nan,full,535.6291030003723,5413.588067237367,0.9005872483221476,False,False
Hi4D,/home/shangguanrz/project/pic-edit/datasets/Hi4D_pilot_v1/raw/pair00/hug00/images/4/000101.jpg,pair00/hug00/images/4/000101.jpg,940,1280,940,False,False,nan,501.7268572436194,5493.765625,nan,nan,nan,full,501.7268572436194,5493.765625,0.9007969798657718,False,False
Hi4D,/home/shangguanrz/project/pic-edit/datasets/Hi4D_pilot_v1/raw/pair00/yoga00/images/4/000061.jpg,pair00/yoga00/images/4/000061.jpg,940,1280,940,False,False,nan,478.58083072575903,5558.984811336436,nan,nan,nan,full,478.58083072575903,5558.984811336436,0.901006711409396,False,False
Hi4D,/home/shangguanrz/project/pic-edit/datasets/Hi4D_pilot_v1/raw/pair00/yoga00/images/4/000124.jpg,pair00/yoga00/images/4/000124.jpg,940,1280,940,False,False,nan,538.9934644486473,5403.412846991357,nan,nan,nan,full,538.9934644486473,5403.412846991357,0.9016359060402684,False,False
Hi4D,/home/shangguanrz/project/pic-edit/datasets/Hi4D_pilot_v1/raw/pair00/yoga00/images/4/000105.jpg,pair00/yoga00/images/4/000105.jpg,940,1280,940,False,False,nan,510.14692481579203,5491.608824384974,nan,nan,nan,full,510.14692481579203,5491.608824384974,0.9018456375838926,False,False
Hi4D,/home/shangguanrz/project/pic-edit/datasets/Hi4D_pilot_v1/raw/pair00/yoga00/images/4/000136.jpg,pair00/yoga00/images/4/000136.jpg,940,1280,940,False,False,nan,531.0207979777325,5446.963617852393,nan,nan,nan,full,531.0207979777325,5446.963617852393,0.9024748322147651,False,False
Hi4D,/home/shangguanrz/project/pic-edit/datasets/Hi4D_pilot_v1/raw/pair00/hug00/images/4/000089.jpg,pair00/hug00/images/4/000089.jpg,940,1280,940,False,False,nan,510.60868348571813,5510.906405834441,nan,nan,nan,full,510.60868348571813,5510.906405834441,0.9026845637583892,False,False
Hi4D,/home/shangguanrz/project/pic-edit/datasets/Hi4D_pilot_v1/raw/pair00/yoga00/images/4/000103.jpg,pair00/yoga00/images/4/000103.jpg,940,1280,940,False,False,nan,519.0066681856914,5470.971721243351,nan,nan,nan,full,519.0066681856914,5470.971721243351,0.9026845637583893,False,False
Hi4D,/home/shangguanrz/project/pic-edit/datasets/Hi4D_pilot_v1/raw/pair00/hug00/images/4/000122.jpg,pair00/hug00/images/4/000122.jpg,940,1280,940,False,False,nan,509.623412244268,5531.387217420212,nan,nan,nan,full,509.623412244268,5531.387217420212,0.9033137583892618,False,False
Hi4D,/home/shangguanrz/project/pic-edit/datasets/Hi4D_pilot_v1/raw/pair00/yoga00/images/4/000100.jpg,pair00/yoga00/images/4/000100.jpg,940,1280,940,False,False,nan,523.8445009461838,5469.995179521276,nan,nan,nan,full,523.8445009461838,5469.995179521276,0.9035234899328859,False,False
Hi4D,/home/shangguanrz/project/pic-edit/datasets/Hi4D_pilot_v1/raw/pair00/yoga00/images/4/000135.jpg,pair00/yoga00/images/4/000135.jpg,940,1280,940,False,False,nan,533.249920788665,5454.496374251995,nan,nan,nan,full,533.249920788665,5454.496374251995,0.9041526845637584,False,False
Hi4D,/home/shangguanrz/project/pic-edit/datasets/Hi4D_pilot_v1/raw/pair14/hug14/images/4/000019.jpg,pair14/hug14/images/4/000019.jpg,940,1280,940,False,False,nan,335.66770054493736,6270.71619431516,nan,nan,nan,full,335.66770054493736,6270.71619431516,0.9041526845637584,False,False
Hi4D,/home/shangguanrz/project/pic-edit/datasets/Hi4D_pilot_v1/raw/pair14/hug14/images/4/000017.jpg,pair14/hug14/images/4/000017.jpg,940,1280,940,False,False,nan,334.83091179304074,6301.168477809176,nan,nan,nan,full,334.83091179304074,6301.168477809176,0.9047818791946309,False,False
Hi4D,/home/shangguanrz/project/pic-edit/datasets/Hi4D_pilot_v1/raw/pair14/hug14/images/4/000018.jpg,pair14/hug14/images/4/000018.jpg,940,1280,940,False,False,nan,335.0518115513084,6293.371571642288,nan,nan,nan,full,335.0518115513084,6293.371571642288,0.9047818791946309,False,False
Hi4D,/home/shangguanrz/project/pic-edit/datasets/Hi4D_pilot_v1/raw/pair00/yoga00/images/4/000101.jpg,pair00/yoga00/images/4/000101.jpg,940,1280,940,False,False,nan,527.5247251242737,5473.29724900266,nan,nan,nan,full,527.5247251242737,5473.29724900266,0.9054110738255033,False,False
Hi4D,/home/shangguanrz/project/pic-edit/datasets/Hi4D_pilot_v1/raw/pair00/hug00/images/4/000123.jpg,pair00/hug00/images/4/000123.jpg,940,1280,940,False,False,nan,510.8124410226205,5549.382906000665,nan,nan,nan,full,510.8124410226205,5549.382906000665,0.9060402684563759,False,False
Hi4D,/home/shangguanrz/project/pic-edit/datasets/Hi4D_pilot_v1/raw/pair00/yoga00/images/4/000121.jpg,pair00/yoga00/images/4/000121.jpg,940,1280,940,False,False,nan,539.432111252455,5446.94231008976,nan,nan,nan,full,539.432111252455,5446.94231008976,0.9060402684563759,False,False
Hi4D,/home/shangguanrz/project/pic-edit/datasets/Hi4D_pilot_v1/raw/pair00/hug00/images/4/000087.jpg,pair00/hug00/images/4/000087.jpg,940,1280,940,False,False,nan,510.3817782151371,5558.003542636303,nan,nan,nan,full,510.3817782151371,5558.003542636303,0.90625,False,False
Hi4D,/home/shangguanrz/project/pic-edit/datasets/Hi4D_pilot_v1/raw/pair00/yoga00/images/4/000133.jpg,pair00/yoga00/images/4/000133.jpg,940,1280,940,False,False,nan,537.8580539952904,5464.572816240026,nan,nan,nan,full,537.8580539952904,5464.572816240026,0.9072986577181208,False,False
Hi4D,/home/shangguanrz/project/pic-edit/datasets/Hi4D_pilot_v1/raw/pair00/hug00/images/4/000086.jpg,pair00/hug00/images/4/000086.jpg,940,1280,940,False,False,nan,512.7463518411878,5561.40876412899,nan,nan,nan,full,512.7463518411878,5561.40876412899,0.9077181208053691,False,False
Hi4D,/home/shangguanrz/project/pic-edit/datasets/Hi4D_pilot_v1/raw/pair00/yoga00/images/4/000082.jpg,pair00/yoga00/images/4/000082.jpg,940,1280,940,False,False,nan,523.5269632822738,5540.592046210107,nan,nan,nan,full,523.5269632822738,5540.592046210107,0.9089765100671141,False,False
Hi4D,/home/shangguanrz/project/pic-edit/datasets/Hi4D_pilot_v1/raw/pair00/yoga00/images/4/000119.jpg,pair00/yoga00/images/4/000119.jpg,940,1280,940,False,False,nan,536.8529327201758,5475.395113031915,nan,nan,nan,full,536.8529327201758,5475.395113031915,0.9089765100671141,False,False
Hi4D,/home/shangguanrz/project/pic-edit/datasets/Hi4D_pilot_v1/raw/pair00/yoga00/images/4/000098.jpg,pair00/yoga00/images/4/000098.jpg,940,1280,940,False,False,nan,531.0674534798102,5515.766258726729,nan,nan,nan,full,531.0674534798102,5515.766258726729,0.9093959731543624,False,False
Hi4D,/home/shangguanrz/project/pic-edit/datasets/Hi4D_pilot_v1/raw/pair00/yoga00/images/4/000059.jpg,pair00/yoga00/images/4/000059.jpg,940,1280,940,False,False,nan,499.5931466603613,5675.464615192819,nan,nan,nan,full,499.5931466603613,5675.464615192819,0.910234899328859,False,False
Hi4D,/home/shangguanrz/project/pic-edit/datasets/Hi4D_pilot_v1/raw/pair00/hug00/images/4/000125.jpg,pair00/hug00/images/4/000125.jpg,940,1280,940,False,False,nan,516.7587724318868,5615.914883228059,nan,nan,nan,full,516.7587724318868,5615.914883228059,0.9110738255033557,False,False
Hi4D,/home/shangguanrz/project/pic-edit/datasets/Hi4D_pilot_v1/raw/pair00/yoga00/images/4/000084.jpg,pair00/yoga00/images/4/000084.jpg,940,1280,940,False,False,nan,527.5791892035885,5556.016248337766,nan,nan,nan,full,527.5791892035885,5556.016248337766,0.9112835570469799,False,False
Hi4D,/home/shangguanrz/project/pic-edit/datasets/Hi4D_pilot_v1/raw/pair00/hug00/images/4/000126.jpg,pair00/hug00/images/4/000126.jpg,940,1280,940,False,False,nan,513.2140687879205,5639.893658577128,nan,nan,nan,full,513.2140687879205,5639.893658577128,0.911493288590604,False,False
Hi4D,/home/shangguanrz/project/pic-edit/datasets/Hi4D_pilot_v1/raw/pair00/yoga00/images/4/000107.jpg,pair00/yoga00/images/4/000107.jpg,940,1280,940,False,False,nan,520.4623523069055,5580.824925199468,nan,nan,nan,full,520.4623523069055,5580.824925199468,0.9117030201342282,False,False
Hi4D,/home/shangguanrz/project/pic-edit/datasets/Hi4D_pilot_v1/raw/pair00/yoga00/images/4/000114.jpg,pair00/yoga00/images/4/000114.jpg,940,1280,940,False,False,nan,537.4215098060921,5526.353868849734,nan,nan,nan,full,537.4215098060921,5526.353868849734,0.9121224832214765,False,False
Hi4D,/home/shangguanrz/project/pic-edit/datasets/Hi4D_pilot_v1/raw/pair00/yoga00/images/4/000096.jpg,pair00/yoga00/images/4/000096.jpg,940,1280,940,False,False,nan,536.0055941589658,5534.451753656915,nan,nan,nan,full,536.0055941589658,5534.451753656915,0.9125419463087248,False,False
Hi4D,/home/shangguanrz/project/pic-edit/datasets/Hi4D_pilot_v1/raw/pair00/yoga00/images/4/000115.jpg,pair00/yoga00/images/4/000115.jpg,940,1280,940,False,False,nan,538.3684436509706,5518.428658992686,nan,nan,nan,full,538.3684436509706,5518.428658992686,0.912751677852349,False,False
Hi4D,/home/shangguanrz/project/pic-edit/datasets/Hi4D_pilot_v1/raw/pair00/yoga00/images/4/000117.jpg,pair00/yoga00/images/4/000117.jpg,940,1280,940,False,False,nan,539.4527383077301,5512.184892370346,nan,nan,nan,full,539.4527383077301,5512.184892370346,0.9129614093959731,False,False
Hi4D,/home/shangguanrz/project/pic-edit/datasets/Hi4D_pilot_v1/raw/pair00/yoga00/images/4/000108.jpg,pair00/yoga00/images/4/000108.jpg,940,1280,940,False,False,nan,526.9691276299624,5623.602113115026,nan,nan,nan,full,526.9691276299624,5623.602113115026,0.9146392617449665,False,False
Hi4D,/home/shangguanrz/project/pic-edit/datasets/Hi4D_pilot_v1/raw/pair00/yoga00/images/4/000092.jpg,pair00/yoga00/images/4/000092.jpg,940,1280,940,False,False,nan,541.5506139900306,5538.17431640625,nan,nan,nan,full,541.5506139900306,5538.17431640625,0.9156879194630873,False,False
Hi4D,/home/shangguanrz/project/pic-edit/datasets/Hi4D_pilot_v1/raw/pair00/yoga00/images/4/000091.jpg,pair00/yoga00/images/4/000091.jpg,940,1280,940,False,False,nan,545.3631966354728,5552.214947639628,nan,nan,nan,full,545.3631966354728,5552.214947639628,0.9173657718120805,False,False
Hi4D,/home/shangguanrz/project/pic-edit/datasets/Hi4D_pilot_v1/raw/pair00/hug00/images/4/000141.jpg,pair00/hug00/images/4/000141.jpg,940,1280,940,False,False,nan,519.6846740206964,5709.089230801197,nan,nan,nan,full,519.6846740206964,5709.089230801197,0.9175755033557047,False,False
Hi4D,/home/shangguanrz/project/pic-edit/datasets/Hi4D_pilot_v1/raw/pair00/yoga00/images/4/000112.jpg,pair00/yoga00/images/4/000112.jpg,940,1280,940,False,False,nan,537.8081981711607,5604.842160488697,nan,nan,nan,full,537.8081981711607,5604.842160488697,0.917785234899329,False,False
Hi4D,/home/shangguanrz/project/pic-edit/datasets/Hi4D_pilot_v1/raw/pair00/hug00/images/4/000150.jpg,pair00/hug00/images/4/000150.jpg,940,1280,940,False,False,nan,527.7592873820464,5670.206968916224,nan,nan,nan,full,527.7592873820464,5670.206968916224,0.917994966442953,False,False
Hi4D,/home/shangguanrz/project/pic-edit/datasets/Hi4D_pilot_v1/raw/pair00/yoga00/images/4/000094.jpg,pair00/yoga00/images/4/000094.jpg,940,1280,940,False,False,nan,540.8100055260269,5575.675448803191,nan,nan,nan,full,540.8100055260269,5575.675448803191,0.9184144295302012,False,False
Hi4D,/home/shangguanrz/project/pic-edit/datasets/Hi4D_pilot_v1/raw/pair00/hug00/images/4/000128.jpg,pair00/hug00/images/4/000128.jpg,940,1280,940,False,False,nan,517.1352322925105,5731.875623337766,nan,nan,nan,full,517.1352322925105,5731.875623337766,0.9184144295302014,False,False
Hi4D,/home/shangguanrz/project/pic-edit/datasets/Hi4D_pilot_v1/raw/pair00/hug00/images/4/000130.jpg,pair00/hug00/images/4/000130.jpg,940,1280,940,False,False,nan,517.0932664067942,5741.839594414893,nan,nan,nan,full,517.0932664067942,5741.839594414893,0.9184144295302014,False,False
Hi4D,/home/shangguanrz/project/pic-edit/datasets/Hi4D_pilot_v1/raw/pair00/yoga00/images/4/000110.jpg,pair00/yoga00/images/4/000110.jpg,940,1280,940,False,False,nan,531.5325994858541,5649.86211768617,nan,nan,nan,full,531.5325994858541,5649.86211768617,0.9184144295302014,False,False
Hi4D,/home/shangguanrz/project/pic-edit/datasets/Hi4D_pilot_v1/raw/pair00/hug00/images/4/000139.jpg,pair00/hug00/images/4/000139.jpg,940,1280,940,False,False,nan,519.5184239414873,5727.355531083776,nan,nan,nan,full,519.5184239414873,5727.355531083776,0.9186241610738255,False,False
Hi4D,/home/shangguanrz/project/pic-edit/datasets/Hi4D_pilot_v1/raw/pair00/hug00/images/4/000148.jpg,pair00/hug00/images/4/000148.jpg,940,1280,940,False,False,nan,530.0094480270334,5702.210189494681,nan,nan,nan,full,530.0094480270334,5702.210189494681,0.9196728187919463,False,False
Hi4D,/home/shangguanrz/project/pic-edit/datasets/Hi4D_pilot_v1/raw/pair00/hug00/images/4/000131.jpg,pair00/hug00/images/4/000131.jpg,940,1280,940,False,False,nan,516.4247622958349,5766.651429521276,nan,nan,nan,full,516.4247622958349,5766.651429521276,0.9198825503355704,False,False
Hi4D,/home/shangguanrz/project/pic-edit/datasets/Hi4D_pilot_v1/raw/pair00/hug00/images/4/000142.jpg,pair00/hug00/images/4/000142.jpg,940,1280,940,False,False,nan,524.2589237174064,5720.565481632314,nan,nan,nan,full,524.2589237174064,5720.565481632314,0.9198825503355705,False,False
Hi4D,/home/shangguanrz/project/pic-edit/datasets/Hi4D_pilot_v1/raw/pair14/talk14/images/4/000148.jpg,pair14/talk14/images/4/000148.jpg,940,1280,940,False,False,nan,336.6109172459262,6736.388474484707,nan,nan,nan,full,336.6109172459262,6736.388474484707,0.9198825503355705,False,False
Hi4D,/home/shangguanrz/project/pic-edit/datasets/Hi4D_pilot_v1/raw/pair00/hug00/images/4/000147.jpg,pair00/hug00/images/4/000147.jpg,940,1280,940,False,False,nan,529.7805066060944,5710.084036319814,nan,nan,nan,full,529.7805066060944,5710.084036319814,0.9203020134228188,False,False
Hi4D,/home/shangguanrz/project/pic-edit/datasets/Hi4D_pilot_v1/raw/pair00/hug00/images/4/000133.jpg,pair00/hug00/images/4/000133.jpg,940,1280,940,False,False,nan,518.8477543461048,5763.68212890625,nan,nan,nan,full,518.8477543461048,5763.68212890625,0.9207214765100671,False,False
Hi4D,/home/shangguanrz/project/pic-edit/datasets/Hi4D_pilot_v1/raw/pair00/hug00/images/4/000144.jpg,pair00/hug00/images/4/000144.jpg,940,1280,940,False,False,nan,526.670741946409,5731.873316988032,nan,nan,nan,full,526.670741946409,5731.873316988032,0.9207214765100671,False,False
Hi4D,/home/shangguanrz/project/pic-edit/datasets/Hi4D_pilot_v1/raw/pair00/hug00/images/4/000137.jpg,pair00/hug00/images/4/000137.jpg,940,1280,940,False,False,nan,520.1189266252485,5753.526419132314,nan,nan,nan,full,520.1189266252485,5753.526419132314,0.9211409395973154,False,False
Hi4D,/home/shangguanrz/project/pic-edit/datasets/Hi4D_pilot_v1/raw/pair00/hug00/images/4/000084.jpg,pair00/hug00/images/4/000084.jpg,940,1280,940,False,False,nan,530.822066325524,5720.102757230718,nan,nan,nan,full,530.822066325524,5720.102757230718,0.9213506711409396,False,False
Hi4D,/home/shangguanrz/project/pic-edit/datasets/Hi4D_pilot_v1/raw/pair00/hug00/images/4/000136.jpg,pair00/hug00/images/4/000136.jpg,940,1280,940,False,False,nan,519.9860313744663,5758.60528174867,nan,nan,nan,full,519.9860313744663,5758.60528174867,0.9213506711409396,False,False
Hi4D,/home/shangguanrz/project/pic-edit/datasets/Hi4D_pilot_v1/raw/pair00/hug00/images/4/000134.jpg,pair00/hug00/images/4/000134.jpg,940,1280,940,False,False,nan,519.2033885525545,5767.479710355718,nan,nan,nan,full,519.2033885525545,5767.479710355718,0.9215604026845637,False,False
Hi4D,/home/shangguanrz/project/pic-edit/datasets/Hi4D_pilot_v1/raw/pair00/yoga00/images/4/000085.jpg,pair00/yoga00/images/4/000085.jpg,940,1280,940,False,False,nan,539.9345066005584,5646.884744847074,nan,nan,nan,full,539.9345066005584,5646.884744847074,0.9215604026845639,False,False
Hi4D,/home/shangguanrz/project/pic-edit/datasets/Hi4D_pilot_v1/raw/pair00/yoga00/images/4/000089.jpg,pair00/yoga00/images/4/000089.jpg,940,1280,940,False,False,nan,548.6377356094491,5648.575413480718,nan,nan,nan,full,548.6377356094491,5648.575413480718,0.9234479865771812,False,False
Hi4D,/home/shangguanrz/project/pic-edit/datasets/Hi4D_pilot_v1/raw/pair00/hug00/images/4/000145.jpg,pair00/hug00/images/4/000145.jpg,940,1280,940,False,False,nan,532.094310295857,5749.851739112367,nan,nan,nan,full,532.094310295857,5749.851739112367,0.9240771812080537,False,False
Hi4D,/home/shangguanrz/project/pic-edit/datasets/Hi4D_pilot_v1/raw/pair14/talk14/images/4/000141.jpg,pair14/talk14/images/4/000141.jpg,940,1280,940,False,False,nan,346.09589049283494,6742.726645611702,nan,nan,nan,full,346.09589049283494,6742.726645611702,0.9247063758389262,False,False
Hi4D,/home/shangguanrz/project/pic-edit/datasets/Hi4D_pilot_v1/raw/pair14/talk14/images/4/000133.jpg,pair14/talk14/images/4/000133.jpg,940,1280,940,False,False,nan,348.08458287276636,6729.011594082447,nan,nan,nan,full,348.08458287276636,6729.011594082447,0.9249161073825503,False,False
Hi4D,/home/shangguanrz/project/pic-edit/datasets/Hi4D_pilot_v1/raw/pair14/talk14/images/4/000146.jpg,pair14/talk14/images/4/000146.jpg,940,1280,940,False,False,nan,345.96438278025124,6834.263578374335,nan,nan,nan,full,345.96438278025124,6834.263578374335,0.9263842281879195,False,False
Hi4D,/home/shangguanrz/project/pic-edit/datasets/Hi4D_pilot_v1/raw/pair14/talk14/images/4/000138.jpg,pair14/talk14/images/4/000138.jpg,940,1280,940,False,False,nan,348.5123595224349,6804.478349401596,nan,nan,nan,full,348.5123595224349,6804.478349401596,0.9265939597315436,False,False
Hi4D,/home/shangguanrz/project/pic-edit/datasets/Hi4D_pilot_v1/raw/pair14/talk14/images/4/000143.jpg,pair14/talk14/images/4/000143.jpg,940,1280,940,False,False,nan,351.9663459182919,6823.08319481383,nan,nan,nan,full,351.9663459182919,6823.08319481383,0.9293204697986577,False,False
Hi4D,/home/shangguanrz/project/pic-edit/datasets/Hi4D_pilot_v1/raw/pair00/yoga00/images/4/000057.jpg,pair00/yoga00/images/4/000057.jpg,940,1280,940,False,False,nan,551.4601462792898,5760.076535488697,nan,nan,nan,full,551.4601462792898,5760.076535488697,0.9303691275167785,False,False
Hi4D,/home/shangguanrz/project/pic-edit/datasets/Hi4D_pilot_v1/raw/pair00/hug00/images/4/000083.jpg,pair00/hug00/images/4/000083.jpg,940,1280,940,False,False,nan,538.3627247410751,5863.960843999335,nan,nan,nan,full,538.3627247410751,5863.960843999335,0.9305788590604027,False,False
Hi4D,/home/shangguanrz/project/pic-edit/datasets/Hi4D_pilot_v1/raw/pair00/yoga00/images/4/000087.jpg,pair00/yoga00/images/4/000087.jpg,940,1280,940,False,False,nan,555.9861030893502,5774.900369847074,nan,nan,nan,full,555.9861030893502,5774.900369847074,0.9318372483221476,False,False
Hi4D,/home/shangguanrz/project/pic-edit/datasets/Hi4D_pilot_v1/raw/pair00/yoga00/images/4/000056.jpg,pair00/yoga00/images/4/000056.jpg,940,1280,940,False,False,nan,578.6548307279538,5743.750083111702,nan,nan,nan,full,578.6548307279538,5743.750083111702,0.9320469798657718,False,False
Hi4D,/home/shangguanrz/project/pic-edit/datasets/Hi4D_pilot_v1/raw/pair14/talk14/images/4/000136.jpg,pair14/talk14/images/4/000136.jpg,940,1280,940,False,False,nan,355.61913087258466,6850.289384557846,nan,nan,nan,full,355.61913087258466,6850.289384557846,0.932256711409396,False,False
Hi4D,/home/shangguanrz/project/pic-edit/datasets/Hi4D_pilot_v1/raw/pair00/taichi00/images/4/000026.jpg,pair00/taichi00/images/4/000026.jpg,940,1280,940,False,False,nan,544.1264573011047,6115.662576878324,nan,nan,nan,full,544.1264573011047,6115.662576878324,0.9351929530201342,False,False
Hi4D,/home/shangguanrz/project/pic-edit/datasets/Hi4D_pilot_v1/raw/pair00/taichi00/images/4/000027.jpg,pair00/taichi00/images/4/000027.jpg,940,1280,940,False,False,nan,545.0671219874313,6119.22228224734,nan,nan,nan,full,545.0671219874313,6119.22228224734,0.9358221476510067,False,False
Hi4D,/home/shangguanrz/project/pic-edit/datasets/Hi4D_pilot_v1/raw/pair00/taichi00/images/4/000028.jpg,pair00/taichi00/images/4/000028.jpg,940,1280,940,False,False,nan,554.1939497218515,6106.365400598404,nan,nan,nan,full,554.1939497218515,6106.365400598404,0.9360318791946309,False,False
Hi4D,/home/shangguanrz/project/pic-edit/datasets/Hi4D_pilot_v1/raw/pair00/hug00/images/4/000081.jpg,pair00/hug00/images/4/000081.jpg,940,1280,940,False,False,nan,548.0724037454215,6154.506856715426,nan,nan,nan,full,548.0724037454215,6154.506856715426,0.9366610738255033,False,False
Hi4D,/home/shangguanrz/project/pic-edit/datasets/Hi4D_pilot_v1/raw/pair00/taichi00/images/4/000029.jpg,pair00/taichi00/images/4/000029.jpg,940,1280,940,False,False,nan,576.2219737323769,6119.079278174867,nan,nan,nan,full,576.2219737323769,6119.079278174867,0.9391778523489933,False,False
Hi4D,/home/shangguanrz/project/pic-edit/datasets/Hi4D_pilot_v1/raw/pair00/taichi00/images/4/000024.jpg,pair00/taichi00/images/4/000024.jpg,940,1280,940,False,False,nan,560.4497982626751,6281.470557679521,nan,nan,nan,full,560.4497982626751,6281.470557679521,0.9406459731543624,False,False
Hi4D,/home/shangguanrz/project/pic-edit/datasets/Hi4D_pilot_v1/raw/pair00/taichi00/images/4/000101.jpg,pair00/taichi00/images/4/000101.jpg,940,1280,940,False,False,nan,578.7773835923456,6203.643533909574,nan,nan,nan,full,578.7773835923456,6203.643533909574,0.9416946308724832,False,False
Hi4D,/home/shangguanrz/project/pic-edit/datasets/Hi4D_pilot_v1/raw/pair00/taichi00/images/4/000023.jpg,pair00/taichi00/images/4/000023.jpg,940,1280,940,False,False,nan,568.0167095346816,6322.850502825798,nan,nan,nan,full,568.0167095346816,6322.850502825798,0.9431627516778524,False,False
Hi4D,/home/shangguanrz/project/pic-edit/datasets/Hi4D_pilot_v1/raw/pair00/taichi00/images/4/000097.jpg,pair00/taichi00/images/4/000097.jpg,940,1280,940,False,False,nan,581.1787312870492,6258.385949966755,nan,nan,nan,full,581.1787312870492,6258.385949966755,0.9433724832214765,False,False
Hi4D,/home/shangguanrz/project/pic-edit/datasets/Hi4D_pilot_v1/raw/pair00/taichi00/images/4/000022.jpg,pair00/taichi00/images/4/000022.jpg,940,1280,940,False,False,nan,573.0162523080722,6386.188424617686,nan,nan,nan,full,573.0162523080722,6386.188424617686,0.9448406040268456,False,False
Hi4D,/home/shangguanrz/project/pic-edit/datasets/Hi4D_pilot_v1/raw/pair00/taichi00/images/4/000102.jpg,pair00/taichi00/images/4/000102.jpg,940,1280,940,False,False,nan,585.2003861904522,6201.562167553191,nan,nan,nan,full,585.2003861904522,6201.562167553191,0.9463087248322148,False,False
Hi4D,/home/shangguanrz/project/pic-edit/datasets/Hi4D_pilot_v1/raw/pair00/taichi00/images/4/000099.jpg,pair00/taichi00/images/4/000099.jpg,940,1280,940,False,False,nan,584.7621798346679,6268.685526097074,nan,nan,nan,full,584.7621798346679,6268.685526097074,0.9467281879194631,False,False
Hi4D,/home/shangguanrz/project/pic-edit/datasets/Hi4D_pilot_v1/raw/pair00/taichi00/images/4/000096.jpg,pair00/taichi00/images/4/000096.jpg,940,1280,940,False,False,nan,583.817584371259,6308.066302360372,nan,nan,nan,full,583.817584371259,6308.066302360372,0.9481963087248322,False,False
Hi4D,/home/shangguanrz/project/pic-edit/datasets/Hi4D_pilot_v1/raw/pair00/taichi00/images/4/000098.jpg,pair00/taichi00/images/4/000098.jpg,940,1280,940,False,False,nan,585.7464716998685,6274.255412649601,nan,nan,nan,full,585.7464716998685,6274.255412649601,0.9481963087248322,False,False
Hi4D,/home/shangguanrz/project/pic-edit/datasets/Hi4D_pilot_v1/raw/pair00/taichi00/images/4/000061.jpg,pair00/taichi00/images/4/000061.jpg,940,1280,940,False,False,nan,582.1166106791935,6507.190855634974,nan,nan,nan,full,582.1166106791935,6507.190855634974,0.9502936241610738,False,False
Hi4D,/home/shangguanrz/project/pic-edit/datasets/Hi4D_pilot_v1/raw/pair00/taichi00/images/4/000021.jpg,pair00/taichi00/images/4/000021.jpg,940,1280,940,False,False,nan,583.502362024169,6462.467721492686,nan,nan,nan,full,583.502362024169,6462.467721492686,0.9509228187919463,False,False
Hi4D,/home/shangguanrz/project/pic-edit/datasets/Hi4D_pilot_v1/raw/pair00/taichi00/images/4/000062.jpg,pair00/taichi00/images/4/000062.jpg,940,1280,940,False,False,nan,583.8543818792157,6489.386510970745,nan,nan,nan,full,583.8543818792157,6489.386510970745,0.9519714765100671,False,False
Hi4D,/home/shangguanrz/project/pic-edit/datasets/Hi4D_pilot_v1/raw/pair00/taichi00/images/4/000064.jpg,pair00/taichi00/images/4/000064.jpg,940,1280,940,False,False,nan,586.1460143451294,6511.807274351729,nan,nan,nan,full,586.1460143451294,6511.807274351729,0.9542785234899329,False,False
Hi4D,/home/shangguanrz/project/pic-edit/datasets/Hi4D_pilot_v1/raw/pair00/yoga00/images/4/000054.jpg,pair00/yoga00/images/4/000054.jpg,940,1280,940,False,False,nan,615.7667911485237,5817.712080285904,nan,nan,nan,full,615.7667911485237,5817.712080285904,0.9542785234899329,False,False
Hi4D,/home/shangguanrz/project/pic-edit/datasets/Hi4D_pilot_v1/raw/pair00/taichi00/images/4/000094.jpg,pair00/taichi00/images/4/000094.jpg,940,1280,940,False,False,nan,590.4702550936413,6395.738904587766,nan,nan,nan,full,590.4702550936413,6395.738904587766,0.9546979865771812,False,False
Hi4D,/home/shangguanrz/project/pic-edit/datasets/Hi4D_pilot_v1/raw/pair00/taichi00/images/4/000031.jpg,pair00/taichi00/images/4/000031.jpg,940,1280,940,False,False,nan,606.3615503757719,6195.362470910904,nan,nan,nan,full,606.3615503757719,6195.362470910904,0.9551174496644296,False,False
Hi4D,/home/shangguanrz/project/pic-edit/datasets/Hi4D_pilot_v1/raw/pair00/taichi00/images/4/000063.jpg,pair00/taichi00/images/4/000063.jpg,940,1280,940,False,False,nan,587.3806034550239,6520.004197140957,nan,nan,nan,full,587.3806034550239,6520.004197140957,0.9553271812080537,False,False
Hi4D,/home/shangguanrz/project/pic-edit/datasets/Hi4D_pilot_v1/raw/pair00/hug00/images/4/000079.jpg,pair00/hug00/images/4/000079.jpg,940,1280,940,False,False,nan,588.4447666844021,6551.814577792553,nan,nan,nan,full,588.4447666844021,6551.814577792553,0.9561661073825504,False,False
Hi4D,/home/shangguanrz/project/pic-edit/datasets/Hi4D_pilot_v1/raw/pair00/taichi00/images/4/000059.jpg,pair00/taichi00/images/4/000059.jpg,940,1280,940,False,False,nan,587.8304400522821,6589.749064993351,nan,nan,nan,full,587.8304400522821,6589.749064993351,0.9580536912751678,False,False
Hi4D,/home/shangguanrz/project/pic-edit/datasets/Hi4D_pilot_v1/raw/pair00/taichi00/images/4/000058.jpg,pair00/taichi00/images/4/000058.jpg,940,1280,940,False,False,nan,588.2754510781947,6596.444855385638,nan,nan,nan,full,588.2754510781947,6596.444855385638,0.9584731543624161,False,False
Hi4D,/home/shangguanrz/project/pic-edit/datasets/Hi4D_pilot_v1/raw/pair00/hug00/images/4/000051.jpg,pair00/hug00/images/4/000051.jpg,940,1280,940,False,False,nan,572.5145588372022,6916.42443068484,nan,nan,nan,full,572.5145588372022,6916.42443068484,0.9593120805369127,False,False
Hi4D,/home/shangguanrz/project/pic-edit/datasets/Hi4D_pilot_v1/raw/pair00/taichi00/images/4/000057.jpg,pair00/taichi00/images/4/000057.jpg,940,1280,940,False,False,nan,590.2171134408808,6619.588524351729,nan,nan,nan,full,590.2171134408808,6619.588524351729,0.9597315436241611,False,False
Hi4D,/home/shangguanrz/project/pic-edit/datasets/Hi4D_pilot_v1/raw/pair00/taichi00/images/4/000032.jpg,pair00/taichi00/images/4/000032.jpg,940,1280,940,False,False,nan,614.8652953061111,6256.186492270612,nan,nan,nan,full,614.8652953061111,6256.186492270612,0.9601510067114094,False,False
Hi4D,/home/shangguanrz/project/pic-edit/datasets/Hi4D_pilot_v1/raw/pair00/taichi00/images/4/000052.jpg,pair00/taichi00/images/4/000052.jpg,940,1280,940,False,False,nan,588.8781104042229,6643.345194065824,nan,nan,nan,full,588.8781104042229,6643.345194065824,0.9607802013422819,False,False
Hi4D,/home/shangguanrz/project/pic-edit/datasets/Hi4D_pilot_v1/raw/pair00/hug00/images/4/000054.jpg,pair00/hug00/images/4/000054.jpg,940,1280,940,False,False,nan,569.1792441590602,7062.64960106383,nan,nan,nan,full,569.1792441590602,7062.64960106383,0.960989932885906,False,False
Hi4D,/home/shangguanrz/project/pic-edit/datasets/Hi4D_pilot_v1/raw/pair00/hug00/images/4/000053.jpg,pair00/hug00/images/4/000053.jpg,940,1280,940,False,False,nan,573.8575978639601,7048.36902634641,nan,nan,nan,full,573.8575978639601,7048.36902634641,0.9609899328859061,False,False
Hi4D,/home/shangguanrz/project/pic-edit/datasets/Hi4D_pilot_v1/raw/pair00/taichi00/images/4/000078.jpg,pair00/taichi00/images/4/000078.jpg,940,1280,940,False,False,nan,609.8043428402025,6314.473612034574,nan,nan,nan,full,609.8043428402025,6314.473612034574,0.9609899328859061,False,False
Hi4D,/home/shangguanrz/project/pic-edit/datasets/Hi4D_pilot_v1/raw/pair00/taichi00/images/4/000079.jpg,pair00/taichi00/images/4/000079.jpg,940,1280,940,False,False,nan,613.8458741607847,6276.089376246676,nan,nan,nan,full,613.8458741607847,6276.089376246676,0.9609899328859061,False,False
Hi4D,/home/shangguanrz/project/pic-edit/datasets/Hi4D_pilot_v1/raw/pair00/taichi00/images/4/000053.jpg,pair00/taichi00/images/4/000053.jpg,940,1280,940,False,False,nan,589.476373166399,6648.200839428191,nan,nan,nan,full,589.476373166399,6648.200839428191,0.9611996644295302,False,False
Hi4D,/home/shangguanrz/project/pic-edit/datasets/Hi4D_pilot_v1/raw/pair00/yoga00/images/4/000052.jpg,pair00/yoga00/images/4/000052.jpg,940,1280,940,False,False,nan,633.9410491289732,6186.026211353059,nan,nan,nan,full,633.9410491289732,6186.026211353059,0.9614093959731543,False,False
Hi4D,/home/shangguanrz/project/pic-edit/datasets/Hi4D_pilot_v1/raw/pair00/taichi00/images/4/000056.jpg,pair00/taichi00/images/4/000056.jpg,940,1280,940,False,False,nan,591.2882407772536,6623.739579870346,nan,nan,nan,full,591.2882407772536,6623.739579870346,0.9614093959731544,False,False
Hi4D,/home/shangguanrz/project/pic-edit/datasets/Hi4D_pilot_v1/raw/pair00/taichi00/images/4/000076.jpg,pair00/taichi00/images/4/000076.jpg,940,1280,940,False,False,nan,607.770583086259,6391.095246010638,nan,nan,nan,full,607.770583086259,6391.095246010638,0.9616191275167785,False,False
Hi4D,/home/shangguanrz/project/pic-edit/datasets/Hi4D_pilot_v1/raw/pair00/taichi00/images/4/000049.jpg,pair00/taichi00/images/4/000049.jpg,940,1280,940,False,False,nan,590.4364439269815,6648.465425531915,nan,nan,nan,full,590.4364439269815,6648.465425531915,0.9618288590604027,False,False
Hi4D,/home/shangguanrz/project/pic-edit/datasets/Hi4D_pilot_v1/raw/pair00/taichi00/images/4/000077.jpg,pair00/taichi00/images/4/000077.jpg,940,1280,940,False,False,nan,611.0684823830131,6344.01765084774,nan,nan,nan,full,611.0684823830131,6344.01765084774,0.9624580536912751,False,False
Hi4D,/home/shangguanrz/project/pic-edit/datasets/Hi4D_pilot_v1/raw/pair00/hug00/images/4/000050.jpg,pair00/hug00/images/4/000050.jpg,940,1280,940,False,False,nan,580.400877869685,7033.957249418218,nan,nan,nan,full,580.400877869685,7033.957249418218,0.9626677852348993,False,False
Hi4D,/home/shangguanrz/project/pic-edit/datasets/Hi4D_pilot_v1/raw/pair00/taichi00/images/4/000033.jpg,pair00/taichi00/images/4/000033.jpg,940,1280,940,False,False,nan,622.5902271675492,6299.262009640957,nan,nan,nan,full,622.5902271675492,6299.262009640957,0.9626677852348993,False,False
Hi4D,/home/shangguanrz/project/pic-edit/datasets/Hi4D_pilot_v1/raw/pair00/taichi00/images/4/000051.jpg,pair00/taichi00/images/4/000051.jpg,940,1280,940,False,False,nan,590.7667079008289,6659.954163896276,nan,nan,nan,full,590.7667079008289,6659.954163896276,0.9630872483221476,False,False
Hi4D,/home/shangguanrz/project/pic-edit/datasets/Hi4D_pilot_v1/raw/pair00/taichi00/images/4/000054.jpg,pair00/taichi00/images/4/000054.jpg,940,1280,940,False,False,nan,590.9184038275343,6657.812718168218,nan,nan,nan,full,590.9184038275343,6657.812718168218,0.9630872483221476,False,False
Hi4D,/home/shangguanrz/project/pic-edit/datasets/Hi4D_pilot_v1/raw/pair00/taichi00/images/4/000004.jpg,pair00/taichi00/images/4/000004.jpg,940,1280,940,False,False,nan,581.1578594343108,7057.675126745346,nan,nan,nan,full,581.1578594343108,7057.675126745346,0.963506711409396,False,False
Hi4D,/home/shangguanrz/project/pic-edit/datasets/Hi4D_pilot_v1/raw/pair00/taichi00/images/4/000071.jpg,pair00/taichi00/images/4/000071.jpg,940,1280,940,False,False,nan,604.6116492693216,6580.898292054521,nan,nan,nan,full,604.6116492693216,6580.898292054521,0.9641359060402684,False,False
Hi4D,/home/shangguanrz/project/pic-edit/datasets/Hi4D_pilot_v1/raw/pair00/taichi00/images/4/000082.jpg,pair00/taichi00/images/4/000082.jpg,940,1280,940,False,False,nan,630.9951370519015,6283.817632147607,nan,nan,nan,full,630.9951370519015,6283.817632147607,0.9641359060402684,False,False
Hi4D,/home/shangguanrz/project/pic-edit/datasets/Hi4D_pilot_v1/raw/pair00/hug00/images/4/000061.jpg,pair00/hug00/images/4/000061.jpg,940,1280,940,False,False,nan,567.7345039184788,7182.149320561835,nan,nan,nan,full,567.7345039184788,7182.149320561835,0.9643456375838926,False,False
Hi4D,/home/shangguanrz/project/pic-edit/datasets/Hi4D_pilot_v1/raw/pair00/hug00/images/4/000062.jpg,pair00/hug00/images/4/000062.jpg,940,1280,940,False,False,nan,565.6273356644261,7200.319159325133,nan,nan,nan,full,565.6273356644261,7200.319159325133,0.9643456375838926,False,False
Hi4D,/home/shangguanrz/project/pic-edit/datasets/Hi4D_pilot_v1/raw/pair00/yoga00/images/4/000012.jpg,pair00/yoga00/images/4/000012.jpg,940,1280,940,False,False,nan,596.6568867906341,6637.485029504654,nan,nan,nan,full,596.6568867906341,6637.485029504654,0.9643456375838926,False,False
Hi4D,/home/shangguanrz/project/pic-edit/datasets/Hi4D_pilot_v1/raw/pair00/hug00/images/4/000064.jpg,pair00/hug00/images/4/000064.jpg,940,1280,940,False,False,nan,577.1585334864825,7115.21337890625,nan,nan,nan,full,577.1585334864825,7115.21337890625,0.9645553691275168,False,False
Hi4D,/home/shangguanrz/project/pic-edit/datasets/Hi4D_pilot_v1/raw/pair00/taichi00/images/4/000047.jpg,pair00/taichi00/images/4/000047.jpg,940,1280,940,False,False,nan,591.9210948741182,6662.546480219415,nan,nan,nan,full,591.9210948741182,6662.546480219415,0.9645553691275168,False,False
Hi4D,/home/shangguanrz/project/pic-edit/datasets/Hi4D_pilot_v1/raw/pair00/taichi00/images/4/000081.jpg,pair00/taichi00/images/4/000081.jpg,940,1280,940,False,False,nan,630.615919355787,6304.823304521276,nan,nan,nan,full,630.615919355787,6304.823304521276,0.9647651006711409,False,False
Hi4D,/home/shangguanrz/project/pic-edit/datasets/Hi4D_pilot_v1/raw/pair00/hug00/images/4/000056.jpg,pair00/hug00/images/4/000056.jpg,940,1280,940,False,False,nan,574.3698198778859,7142.826888713431,nan,nan,nan,full,574.3698198778859,7142.826888713431,0.964765100671141,False,False
Hi4D,/home/shangguanrz/project/pic-edit/datasets/Hi4D_pilot_v1/raw/pair00/yoga00/images/4/000006.jpg,pair00/yoga00/images/4/000006.jpg,940,1280,940,False,False,nan,605.3455246886066,6582.662171708776,nan,nan,nan,full,605.3455246886066,6582.662171708776,0.964765100671141,False,False
Hi4D,/home/shangguanrz/project/pic-edit/datasets/Hi4D_pilot_v1/raw/pair00/yoga00/images/4/000008.jpg,pair00/yoga00/images/4/000008.jpg,940,1280,940,False,False,nan,601.6983913876397,6623.37932180851,nan,nan,nan,full,601.6983913876397,6623.37932180851,0.9649748322147651,False,False
Hi4D,/home/shangguanrz/project/pic-edit/datasets/Hi4D_pilot_v1/raw/pair00/taichi00/images/4/000074.jpg,pair00/taichi00/images/4/000074.jpg,940,1280,940,False,False,nan,609.4778083397179,6553.199748587101,nan,nan,nan,full,609.4778083397179,6553.199748587101,0.9651845637583892,False,False
Hi4D,/home/shangguanrz/project/pic-edit/datasets/Hi4D_pilot_v1/raw/pair00/taichi00/images/4/000019.jpg,pair00/taichi00/images/4/000019.jpg,940,1280,940,False,False,nan,596.6138768608132,6655.471710854388,nan,nan,nan,full,596.6138768608132,6655.471710854388,0.9651845637583893,False,False
Hi4D,/home/shangguanrz/project/pic-edit/datasets/Hi4D_pilot_v1/raw/pair00/taichi00/images/4/000048.jpg,pair00/taichi00/images/4/000048.jpg,940,1280,940,False,False,nan,593.0157948245879,6674.530564328457,nan,nan,nan,full,593.0157948245879,6674.530564328457,0.9651845637583893,False,False
Hi4D,/home/shangguanrz/project/pic-edit/datasets/Hi4D_pilot_v1/raw/pair00/taichi00/images/4/000093.jpg,pair00/taichi00/images/4/000093.jpg,940,1280,940,False,False,nan,607.4699070752342,6579.752805019947,nan,nan,nan,full,607.4699070752342,6579.752805019947,0.9653942953020134,False,False
Hi4D,/home/shangguanrz/project/pic-edit/datasets/Hi4D_pilot_v1/raw/pair00/taichi00/images/4/000043.jpg,pair00/taichi00/images/4/000043.jpg,940,1280,940,False,False,nan,597.3599089844133,6648.651273686835,nan,nan,nan,full,597.3599089844133,6648.651273686835,0.9656040268456376,False,False
Hi4D,/home/shangguanrz/project/pic-edit/datasets/Hi4D_pilot_v1/raw/pair00/taichi00/images/4/000003.jpg,pair00/taichi00/images/4/000003.jpg,940,1280,940,False,False,nan,582.9610907747606,7082.362772190824,nan,nan,nan,full,582.9610907747606,7082.362772190824,0.9658137583892618,False,False
Hi4D,/home/shangguanrz/project/pic-edit/datasets/Hi4D_pilot_v1/raw/pair00/taichi00/images/4/000046.jpg,pair00/taichi00/images/4/000046.jpg,940,1280,940,False,False,nan,595.1247332992733,6676.280211103724,nan,nan,nan,full,595.1247332992733,6676.280211103724,0.9658137583892618,False,False
Hi4D,/home/shangguanrz/project/pic-edit/datasets/Hi4D_pilot_v1/raw/pair00/hug00/images/4/000057.jpg,pair00/hug00/images/4/000057.jpg,940,1280,940,False,False,nan,579.3810278008079,7149.669942652926,nan,nan,nan,full,579.3810278008079,7149.669942652926,0.9660234899328859,False,False
Hi4D,/home/shangguanrz/project/pic-edit/datasets/Hi4D_pilot_v1/raw/pair00/taichi00/images/4/000036.jpg,pair00/taichi00/images/4/000036.jpg,940,1280,940,False,False,nan,628.0573877365463,6359.56389212101,nan,nan,nan,full,628.0573877365463,6359.56389212101,0.9660234899328859,False,False
Hi4D,/home/shangguanrz/project/pic-edit/datasets/Hi4D_pilot_v1/raw/pair00/taichi00/images/4/000083.jpg,pair00/taichi00/images/4/000083.jpg,940,1280,940,False,False,nan,636.1929741091402,6309.58942819149,nan,nan,nan,full,636.1929741091402,6309.58942819149,0.9660234899328859,False,False
Hi4D,/home/shangguanrz/project/pic-edit/datasets/Hi4D_pilot_v1/raw/pair00/yoga00/images/4/000010.jpg,pair00/yoga00/images/4/000010.jpg,940,1280,940,False,False,nan,596.0076142547896,6664.742613447474,nan,nan,nan,full,596.0076142547896,6664.742613447474,0.9660234899328859,False,False
Hi4D,/home/shangguanrz/project/pic-edit/datasets/Hi4D_pilot_v1/raw/pair00/hug00/images/4/000059.jpg,pair00/hug00/images/4/000059.jpg,940,1280,940,False,False,nan,573.9280440768488,7211.18896484375,nan,nan,nan,full,573.9280440768488,7211.18896484375,0.96623322147651,False,False
Hi4D,/home/shangguanrz/project/pic-edit/datasets/Hi4D_pilot_v1/raw/pair00/hug00/images/4/000065.jpg,pair00/hug00/images/4/000065.jpg,940,1280,940,False,False,nan,582.7790567389222,7093.206117021276,nan,nan,nan,full,582.7790567389222,7093.206117021276,0.9664429530201342,False,False
Hi4D,/home/shangguanrz/project/pic-edit/datasets/Hi4D_pilot_v1/raw/pair00/hug00/images/4/000067.jpg,pair00/hug00/images/4/000067.jpg,940,1280,940,False,False,nan,585.1948910475911,7016.333838929521,nan,nan,nan,full,585.1948910475911,7016.333838929521,0.9664429530201342,False,False
Hi4D,/home/shangguanrz/project/pic-edit/datasets/Hi4D_pilot_v1/raw/pair00/hug00/images/4/000078.jpg,pair00/hug00/images/4/000078.jpg,940,1280,940,False,False,nan,604.3487564007477,6633.241803108378,nan,nan,nan,full,604.3487564007477,6633.241803108378,0.9664429530201342,False,False
Hi4D,/home/shangguanrz/project/pic-edit/datasets/Hi4D_pilot_v1/raw/pair00/taichi00/images/4/000072.jpg,pair00/taichi00/images/4/000072.jpg,940,1280,940,False,False,nan,609.8737734457443,6579.301664311835,nan,nan,nan,full,609.8737734457443,6579.301664311835,0.9664429530201343,False,False
Hi4D,/home/shangguanrz/project/pic-edit/datasets/Hi4D_pilot_v1/raw/pair00/hug00/images/4/000043.jpg,pair00/hug00/images/4/000043.jpg,940,1280,940,False,False,nan,581.5569549120353,7140.113821476064,nan,nan,nan,full,581.5569549120353,7140.113821476064,0.9666526845637584,False,False
Hi4D,/home/shangguanrz/project/pic-edit/datasets/Hi4D_pilot_v1/raw/pair00/taichi00/images/4/000037.jpg,pair00/taichi00/images/4/000037.jpg,940,1280,940,False,False,nan,625.9679332877943,6399.100720994016,nan,nan,nan,full,625.9679332877943,6399.100720994016,0.9666526845637584,False,False
Hi4D,/home/shangguanrz/project/pic-edit/datasets/Hi4D_pilot_v1/raw/pair00/yoga00/images/4/000005.jpg,pair00/yoga00/images/4/000005.jpg,940,1280,940,False,False,nan,608.2834921919311,6589.243662732712,nan,nan,nan,full,608.2834921919311,6589.243662732712,0.9668624161073825,False,False
Hi4D,/home/shangguanrz/project/pic-edit/datasets/Hi4D_pilot_v1/raw/pair00/taichi00/images/4/000084.jpg,pair00/taichi00/images/4/000084.jpg,940,1280,940,False,False,nan,639.1712338871251,6347.201223819814,nan,nan,nan,full,639.1712338871251,6347.201223819814,0.9670721476510067,False,False
Hi4D,/home/shangguanrz/project/pic-edit/datasets/Hi4D_pilot_v1/raw/pair00/yoga00/images/4/000003.jpg,pair00/yoga00/images/4/000003.jpg,940,1280,940,False,False,nan,612.3003784248922,6573.389825049867,nan,nan,nan,full,612.3003784248922,6573.389825049867,0.9672818791946309,False,False
Hi4D,/home/shangguanrz/project/pic-edit/datasets/Hi4D_pilot_v1/raw/pair00/hug00/images/4/000045.jpg,pair00/hug00/images/4/000045.jpg,940,1280,940,False,False,nan,583.2975484303837,7105.869576961436,nan,nan,nan,full,583.2975484303837,7105.869576961436,0.9674916107382551,False,False
Hi4D,/home/shangguanrz/project/pic-edit/datasets/Hi4D_pilot_v1/raw/pair00/hug00/images/4/000046.jpg,pair00/hug00/images/4/000046.jpg,940,1280,940,False,False,nan,583.5246208051902,7098.159262799202,nan,nan,nan,full,583.5246208051902,7098.159262799202,0.9677013422818792,False,False
Hi4D,/home/shangguanrz/project/pic-edit/datasets/Hi4D_pilot_v1/raw/pair00/taichi00/images/4/000034.jpg,pair00/taichi00/images/4/000034.jpg,940,1280,940,False,False,nan,634.4184717110728,6395.259069564495,nan,nan,nan,full,634.4184717110728,6395.259069564495,0.9677013422818792,False,False
Hi4D,/home/shangguanrz/project/pic-edit/datasets/Hi4D_pilot_v1/raw/pair00/taichi00/images/4/000073.jpg,pair00/taichi00/images/4/000073.jpg,940,1280,940,False,False,nan,610.0358395574318,6585.002732297207,nan,nan,nan,full,610.0358395574318,6585.002732297207,0.9677013422818792,False,False
Hi4D,/home/shangguanrz/project/pic-edit/datasets/Hi4D_pilot_v1/raw/pair00/taichi00/images/4/000044.jpg,pair00/taichi00/images/4/000044.jpg,940,1280,940,False,False,nan,597.577428537885,6692.210854388298,nan,nan,nan,full,597.577428537885,6692.210854388298,0.9679110738255033,False,False
Hi4D,/home/shangguanrz/project/pic-edit/datasets/Hi4D_pilot_v1/raw/pair00/taichi00/images/4/000006.jpg,pair00/taichi00/images/4/000006.jpg,940,1280,940,False,False,nan,585.0360530004234,7083.747361203457,nan,nan,nan,full,585.0360530004234,7083.747361203457,0.9679110738255035,False,False
Hi4D,/home/shangguanrz/project/pic-edit/datasets/Hi4D_pilot_v1/raw/pair00/hug00/images/4/000037.jpg,pair00/hug00/images/4/000037.jpg,940,1280,940,False,False,nan,579.524537913127,7213.845796625665,nan,nan,nan,full,579.524537913127,7213.845796625665,0.9681208053691275,False,False
Hi4D,/home/shangguanrz/project/pic-edit/datasets/Hi4D_pilot_v1/raw/pair00/hug00/images/4/000042.jpg,pair00/hug00/images/4/000042.jpg,940,1280,940,False,False,nan,582.5836760905763,7169.871831366357,nan,nan,nan,full,582.5836760905763,7169.871831366357,0.9681208053691275,False,False
Hi4D,/home/shangguanrz/project/pic-edit/datasets/Hi4D_pilot_v1/raw/pair00/taichi00/images/4/000038.jpg,pair00/taichi00/images/4/000038.jpg,940,1280,940,False,False,nan,628.3158285286212,6501.735673620346,nan,nan,nan,full,628.3158285286212,6501.735673620346,0.9685402684563759,False,False
Hi4D,/home/shangguanrz/project/pic-edit/datasets/Hi4D_pilot_v1/raw/pair00/hug00/images/4/000048.jpg,pair00/hug00/images/4/000048.jpg,940,1280,940,False,False,nan,586.6111242929537,7072.63029837101,nan,nan,nan,full,586.6111242929537,7072.63029837101,0.96875,False,False
Hi4D,/home/shangguanrz/project/pic-edit/datasets/Hi4D_pilot_v1/raw/pair00/yoga00/images/4/000050.jpg,pair00/yoga00/images/4/000050.jpg,940,1280,940,False,False,nan,655.7098646391674,6357.79815284242,nan,nan,nan,full,655.7098646391674,6357.79815284242,0.9689597315436241,False,False
Hi4D,/home/shangguanrz/project/pic-edit/datasets/Hi4D_pilot_v1/raw/pair00/hug00/images/4/000034.jpg,pair00/hug00/images/4/000034.jpg,940,1280,940,False,False,nan,582.059055443612,7211.696154005984,nan,nan,nan,full,582.059055443612,7211.696154005984,0.9689597315436242,False,False
Hi4D,/home/shangguanrz/project/pic-edit/datasets/Hi4D_pilot_v1/raw/pair00/taichi00/images/4/000039.jpg,pair00/taichi00/images/4/000039.jpg,940,1280,940,False,False,nan,625.6787871547876,6554.681786070479,nan,nan,nan,full,625.6787871547876,6554.681786070479,0.9691694630872483,False,False
Hi4D,/home/shangguanrz/project/pic-edit/datasets/Hi4D_pilot_v1/raw/pair00/taichi00/images/4/000086.jpg,pair00/taichi00/images/4/000086.jpg,940,1280,940,False,False,nan,642.7053995261962,6400.14727393617,nan,nan,nan,full,642.7053995261962,6400.14727393617,0.9691694630872483,False,False
Hi4D,/home/shangguanrz/project/pic-edit/datasets/Hi4D_pilot_v1/raw/pair00/taichi00/images/4/000087.jpg,pair00/taichi00/images/4/000087.jpg,940,1280,940,False,False,nan,641.529558872923,6430.977040392288,nan,nan,nan,full,641.529558872923,6430.977040392288,0.9691694630872483,False,False
Hi4D,/home/shangguanrz/project/pic-edit/datasets/Hi4D_pilot_v1/raw/pair00/taichi00/images/4/000042.jpg,pair00/taichi00/images/4/000042.jpg,940,1280,940,False,False,nan,605.3843953012342,6660.87853224734,nan,nan,nan,full,605.3843953012342,6660.87853224734,0.9693791946308725,False,False
Hi4D,/home/shangguanrz/project/pic-edit/datasets/Hi4D_pilot_v1/raw/pair00/yoga00/images/4/000001.jpg,pair00/yoga00/images/4/000001.jpg,940,1280,940,False,False,nan,616.8724472871083,6584.845360289229,nan,nan,nan,full,616.8724472871083,6584.845360289229,0.9695889261744965,False,False
Hi4D,/home/shangguanrz/project/pic-edit/datasets/Hi4D_pilot_v1/raw/pair00/hug00/images/4/000032.jpg,pair00/hug00/images/4/000032.jpg,940,1280,940,False,False,nan,583.2493972312061,7206.632937167553,nan,nan,nan,full,583.2493972312061,7206.632937167553,0.9697986577181208,False,False
Hi4D,/home/shangguanrz/project/pic-edit/datasets/Hi4D_pilot_v1/raw/pair00/taichi00/images/4/000088.jpg,pair00/taichi00/images/4/000088.jpg,940,1280,940,False,False,nan,643.0346878529027,6487.846939411569,nan,nan,nan,full,643.0346878529027,6487.846939411569,0.970008389261745,False,False
Hi4D,/home/shangguanrz/project/pic-edit/datasets/Hi4D_pilot_v1/raw/pair00/hug00/images/4/000040.jpg,pair00/hug00/images/4/000040.jpg,940,1280,940,False,False,nan,582.4636322345438,7246.157403174867,nan,nan,nan,full,582.4636322345438,7246.157403174867,0.9702181208053691,False,False
Hi4D,/home/shangguanrz/project/pic-edit/datasets/Hi4D_pilot_v1/raw/pair00/taichi00/images/4/000018.jpg,pair00/taichi00/images/4/000018.jpg,940,1280,940,False,False,nan,601.1322801032181,6772.03624709109,nan,nan,nan,full,601.1322801032181,6772.03624709109,0.9702181208053691,False,False
Hi4D,/home/shangguanrz/project/pic-edit/datasets/Hi4D_pilot_v1/raw/pair00/hug00/images/4/000068.jpg,pair00/hug00/images/4/000068.jpg,940,1280,940,False,False,nan,591.6795976782287,6977.147990774601,nan,nan,nan,full,591.6795976782287,6977.147990774601,0.9704278523489933,False,False
Hi4D,/home/shangguanrz/project/pic-edit/datasets/Hi4D_pilot_v1/raw/pair00/taichi00/images/4/000017.jpg,pair00/taichi00/images/4/000017.jpg,940,1280,940,False,False,nan,596.745291861866,6823.872423537234,nan,nan,nan,full,596.745291861866,6823.872423537234,0.9704278523489933,False,False
Hi4D,/home/shangguanrz/project/pic-edit/datasets/Hi4D_pilot_v1/raw/pair00/taichi00/images/4/000041.jpg,pair00/taichi00/images/4/000041.jpg,940,1280,940,False,False,nan,612.7666036925904,6629.182347074468,nan,nan,nan,full,612.7666036925904,6629.182347074468,0.9704278523489933,False,False
Hi4D,/home/shangguanrz/project/pic-edit/datasets/Hi4D_pilot_v1/raw/pair00/taichi00/images/4/000066.jpg,pair00/taichi00/images/4/000066.jpg,940,1280,940,False,False,nan,607.3900119336605,6681.618569232048,nan,nan,nan,full,607.3900119336605,6681.618569232048,0.9710570469798657,False,False
Hi4D,/home/shangguanrz/project/pic-edit/datasets/Hi4D_pilot_v1/raw/pair00/yoga00/images/4/000013.jpg,pair00/yoga00/images/4/000013.jpg,940,1280,940,False,False,nan,606.4536938332714,6723.688673952793,nan,nan,nan,full,606.4536938332714,6723.688673952793,0.9714765100671141,False,False
Hi4D,/home/shangguanrz/project/pic-edit/datasets/Hi4D_pilot_v1/raw/pair00/taichi00/images/4/000007.jpg,pair00/taichi00/images/4/000007.jpg,940,1280,940,False,False,nan,590.9816625869452,7086.096139461436,nan,nan,nan,full,590.9816625869452,7086.096139461436,0.9721057046979866,False,False
Hi4D,/home/shangguanrz/project/pic-edit/datasets/Hi4D_pilot_v1/raw/pair00/taichi00/images/4/000016.jpg,pair00/taichi00/images/4/000016.jpg,940,1280,940,False,False,nan,598.7770202894891,6907.742613447474,nan,nan,nan,full,598.7770202894891,6907.742613447474,0.9725251677852349,False,False
Hi4D,/home/shangguanrz/project/pic-edit/datasets/Hi4D_pilot_v1/raw/pair00/taichi00/images/4/000091.jpg,pair00/taichi00/images/4/000091.jpg,940,1280,940,False,False,nan,623.6131750281012,6635.956179355053,nan,nan,nan,full,623.6131750281012,6635.956179355053,0.9725251677852349,False,False
Hi4D,/home/shangguanrz/project/pic-edit/datasets/Hi4D_pilot_v1/raw/pair00/yoga00/images/4/000049.jpg,pair00/yoga00/images/4/000049.jpg,940,1280,940,False,False,nan,674.950848672119,6516.253085521941,nan,nan,nan,full,674.950848672119,6516.253085521941,0.9725251677852349,False,False
Hi4D,/home/shangguanrz/project/pic-edit/datasets/Hi4D_pilot_v1/raw/pair00/hug00/images/4/000035.jpg,pair00/hug00/images/4/000035.jpg,940,1280,940,False,False,nan,585.4892659322229,7241.809248254654,nan,nan,nan,full,585.4892659322229,7241.809248254654,0.9731543624161074,False,False
Hi4D,/home/shangguanrz/project/pic-edit/datasets/Hi4D_pilot_v1/raw/pair00/hug00/images/4/000039.jpg,pair00/hug00/images/4/000039.jpg,940,1280,940,False,False,nan,583.8651087537725,7262.519250748005,nan,nan,nan,full,583.8651087537725,7262.519250748005,0.9731543624161074,False,False
Hi4D,/home/shangguanrz/project/pic-edit/datasets/Hi4D_pilot_v1/raw/pair00/taichi00/images/4/000069.jpg,pair00/taichi00/images/4/000069.jpg,940,1280,940,False,False,nan,609.4831273909767,6742.717181266622,nan,nan,nan,full,609.4831273909767,6742.717181266622,0.9733640939597316,False,False
Hi4D,/home/shangguanrz/project/pic-edit/datasets/Hi4D_pilot_v1/raw/pair00/hug00/images/4/000031.jpg,pair00/hug00/images/4/000031.jpg,940,1280,940,False,False,nan,587.1838729460352,7215.811648105053,nan,nan,nan,full,587.1838729460352,7215.811648105053,0.9737835570469799,False,False
Hi4D,/home/shangguanrz/project/pic-edit/datasets/Hi4D_pilot_v1/raw/pair00/taichi00/images/4/000008.jpg,pair00/taichi00/images/4/000008.jpg,940,1280,940,False,False,nan,595.8250944563413,7091.367914727393,nan,nan,nan,full,595.8250944563413,7091.367914727393,0.973993288590604,False,False
Hi4D,/home/shangguanrz/project/pic-edit/datasets/Hi4D_pilot_v1/raw/pair00/taichi00/images/4/000067.jpg,pair00/taichi00/images/4/000067.jpg,940,1280,940,False,False,nan,610.4088404265773,6759.157746010638,nan,nan,nan,full,610.4088404265773,6759.157746010638,0.9746224832214765,False,False
Hi4D,/home/shangguanrz/project/pic-edit/datasets/Hi4D_pilot_v1/raw/pair00/taichi00/images/4/000089.jpg,pair00/taichi00/images/4/000089.jpg,940,1280,940,False,False,nan,649.7086036622715,6608.03034616024,nan,nan,nan,full,649.7086036622715,6608.03034616024,0.9748322147651007,False,False
Hi4D,/home/shangguanrz/project/pic-edit/datasets/Hi4D_pilot_v1/raw/pair00/taichi00/images/4/000014.jpg,pair00/taichi00/images/4/000014.jpg,940,1280,940,False,False,nan,603.8577781332029,7050.151917802526,nan,nan,nan,full,603.8577781332029,7050.151917802526,0.9754614093959731,False,False
Hi4D,/home/shangguanrz/project/pic-edit/datasets/Hi4D_pilot_v1/raw/pair00/taichi00/images/4/000092.jpg,pair00/taichi00/images/4/000092.jpg,940,1280,940,False,False,nan,622.8435464917453,6703.566530917553,nan,nan,nan,full,622.8435464917453,6703.566530917553,0.9756711409395973,False,False
Hi4D,/home/shangguanrz/project/pic-edit/datasets/Hi4D_pilot_v1/raw/pair00/taichi00/images/4/000068.jpg,pair00/taichi00/images/4/000068.jpg,940,1280,940,False,False,nan,612.7720031495438,6783.878386801862,nan,nan,nan,full,612.7720031495438,6783.878386801862,0.9760906040268457,False,False
Hi4D,/home/shangguanrz/project/pic-edit/datasets/Hi4D_pilot_v1/raw/pair00/hug00/images/4/000070.jpg,pair00/hug00/images/4/000070.jpg,940,1280,940,False,False,nan,610.8127480052942,6851.982899767288,nan,nan,nan,full,610.8127480052942,6851.982899767288,0.9771392617449665,False,False
Hi4D,/home/shangguanrz/project/pic-edit/datasets/Hi4D_pilot_v1/raw/pair00/taichi00/images/4/000009.jpg,pair00/taichi00/images/4/000009.jpg,940,1280,940,False,False,nan,601.3756274203199,7135.319813829788,nan,nan,nan,full,601.3756274203199,7135.319813829788,0.9773489932885906,False,False
Hi4D,/home/shangguanrz/project/pic-edit/datasets/Hi4D_pilot_v1/raw/pair00/taichi00/images/4/000013.jpg,pair00/taichi00/images/4/000013.jpg,940,1280,940,False,False,nan,603.3634295735277,7109.024871176862,nan,nan,nan,full,603.3634295735277,7109.024871176862,0.9773489932885906,False,False
Hi4D,/home/shangguanrz/project/pic-edit/datasets/Hi4D_pilot_v1/raw/pair00/hug00/images/4/000028.jpg,pair00/hug00/images/4/000028.jpg,940,1280,940,False,False,nan,595.1678214239392,7251.658629072474,nan,nan,nan,full,595.1678214239392,7251.658629072474,0.9786073825503356,False,False
Hi4D,/home/shangguanrz/project/pic-edit/datasets/Hi4D_pilot_v1/raw/pair00/hug00/images/4/000029.jpg,pair00/hug00/images/4/000029.jpg,940,1280,940,False,False,nan,593.9509359316731,7263.321091672207,nan,nan,nan,full,593.9509359316731,7263.321091672207,0.9788171140939597,False,False
Hi4D,/home/shangguanrz/project/pic-edit/datasets/Hi4D_pilot_v1/raw/pair00/yoga00/images/4/000015.jpg,pair00/yoga00/images/4/000015.jpg,940,1280,940,False,False,nan,627.6002087045872,6817.364361702128,nan,nan,nan,full,627.6002087045872,6817.364361702128,0.9788171140939597,False,False
Hi4D,/home/shangguanrz/project/pic-edit/datasets/Hi4D_pilot_v1/raw/pair00/taichi00/images/4/000012.jpg,pair00/taichi00/images/4/000012.jpg,940,1280,940,False,False,nan,603.4536581652204,7170.547623005319,nan,nan,nan,full,603.4536581652204,7170.547623005319,0.979236577181208,False,False
Hi4D,/home/shangguanrz/project/pic-edit/datasets/Hi4D_pilot_v1/raw/pair00/taichi00/images/4/000011.jpg,pair00/taichi00/images/4/000011.jpg,940,1280,940,False,False,nan,604.8441953472337,7170.422446392952,nan,nan,nan,full,604.8441953472337,7170.422446392952,0.9798657718120805,False,False
Hi4D,/home/shangguanrz/project/pic-edit/datasets/Hi4D_pilot_v1/raw/pair00/hug00/images/4/000026.jpg,pair00/hug00/images/4/000026.jpg,940,1280,940,False,False,nan,597.9757509481966,7246.325278424202,nan,nan,nan,full,597.9757509481966,7246.325278424202,0.9800755033557047,False,False
Hi4D,/home/shangguanrz/project/pic-edit/datasets/Hi4D_pilot_v1/raw/pair00/hug00/images/4/000075.jpg,pair00/hug00/images/4/000075.jpg,940,1280,940,False,False,nan,644.6323494565546,6814.392702792553,nan,nan,nan,full,644.6323494565546,6814.392702792553,0.9811241610738255,False,False
Hi4D,/home/shangguanrz/project/pic-edit/datasets/Hi4D_pilot_v1/raw/pair00/hug00/images/4/000076.jpg,pair00/hug00/images/4/000076.jpg,940,1280,940,False,False,nan,650.9358364836346,6834.070572224069,nan,nan,nan,full,650.9358364836346,6834.070572224069,0.9825922818791947,False,False
Hi4D,/home/shangguanrz/project/pic-edit/datasets/Hi4D_pilot_v1/raw/pair00/hug00/images/4/000072.jpg,pair00/hug00/images/4/000072.jpg,940,1280,940,False,False,nan,648.7454123889605,6861.951535488697,nan,nan,nan,full,648.7454123889605,6861.951535488697,0.983011744966443,False,False
Hi4D,/home/shangguanrz/project/pic-edit/datasets/Hi4D_pilot_v1/raw/pair00/hug00/images/4/000073.jpg,pair00/hug00/images/4/000073.jpg,940,1280,940,False,False,nan,661.6639559837746,6931.034273188165,nan,nan,nan,full,661.6639559837746,6931.034273188165,0.9846895973154363,False,False
Hi4D,/home/shangguanrz/project/pic-edit/datasets/Hi4D_pilot_v1/raw/pair00/yoga00/images/4/000047.jpg,pair00/yoga00/images/4/000047.jpg,940,1280,940,False,False,nan,708.7055189565007,6927.914706615691,nan,nan,nan,full,708.7055189565007,6927.914706615691,0.9851090604026846,False,False
Hi4D,/home/shangguanrz/project/pic-edit/datasets/Hi4D_pilot_v1/raw/pair00/yoga00/images/4/000017.jpg,pair00/yoga00/images/4/000017.jpg,940,1280,940,False,False,nan,677.3320562380534,7253.680217337101,nan,nan,nan,full,677.3320562380534,7253.680217337101,0.9926593959731543,False,False
Hi4D,/home/shangguanrz/project/pic-edit/datasets/Hi4D_pilot_v1/raw/pair00/yoga00/images/4/000045.jpg,pair00/yoga00/images/4/000045.jpg,940,1280,940,False,False,nan,738.6019865952773,7315.236941073803,nan,nan,nan,full,738.6019865952773,7315.236941073803,0.9939177852348993,False,False
Hi4D,/home/shangguanrz/project/pic-edit/datasets/Hi4D_pilot_v1/raw/pair00/yoga00/images/4/000019.jpg,pair00/yoga00/images/4/000019.jpg,940,1280,940,False,False,nan,723.7654356980227,7831.613405917553,nan,nan,nan,full,723.7654356980227,7831.613405917553,0.9941275167785235,False,False
Hi4D,/home/shangguanrz/project/pic-edit/datasets/Hi4D_pilot_v1/raw/pair00/yoga00/images/4/000043.jpg,pair00/yoga00/images/4/000043.jpg,940,1280,940,False,False,nan,770.1598069724747,7732.015676944814,nan,nan,nan,full,770.1598069724747,7732.015676944814,0.994756711409396,False,False
Hi4D,/home/shangguanrz/project/pic-edit/datasets/Hi4D_pilot_v1/raw/pair00/yoga00/images/4/000020.jpg,pair00/yoga00/images/4/000020.jpg,940,1280,940,False,False,nan,742.7986914620458,8111.178700548538,nan,nan,nan,full,742.7986914620458,8111.178700548538,0.9949664429530201,False,False
Hi4D,/home/shangguanrz/project/pic-edit/datasets/Hi4D_pilot_v1/raw/pair00/yoga00/images/4/000022.jpg,pair00/yoga00/images/4/000022.jpg,940,1280,940,False,False,nan,766.675146743473,8539.332613031915,nan,nan,nan,full,766.675146743473,8539.332613031915,0.9955956375838926,False,False
Hi4D,/home/shangguanrz/project/pic-edit/datasets/Hi4D_pilot_v1/raw/pair00/yoga00/images/4/000041.jpg,pair00/yoga00/images/4/000041.jpg,940,1280,940,False,False,nan,802.2493958072781,7979.061284491357,nan,nan,nan,full,802.2493958072781,7979.061284491357,0.9955956375838926,False,False
Hi4D,/home/shangguanrz/project/pic-edit/datasets/Hi4D_pilot_v1/raw/pair00/yoga00/images/4/000040.jpg,pair00/yoga00/images/4/000040.jpg,940,1280,940,False,False,nan,812.107695641238,8135.566988031915,nan,nan,nan,full,812.107695641238,8135.566988031915,0.9962248322147651,False,False
Hi4D,/home/shangguanrz/project/pic-edit/datasets/Hi4D_pilot_v1/raw/pair00/yoga00/images/4/000024.jpg,pair00/yoga00/images/4/000024.jpg,940,1280,940,False,False,nan,791.0371134575539,8874.29582571476,nan,nan,nan,full,791.0371134575539,8874.29582571476,0.9966442953020134,False,False
Hi4D,/home/shangguanrz/project/pic-edit/datasets/Hi4D_pilot_v1/raw/pair00/yoga00/images/4/000038.jpg,pair00/yoga00/images/4/000038.jpg,940,1280,940,False,False,nan,855.8325855693919,8700.835688164894,nan,nan,nan,full,855.8325855693919,8700.835688164894,0.9976929530201342,False,False
Hi4D,/home/shangguanrz/project/pic-edit/datasets/Hi4D_pilot_v1/raw/pair00/yoga00/images/4/000036.jpg,pair00/yoga00/images/4/000036.jpg,940,1280,940,False,False,nan,858.0694577725238,8808.41496633976,nan,nan,nan,full,858.0694577725238,8808.41496633976,0.9981124161073825,False,False
Hi4D,/home/shangguanrz/project/pic-edit/datasets/Hi4D_pilot_v1/raw/pair00/yoga00/images/4/000026.jpg,pair00/yoga00/images/4/000026.jpg,940,1280,940,False,False,nan,816.5867262813721,9070.84837308843,nan,nan,nan,full,816.5867262813721,9070.84837308843,0.9983221476510067,False,False
Hi4D,/home/shangguanrz/project/pic-edit/datasets/Hi4D_pilot_v1/raw/pair00/yoga00/images/4/000029.jpg,pair00/yoga00/images/4/000029.jpg,940,1280,940,False,False,nan,842.9171784090319,9070.155803274602,nan,nan,nan,full,842.9171784090319,9070.155803274602,0.9985318791946309,False,False
Hi4D,/home/shangguanrz/project/pic-edit/datasets/Hi4D_pilot_v1/raw/pair00/yoga00/images/4/000031.jpg,pair00/yoga00/images/4/000031.jpg,940,1280,940,False,False,nan,852.3750147758807,9006.10926072141,nan,nan,nan,full,852.3750147758807,9006.10926072141,0.9985318791946309,False,False
Hi4D,/home/shangguanrz/project/pic-edit/datasets/Hi4D_pilot_v1/raw/pair00/yoga00/images/4/000027.jpg,pair00/yoga00/images/4/000027.jpg,940,1280,940,False,False,nan,828.9023220783016,9093.73456200133,nan,nan,nan,full,828.9023220783016,9093.73456200133,0.998741610738255,False,False
Hi4D,/home/shangguanrz/project/pic-edit/datasets/Hi4D_pilot_v1/raw/pair00/yoga00/images/4/000033.jpg,pair00/yoga00/images/4/000033.jpg,940,1280,940,False,False,nan,859.589571977428,8941.209711602394,nan,nan,nan,full,859.589571977428,8941.209711602394,0.9987416107382551,False,False
Hi4D,/home/shangguanrz/project/pic-edit/datasets/Hi4D_pilot_v1/raw/pair00/yoga00/images/4/000034.jpg,pair00/yoga00/images/4/000034.jpg,940,1280,940,False,False,nan,869.011437125096,8999.040880568484,nan,nan,nan,full,869.011437125096,8999.040880568484,0.9991610738255033,False,False
