elapsed_seconds,used_gib,stage
0.0009591680718585849,0.612548828125,startup
0.05144147900864482,0.612548828125,startup
0.10617465409450233,0.612548828125,startup
0.16136738110799342,0.612548828125,startup
0.21768455707933754,0.612548828125,startup
0.2679275959962979,0.612548828125,startup
0.3181906940881163,0.612548828125,startup
0.37239686306566,0.612548828125,startup
0.4515461520059034,0.612548828125,startup
0.5019382890313864,0.612548828125,startup
0.5521449870429933,0.612548828125,startup
0.6023728291038424,0.612548828125,startup
0.662677844054997,0.612548828125,startup
0.7214244460919872,0.612548828125,startup
0.7722757920855656,0.612548828125,startup
0.8241514530964196,0.612548828125,startup
0.895681876107119,0.612548828125,startup
0.9464110970729962,0.612548828125,startup
0.9968638140708208,0.612548828125,startup
1.0481113370042294,0.612548828125,startup
1.0984101300127804,0.612548828125,startup
1.155804040026851,0.612548828125,startup
1.2063409420661628,0.612548828125,startup
1.2597941380226985,0.612548828125,startup
1.3101328799966723,0.612548828125,startup
1.391529986052774,0.612548828125,startup
1.442673011100851,0.612548828125,startup
1.4942934029968455,0.612548828125,startup
1.546926647075452,0.612548828125,startup
1.6165640730177984,0.612548828125,startup
1.6821505790576339,0.612548828125,startup
1.7374235220486298,0.612548828125,startup
1.787913753069006,0.612548828125,startup
1.8852530210278928,0.612548828125,startup
1.9508273421088234,0.612548828125,startup
2.0674272020114586,0.612548828125,startup
2.132859153090976,0.612548828125,startup
2.1982583190547302,0.612548828125,startup
2.2633615460945293,0.612548828125,startup
2.3163576080696657,0.612548828125,startup
2.376644483068958,0.612548828125,startup
2.436723889084533,0.612548828125,startup
2.4870002580573782,0.612548828125,startup
2.537200270104222,0.612548828125,startup
2.587638766039163,0.612548828125,startup
2.6379137040348724,0.612548828125,startup
2.688410315080546,0.612548828125,startup
2.7386115840636194,0.612548828125,startup
2.789253600058146,0.612548828125,startup
2.841236687032506,0.612548828125,startup
2.8923375100130215,0.612548828125,startup
2.9450206380570307,0.612548828125,startup
3.005347596015781,0.612548828125,startup
3.0707178660668433,0.612548828125,startup
3.126125214039348,0.612548828125,startup
3.176533575053327,0.612548828125,startup
3.2267379690892994,0.612548828125,startup
3.2769879570696503,0.612548828125,startup
3.3271217250730842,0.612548828125,startup
3.377279818058014,0.612548828125,startup
3.5110548990778625,0.612548828125,startup
3.561249217018485,0.612548828125,startup
3.6117751880083233,0.612548828125,startup
3.662580543081276,0.612548828125,startup
3.712888141046278,0.612548828125,startup
3.763196204090491,0.612548828125,startup
3.8139892340404913,0.612548828125,startup
3.874994005076587,0.612548828125,startup
3.9255176540464163,0.612548828125,startup
3.9761671640444547,0.612548828125,startup
4.026382168056443,0.612548828125,startup
4.076697054086253,0.612548828125,startup
4.127510096062906,0.612548828125,startup
4.178047472028993,0.612548828125,startup
4.2282711390871555,0.612548828125,startup
4.278394237044267,0.612548828125,startup
4.328510225052014,0.612548828125,startup
4.378624948090874,0.612548828125,startup
4.428737138048746,0.612548828125,startup
4.478847696096636,0.612548828125,startup
4.529508766019717,0.62884521484375,startup
4.579638074035756,0.64508056640625,startup
4.629790681996383,1.06695556640625,load_cached_training_backbone
4.680791428079829,1.06695556640625,load_cached_training_backbone
4.733207897050306,1.06695556640625,load_cached_training_backbone
4.7843801320996135,1.06695556640625,load_cached_training_backbone
4.834887040080503,1.06695556640625,load_cached_training_backbone
4.885057426057756,1.06695556640625,load_cached_training_backbone
4.935576477088034,1.06695556640625,load_cached_training_backbone
4.986705678049475,1.06695556640625,load_cached_training_backbone
5.037162762018852,1.06695556640625,load_cached_training_backbone
5.087303727050312,1.06695556640625,load_cached_training_backbone
5.138222134090029,1.06695556640625,load_cached_training_backbone
5.188574575004168,1.06695556640625,load_cached_training_backbone
5.238690638099797,1.06695556640625,load_cached_training_backbone
5.289463867084123,1.06695556640625,load_cached_training_backbone
5.339857341023162,1.06695556640625,load_cached_training_backbone
5.3899808580754325,1.06695556640625,load_cached_training_backbone
5.441015733056702,1.06695556640625,load_cached_training_backbone
5.583738816087134,1.06695556640625,load_cached_training_backbone
5.633888605050743,1.06695556640625,load_cached_training_backbone
5.684029787080362,1.49078369140625,load_cached_training_backbone
5.73422741109971,1.49078369140625,load_cached_training_backbone
5.784366504056379,1.70172119140625,load_cached_training_backbone
5.834498862037435,1.98492431640625,load_cached_training_backbone
5.8846470490098,2.25836181640625,load_cached_training_backbone
5.9347674529999495,2.50836181640625,load_cached_training_backbone
5.98490588599816,2.77398681640625,load_cached_training_backbone
6.035026333061978,3.02984619140625,load_cached_training_backbone
6.085166992037557,3.29742431640625,load_cached_training_backbone
6.135288040037267,3.56500244140625,load_cached_training_backbone
6.185443453025073,3.85601806640625,load_cached_training_backbone
6.235578801017255,4.18218994140625,load_cached_training_backbone
6.285701861022972,4.51031494140625,load_cached_training_backbone
6.335833696066402,4.79937744140625,load_cached_training_backbone
6.385970195056871,5.12750244140625,load_cached_training_backbone
6.436100278049707,5.36578369140625,load_cached_training_backbone
6.486218681093305,5.61968994140625,load_cached_training_backbone
6.576237342087552,5.85015869140625,load_cached_training_backbone
6.6268367030425,5.85015869140625,adapter_optimizer_setup
6.676959120086394,5.85015869140625,adapter_optimizer_setup
6.727074894006364,5.85015869140625,adapter_optimizer_setup
6.777196126058698,5.85015869140625,adapter_optimizer_setup
6.827313819085248,5.85015869140625,adapter_optimizer_setup
6.877433643094264,5.85015869140625,adapter_optimizer_setup
6.927549067069776,5.85015869140625,adapter_optimizer_setup
6.977664509089664,5.85015869140625,adapter_optimizer_setup
7.02780718205031,5.85015869140625,adapter_optimizer_setup
7.077945701079443,5.85015869140625,adapter_optimizer_setup
7.12809663801454,5.85015869140625,adapter_optimizer_setup
7.178212191094644,5.85015869140625,adapter_optimizer_setup
7.228328911005519,5.85015869140625,adapter_optimizer_setup
7.278447149088606,5.85015869140625,adapter_optimizer_setup
7.328547933022492,5.86968994140625,adapter_optimizer_setup
7.37869283510372,6.10406494140625,adapter_optimizer_setup
7.428855453035794,6.29937744140625,adapter_optimizer_setup
7.484761945088394,6.33843994140625,between_stages
7.534967401996255,6.33843994140625,between_stages
7.585151890059933,6.35601806640625,between_stages
7.6352761971065775,6.35601806640625,between_stages
7.685392736108042,6.35601806640625,between_stages
7.735507765086368,6.35601806640625,between_stages
7.7856267530005425,6.35601806640625,between_stages
7.835865400033072,6.35601806640625,between_stages
7.8954104740405455,6.35601806640625,between_stages
7.945546957082115,6.35601806640625,between_stages
7.995832033106126,6.35601806640625,between_stages
8.045961838099174,6.35601806640625,between_stages
8.096084965043701,6.35601806640625,between_stages
8.146201729075983,6.35601806640625,between_stages
8.196319932001643,6.35601806640625,between_stages
8.246437585097738,6.35601806640625,between_stages
8.296668602037244,6.35601806640625,between_stages
8.357077467022464,6.35601806640625,between_stages
8.407843026099727,6.35601806640625,between_stages
8.457972292089835,6.35601806640625,between_stages
8.50812820007559,6.35601806640625,between_stages
8.55826377205085,6.35601806640625,between_stages
8.608384561026469,6.35601806640625,between_stages
8.658506914041936,6.35601806640625,between_stages
8.708652916015126,6.35601806640625,between_stages
8.758772315108217,6.35601806640625,between_stages
9.03203012701124,6.35601806640625,between_stages
9.082184955012053,6.35601806640625,between_stages
9.132305222097784,6.35601806640625,between_stages
9.182419311022386,6.35601806640625,between_stages
9.232539103017189,6.35601806640625,between_stages
9.282656371011399,6.35601806640625,between_stages
9.332776581053622,6.35601806640625,between_stages
9.392115580034442,6.35601806640625,between_stages
9.44225823204033,6.35601806640625,between_stages
9.492390316096134,6.35601806640625,between_stages
9.54251624410972,6.35601806640625,between_stages
9.592638451023959,6.35601806640625,between_stages
9.64275526010897,6.35601806640625,between_stages
9.692873132997192,6.35601806640625,between_stages
9.742995917098597,6.35601806640625,between_stages
9.79311964509543,6.35601806640625,between_stages
9.843239480047487,6.35601806640625,between_stages
9.893354005995207,6.35601806640625,between_stages
9.943468455108814,6.35601806640625,between_stages
9.999846828053705,6.35601806640625,between_stages
10.049966732040048,6.35601806640625,between_stages
10.100089390063658,6.35601806640625,between_stages
10.150203599012457,6.35601806640625,between_stages
10.200316742062569,6.35601806640625,between_stages
10.257933717104606,6.35601806640625,between_stages
10.3080893100705,6.35601806640625,between_stages
10.358211794053204,6.35601806640625,between_stages
10.408326481003314,6.35601806640625,between_stages
10.45843965408858,6.35601806640625,between_stages
10.515047423075885,6.35601806640625,between_stages
10.565175466006622,6.35601806640625,between_stages
10.615320645039901,6.35601806640625,between_stages
10.665440772078,6.35601806640625,between_stages
10.715559401083738,6.35601806640625,between_stages
10.778348357067443,6.35601806640625,between_stages
10.82846782100387,6.35601806640625,between_stages
10.878587198094465,6.35601806640625,between_stages
10.928706071106717,6.35601806640625,between_stages
10.978819594020024,6.35601806640625,between_stages
11.036671694018878,6.35601806640625,between_stages
11.086791067034937,6.35601806640625,between_stages
11.136911891051568,6.35601806640625,between_stages
11.18706042401027,6.35601806640625,between_stages
11.238050654064864,6.35601806640625,between_stages
11.295871403068304,6.35601806640625,between_stages
11.345993051072583,6.35601806640625,between_stages
11.396113755065016,6.35601806640625,between_stages
11.446229532011785,6.35601806640625,between_stages
11.49633904604707,6.35601806640625,between_stages
11.553416474023834,6.35601806640625,between_stages
11.603537072078325,6.35601806640625,between_stages
11.653657157090493,6.35601806640625,between_stages
11.703772038104944,6.35601806640625,between_stages
11.753886261023581,6.35601806640625,between_stages
11.811030639102682,6.35601806640625,between_stages
11.861160056083463,6.35601806640625,between_stages
11.911281250067987,6.35601806640625,between_stages
11.961394418030977,6.35601806640625,between_stages
12.011505326023325,6.35601806640625,between_stages
12.068864058004692,6.35601806640625,between_stages
12.118986751069315,6.35601806640625,between_stages
12.169108772999607,6.35601806640625,between_stages
12.219224547035992,6.35601806640625,between_stages
12.269335791002959,6.35601806640625,between_stages
12.326400703052059,6.35601806640625,between_stages
12.37670738005545,6.35601806640625,between_stages
12.42739793099463,6.35601806640625,between_stages
12.477513760095462,6.35601806640625,between_stages
12.527909076074138,6.35601806640625,between_stages
12.584869420039468,6.35601806640625,between_stages
12.634992338018492,6.35601806640625,between_stages
12.685109745012596,6.35601806640625,between_stages
12.735224744072184,6.35601806640625,between_stages
12.78533362201415,6.35601806640625,between_stages
12.835449089994654,6.35601806640625,between_stages
12.885568974073976,6.35601806640625,between_stages
12.938788371044211,6.35601806640625,between_stages
12.9889107280178,6.35601806640625,between_stages
13.039064946002327,6.35601806640625,between_stages
13.090998187079094,6.35601806640625,between_stages
13.146919050021097,6.35601806640625,between_stages
13.197051167022437,6.35601806640625,between_stages
13.247165436041541,6.35601806640625,between_stages
13.297285455046222,6.35601806640625,between_stages
13.354962685029022,6.35601806640625,between_stages
13.405079092015512,6.35601806640625,between_stages
13.455192262073979,6.35601806640625,between_stages
13.5066008400172,6.35601806640625,between_stages
13.562505550100468,6.35601806640625,between_stages
13.612619813997298,6.35601806640625,between_stages
13.662731393007562,6.35601806640625,between_stages
13.714313071104698,6.35601806640625,between_stages
13.770401777001098,6.35601806640625,between_stages
13.820515925064683,6.35601806640625,between_stages
13.87079946603626,6.35601806640625,between_stages
13.920958910021,6.35601806640625,between_stages
13.9710792490514,6.35601806640625,between_stages
14.02119009103626,6.35601806640625,between_stages
14.071302480064332,6.35601806640625,between_stages
14.121421617106535,6.35601806640625,between_stages
14.171539756003767,6.35601806640625,between_stages
14.221664389013313,6.35601806640625,between_stages
14.271766180056147,6.35601806640625,between_stages
14.321883850032464,6.35601806640625,between_stages
14.372004160075448,6.35601806640625,between_stages
14.422117923037149,6.35601806640625,between_stages
14.478810111060739,6.35601806640625,between_stages
14.528929385007359,6.35601806640625,between_stages
14.579364286037162,6.35601806640625,between_stages
14.629474810091779,6.35601806640625,between_stages
14.686408017063513,6.35601806640625,between_stages
14.736532725044526,6.35601806640625,between_stages
14.786776603083126,6.35601806640625,between_stages
14.83688722201623,6.35601806640625,between_stages
14.893685040064156,6.35601806640625,between_stages
14.943805988994427,6.35601806640625,between_stages
14.99424391600769,6.35601806640625,between_stages
15.04475481400732,6.35601806640625,between_stages
15.09487261006143,6.35601806640625,between_stages
15.144988284097053,6.35601806640625,between_stages
15.195115772075951,6.76031494140625,zero_equivalence_validation
15.245260409079492,6.76031494140625,zero_equivalence_validation
15.295738956076093,9.01422119140625,zero_equivalence_validation
15.345867605996318,9.01422119140625,zero_equivalence_validation
15.395999108091928,9.01422119140625,zero_equivalence_validation
15.446129156043753,9.01617431640625,zero_equivalence_validation
15.496256019105203,9.01812744140625,zero_equivalence_validation
15.546380762010813,9.02789306640625,zero_equivalence_validation
15.596506961039267,9.02789306640625,zero_equivalence_validation
15.646640915074386,9.02789306640625,zero_equivalence_validation
15.69694065710064,9.02789306640625,zero_equivalence_validation
15.7474932030309,9.02789306640625,zero_equivalence_validation
15.797733827028424,9.02789306640625,zero_equivalence_validation
15.848520197090693,9.02789306640625,zero_equivalence_validation
15.898633250035346,9.02789306640625,zero_equivalence_validation
15.948747239075601,9.02789306640625,zero_equivalence_validation
15.99885923601687,9.02789306640625,zero_equivalence_validation
16.048985170084052,9.02789306640625,zero_equivalence_validation
16.237134124035947,9.02789306640625,between_stages
16.287286388105713,9.26812744140625,first_forward
16.337576890015043,9.27008056640625,first_forward
16.38799320603721,9.27008056640625,first_forward
16.4385687680915,9.27008056640625,first_forward
16.488723926013336,9.27008056640625,first_forward
16.53885492007248,9.27203369140625,first_backward
16.588983678026125,9.27984619140625,first_backward
16.63912458100822,9.27984619140625,first_backward
16.68926564999856,9.27984619140625,first_backward
16.739398923004046,9.28179931640625,first_backward
16.78951341100037,9.28179931640625,first_backward
16.839612671057694,9.28179931640625,first_backward
16.88972007809207,9.28179931640625,first_backward
16.93983513605781,9.28179931640625,first_backward
16.989964837091975,9.28179931640625,first_backward
17.040085667045787,9.29156494140625,first_backward
17.09021323104389,9.29156494140625,first_backward
17.14034851908218,9.29156494140625,first_backward
17.190481806057505,9.29156494140625,first_backward
17.240605894010514,9.71929931640625,first_backward
17.290724679012783,12.54937744140625,first_backward
17.34084286610596,12.54937744140625,first_backward
17.390967200044543,12.54937744140625,first_optimizer
17.441093458095565,12.54937744140625,warmup
17.49165261501912,12.54937744140625,warmup
17.541815738077275,12.54937744140625,warmup
17.592013185028918,12.54937744140625,warmup
17.642207453027368,12.54937744140625,warmup
17.692329854005948,12.54937744140625,warmup
17.742448086035438,12.54937744140625,warmup
17.792564118048176,12.54937744140625,warmup
17.843199319089763,12.54937744140625,warmup
17.893908036057837,12.54937744140625,warmup
17.944106644019485,12.54937744140625,warmup
17.994948310079053,12.54937744140625,warmup
18.045074652996846,12.54937744140625,warmup
18.095186676015146,12.54937744140625,warmup
18.145305790007114,13.39508056640625,warmup
18.195420708041638,13.39508056640625,warmup
18.245530546060763,13.39508056640625,warmup
18.295743654016405,13.39508056640625,warmup
18.345870911027305,13.39508056640625,warmup
18.396021160995588,13.39508056640625,warmup
18.44616538309492,13.39508056640625,warmup
18.49662803602405,13.39508056640625,warmup
18.546755154035054,13.39508056640625,warmup
18.596890837070532,13.39508056640625,warmup
18.647006420069374,13.39508056640625,warmup
18.697128444095142,13.39508056640625,warmup
18.74735297705047,13.39508056640625,warmup
18.797465675044805,13.39508056640625,warmup
18.847579708090052,13.39508056640625,warmup
18.897690496058203,13.39508056640625,warmup
18.94780412502587,13.39508056640625,warmup
18.997916798107326,13.39508056640625,warmup
19.048031231039204,13.39508056640625,warmup
19.098153724102303,13.39508056640625,warmup
19.148268238059245,13.39508056640625,warmup
19.198388495016843,13.39508056640625,warmup
19.248747859033756,13.39508056640625,warmup
19.29908150609117,13.39508056640625,warmup
19.349244698067196,13.39508056640625,warmup
19.399377286084928,13.39508056640625,warmup
19.449520106078126,13.39508056640625,warmup
19.499663024093024,13.39508056640625,warmup
19.550300870090723,13.39508056640625,warmup
19.600418393034488,13.39508056640625,warmup
19.650530342012644,13.39508056640625,warmup
19.701190442079678,13.39508056640625,warmup
19.75151910504792,13.39508056640625,warmup
19.80229624500498,13.39508056640625,warmup
19.852441078051925,13.39508056640625,warmup
19.90302570606582,13.39508056640625,warmup
19.953145869076252,13.39508056640625,warmup
20.003259147051722,13.39508056640625,warmup
20.0533679460641,13.39508056640625,warmup
20.103486917098053,13.39508056640625,warmup
20.154060905100778,13.39508056640625,warmup
20.204184803995304,13.39508056640625,warmup
20.25433621602133,13.39508056640625,warmup
20.304457391030155,13.39508056640625,warmup
20.354574293014593,13.39508056640625,warmup
20.40469033108093,13.39508056640625,warmup
20.454804940032773,13.39508056640625,warmup
20.504937474033795,13.39508056640625,warmup
20.55551685509272,13.39508056640625,warmup
20.6064647200983,13.39508056640625,warmup
20.656584153999574,13.39508056640625,warmup
20.706697616027668,13.39508056640625,warmup
20.756811939994805,13.39508056640625,warmup
20.806931264000013,13.39508056640625,warmup
20.857068228069693,13.39508056640625,warmup
20.90718529908918,13.39508056640625,warmup
20.9573292870773,13.39508056640625,steady_train
21.008737507043406,13.39508056640625,steady_train
21.05887937906664,13.39508056640625,steady_train
21.108993498026393,13.39508056640625,steady_train
21.159127812017687,13.39508056640625,steady_train
21.20969316700939,13.39508056640625,steady_train
21.259809606010094,13.39508056640625,steady_train
21.309945114073344,13.39508056640625,steady_train
21.360076538054273,13.39508056640625,steady_train
21.410240445053205,13.39508056640625,steady_train
21.46091750310734,13.39508056640625,steady_train
21.51170373207424,13.39508056640625,steady_train
21.562586449086666,13.39508056640625,steady_train
21.612703257007524,13.39508056640625,steady_train
21.662814410054125,13.39508056640625,steady_train
21.712927479995415,13.39508056640625,steady_train
21.763053825008683,13.39508056640625,steady_train
21.813164635095745,13.39508056640625,steady_train
21.86328264407348,13.39508056640625,steady_train
21.91348657209892,13.39508056640625,steady_train
21.963732713018544,13.39508056640625,steady_train
22.0144415240502,13.39508056640625,steady_train
22.064551848103292,13.39508056640625,steady_train
22.11466476903297,13.39508056640625,steady_train
22.164780599996448,13.39508056640625,steady_train
22.21489545807708,13.39508056640625,steady_train
22.265008492046036,13.39508056640625,steady_train
22.315255114110187,13.39508056640625,steady_train
22.365450858022086,13.39508056640625,steady_train
22.415579186053947,13.39508056640625,steady_train
22.46569227008149,13.39508056640625,steady_train
22.515806863084435,13.39508056640625,steady_train
22.56640542403329,13.39508056640625,steady_train
22.616522392025217,13.39508056640625,steady_train
22.666634066030383,13.39508056640625,steady_train
22.71674782410264,13.39508056640625,steady_train
22.766864747041836,13.39508056640625,steady_train
22.81697864504531,13.39508056640625,steady_train
22.86715628404636,13.39508056640625,steady_train
22.91727604100015,13.39508056640625,steady_train
22.96738887007814,13.39508056640625,steady_train
23.01750488905236,13.39508056640625,steady_train
23.067615932086483,13.39508056640625,steady_train
23.117729147081263,13.39508056640625,steady_train
23.167843559058383,13.39508056640625,steady_train
23.217956352047622,13.39508056640625,steady_train
23.268069560057484,13.39508056640625,steady_train
23.318183379014954,13.39508056640625,steady_train
23.368303986033425,13.39508056640625,steady_train
23.418416860047728,13.39508056640625,steady_train
23.46853206201922,13.39508056640625,steady_train
23.51864662708249,13.39508056640625,steady_train
23.568758030072786,13.39508056640625,steady_train
23.61887263902463,13.39508056640625,steady_train
23.668986647040583,13.39508056640625,steady_train
23.719102070084773,13.39508056640625,steady_train
23.769216833054088,13.39508056640625,steady_train
23.81950424204115,13.39508056640625,steady_train
23.869628160027787,13.39508056640625,steady_train
23.919742724043317,13.39508056640625,steady_train
23.97044220508542,13.39508056640625,steady_train
24.020577313029207,13.39508056640625,steady_train
24.070700631011277,13.39508056640625,steady_train
24.120812945999205,13.39508056640625,steady_train
24.170925668091513,13.39508056640625,steady_train
24.221058881026693,13.39508056640625,steady_train
24.2715879320167,13.39508056640625,steady_train
24.321770296082832,13.39508056640625,steady_train
24.371885829023086,13.39508056640625,steady_train
24.422004013089463,13.39508056640625,steady_train
24.47215505607892,13.39508056640625,steady_train
24.522289958084002,13.39508056640625,steady_train
24.57322976901196,13.39508056640625,steady_train
24.623571131029166,13.39508056640625,steady_train
24.673688215087168,13.39508056640625,steady_train
24.7238391720457,13.39508056640625,steady_train
24.773991876048967,13.39508056640625,steady_train
24.82410518010147,13.39508056640625,steady_train
24.87421726807952,13.39508056640625,steady_train
24.924334262032062,13.39508056640625,steady_train
24.974470510031097,13.39508056640625,steady_train
25.024593953043222,13.39508056640625,steady_train
25.074706687009893,13.39508056640625,steady_train
25.124849205021746,13.39508056640625,steady_train
25.17505948804319,13.39508056640625,steady_train
25.225182066089474,13.39508056640625,steady_train
25.275295975035988,13.39508056640625,steady_train
25.325409381999634,13.39508056640625,steady_train
25.375527116004378,13.39508056640625,steady_train
25.425642340094782,13.39508056640625,steady_train
25.47633342607878,13.39508056640625,steady_train
25.52658677508589,13.39508056640625,steady_train
25.57670285203494,13.39508056640625,steady_train
25.626847299048677,13.39508056640625,steady_train
25.677142158034258,13.39508056640625,steady_train
25.72726236109156,13.39508056640625,steady_train
25.77740436408203,13.39508056640625,steady_train
25.827943006064743,13.39508056640625,steady_train
25.87878237699624,13.39508056640625,steady_train
25.928919534082524,13.39508056640625,steady_train
25.97903230902739,13.39508056640625,steady_train
26.029157145996578,13.39508056640625,steady_train
26.079270743997768,13.39508056640625,steady_train
26.129383839084767,13.39508056640625,steady_train
26.179498537094332,13.39508056640625,steady_train
26.229608895024285,13.39508056640625,steady_train
26.279728963039815,13.39508056640625,steady_train
26.32985073106829,13.39508056640625,steady_train
26.38051324209664,13.39508056640625,steady_train
26.43117183004506,13.39508056640625,steady_train
26.481283787055872,13.39508056640625,steady_train
26.53140736510977,13.39508056640625,steady_train
26.581540605053306,13.39508056640625,steady_train
26.63165612705052,13.39508056640625,steady_train
26.681830125045963,13.39508056640625,steady_train
26.732473728014156,13.39508056640625,steady_train
26.782586415065452,13.39508056640625,steady_train
26.83270132401958,13.39508056640625,steady_train
26.882814843091182,13.39508056640625,steady_train
26.932927236077376,13.39508056640625,steady_train
26.983048249036074,13.39508056640625,steady_train
27.033161662053317,13.39508056640625,steady_train
27.08327374001965,13.39508056640625,steady_train
27.1334173490759,13.39508056640625,steady_train
27.18398427509237,13.39508056640625,steady_train
27.234200879000127,13.39508056640625,steady_train
27.284318522084504,13.39508056640625,steady_train
27.33474645006936,13.39508056640625,steady_train
27.384865983040072,13.39508056640625,steady_train
27.43498131504748,13.39508056640625,steady_train
27.485097259050235,13.39508056640625,steady_train
27.53538679808844,13.39508056640625,steady_train
27.5854967830237,13.39508056640625,steady_train
27.635609150049277,13.39508056640625,steady_train
27.685722632100806,13.39508056640625,steady_train
27.735835540108383,13.39508056640625,steady_train
27.78594608802814,13.39508056640625,steady_train
27.836065648007207,13.39508056640625,steady_train
27.886180805042386,13.39508056640625,steady_train
27.93629373400472,13.39508056640625,steady_train
27.98640652699396,13.39508056640625,steady_train
28.03652141999919,13.39508056640625,steady_train
28.086636809050106,13.39508056640625,steady_train
28.13695665099658,13.39508056640625,steady_train
28.187076725065708,13.39508056640625,steady_train
28.237195458030328,13.39508056640625,steady_train
28.28756222105585,13.39508056640625,steady_train
28.33769978408236,13.39508056640625,steady_train
28.387829139013775,13.39508056640625,steady_train
28.437944156001322,13.39508056640625,steady_train
28.488068873994052,13.39508056640625,steady_train
28.538182452088222,13.39508056640625,steady_train
28.588296037050895,13.39508056640625,steady_train
28.638405634090304,13.39508056640625,steady_train
28.68851785303559,13.39508056640625,steady_train
28.738629901083186,13.39508056640625,steady_train
28.788742333999835,13.39508056640625,steady_train
28.83885109203402,13.39508056640625,steady_train
28.889190740068443,13.39508056640625,steady_train
28.93931267701555,13.39508056640625,steady_train
28.98942716710735,13.39508056640625,steady_train
29.039537356002256,13.39508056640625,steady_train
29.08964810904581,13.39508056640625,steady_train
29.140510535100475,13.39508056640625,steady_train
29.190627709031105,13.39508056640625,steady_train
29.240739786997437,13.39508056640625,steady_train
29.290953604038805,13.39508056640625,steady_train
29.341092523070984,13.39508056640625,steady_train
29.39120565203484,13.39508056640625,steady_train
29.441317460034043,13.39508056640625,steady_train
29.491430873051286,13.39508056640625,steady_train
29.541558630997315,13.39508056640625,steady_train
29.591675029019825,13.39508056640625,steady_train
29.641787918051705,13.39508056640625,steady_train
29.691901012090966,13.39508056640625,steady_train
29.742013475042768,13.39508056640625,steady_train
29.792127109016292,13.39508056640625,steady_train
29.842240997008048,13.39508056640625,steady_train
29.892645918997005,13.39508056640625,steady_train
29.942758022109047,13.39508056640625,steady_train
29.99289165006485,13.39508056640625,steady_train
30.04301382601261,13.39508056640625,steady_train
30.093135327100754,13.39508056640625,steady_train
30.143273190013133,13.39508056640625,steady_train
30.19338786008302,13.39508056640625,steady_train
30.24350439303089,13.39508056640625,steady_train
30.293619987089187,13.39508056640625,steady_train
30.34373742400203,13.39508056640625,steady_train
30.39385171106551,13.39508056640625,steady_train
30.44397004309576,13.39508056640625,steady_train
30.494085800019093,13.39508056640625,steady_train
30.544278353103437,13.39508056640625,steady_train
30.594421180081554,13.39508056640625,steady_train
30.64453648403287,13.39508056640625,steady_train
30.694651993107982,13.39508056640625,steady_train
30.744773537036963,13.39508056640625,steady_train
30.794892564066686,13.39508056640625,steady_train
30.845011473051272,13.39508056640625,steady_train
30.89512615604326,13.39508056640625,steady_train
30.945241655106656,13.39508056640625,steady_train
30.995359549066052,13.39508056640625,steady_train
31.04548308707308,13.39508056640625,steady_train
31.095597425010055,13.39508056640625,steady_train
31.145712424069643,13.39508056640625,steady_train
31.195830331998877,13.39508056640625,steady_train
31.246566248009913,13.39508056640625,steady_train
31.29668642708566,13.39508056640625,steady_train
31.346813517040573,13.39508056640625,steady_train
31.396930671995506,13.39508056640625,steady_train
31.447059652069584,13.39508056640625,steady_train
31.497173459036276,13.39508056640625,steady_train
31.547286994056776,13.39508056640625,steady_train
31.597442176076584,13.39508056640625,steady_train
31.647574777016416,13.39508056640625,steady_train
31.697751203086227,13.39508056640625,steady_train
31.747907691053115,13.39508056640625,steady_train
31.79802832903806,13.39508056640625,steady_train
31.848169858101755,13.39508056640625,steady_train
31.898284497088753,13.39508056640625,steady_train
31.94839621905703,13.39508056640625,steady_train
31.99852497910615,13.39508056640625,steady_train
32.04871665104292,13.39508056640625,steady_train
32.09884481399786,13.39508056640625,steady_train
32.14896129805129,13.39508056640625,steady_train
32.19908545608632,13.39508056640625,steady_train
32.24921936902683,13.39508056640625,steady_train
32.299378633033484,13.39508056640625,steady_train
32.349494317080826,13.39508056640625,steady_train
32.39960670506116,13.39508056640625,steady_train
32.44971830409486,13.39508056640625,steady_train
32.4998330520466,13.39508056640625,steady_train
32.54994791606441,13.39508056640625,steady_train
32.600088908104226,13.39508056640625,steady_train
32.650203166063875,13.39508056640625,steady_train
32.70031668106094,13.39508056640625,steady_train
32.7504314990947,13.39508056640625,steady_train
32.80054629209917,13.39508056640625,steady_train
32.85067010100465,13.39508056640625,steady_train
32.90080492803827,13.39508056640625,steady_train
32.95132068602834,13.39508056640625,steady_train
33.00143976509571,13.39508056640625,steady_train
33.051552983000875,13.39508056640625,steady_train
33.102273704018444,13.39508056640625,steady_train
33.15238742204383,13.39508056640625,steady_train
33.202499806066044,13.39508056640625,steady_train
33.25261276902165,13.39508056640625,steady_train
33.302730711060576,13.39508056640625,steady_train
33.35284705006052,13.39508056640625,steady_train
33.402960824081674,13.39508056640625,steady_train
33.453857409069315,13.39508056640625,steady_train
33.50416771706659,13.39508056640625,steady_train
33.554313201108016,13.39508056640625,steady_train
33.60444745910354,13.39508056640625,steady_train
33.65462337806821,13.39508056640625,steady_train
33.7047341800062,13.39508056640625,steady_train
33.75537970708683,13.39508056640625,steady_train
33.80550707108341,13.39508056640625,steady_train
33.85562078806106,13.39508056640625,steady_train
33.90622276603244,13.39508056640625,steady_train
33.956794273108244,13.39508056640625,steady_train
34.00691105099395,13.39508056640625,steady_train
34.05703126499429,13.39508056640625,steady_train
34.107152397045866,13.39508056640625,steady_train
34.15726472903043,13.39508056640625,steady_train
34.20737752004061,13.39508056640625,steady_train
34.257492048083805,13.39508056640625,steady_train
34.308194144046865,13.39508056640625,steady_train
34.35893287102226,13.39508056640625,steady_train
34.40911489306018,13.39508056640625,steady_train
34.45922974101268,13.39508056640625,steady_train
34.509343184996396,13.39508056640625,steady_train
34.55945677810814,13.39508056640625,steady_train
34.609586027101614,13.39508056640625,steady_train
34.65977464604657,13.39508056640625,steady_train
34.710699236020446,13.39508056640625,steady_train
34.760821855044924,13.39508056640625,steady_train
34.810935933026485,13.39508056640625,steady_train
34.861055747023784,13.39508056640625,steady_train
34.91117020009551,13.39508056640625,steady_train
34.96127999201417,13.39508056640625,steady_train
35.01139336708002,13.39508056640625,steady_train
35.061629279050976,13.39508056640625,steady_train
35.11281303910073,13.39508056640625,steady_train
35.16326944704633,13.39508056640625,steady_train
35.21390649699606,13.39508056640625,steady_train
35.264019506052136,13.39508056640625,steady_train
35.314143639057875,13.39508056640625,steady_train
35.364256912027486,13.39508056640625,steady_train
35.41437087603845,13.39508056640625,steady_train
35.46448302001227,13.39508056640625,steady_train
35.51509184204042,13.39508056640625,steady_train
35.565204654005356,13.39508056640625,steady_train
35.615315878996626,13.39508056640625,steady_train
35.66542840201873,13.39508056640625,steady_train
35.71554242109414,13.39508056640625,steady_train
35.76565213908907,13.39508056640625,steady_train
35.81576348806266,13.39508056640625,steady_train
35.86587416008115,13.39508056640625,steady_train
35.91598137503024,13.39508056640625,steady_train
35.96609356801491,13.39508056640625,steady_train
36.0162396550877,13.39508056640625,steady_train
36.06636511499528,13.39508056640625,steady_train
36.1164985030191,13.39508056640625,steady_train
36.16747764800675,13.39508056640625,steady_train
36.217607476050034,13.39508056640625,steady_train
36.267732395092025,13.39508056640625,steady_train
36.317841989104636,13.39508056640625,steady_train
36.367952801054344,13.39508056640625,steady_train
36.418082269025035,13.39508056640625,steady_train
36.468195569003,13.39508056640625,steady_train
36.51830419199541,13.39508056640625,steady_train
36.56841935508419,13.39508056640625,steady_train
36.6185299330391,13.39508056640625,steady_train
36.66864015709143,13.39508056640625,steady_train
36.71875263005495,13.39508056640625,steady_train
36.76886291510891,13.39508056640625,steady_train
36.81897750706412,13.39508056640625,steady_train
36.86909239110537,13.39508056640625,steady_train
36.91921926406212,13.39508056640625,steady_train
36.96972449601162,13.39508056640625,steady_train
37.01983495510649,13.39508056640625,steady_train
37.069945504073985,13.39508056640625,steady_train
37.120066136005335,13.39508056640625,steady_train
37.170181020046584,13.39508056640625,steady_train
37.22029076400213,13.39508056640625,steady_train
37.27040263800882,13.39508056640625,steady_train
37.32051503099501,13.39508056640625,steady_train
37.370627194060944,13.39508056640625,steady_train
37.42073880706448,13.39508056640625,steady_train
37.4708506410243,13.39508056640625,steady_train
37.52096175006591,13.39508056640625,steady_train
37.57107489800546,13.39508056640625,steady_train
37.62118633708451,13.39508056640625,steady_train
37.67129730107263,13.39508056640625,steady_train
37.72142155410256,13.39508056640625,steady_train
37.77154118800536,13.39508056640625,steady_train
37.82226598402485,13.39508056640625,steady_train
37.87247467704583,13.39508056640625,steady_train
37.92289165908005,13.39508056640625,steady_train
37.97305818099994,13.39508056640625,steady_train
38.023174140020274,13.39508056640625,steady_train
38.07346551399678,13.39508056640625,steady_train
38.12358083308209,13.39508056640625,steady_train
38.173704047105275,13.39508056640625,steady_train
38.22381518408656,13.39508056640625,steady_train
38.2739293720806,13.39508056640625,steady_train
38.32405312103219,13.39508056640625,steady_train
38.37429857009556,13.39508056640625,steady_train
38.42441209300887,13.39508056640625,steady_train
38.47454535099678,13.39508056640625,steady_train
38.52465864410624,13.39508056640625,steady_train
38.57479258207604,13.39508056640625,steady_train
38.624914875021204,13.39508056640625,steady_train
38.67502821900416,13.39508056640625,steady_train
38.898903171066195,13.39508056640625,steady_train
38.949635388096794,13.39508056640625,steady_train
38.999748726026155,13.39508056640625,steady_train
39.05004495300818,13.39508056640625,steady_train
39.10017756209709,13.39508056640625,steady_train
39.15029591601342,13.39508056640625,steady_train
39.20040661410894,13.39508056640625,steady_train
39.250518113025464,13.39508056640625,steady_train
39.30063291604165,13.39508056640625,steady_train
39.35109343705699,13.39508056640625,steady_train
39.40168694010936,13.39508056640625,steady_train
39.451817038003355,13.39508056640625,steady_train
39.501940026995726,13.39508056640625,steady_train
39.552064240095206,13.39508056640625,steady_train
39.6021767280763,13.39508056640625,steady_train
39.652293872088194,13.39508056640625,steady_train
39.702446386101656,13.39508056640625,steady_train
39.75258330407087,13.39508056640625,steady_train
39.802745502092876,13.39508056640625,steady_train
39.85288311506156,13.39508056640625,steady_train
39.9030437230831,13.39508056640625,steady_train
39.953178683063015,13.39508056640625,steady_train
40.00329414999578,13.39508056640625,steady_train
40.05340389406774,13.39508056640625,steady_train
40.10357354301959,13.39508056640625,steady_train
40.15368828608189,13.39508056640625,steady_train
40.20383845502511,13.39508056640625,steady_train
40.253962903050706,13.39508056640625,steady_train
40.30440724408254,13.39508056640625,steady_train
40.35454184410628,13.39508056640625,steady_train
40.4046575560933,13.39508056640625,steady_train
40.45476909005083,13.39508056640625,steady_train
40.50488126301207,13.39508056640625,steady_train
40.554995613056235,13.39508056640625,steady_train
40.605137170059606,13.39508056640625,steady_train
40.655273135052994,13.39508056640625,steady_train
40.705410103080794,13.39508056640625,steady_train
40.75618267303798,13.39508056640625,steady_train
40.806305753067136,13.39508056640625,steady_train
40.85642537509557,13.39508056640625,steady_train
40.90654711402021,13.39508056640625,steady_train
40.95667527301703,13.39508056640625,steady_train
41.0073052450316,13.39508056640625,steady_train
41.05813083006069,13.39508056640625,steady_train
41.10828080307692,13.39508056640625,steady_train
41.15850396605674,13.39508056640625,steady_train
41.20907991810236,13.39508056640625,steady_train
41.25919964106288,13.39508056640625,steady_train
41.3093135060044,13.39508056640625,steady_train
41.359423065092415,13.39508056640625,steady_train
41.40956561709754,13.39508056640625,steady_train
41.45971688104328,13.39508056640625,steady_train
41.510229448089376,13.39508056640625,steady_train
41.56034379603807,13.39508056640625,steady_train
41.61045468004886,13.39508056640625,steady_train
41.66057199705392,13.39508056640625,steady_train
41.710687036043964,13.39508056640625,steady_train
41.761254788027145,13.39508056640625,steady_train
41.81139172706753,13.39508056640625,steady_train
41.86152022599708,13.39508056640625,steady_train
41.9116302280454,13.39508056640625,steady_train
41.96175962209236,13.39508056640625,steady_train
42.011870001093484,13.39508056640625,steady_train
42.06198298500385,13.39508056640625,steady_train
42.11209509707987,13.39508056640625,steady_train
42.16220892604906,13.39508056640625,steady_train
42.21232227503788,13.39508056640625,steady_train
42.262432763003744,13.39508056640625,steady_train
42.31254941201769,13.39508056640625,steady_train
42.362851779093035,13.39508056640625,steady_train
42.41296973905992,13.39508056640625,steady_train
42.463277455070056,13.39508056640625,steady_train
42.51409940700978,13.39508056640625,steady_train
42.564223180059344,13.39508056640625,steady_train
42.614338994026184,13.39508056640625,steady_train
42.66445835202467,13.39508056640625,steady_train
42.71457082009874,13.39508056640625,steady_train
42.764682310051285,13.39508056640625,steady_train
42.81479201302864,13.39508056640625,steady_train
42.86490482103545,13.39508056640625,steady_train
42.915018729050644,13.39508056640625,steady_train
42.96514033409767,13.39508056640625,steady_train
43.01527066610288,13.39508056640625,steady_train
43.06538521009497,13.39508056640625,steady_train
43.115497013088316,13.39508056640625,steady_train
43.165609813062474,13.39508056640625,steady_train
43.2157237411011,13.39508056640625,steady_train
43.26583701907657,13.39508056640625,steady_train
43.316766689997166,13.39508056640625,steady_train
43.36688480805606,13.39508056640625,steady_train
43.41699739708565,13.39508056640625,steady_train
43.467110340017825,13.39508056640625,steady_train
43.51722075906582,13.39508056640625,steady_train
43.56733352702577,13.39508056640625,steady_train
43.61744434107095,13.39508056640625,steady_train
43.667557205073535,13.39508056640625,steady_train
43.7176768790232,13.39508056640625,steady_train
43.767790551064536,13.39508056640625,steady_train
43.81789992004633,13.39508056640625,steady_train
43.86801359907258,13.39508056640625,steady_train
43.91812596702948,13.39508056640625,steady_train
43.96823703008704,13.39508056640625,steady_train
44.018349730060436,13.39508056640625,steady_train
44.0684616320068,13.39508056640625,steady_train
44.118574291002005,13.39508056640625,steady_train
44.16868855501525,13.39508056640625,steady_train
44.21880322904326,13.39508056640625,steady_train
44.26891544100363,13.39508056640625,steady_train
44.319029841106385,13.39508056640625,steady_train
44.369152848026715,13.39508056640625,steady_train
44.41926210804377,13.39508056640625,steady_train
44.46937908104155,13.39508056640625,steady_train
44.51949541911017,13.39508056640625,steady_train
44.56960674910806,13.39508056640625,steady_train
44.61972000205424,13.39508056640625,steady_train
44.66983180004172,13.39508056640625,steady_train
44.72061525203753,13.39508056640625,steady_train
44.7707474140916,13.39508056640625,steady_train
44.820860733045265,13.39508056640625,steady_train
44.87097366701346,13.39508056640625,steady_train
44.921095685102046,13.39508056640625,steady_train
44.97121254308149,13.39508056640625,steady_train
45.021323102060705,13.39508056640625,steady_train
45.07198516302742,13.39508056640625,steady_train
45.12210668204352,13.39508056640625,steady_train
45.17226756608579,13.39508056640625,steady_train
45.22238937509246,13.39508056640625,steady_train
45.27250154304784,13.39508056640625,steady_train
45.32261379703414,13.39508056640625,steady_train
45.372781980084255,13.39508056640625,steady_train
45.422896054107696,13.39508056640625,steady_train
45.473023691098206,13.39508056640625,steady_train
45.52315450110473,13.39508056640625,steady_train
45.5736654070206,13.39508056640625,steady_train
45.623796716099605,13.39508056640625,steady_train
45.67462978209369,13.39508056640625,steady_train
45.724742585094646,13.39508056640625,steady_train
45.7748546480434,13.39508056640625,steady_train
45.82496612309478,13.39508056640625,steady_train
45.875078420038335,13.39508056640625,steady_train
45.92518989008386,13.39508056640625,steady_train
45.975424993084744,13.39508056640625,steady_train
46.02567852009088,13.39508056640625,steady_train
46.078138190088794,13.39508056640625,steady_train
46.12827244307846,13.39508056640625,steady_train
46.17839055310469,13.39508056640625,steady_train
46.228501711040735,13.39508056640625,steady_train
46.27865905908402,13.39508056640625,steady_train
46.32940603501629,13.39508056640625,steady_train
46.379766197060235,13.39508056640625,steady_train
46.42989807703998,13.39508056640625,steady_train
46.480010675033554,13.39508056640625,steady_train
46.5301233290229,13.39508056640625,steady_train
46.580236947047524,13.39508056640625,steady_train
46.63035136600956,13.39508056640625,steady_train
46.680462080053985,13.39508056640625,steady_train
46.73057352704927,13.39508056640625,steady_train
46.78126888000406,13.39508056640625,steady_train
46.831577326054685,13.39508056640625,steady_train
46.88210778404027,13.39508056640625,steady_train
46.932222817093134,13.39508056640625,steady_train
46.98233586107381,13.39508056640625,steady_train
47.03244656010065,13.39508056640625,steady_train
47.08256522810552,13.39508056640625,steady_train
47.13274445210118,13.39508056640625,steady_train
47.18285891402047,13.39508056640625,steady_train
47.23346326709725,13.39508056640625,steady_train
47.283578945090994,13.39508056640625,steady_train
47.333693793043494,13.39508056640625,steady_train
47.38380351802334,13.39508056640625,steady_train
47.43391745106783,13.39508056640625,steady_train
47.48402861901559,13.39508056640625,steady_train
47.534148993087,13.39508056640625,steady_train
47.5842816720251,13.39508056640625,steady_train
47.63452208403032,13.39508056640625,steady_train
47.68491377204191,13.39508056640625,steady_train
47.73502719507087,13.39508056640625,steady_train
47.78514476399869,13.39508056640625,steady_train
47.835667117033154,13.39508056640625,steady_train
47.88599316007458,13.39508056640625,steady_train
47.93611728202086,13.39508056640625,steady_train
47.986235377029516,13.39508056640625,steady_train
48.036632883013226,13.39508056640625,steady_train
48.08727117010858,13.39508056640625,steady_train
48.138147261110134,13.39508056640625,steady_train
48.18825753906276,13.39508056640625,steady_train
48.239178130053915,13.39508056640625,steady_train
48.28929082909599,13.39508056640625,steady_train
48.33940093300771,13.39508056640625,steady_train
48.38951277604792,13.39508056640625,steady_train
48.439622259000316,13.39508056640625,steady_train
48.4897366190562,13.39508056640625,steady_train
48.5398484460311,13.39508056640625,steady_train
48.5899605700979,13.39508056640625,steady_train
48.64032500900794,13.39508056640625,steady_train
48.69089758908376,13.39508056640625,steady_train
48.74174391501583,13.39508056640625,steady_train
48.79185746505391,13.39508056640625,steady_train
48.84196773299482,13.39508056640625,steady_train
48.89285662409384,13.39508056640625,steady_train
48.94297660200391,13.39508056640625,steady_train
48.99308749602642,13.39508056640625,steady_train
49.04319803905673,13.39508056640625,steady_train
49.093308883020654,13.39508056640625,steady_train
49.143420362030156,13.39508056640625,steady_train
49.19353371509351,13.39508056640625,steady_train
49.24364426906686,13.39508056640625,steady_train
49.293757857056335,13.39508056640625,steady_train
49.34387616009917,13.39508056640625,steady_train
49.394028839073144,13.39508056640625,steady_train
49.44446783210151,13.39508056640625,steady_train
49.49470108910464,13.39508056640625,steady_train
49.54486404208001,13.39508056640625,steady_train
49.59500598604791,13.39508056640625,steady_train
49.64512507407926,13.39508056640625,steady_train
49.69523830304388,13.39508056640625,steady_train
49.74535416206345,13.39508056640625,steady_train
49.79549180599861,13.39508056640625,steady_train
49.84560477908235,13.39508056640625,steady_train
49.89571679709479,13.39508056640625,steady_train
49.945827587042004,13.39508056640625,steady_train
49.995938145089895,13.39508056640625,steady_train
50.046057788073085,13.39508056640625,steady_train
50.09617309609894,13.39508056640625,steady_train
50.14629421499558,13.39508056640625,steady_train
50.19640482508112,13.39508056640625,steady_train
50.246517842053436,13.39508056640625,steady_train
50.29663183609955,13.39508056640625,steady_train
50.34719507803675,13.39508056640625,steady_train
50.39730643609073,13.39508056640625,steady_train
50.44741839310154,13.39508056640625,steady_train
50.49753007502295,13.39508056640625,steady_train
50.547656758106314,13.39508056640625,steady_train
50.59780224610586,13.39508056640625,steady_train
50.647915545036085,13.39508056640625,steady_train
50.698026173049584,13.39508056640625,steady_train
50.74814605107531,13.39508056640625,steady_train
50.79825815500226,13.39508056640625,steady_train
50.848368049017154,13.39508056640625,steady_train
50.89847988309339,13.39508056640625,steady_train
50.94859319110401,13.39508056640625,steady_train
50.99870625406038,13.39508056640625,steady_train
51.04881556809414,13.39508056640625,steady_train
51.098929111030884,13.39508056640625,steady_train
51.14905147510581,13.39508056640625,steady_train
51.19931350904517,13.39508056640625,steady_train
51.2494650920853,13.39508056640625,steady_train
51.29958097101189,13.39508056640625,steady_train
51.34969139005989,13.39508056640625,steady_train
51.399802193045616,13.39508056640625,steady_train
51.44991637102794,13.39508056640625,steady_train
51.50002779101487,13.39508056640625,steady_train
51.55014920805115,13.39508056640625,steady_train
51.600663871038705,13.39508056640625,steady_train
51.65157775604166,13.39508056640625,steady_train
51.70227047300432,13.39508056640625,steady_train
51.752403562073596,13.39508056640625,steady_train
51.80256509000901,13.39508056640625,steady_train
51.85268181399442,13.39508056640625,steady_train
51.902795661007985,13.39508056640625,steady_train
51.95290423510596,13.39508056640625,steady_train
52.00301782810129,13.39508056640625,steady_train
52.053135158028454,13.39508056640625,steady_train
52.10325045103673,13.39508056640625,steady_train
52.153668064041995,13.39508056640625,steady_train
52.20384986710269,13.39508056640625,steady_train
52.253964901086874,13.39508056640625,steady_train
52.30408353009261,13.39508056640625,steady_train
52.35419353609905,13.39508056640625,steady_train
52.40430294210091,13.39508056640625,steady_train
52.454888074076734,13.39508056640625,steady_train
52.505029747029766,13.39508056640625,steady_train
52.55525578907691,13.39508056640625,steady_train
52.6053703740472,13.39508056640625,steady_train
52.65551251207944,13.39508056640625,steady_train
52.70565268106293,13.39508056640625,steady_train
52.755774295073934,13.39508056640625,steady_train
52.805888872011565,13.39508056640625,steady_train
52.8560022310121,13.39508056640625,steady_train
52.90611563506536,13.39508056640625,steady_train
52.95622930303216,13.39508056640625,steady_train
53.00635022309143,13.39508056640625,steady_train
53.05646760109812,13.39508056640625,steady_train
53.106583379092626,13.39508056640625,steady_train
53.15669652703218,13.39508056640625,steady_train
53.206809516996145,13.39508056640625,steady_train
53.25692439102568,13.39508056640625,steady_train
53.30705966404639,13.39508056640625,steady_train
53.35718572803307,13.39508056640625,steady_train
53.40790054900572,13.39508056640625,steady_train
53.45803453808185,13.39508056640625,steady_train
53.50815315009095,13.39508056640625,steady_train
53.55886814801488,13.39508056640625,steady_train
53.60898278001696,13.39508056640625,steady_train
53.65909468906466,13.39508056640625,steady_train
53.70920541300438,13.39508056640625,steady_train
53.759320866083726,13.39508056640625,steady_train
53.8094950200757,13.39508056640625,steady_train
53.85966958408244,13.39508056640625,steady_train
53.910497024073265,13.39508056640625,steady_train
53.96063621900976,13.39508056640625,steady_train
54.01079612702597,13.39508056640625,steady_train
54.06178686104249,13.39508056640625,steady_train
54.11192477110308,13.39508056640625,steady_train
54.1620739530772,13.39508056640625,steady_train
54.21218598703854,13.39508056640625,steady_train
54.26289816305507,13.39508056640625,steady_train
54.313013033010066,13.39508056640625,steady_train
54.36312596104108,13.39508056640625,steady_train
54.413238214096054,13.39508056640625,steady_train
54.463350528036244,13.39508056640625,steady_train
54.513461307040416,13.39508056640625,steady_train
54.5635736110853,13.39508056640625,steady_train
54.61368527903687,13.39508056640625,steady_train
54.66379884304479,13.39508056640625,steady_train
54.71391306002624,13.39508056640625,steady_train
54.76467853307258,13.39508056640625,steady_train
54.81483128108084,13.39508056640625,steady_train
54.8650706600165,13.39508056640625,steady_train
54.915198138100095,13.39508056640625,steady_train
54.96604356402531,13.39508056640625,steady_train
55.01615440810565,13.39508056640625,steady_train
55.0662665910786,13.39508056640625,steady_train
55.1163781050127,13.39508056640625,steady_train
55.16649050905835,13.39508056640625,steady_train
55.21659963100683,13.39508056640625,steady_train
55.26671129500028,13.39508056640625,steady_train
55.31682637904305,13.39508056640625,steady_train
55.36694673204329,13.39508056640625,steady_train
55.41706675104797,13.39508056640625,steady_train
55.467179930070415,13.39508056640625,steady_train
55.517312114010565,13.39508056640625,steady_train
55.56743021309376,13.39508056640625,steady_train
55.61754364008084,13.39508056640625,steady_train
55.66765692003537,13.39508056640625,steady_train
55.71778551209718,13.39508056640625,steady_train
55.76832731009927,13.39508056640625,steady_train
55.818446524091996,13.39508056640625,steady_train
55.86855914210901,13.39508056640625,steady_train
55.919209099025466,13.39508056640625,steady_train
55.969321813085116,13.39508056640625,steady_train
56.019432786037214,13.39508056640625,steady_train
56.069545395090245,13.39508056640625,steady_train
56.11965767899528,13.39508056640625,steady_train
56.16976857709233,13.39508056640625,steady_train
56.21988195599988,13.39508056640625,steady_train
56.269994550035335,13.39508056640625,steady_train
56.320117163006216,13.39508056640625,steady_train
56.37022972700652,13.39508056640625,steady_train
56.420343650039285,13.39508056640625,steady_train
56.47045630810317,13.39508056640625,steady_train
56.520567493047565,13.39508056640625,steady_train
56.570677262032405,13.39508056640625,steady_train
56.62079367402475,13.39508056640625,steady_train
56.670947579084896,13.39508056640625,steady_train
56.7210757820867,13.39508056640625,steady_train
56.77138475002721,13.39508056640625,steady_train
56.82150384807028,13.39508056640625,steady_train
56.87161902303342,13.39508056640625,steady_train
56.921732906019315,13.39508056640625,steady_train
56.97184351400938,13.39508056640625,steady_train
57.02195540408138,13.39508056640625,steady_train
57.07207710109651,13.39508056640625,steady_train
57.122241605073214,13.39508056640625,steady_train
57.172360273078084,13.39508056640625,steady_train
57.22247344709467,13.39508056640625,steady_train
57.272587954998016,13.39508056640625,steady_train
57.32272645004559,13.39508056640625,steady_train
57.373258727020584,13.39508056640625,steady_train
57.42337591503747,13.39508056640625,steady_train
57.47348895901814,13.39508056640625,steady_train
57.52359944302589,13.39508056640625,steady_train
57.57371129700914,13.39508056640625,steady_train
57.62383877008688,13.39508056640625,steady_train
57.673950508004054,13.39508056640625,steady_train
57.72424036602024,13.39508056640625,steady_train
57.77436939510517,13.39508056640625,steady_train
57.82448683399707,13.39508056640625,steady_train
57.87460692203604,13.39508056640625,steady_train
57.92472087510396,13.39508056640625,steady_train
57.97485995001625,13.39508056640625,steady_train
58.0249803540064,13.39508056640625,steady_train
58.075093501014635,13.39508056640625,steady_train
58.12520543800201,13.39508056640625,steady_train
58.175318910041824,13.39508056640625,steady_train
58.22543472703546,13.39508056640625,steady_train
58.27574260602705,13.39508056640625,steady_train
58.32634666305967,13.39508056640625,steady_train
58.37646894203499,13.39508056640625,steady_train
58.42744902102277,13.39508056640625,steady_train
58.4780609580921,13.39508056640625,steady_train
58.52817442303058,13.39508056640625,steady_train
58.57828700100072,13.39508056640625,steady_train
58.6284036700381,13.39508056640625,steady_train
58.67859989707358,13.39508056640625,steady_train
58.72872646606993,13.39508056640625,steady_train
58.779291389044374,13.39508056640625,steady_train
58.82942330709193,13.39508056640625,steady_train
58.87953867507167,13.39508056640625,steady_train
58.92965244909283,13.39508056640625,steady_train
58.97976525302511,13.39508056640625,steady_train
59.029876107000746,13.39508056640625,steady_train
59.07998905610293,13.39508056640625,steady_train
59.13011724804528,13.39508056640625,steady_train
59.180364998057485,13.39508056640625,steady_train
59.23063336010091,13.39508056640625,steady_train
59.28107411309611,13.39508056640625,steady_train
59.3311890270561,13.39508056640625,steady_train
59.38129972410388,13.39508056640625,steady_train
59.43141691409983,13.39508056640625,steady_train
59.48153131804429,13.39508056640625,steady_train
59.531641805078834,13.39508056640625,steady_train
59.58175374509301,13.39508056640625,steady_train
59.63186628406402,13.39508056640625,steady_train
59.68197716108989,13.39508056640625,steady_train
59.73208886501379,13.39508056640625,steady_train
59.78220181900542,13.39508056640625,steady_train
59.83231509407051,13.39508056640625,steady_train
59.882427862030454,13.39508056640625,steady_train
59.93254030006938,13.39508056640625,steady_train
59.98268914804794,13.39508056640625,steady_train
60.0328378980048,13.39508056640625,steady_train
60.08324397506658,13.39508056640625,steady_train
60.13335670309607,13.39508056640625,steady_train
60.18347099306993,13.39508056640625,steady_train
60.23358298605308,13.39508056640625,steady_train
60.28371720004361,13.39508056640625,steady_train
60.333844384062104,13.39508056640625,steady_train
60.38396507699508,13.39508056640625,steady_train
60.43407787999604,13.39508056640625,steady_train
60.4841881840257,13.39508056640625,steady_train
60.534299942082725,13.39508056640625,steady_train
60.58441208105069,13.39508056640625,steady_train
60.63452381105162,13.39508056640625,steady_train
60.68463632906787,13.39508056640625,steady_train
60.73475463199429,13.39508056640625,steady_train
60.78486673603766,13.39508056640625,steady_train
60.83497987000737,13.39508056640625,steady_train
60.88509418407921,13.39508056640625,steady_train
60.93520561803598,13.39508056640625,steady_train
60.985318326042034,13.39508056640625,steady_train
61.03545760002453,13.39508056640625,steady_train
61.085998321999796,13.39508056640625,steady_train
61.13611882110126,13.39508056640625,steady_train
61.186236254055984,13.39508056640625,steady_train
61.236355027067475,13.39508056640625,steady_train
61.28647516109049,13.39508056640625,steady_train
61.33658936503343,13.39508056640625,steady_train
61.38670131901745,13.39508056640625,steady_train
61.43681467708666,13.39508056640625,steady_train
61.486928451107815,13.39508056640625,steady_train
61.53705467504915,13.39508056640625,steady_train
61.587168274098076,13.39508056640625,steady_train
61.63728219200857,13.39508056640625,steady_train
61.68806688906625,13.39508056640625,steady_train
61.73820316209458,13.39508056640625,steady_train
61.78831962007098,13.39508056640625,steady_train
61.83843447000254,13.39508056640625,steady_train
61.88856484205462,13.39508056640625,steady_train
61.93871574709192,13.39508056640625,steady_train
61.98884069605265,13.39508056640625,steady_train
62.03898125409614,13.39508056640625,steady_train
62.089093122049235,13.39508056640625,steady_train
62.139205787098035,13.39508056640625,steady_train
62.189319505007006,13.39508056640625,steady_train
62.239430498098955,13.39508056640625,steady_train
62.289546388085,13.39508056640625,steady_train
62.339658230077475,13.39508056640625,steady_train
62.38977399410214,13.39508056640625,steady_train
62.43989885307383,13.39508056640625,steady_train
62.49001142603811,13.39508056640625,steady_train
62.540122785023414,13.39508056640625,steady_train
62.59023697907105,13.39508056640625,steady_train
62.640535477083176,13.39508056640625,steady_train
62.69122734910343,13.39508056640625,steady_train
62.741345612099394,13.39508056640625,steady_train
62.79147819604259,13.39508056640625,steady_train
62.841588360024616,13.39508056640625,steady_train
62.89170204801485,13.39508056640625,steady_train
62.941815291997045,13.39508056640625,steady_train
62.99193052505143,13.39508056640625,steady_train
63.04205606505275,13.39508056640625,steady_train
63.09217202907894,13.39508056640625,steady_train
63.142640980076976,13.39508056640625,steady_train
63.1936011610087,13.39508056640625,steady_train
63.243715435033664,13.39508056640625,steady_train
63.29391919809859,13.39508056640625,steady_train
63.3440491410438,13.39508056640625,steady_train
63.39416335604619,13.39508056640625,steady_train
63.44428122404497,13.39508056640625,steady_train
63.49441654700786,13.39508056640625,steady_train
63.545091544045135,13.39508056640625,steady_train
63.59562245605048,13.39508056640625,steady_train
63.64573388500139,13.39508056640625,steady_train
63.69587020901963,13.39508056640625,steady_train
63.74599075305741,13.39508056640625,steady_train
63.79610669205431,13.39508056640625,steady_train
63.84687420807313,13.39508056640625,steady_train
63.89769999310374,13.39508056640625,steady_train
63.948422915069386,13.39508056640625,steady_train
63.99907643604092,13.39508056640625,steady_train
64.04986307304353,13.39508056640625,steady_train
64.1007904841099,13.39508056640625,steady_train
64.15156110899989,13.39508056640625,steady_train
64.20167331409175,13.39508056640625,steady_train
64.25178664806299,13.39508056640625,steady_train
64.30189773603342,13.39508056640625,steady_train
64.35201257502194,13.39508056640625,steady_train
64.40212502400391,13.39508056640625,steady_train
64.45223912305664,13.39508056640625,steady_train
64.50235809606966,13.39508056640625,steady_train
64.55321952200029,13.39508056640625,steady_train
64.60333015001379,13.39508056640625,steady_train
64.65344472404104,13.39508056640625,steady_train
64.70355850807391,13.39508056640625,steady_train
64.75411930901464,13.39508056640625,steady_train
64.80423469410744,13.39508056640625,steady_train
64.85510420007631,13.39508056640625,steady_train
64.90522996906657,13.39508056640625,steady_train
64.95536069199443,13.39508056640625,steady_train
65.00547940004617,13.39508056640625,steady_train
65.0555920500774,13.39508056640625,steady_train
65.10570847708732,13.39508056640625,steady_train
65.15582111210097,13.39508056640625,steady_train
65.20593311509583,13.39508056640625,steady_train
65.25606192799751,13.39508056640625,steady_train
65.30617553310003,13.39508056640625,steady_train
65.35630271700211,13.39508056640625,steady_train
65.4068244190421,13.39508056640625,steady_train
65.45720285107382,13.39508056640625,steady_train
65.50732226006221,13.39508056640625,steady_train
65.55747459910344,13.39508056640625,steady_train
65.60837596503552,13.39508056640625,steady_train
65.65848924301099,13.39508056640625,steady_train
65.70929466502275,13.39508056640625,steady_train
65.76000013109297,13.39508056640625,steady_train
65.81011429510545,13.39508056640625,steady_train
65.86023561307229,13.39508056640625,steady_train
65.91035969601944,13.39508056640625,steady_train
65.96049693110399,13.39508056640625,steady_train
66.01060906401835,13.39508056640625,steady_train
66.06071893800981,13.39508056640625,steady_train
66.11083089606836,13.39508056640625,steady_train
66.16094271605834,13.39508056640625,steady_train
66.21160541300196,13.39508056640625,steady_train
66.3884782200912,13.39508056640625,steady_train
66.4386077830568,13.39508056640625,steady_train
66.48872307303827,13.39508056640625,steady_train
66.53883647103794,13.39508056640625,steady_train
66.58962637803052,13.39508056640625,steady_train
66.63977385009639,13.39508056640625,steady_train
66.68990430003032,13.39508056640625,steady_train
66.74001492303796,13.39508056640625,steady_train
66.79012774606235,13.39508056640625,steady_train
66.84024642105214,13.39508056640625,steady_train
66.89036131999455,13.39508056640625,steady_train
66.94047407305334,13.39508056640625,steady_train
66.9905875310069,13.39508056640625,steady_train
67.04069885006174,13.39508056640625,steady_train
67.0908107199939,13.39508056640625,steady_train
67.14092739007901,13.39508056640625,steady_train
67.19107187108602,13.39508056640625,steady_train
67.24121533404104,13.39508056640625,steady_train
67.2913532180246,13.39508056640625,steady_train
67.34191526507493,13.39508056640625,steady_train
67.39202716900036,13.39508056640625,steady_train
67.44217555806972,13.39508056640625,steady_train
67.4926743110409,13.39508056640625,steady_train
67.54278481402434,13.39508056640625,steady_train
67.59289754205383,13.39508056640625,steady_train
67.64300874702167,13.39508056640625,steady_train
67.69312141602859,13.39508056640625,steady_train
67.74323311506305,13.39508056640625,steady_train
67.79334472306073,13.39508056640625,steady_train
67.8434583269991,13.39508056640625,steady_train
67.89357233501505,13.39508056640625,steady_train
67.94368672405835,13.39508056640625,steady_train
67.99429201101884,13.39508056640625,steady_train
68.04444066504948,13.39508056640625,steady_train
68.09455688809976,13.39508056640625,steady_train
68.14467092801351,13.39508056640625,steady_train
68.19551516300999,13.39508056640625,steady_train
68.24563068710268,13.39508056640625,steady_train
68.29576751007698,13.39508056640625,steady_train
68.34588433499448,13.39508056640625,steady_train
68.39599445799831,13.39508056640625,steady_train
68.44610714609735,13.39508056640625,steady_train
68.49622013105545,13.39508056640625,steady_train
68.54633145406842,13.39508056640625,steady_train
68.59644346905407,13.39508056640625,steady_train
68.64656041702256,13.39508056640625,steady_train
68.69670765008777,13.39508056640625,steady_train
68.74682093504816,13.39508056640625,steady_train
68.796933655045,13.39508056640625,steady_train
68.84706088202074,13.39508056640625,steady_train
68.89717758609913,13.39508056640625,steady_train
68.9477393470006,13.39508056640625,steady_train
68.99840004905127,13.39508056640625,steady_train
69.04851324204355,13.39508056640625,steady_train
69.0986254560994,13.39508056640625,steady_train
69.14877971610986,13.39508056640625,steady_train
69.19889158802107,13.39508056640625,steady_train
69.249004567042,13.39508056640625,steady_train
69.2991470170673,13.39508056640625,steady_train
69.34927065100055,13.39508056640625,steady_train
69.39938241406344,13.39508056640625,steady_train
69.44992699706927,13.39508056640625,steady_train
69.50073228706606,13.39508056640625,steady_train
69.55084939009976,13.39508056640625,steady_train
69.60113539907616,13.39508056640625,steady_train
69.65125322702806,13.39508056640625,steady_train
69.70136574609205,13.39508056640625,steady_train
69.75148222001735,13.39508056640625,steady_train
69.8016034840839,13.39508056640625,steady_train
69.85187518305611,13.39508056640625,steady_train
69.90199295000639,13.39508056640625,steady_train
69.95226384804118,13.39508056640625,steady_train
70.0026428210549,13.39508056640625,steady_train
70.05275581101887,13.39508056640625,steady_train
70.1035454920493,13.39508056640625,steady_train
70.15366845100652,13.39508056640625,steady_train
70.20378814509604,13.39508056640625,steady_train
70.25391146307811,13.39508056640625,steady_train
70.30412879609503,13.39508056640625,steady_train
70.35426973109134,13.39508056640625,steady_train
70.40438562911004,13.39508056640625,steady_train
70.45449848810676,13.39508056640625,steady_train
70.50461706705391,13.39508056640625,steady_train
70.55473242001608,13.39508056640625,steady_train
70.60484447306953,13.39508056640625,steady_train
70.65495869808365,13.39508056640625,steady_train
70.70567118003964,13.39508056640625,steady_train
70.75617170601618,13.39508056640625,steady_train
70.80631490109954,13.39508056640625,steady_train
70.85736305010505,13.39508056640625,steady_train
70.90751683909912,13.39508056640625,steady_train
70.95763821806759,13.39508056640625,steady_train
71.0077554261079,13.39508056640625,steady_train
71.05786803504452,13.39508056640625,steady_train
71.10797898401506,13.39508056640625,steady_train
71.15809103799984,13.39508056640625,steady_train
71.20844717603177,13.39508056640625,steady_train
71.25905381306075,13.39508056640625,steady_train
71.30963705002796,13.39508056640625,steady_train
71.35976413800381,13.39508056640625,steady_train
71.40988444699906,13.39508056640625,steady_train
71.45999647607096,13.39508056640625,steady_train
71.51010975509416,13.39508056640625,steady_train
71.56022156809922,13.39508056640625,steady_train
71.61089542100672,13.39508056640625,steady_train
71.661052228068,13.39508056640625,steady_train
71.71136588207446,13.39508056640625,steady_train
71.76226599304937,13.39508056640625,steady_train
71.81238070700783,13.39508056640625,steady_train
71.86249337601475,13.39508056640625,steady_train
71.91260299808346,13.39508056640625,steady_train
71.96293604304083,13.39508056640625,steady_train
72.01305427099578,13.39508056640625,steady_train
72.06316522404086,13.39508056640625,steady_train
72.11327651806641,13.39508056640625,steady_train
72.16338896204252,13.39508056640625,steady_train
72.21350223000627,13.39508056640625,steady_train
72.26361391902901,13.39508056640625,steady_train
72.31372903403826,13.39508056640625,steady_train
72.36384223809,13.39508056640625,steady_train
72.41397345508449,13.39508056640625,steady_train
72.46409516001586,13.39508056640625,steady_train
72.51436673803255,13.39508056640625,steady_train
72.56448924203869,13.39508056640625,steady_train
72.614634166006,13.39508056640625,steady_train
72.66475399304181,13.39508056640625,steady_train
72.71486797800753,13.39508056640625,steady_train
72.76498012605589,13.39508056640625,steady_train
72.81509166106116,13.39508056640625,steady_train
72.86522423406132,13.39508056640625,steady_train
72.91533598804381,13.39508056640625,steady_train
72.96544862200972,13.39508056640625,steady_train
73.0155601700535,13.39508056640625,steady_train
73.06567118002567,13.39508056640625,steady_train
73.11578044702765,13.39508056640625,steady_train
73.16589399601799,13.39508056640625,steady_train
73.21600613510236,13.39508056640625,steady_train
73.26611783506814,13.39508056640625,steady_train
73.31622908404097,13.39508056640625,steady_train
73.3663427020656,13.39508056640625,steady_train
73.4165533001069,13.39508056640625,steady_train
73.46667412400711,13.39508056640625,steady_train
73.51680907700211,13.39508056640625,steady_train
73.5669300070731,13.39508056640625,steady_train
73.61748441308737,13.39508056640625,steady_train
73.66761149803642,13.39508056640625,steady_train
73.7177548171021,13.39508056640625,steady_train
73.76788519008551,13.39508056640625,steady_train
73.81800414202735,13.39508056640625,steady_train
73.86811673699412,13.39508056640625,steady_train
73.91823004710022,13.39508056640625,steady_train
73.96834048407618,13.39508056640625,steady_train
74.01845276902895,13.39508056640625,steady_train
74.06856936705299,13.39508056640625,steady_train
74.1186813020613,13.39508056640625,steady_train
74.16880038008094,13.39508056640625,steady_train
74.2189255580306,13.39508056640625,steady_train
74.26904858299531,13.39508056640625,steady_train
74.31916120706592,13.39508056640625,steady_train
74.36927839007694,13.39508056640625,steady_train
74.42002382210921,13.39508056640625,steady_train
74.47014237102121,13.39508056640625,steady_train
74.52025702502578,13.39508056640625,steady_train
74.57039428304415,13.39508056640625,steady_train
74.62050679605454,13.39508056640625,steady_train
74.67062034108676,13.39508056640625,steady_train
74.72073494503275,13.39508056640625,steady_train
74.77084596909117,13.39508056640625,steady_train
74.82095486705657,13.39508056640625,steady_train
74.87109871103894,13.39508056640625,steady_train
74.9212389549939,13.39508056640625,steady_train
74.97136318904813,13.39508056640625,steady_train
75.02147255605087,13.39508056640625,steady_train
75.07158813602291,13.39508056640625,steady_train
75.12170947401319,13.39508056640625,steady_train
75.17191449704114,13.39508056640625,steady_train
75.22206007200293,13.39508056640625,steady_train
75.27222266502213,13.39508056640625,steady_train
75.32235551008489,13.39508056640625,steady_train
75.37275055702776,13.39508056640625,steady_train
75.42286235105712,13.39508056640625,steady_train
75.47297309001442,13.39508056640625,steady_train
75.52310210408177,13.39508056640625,steady_train
75.57324746600352,13.39508056640625,steady_train
75.62336428603157,13.39508056640625,steady_train
75.67354315007105,13.39508056640625,steady_train
75.72366103401873,13.39508056640625,steady_train
75.77385253610555,13.39508056640625,steady_train
75.82396529603284,13.39508056640625,steady_train
75.87407519004773,13.39508056640625,steady_train
75.92418678710237,13.39508056640625,steady_train
75.97430178208742,13.39508056640625,steady_train
76.02441545610782,13.39508056640625,steady_train
76.0745289940387,13.39508056640625,steady_train
76.12474138801917,13.39508056640625,steady_train
76.17485247703735,13.39508056640625,steady_train
76.22523715405259,13.39508056640625,steady_train
76.27534919907339,13.39508056640625,steady_train
76.32546179310884,13.39508056640625,steady_train
76.37561044609174,13.39508056640625,steady_train
76.42623935302254,13.39508056640625,steady_train
76.47667875105981,13.39508056640625,steady_train
76.52679421007633,13.39508056640625,steady_train
76.5777217700379,13.39508056640625,steady_train
76.62827543809544,13.39508056640625,steady_train
76.6784095960902,13.39508056640625,steady_train
76.72852668899577,13.39508056640625,steady_train
76.77863914810587,13.39508056640625,steady_train
76.82875073200557,13.39508056640625,steady_train
76.87886386504397,13.39508056640625,steady_train
76.9289835250238,13.39508056640625,steady_train
76.97909590404015,13.39508056640625,steady_train
77.02920686802827,13.39508056640625,steady_train
77.07931998709682,13.39508056640625,steady_train
77.12943137600087,13.39508056640625,steady_train
77.17956845310982,13.39508056640625,steady_train
77.2296918570064,13.39508056640625,steady_train
77.27982121205423,13.39508056640625,steady_train
77.32993527501822,13.39508056640625,steady_train
77.38005986902863,13.39508056640625,steady_train
77.43017334199976,13.39508056640625,steady_train
77.48028544103727,13.39508056640625,steady_train
77.53039923100732,13.39508056640625,steady_train
77.58051270409487,13.39508056640625,steady_train
77.63062400801573,13.39508056640625,steady_train
77.68073469609953,13.39508056640625,steady_train
77.73084750003181,13.39508056640625,steady_train
77.78097921004519,13.39508056640625,steady_train
77.83130331209395,13.39508056640625,steady_train
77.88143125700299,13.39508056640625,steady_train
77.9315502360696,13.39508056640625,steady_train
77.98166118806694,13.39508056640625,steady_train
78.03215226600878,13.39508056640625,steady_train
78.0828615881037,13.39508056640625,steady_train
78.13297400600277,13.39508056640625,steady_train
78.1830916700419,13.39508056640625,steady_train
78.23321062000468,13.39508056640625,steady_train
78.2833214920247,13.39508056640625,steady_train
78.3334342930466,13.39508056640625,steady_train
78.38354783609975,13.39508056640625,steady_train
78.43366615509149,13.39508056640625,steady_train
78.48378171899822,13.39508056640625,steady_train
78.53389484109357,13.39508056640625,steady_train
78.58400959102437,13.39508056640625,steady_train
78.63412513001822,13.39508056640625,steady_train
78.6842399580637,13.39508056640625,steady_train
78.73435378703289,13.39508056640625,steady_train
78.78450123604853,13.39508056640625,steady_train
78.83463657600805,13.39508056640625,steady_train
78.88477358804084,13.39508056640625,steady_train
78.93490454310086,13.39508056640625,steady_train
78.98501584702171,13.39508056640625,steady_train
79.03513653110713,13.39508056640625,steady_train
79.0852583590895,13.39508056640625,steady_train
79.135372622055,13.39508056640625,steady_train
79.18548652203754,13.39508056640625,steady_train
79.2355987650808,13.39508056640625,steady_train
79.28571071405895,13.39508056640625,steady_train
79.3358265790157,13.39508056640625,steady_train
79.38594170205761,13.39508056640625,steady_train
79.43606357905082,13.39508056640625,steady_train
79.48617899010424,13.39508056640625,steady_train
79.53629375400487,13.39508056640625,steady_train
79.5864073280245,13.39508056640625,steady_train
79.63653627608437,13.39508056640625,steady_train
79.68688746006228,13.39508056640625,steady_train
79.73702684801538,13.39508056640625,steady_train
79.78716986102518,13.39508056640625,steady_train
79.83728204504587,13.39508056640625,steady_train
79.88739412999712,13.39508056640625,steady_train
79.93795851105824,13.39508056640625,steady_train
79.98807544610463,13.39508056640625,steady_train
80.03821418003645,13.39508056640625,steady_train
80.08834573801141,13.39508056640625,steady_train
80.13846174709033,13.39508056640625,steady_train
80.18858352105599,13.39508056640625,steady_train
80.23869424010627,13.39508056640625,steady_train
80.28880535799544,13.39508056640625,steady_train
80.338917503017,13.39508056640625,steady_train
80.38903061510064,13.39508056640625,steady_train
80.43915186403319,13.39508056640625,steady_train
80.4907861170359,13.39508056640625,steady_train
80.54093505709898,13.39508056640625,steady_train
80.59135419409722,13.39508056640625,steady_train
80.64146728802007,13.39508056640625,steady_train
80.69158118299674,13.39508056640625,steady_train
80.74170044600032,13.39508056640625,steady_train
80.79224763810635,13.39508056640625,steady_train
80.84238062205259,13.39508056640625,steady_train
80.89267258509062,13.39508056640625,steady_train
80.94280532805715,13.39508056640625,steady_train
80.9929318530485,13.39508056640625,steady_train
81.04305198101792,13.39508056640625,steady_train
81.09317123505753,13.39508056640625,steady_train
81.14328446006402,13.39508056640625,steady_train
81.19339626806322,13.39508056640625,steady_train
81.24350922205485,13.39508056640625,steady_train
81.29398691502865,13.39508056640625,steady_train
81.34450105205178,13.39508056640625,steady_train
81.39461401500739,13.39508056640625,steady_train
81.44489764305763,13.39508056640625,steady_train
81.4950295870658,13.39508056640625,steady_train
81.54539559001569,13.39508056640625,steady_train
81.59615967201535,13.39508056640625,steady_train
81.64628864102997,13.39508056640625,steady_train
81.69640860508662,13.39508056640625,steady_train
81.74718292604666,13.39508056640625,steady_train
81.79769612906966,13.39508056640625,steady_train
81.84784555307124,13.39508056640625,steady_train
81.89797234605066,13.39508056640625,steady_train
81.94873610301875,13.39508056640625,steady_train
81.99885860702489,13.39508056640625,steady_train
82.04897162108682,13.39508056640625,steady_train
82.09908259403892,13.39508056640625,steady_train
82.1492011990631,13.39508056640625,steady_train
82.19932213204447,13.39508056640625,steady_train
82.24948558607139,13.39508056640625,steady_train
82.29982042801566,13.39508056640625,steady_train
82.34998749208171,13.39508056640625,steady_train
82.40034912002739,13.39508056640625,steady_train
82.45046418800484,13.39508056640625,steady_train
82.50057842803653,13.39508056640625,steady_train
82.5514850190375,13.39508056640625,steady_train
82.60160742804874,13.39508056640625,steady_train
82.65321849507745,13.39508056640625,steady_train
82.70333250507247,13.39508056640625,steady_train
82.75344672403298,13.39508056640625,steady_train
82.80356113810558,13.39508056640625,steady_train
82.85367681109346,13.39508056640625,steady_train
82.9037915749941,13.39508056640625,steady_train
82.9539061980322,13.39508056640625,steady_train
83.00418285210617,13.39508056640625,steady_train
83.05442752107047,13.39508056640625,steady_train
83.10493833303917,13.39508056640625,steady_train
83.1553713750327,13.39508056640625,steady_train
83.20553717506118,13.39508056640625,steady_train
83.25565422803629,13.39508056640625,steady_train
83.30577086703852,13.39508056640625,steady_train
83.3558842050843,13.39508056640625,steady_train
83.4060172290774,13.39508056640625,steady_train
83.45615138905123,13.39508056640625,steady_train
83.50626699801069,13.39508056640625,steady_train
83.55638035701122,13.39508056640625,steady_train
83.60649575607385,13.39508056640625,steady_train
83.65660986909643,13.39508056640625,steady_train
83.7067183071049,13.39508056640625,steady_train
83.75683233200107,13.39508056640625,steady_train
83.80694608599879,13.39508056640625,steady_train
83.85707385500427,13.39508056640625,steady_train
83.90719380800147,13.39508056640625,steady_train
83.9573109120829,13.39508056640625,steady_train
84.00742934504524,13.39508056640625,steady_train
84.057543730014,13.39508056640625,steady_train
84.10828647203743,13.39508056640625,steady_train
84.15839867608156,13.39508056640625,steady_train
84.20851945504546,13.39508056640625,steady_train
84.25864042702597,13.39508056640625,steady_train
84.3087431670865,13.39508056640625,steady_train
84.35885058599524,13.39508056640625,steady_train
84.40896386501845,13.39508056640625,steady_train
84.45907644799445,13.39508056640625,steady_train
84.50918808602728,13.39508056640625,steady_train
84.55930093606003,13.39508056640625,steady_train
84.6094222710235,13.39508056640625,steady_train
84.65954400005285,13.39508056640625,steady_train
84.70966141403187,13.39508056640625,steady_train
84.76048799906857,13.39508056640625,steady_train
84.81061803910416,13.39508056640625,steady_train
84.8607354570413,13.39508056640625,steady_train
84.91096826607827,13.39508056640625,steady_train
84.96112800005358,13.39508056640625,steady_train
85.01169772108551,13.39508056640625,steady_train
85.06185552605893,13.39508056640625,steady_train
85.11198368505575,13.39508056640625,steady_train
85.16209768305998,13.39508056640625,steady_train
85.21221520099789,13.39508056640625,steady_train
85.26233193010557,13.39508056640625,steady_train
85.31244497501757,13.39508056640625,steady_train
85.36255967605393,13.39508056640625,steady_train
85.41267384309322,13.39508056640625,steady_train
85.46279320504982,13.39508056640625,steady_train
85.51291015604511,13.39508056640625,steady_train
85.56302562402561,13.39508056640625,steady_train
85.61317243403755,13.39508056640625,steady_train
85.66329096304253,13.39508056640625,steady_train
85.71348015603144,13.39508056640625,steady_train
85.76360599009786,13.39508056640625,steady_train
85.81454357609618,13.39508056640625,steady_train
85.8646607050905,13.39508056640625,steady_train
85.91477436805144,13.39508056640625,steady_train
85.96488839306403,13.39508056640625,steady_train
86.01500577200204,13.39508056640625,steady_train
86.06512675003614,13.39508056640625,steady_train
86.11524791910779,13.39508056640625,steady_train
86.16557985707186,13.39508056640625,steady_train
86.2156973760575,13.39508056640625,steady_train
86.26583675504662,13.39508056640625,steady_train
86.3159609590657,13.39508056640625,steady_train
86.36608033801895,13.39508056640625,steady_train
86.4162023110548,13.39508056640625,steady_train
86.4663159850752,13.39508056640625,steady_train
86.51642886910122,13.39508056640625,steady_train
86.56655437208246,13.39508056640625,steady_train
86.61667207605205,13.39508056640625,steady_train
86.66694516502321,13.39508056640625,steady_train
86.71709559904411,13.39508056640625,steady_train
86.7672534470912,13.39508056640625,steady_train
86.81737652106676,13.39508056640625,steady_train
86.86748996109236,13.39508056640625,steady_train
86.9176021090243,13.39508056640625,steady_train
86.96772509207949,13.39508056640625,steady_train
87.01786017103586,13.39508056640625,steady_train
87.0679957200773,13.39508056640625,steady_train
87.11812905501574,13.39508056640625,steady_train
87.16880349605344,13.39508056640625,steady_train
87.219496928039,13.39508056640625,steady_train
87.26962486107368,13.39508056640625,steady_train
87.31975162506569,13.39508056640625,steady_train
87.36986346007325,13.39508056640625,steady_train
87.41998268302996,13.39508056640625,steady_train
87.47010167210829,13.39508056640625,steady_train
87.52021661109757,13.39508056640625,steady_train
87.57033069501631,13.39508056640625,steady_train
87.62044615310151,13.39508056640625,steady_train
87.67058368201833,13.39508056640625,steady_train
87.72072264400776,13.39508056640625,steady_train
87.77084364602342,13.39508056640625,steady_train
87.82095955405384,13.39508056640625,steady_train
87.8710752640618,13.39508056640625,steady_train
87.92121111706365,13.39508056640625,steady_train
87.97151707008015,13.39508056640625,steady_train
88.0223037720425,13.39508056640625,steady_train
88.07243889605161,13.39508056640625,steady_train
88.12255690502934,13.39508056640625,steady_train
88.1726729030488,13.39508056640625,steady_train
88.22279025707394,13.39508056640625,steady_train
88.2729048510082,13.39508056640625,steady_train
88.32302170002367,13.39508056640625,steady_train
88.37347935209982,13.39508056640625,steady_train
88.42408775410149,13.39508056640625,steady_train
88.47424743406009,13.39508056640625,steady_train
88.52437051211018,13.39508056640625,steady_train
88.57451994204894,13.39508056640625,steady_train
88.62463540607132,13.39508056640625,steady_train
88.67475067905616,13.39508056640625,steady_train
88.72487371810712,13.39508056640625,steady_train
88.77501438104082,13.39508056640625,steady_train
88.82547325501218,13.39508056640625,steady_train
88.87561562401243,13.39508056640625,steady_train
88.92632010404486,13.39508056640625,steady_train
88.97685957199428,13.39508056640625,steady_train
89.02697954210453,13.39508056640625,steady_train
89.07709605200216,13.39508056640625,steady_train
89.12720496405382,13.39508056640625,steady_train
89.17732173705008,13.39508056640625,steady_train
89.22885473200586,13.39508056640625,steady_train
89.27898020599969,13.39508056640625,steady_train
89.3290829739999,13.39508056640625,steady_train
89.37943534809165,13.39508056640625,steady_train
89.42955719109159,13.39508056640625,steady_train
89.47970697004348,13.39508056640625,steady_train
89.53041878610384,13.39508056640625,steady_train
89.58053740602918,13.39508056640625,steady_train
89.63065294909757,13.39508056640625,steady_train
89.68076646805275,13.39508056640625,steady_train
89.7310817160178,13.39508056640625,steady_train
89.78119906503707,13.39508056640625,steady_train
89.83131483907346,13.39508056640625,steady_train
89.8814295741031,13.39508056640625,steady_train
89.93154140701517,13.39508056640625,steady_train
89.9816548920935,13.39508056640625,steady_train
90.03176839509979,13.39508056640625,steady_train
90.08188870502636,13.39508056640625,steady_train
90.13231891207397,13.39508056640625,steady_train
90.18243207107298,13.39508056640625,steady_train
90.23254646908026,13.39508056640625,steady_train
90.28265993809327,13.39508056640625,steady_train
90.33277027204167,13.39508056640625,steady_train
90.38288234709762,13.39508056640625,steady_train
90.4329950750107,13.39508056640625,steady_train
90.48315095901489,13.39508056640625,steady_train
90.53367149201222,13.39508056640625,steady_train
90.58378978003748,13.39508056640625,steady_train
90.6339011240052,13.39508056640625,steady_train
90.6840144880116,13.39508056640625,steady_train
90.73412641708273,13.39508056640625,steady_train
90.78423934208695,13.39508056640625,steady_train
90.83435403509066,13.39508056640625,steady_train
90.88446808909066,13.39508056640625,steady_train
90.93458244903013,13.39508056640625,steady_train
90.9863197710365,13.39508056640625,steady_train
91.03708590206224,13.39508056640625,steady_train
91.08745494601317,13.39508056640625,steady_train
91.13759094499983,13.39508056640625,steady_train
91.1877430099994,13.39508056640625,steady_train
91.2379042271059,13.39508056640625,steady_train
91.28867739310954,13.39508056640625,steady_train
91.3387894530315,13.39508056640625,steady_train
91.38949566008523,13.39508056640625,steady_train
91.4403430710081,13.39508056640625,steady_train
91.49047523899935,13.39508056640625,steady_train
91.54112884204369,13.39508056640625,steady_train
91.59175869903993,13.39508056640625,steady_train
91.64187613199465,13.39508056640625,steady_train
91.69198809110094,13.39508056640625,steady_train
91.74210103508085,13.39508056640625,steady_train
91.79221308405977,13.39508056640625,steady_train
91.84233331703581,13.39508056640625,steady_train
91.89297336002346,13.39508056640625,steady_train
92.03462297900114,13.39508056640625,steady_train
92.08512243709993,13.39508056640625,steady_train
92.1352433700813,13.39508056640625,steady_train
92.18622043100186,13.39508056640625,steady_train
92.23633709503338,13.39508056640625,steady_train
92.28645523404703,13.39508056640625,steady_train
92.3365856630262,13.39508056640625,steady_train
92.3867190470919,13.39508056640625,steady_train
92.43716453900561,13.39508056640625,steady_train
92.48729347903281,13.39508056640625,steady_train
92.53740948310588,13.39508056640625,steady_train
92.58793697902001,13.39508056640625,steady_train
92.63820303301327,13.39508056640625,steady_train
92.68831840599887,13.39508056640625,steady_train
92.73843307001516,13.39508056640625,steady_train
92.78854706906714,13.39508056640625,steady_train
92.83867541409563,13.39508056640625,steady_train
92.88960473902989,13.39508056640625,steady_train
92.93973079801071,13.39508056640625,steady_train
92.9898457970703,13.39508056640625,steady_train
93.03998735710047,13.39508056640625,steady_train
93.09013994503766,13.39508056640625,steady_train
93.14062422805,13.39508056640625,steady_train
93.19077477208339,13.39508056640625,steady_train
93.24089715105947,13.39508056640625,steady_train
93.2910534950206,13.39508056640625,steady_train
93.34117330401205,13.39508056640625,steady_train
93.39128704799805,13.39508056640625,steady_train
93.44140513101593,13.39508056640625,steady_train
93.49152029608376,13.39508056640625,steady_train
93.54163454007357,13.39508056640625,steady_train
93.59174977708608,13.39508056640625,steady_train
93.64186757605057,13.39508056640625,steady_train
93.69198330608197,13.39508056640625,steady_train
93.74210399901494,13.39508056640625,steady_train
93.79222371405922,13.39508056640625,steady_train
93.84234212304,13.39508056640625,steady_train
93.89245692105033,13.39508056640625,steady_train
93.9425978010986,13.39508056640625,steady_train
93.99275278509595,13.39508056640625,steady_train
94.04291488404851,13.39508056640625,steady_train
94.09364665404428,13.39508056640625,steady_train
94.14376009302214,13.39508056640625,steady_train
94.19387506204657,13.39508056640625,steady_train
94.2439971860731,13.39508056640625,steady_train
94.2940720540937,13.39508056640625,steady_train
94.34419553505722,13.39508056640625,steady_train
94.39432135899551,13.39508056640625,steady_train
94.44446705805603,13.39508056640625,steady_train
94.49459479609504,13.39508056640625,steady_train
94.54471036500763,13.39508056640625,steady_train
94.59482591901906,13.39508056640625,steady_train
94.64494899904821,13.39508056640625,steady_train
94.69515861710533,13.39508056640625,steady_train
94.74529719504062,13.39508056640625,steady_train
94.79544093005825,13.39508056640625,steady_train
94.84555620804895,13.39508056640625,steady_train
94.89604966004845,13.39508056640625,steady_train
94.94622190005612,13.39508056640625,steady_train
94.99644570902456,13.39508056640625,steady_train
95.04667031706776,13.39508056640625,steady_train
95.09683459007647,13.39508056640625,steady_train
95.14696940907743,13.39508056640625,steady_train
95.19709828309715,13.39508056640625,steady_train
95.24722346803173,13.39508056640625,steady_train
95.29747213504743,13.39508056640625,steady_train
95.34761049901135,13.39508056640625,steady_train
95.39773766906,13.39508056640625,steady_train
95.44785292306915,13.39508056640625,steady_train
95.4979736621026,13.39508056640625,steady_train
95.54811311105732,13.39508056640625,steady_train
95.59894779603928,13.39508056640625,steady_train
95.64907348505221,13.39508056640625,steady_train
95.69920590508264,13.39508056640625,steady_train
95.74990841606632,13.39508056640625,steady_train
95.80044035403989,13.39508056640625,steady_train
95.85055341210682,13.39508056640625,steady_train
95.90066819207277,13.39508056640625,steady_train
95.95079600508325,13.39508056640625,steady_train
96.00093059404753,13.39508056640625,steady_train
96.05109846405685,13.39508056640625,steady_train
96.10121562308632,13.39508056640625,steady_train
96.15133332100231,13.39508056640625,steady_train
96.20144783006981,13.39508056640625,steady_train
96.25156356906518,13.39508056640625,steady_train
96.30167646810878,13.39508056640625,steady_train
96.35178819706198,13.39508056640625,steady_train
96.40190477203578,13.39508056640625,steady_train
96.45207109500188,13.39508056640625,steady_train
96.50220573402476,13.39508056640625,steady_train
96.55233582202345,13.39508056640625,steady_train
96.60246087610722,13.39508056640625,steady_train
96.65259217610583,13.39508056640625,steady_train
96.70270887005609,13.39508056640625,steady_train
96.75282285304274,13.39508056640625,steady_train
96.80360995407682,13.39508056640625,steady_train
96.85392876400147,13.39508056640625,steady_train
96.9040765670361,13.39508056640625,steady_train
96.9542100810213,13.39508056640625,steady_train
97.00432400510181,13.39508056640625,steady_train
97.05444292305037,13.39508056640625,steady_train
97.10455884307157,13.39508056640625,steady_train
97.15466938109603,13.39508056640625,steady_train
97.20478089503013,13.39508056640625,steady_train
97.25489941402338,13.39508056640625,steady_train
97.30505209299736,13.39508056640625,steady_train
97.35517077310942,13.39508056640625,steady_train
97.40532921708655,13.39508056640625,steady_train
97.45623863302171,13.39508056640625,steady_train
97.50635398703162,13.39508056640625,steady_train
97.55647238099482,13.39508056640625,steady_train
97.60658565408085,13.39508056640625,steady_train
97.65674384403974,13.39508056640625,steady_train
97.70686062204186,13.39508056640625,steady_train
97.75697386707179,13.39508056640625,steady_train
97.80709110607859,13.39508056640625,steady_train
97.85720612702426,13.39508056640625,steady_train
97.90732418303378,13.39508056640625,steady_train
97.95743836299516,13.39508056640625,steady_train
98.00755838607438,13.39508056640625,steady_train
98.05767352506518,13.39508056640625,steady_train
98.10778883006424,13.39508056640625,steady_train
98.15790817909874,13.39508056640625,steady_train
98.20802745199762,13.39508056640625,steady_train
98.25815141503699,13.39508056640625,steady_train
98.3082641500514,13.39508056640625,steady_train
98.35837858810555,13.39508056640625,steady_train
98.4085033070296,13.39508056640625,steady_train
98.45865291100927,13.39508056640625,steady_train
98.50879978109151,13.39508056640625,steady_train
98.55891541403253,13.39508056640625,steady_train
98.60903031309135,13.39508056640625,steady_train
98.65915851201862,13.39508056640625,steady_train
98.70927042106632,13.39508056640625,steady_train
98.7593833450228,13.39508056640625,steady_train
98.80949545407202,13.39508056640625,steady_train
98.85961242904887,13.39508056640625,steady_train
98.90973325702362,13.39508056640625,steady_train
98.95984498702455,13.39508056640625,steady_train
99.00996633002069,13.39508056640625,steady_train
99.06008928001393,13.39508056640625,steady_train
99.11083825107198,13.39508056640625,steady_train
99.16098262509331,13.39508056640625,steady_train
99.21110387402587,13.39508056640625,steady_train
99.26121793407947,13.39508056640625,steady_train
99.31131781009026,13.39508056640625,steady_train
99.36142359103542,13.39508056640625,steady_train
99.41153868602123,13.39508056640625,steady_train
99.46165347401984,13.39508056640625,steady_train
99.51176547806244,13.39508056640625,steady_train
99.56187712703831,13.39508056640625,steady_train
99.61199136206415,13.39508056640625,steady_train
99.66210647008847,13.39508056640625,steady_train
99.71221592510119,13.39508056640625,steady_train
99.76232996908948,13.39508056640625,steady_train
99.81245644809678,13.39508056640625,steady_train
99.86256763210986,13.39508056640625,steady_train
99.91268447099719,13.39508056640625,steady_train
99.96330797800329,13.39508056640625,steady_train
100.01410915399902,13.39508056640625,steady_train
100.06464041210711,13.39508056640625,steady_train
100.11476671008859,13.39508056640625,steady_train
100.16488428402226,13.39508056640625,steady_train
100.21499880903866,13.39508056640625,steady_train
100.26511730602942,13.39508056640625,steady_train
100.31525885104202,13.39508056640625,steady_train
100.36537859006785,13.39508056640625,steady_train
100.4154940880835,13.39508056640625,steady_train
100.46560673706699,13.39508056640625,steady_train
100.51572485209908,13.39508056640625,steady_train
100.56601677008439,13.39508056640625,steady_train
100.61614676006138,13.39508056640625,steady_train
100.66627080307808,13.39508056640625,steady_train
100.71638433705084,13.39508056640625,steady_train
100.76650323101785,13.39508056640625,steady_train
100.81663009605836,13.39508056640625,steady_train
100.86674761399627,13.39508056640625,steady_train
100.91686204401776,13.39508056640625,steady_train
100.96697536308784,13.39508056640625,steady_train
101.01752991508693,13.39508056640625,steady_train
101.068047837005,13.39508056640625,steady_train
101.11821288103238,13.39508056640625,steady_train
101.16832856403198,13.39508056640625,steady_train
101.21844502910972,13.39508056640625,steady_train
101.26855866902042,13.39508056640625,steady_train
101.31874519702978,13.39508056640625,steady_train
101.36962698202115,13.39508056640625,steady_train
101.4201035000151,13.39508056640625,steady_train
101.47023567010183,13.39508056640625,steady_train
101.52036283805501,13.39508056640625,steady_train
101.57047772710212,13.39508056640625,steady_train
101.62059247202706,13.39508056640625,steady_train
101.67079236009158,13.39508056640625,steady_train
101.72091404011007,13.39508056640625,steady_train
101.77102694404311,13.39508056640625,steady_train
101.82193566404749,13.39508056640625,steady_train
101.87277998100035,13.39508056640625,steady_train
101.92355946800672,13.39508056640625,steady_train
101.97367293201387,13.39508056640625,steady_train
102.02378656505607,13.39508056640625,steady_train
102.07435016206,13.39508056640625,steady_train
102.12447084707674,13.39508056640625,steady_train
102.1753064430086,13.39508056640625,steady_train
102.22544364107307,13.39508056640625,steady_train
102.27558765502181,13.39508056640625,steady_train
102.32573826506268,13.39508056640625,steady_train
102.37585619301535,13.39508056640625,steady_train
102.42598921700846,13.39508056640625,steady_train
102.4761056760326,13.39508056640625,steady_train
102.52621485001873,13.39508056640625,steady_train
102.5763316100929,13.39508056640625,steady_train
102.62644976901356,13.39508056640625,steady_train
102.67656430706847,13.39508056640625,steady_train
102.72667994606309,13.39508056640625,steady_train
102.77679288003128,13.39508056640625,steady_train
102.82690610503778,13.39508056640625,steady_train
102.8770208680071,13.39508056640625,steady_train
102.92764723999426,13.39508056640625,steady_train
102.9777586000273,13.39508056640625,steady_train
103.02844756701961,13.39508056640625,steady_train
103.07892683404498,13.39508056640625,steady_train
103.12907040910795,13.39508056640625,steady_train
103.17918816802558,13.39508056640625,steady_train
103.22930929099675,13.39508056640625,steady_train
103.27943078509998,13.39508056640625,steady_train
103.32954566006083,13.39508056640625,steady_train
103.37965920299757,13.39508056640625,steady_train
103.42978249210864,13.39508056640625,steady_train
103.48008018708788,13.39508056640625,steady_train
103.53020560508594,13.39508056640625,steady_train
103.58034487906843,13.39508056640625,steady_train
103.63047252304386,13.39508056640625,steady_train
103.68062852101866,13.39508056640625,steady_train
103.73125949408859,13.39508056640625,steady_train
103.78141494805459,13.39508056640625,steady_train
103.83155616710428,13.39508056640625,steady_train
103.88228565407917,13.39508056640625,steady_train
103.93240331206471,13.39508056640625,steady_train
103.98314070503693,13.39508056640625,steady_train
104.03379245707765,13.39508056640625,steady_train
104.08390549605247,13.39508056640625,steady_train
104.13401689904276,13.39508056640625,steady_train
104.18413991399575,13.39508056640625,steady_train
104.23425604309887,13.39508056640625,steady_train
104.28436888603028,13.39508056640625,steady_train
104.33449144510087,13.39508056640625,steady_train
104.38461577508133,13.39508056640625,steady_train
104.43473167310003,13.39508056640625,steady_train
104.48484332801308,13.39508056640625,steady_train
104.53495825710706,13.39508056640625,steady_train
104.58512361999601,13.39508056640625,steady_train
104.63526768505108,13.39508056640625,steady_train
104.68538613407873,13.39508056640625,steady_train
104.7354978970252,13.39508056640625,steady_train
104.78560819709674,13.39508056640625,steady_train
104.83572195109446,13.39508056640625,steady_train
104.88584153400734,13.39508056640625,steady_train
104.9359568580985,13.39508056640625,steady_train
104.98607068310957,13.39508056640625,steady_train
105.03618649707641,13.39508056640625,steady_train
105.08629887900315,13.39508056640625,steady_train
105.13641110004392,13.39508056640625,steady_train
105.18652956699952,13.39508056640625,between_stages
105.23668180208188,13.39508056640625,between_stages
105.28679679706693,13.39508056640625,between_stages
105.33690978505183,13.39508056640625,between_stages
105.38702112506144,13.39508056640625,between_stages
105.43714662606362,13.39508056640625,between_stages
105.70824249705765,13.39508056640625,between_stages
105.75838200107682,13.39508056640625,between_stages
105.80850577610545,13.39508056640625,between_stages
105.85863068106119,13.39508056640625,between_stages
105.90875119599514,13.39508056640625,between_stages
105.9588825230021,13.39508056640625,between_stages
106.00900854310021,13.39508056640625,between_stages
106.06681741809007,13.39508056640625,between_stages
106.11695499601774,13.39508056640625,between_stages
106.16707744100131,13.39508056640625,between_stages
106.21720101905521,13.39508056640625,between_stages
106.26732331805397,13.39508056640625,between_stages
106.3174367180327,13.39508056640625,between_stages
106.36754926200956,13.39508056640625,between_stages
106.41766688600183,13.39508056640625,between_stages
106.46778894402087,13.39508056640625,between_stages
106.51791601907462,13.39508056640625,between_stages
106.56803504703566,13.39508056640625,between_stages
106.61816510604694,13.39508056640625,between_stages
106.66828859504312,13.39508056640625,between_stages
106.71841063909233,13.39508056640625,between_stages
106.76853993802797,13.39508056640625,between_stages
106.81865851208568,13.39508056640625,between_stages
106.86877137306146,13.39508056640625,between_stages
106.92316096602008,13.39508056640625,between_stages
106.97328180004843,13.39508056640625,between_stages
107.02341529307887,13.39508056640625,between_stages
107.07353063300252,13.39508056640625,between_stages
107.12364391703159,13.39508056640625,between_stages
107.1773595130071,13.39508056640625,between_stages
107.22748231701553,13.39508056640625,between_stages
107.2776012950344,13.39508056640625,between_stages
107.32771702902392,13.39508056640625,between_stages
107.37782670906745,13.39508056640625,between_stages
107.43176719802432,13.39508056640625,between_stages
107.48189057200216,13.39508056640625,between_stages
107.53201992600225,13.39508056640625,between_stages
107.58215019607451,13.39508056640625,between_stages
107.63226401410066,13.39508056640625,between_stages
107.6860091490671,13.39508056640625,between_stages
107.73612880310975,13.39508056640625,between_stages
107.78624723805115,13.39508056640625,between_stages
107.83636784204282,13.39508056640625,between_stages
107.88647939206567,13.39508056640625,between_stages
107.94036837609019,13.39508056640625,between_stages
107.99048829008825,13.39508056640625,between_stages
108.04063482407946,13.39508056640625,between_stages
108.09075017808937,13.39508056640625,between_stages
108.14086629310623,13.39508056640625,between_stages
108.19808373507112,13.39508056640625,between_stages
108.24820704909507,13.39508056640625,between_stages
108.29832902201451,13.39508056640625,between_stages
108.34844194806647,13.39508056640625,between_stages
108.39855276199523,13.39508056640625,between_stages
108.4541323200101,13.39508056640625,between_stages
108.50425409409218,13.39508056640625,between_stages
108.55437232903205,13.39508056640625,between_stages
108.60448532307055,13.39508056640625,between_stages
108.65459922200534,13.39508056640625,between_stages
108.7089486240875,13.39508056640625,between_stages
108.75909656402655,13.39508056640625,between_stages
108.80921908305027,13.39508056640625,between_stages
108.85933854605537,13.39508056640625,between_stages
108.90945077105425,13.39508056640625,between_stages
108.96317194204312,13.39508056640625,between_stages
109.01329212903511,13.39508056640625,between_stages
109.06342576409224,13.39508056640625,between_stages
109.11354389810003,13.39508056640625,between_stages
109.16365573508665,13.39508056640625,between_stages
109.21715957403649,13.39508056640625,between_stages
109.26728144905064,13.39508056640625,between_stages
109.31739833706524,13.39508056640625,between_stages
109.36750905204099,13.39508056640625,between_stages
109.4176233561011,13.39508056640625,between_stages
109.46783842507284,13.39508056640625,between_stages
109.51981288706884,13.39508056640625,between_stages
109.56996158603579,13.39508056640625,between_stages
109.62008711602539,13.39508056640625,between_stages
109.67020148399752,13.39508056640625,between_stages
109.72095655510202,13.39508056640625,between_stages
109.77566336200107,13.39508056640625,between_stages
109.82578888209537,13.39508056640625,between_stages
109.87590199103579,13.39508056640625,between_stages
109.92727047007065,13.39508056640625,between_stages
109.98182614706457,13.39508056640625,between_stages
110.03194828203414,13.39508056640625,between_stages
110.08207037206739,13.39508056640625,between_stages
110.13295103609562,13.39508056640625,between_stages
110.18756731005851,13.39508056640625,between_stages
110.23769355402328,13.39508056640625,between_stages
110.28780484304298,13.39508056640625,between_stages
110.33847144502215,13.39508056640625,between_stages
110.3886073040776,13.39508056640625,between_stages
110.4387236291077,13.39508056640625,between_stages
110.48884005600121,13.39508056640625,between_stages
110.53895876009483,13.39508056640625,between_stages
110.58907849504612,13.39508056640625,between_stages
110.63919656910002,13.39508056640625,between_stages
110.68956229102332,13.39508056640625,between_stages
110.73967929603532,13.39508056640625,between_stages
110.7897937350208,13.39508056640625,between_stages
110.83991287904792,13.39508056640625,between_stages
110.89557707507629,13.39508056640625,between_stages
110.94569359207526,13.39508056640625,between_stages
110.99580987601075,13.39508056640625,between_stages
111.0459237950854,13.39508056640625,between_stages
111.10136168007739,13.39508056640625,between_stages
111.15147694305051,13.39508056640625,between_stages
111.20159662305377,13.39508056640625,between_stages
111.25171159708407,13.39508056640625,between_stages
111.30780126410536,13.39508056640625,between_stages
111.35791648202576,13.39508056640625,between_stages
111.40803353709634,13.39508056640625,between_stages
111.45817696501035,13.39508056640625,between_stages
111.51357494504191,13.39508056640625,between_stages
111.56369022000581,13.39508056640625,between_stages
111.6138018630445,13.39508056640625,between_stages
111.66483256500214,13.39508056640625,between_stages
111.71494740305934,13.39508056640625,between_stages
111.76507021300495,13.39508056640625,between_stages
111.81519688200206,13.39508056640625,between_stages
111.86531899007969,13.39508056640625,between_stages
111.91543742909562,13.39508056640625,between_stages
111.96555954299401,13.39508056640625,between_stages
112.0156706670532,13.39508056640625,between_stages
112.06578437110875,13.39508056640625,between_stages
112.1158989360556,13.39508056640625,between_stages
112.16602463508025,13.39508056640625,between_stages
112.21615934302099,13.39508056640625,between_stages
112.26628807804082,13.39508056640625,between_stages
112.31640823208727,13.39508056640625,between_stages
112.36652927100658,13.39508056640625,between_stages
112.41664744610898,13.39508056640625,between_stages
