elapsed_seconds,used_gib,stage
0.0009056379785761237,0.612548828125,startup
0.05138695694040507,0.612548828125,startup
0.10400834190659225,0.612548828125,startup
0.15467912598978728,0.612548828125,startup
0.20941995491739362,0.612548828125,startup
0.2596524649998173,0.612548828125,startup
0.3129557908978313,0.612548828125,startup
0.36399603192694485,0.612548828125,startup
0.41468454094137996,0.612548828125,startup
0.46512178098782897,0.612548828125,startup
0.5154282109579071,0.612548828125,startup
0.5656841929303482,0.612548828125,startup
0.6161460119765252,0.612548828125,startup
0.6764607839286327,0.612548828125,startup
0.7348682159790769,0.612548828125,startup
0.7933115919586271,0.612548828125,startup
0.8937712738988921,0.612548828125,startup
0.9441145489690825,0.612548828125,startup
0.9945248200092465,0.612548828125,startup
1.0449968778993934,0.612548828125,startup
1.0957297529093921,0.612548828125,startup
1.1547793769277632,0.612548828125,startup
1.2049892569193617,0.612548828125,startup
1.258135738899,0.612548828125,startup
1.3085495790001005,0.612548828125,startup
1.3863367139128968,0.612548828125,startup
1.4374544699676335,0.612548828125,startup
1.4891339238965884,0.612548828125,startup
1.5395510799717158,0.612548828125,startup
1.5897417499218136,0.612548828125,startup
1.650030797929503,0.612548828125,startup
1.7154256269568577,0.612548828125,startup
1.7742501889588311,0.612548828125,startup
1.8799088289961219,0.612548828125,startup
1.945368284941651,0.612548828125,startup
2.0616376869147643,0.612548828125,startup
2.127018186962232,0.612548828125,startup
2.1925614799838513,0.612548828125,startup
2.2582178179873154,0.612548828125,startup
2.3200107329757884,0.612548828125,startup
2.3752516749082133,0.612548828125,startup
2.4256189049920067,0.612548828125,startup
2.475808774936013,0.612548828125,startup
2.5263089049840346,0.612548828125,startup
2.5769854160025716,0.612548828125,startup
2.62745119293686,0.612548828125,startup
2.6777179329656065,0.612548828125,startup
2.728638726985082,0.612548828125,startup
2.77879964991007,0.612548828125,startup
2.8289139749249443,0.612548828125,startup
2.8802400398999453,0.612548828125,startup
2.9405449259793386,0.612548828125,startup
3.0043136469321325,0.612548828125,startup
3.055090165929869,0.612548828125,startup
3.105964588932693,0.612548828125,startup
3.15647279296536,0.612548828125,startup
3.207042912952602,0.612548828125,startup
3.257597190910019,0.612548828125,startup
3.434378481004387,0.612548828125,startup
3.486828335910104,0.612548828125,startup
3.5375140859978274,0.612548828125,startup
3.5885974179254845,0.612548828125,startup
3.641870058956556,0.612548828125,startup
3.6928731079678982,0.612548828125,startup
3.7434617349645123,0.612548828125,startup
3.8037451319396496,0.612548828125,startup
3.8539725840091705,0.612548828125,startup
3.904148916946724,0.612548828125,startup
3.955945334979333,0.612548828125,startup
4.006140366895124,0.612548828125,startup
4.058294268907048,0.612548828125,startup
4.108894147910178,0.612548828125,startup
4.159038092941046,0.612548828125,startup
4.209160105907358,0.612548828125,startup
4.259272591909394,0.612548828125,startup
4.309391033952124,0.612548828125,startup
4.359511050977744,0.612548828125,startup
4.409624837921001,0.612548828125,startup
4.459734933916479,0.612548828125,startup
4.509841925930232,0.612548828125,startup
4.560345000005327,0.612548828125,startup
4.610478607937694,0.62847900390625,startup
4.6606096039758995,0.64312744140625,startup
4.7111713089980185,1.06695556640625,load_complete_pipeline
4.761603238992393,1.06695556640625,load_complete_pipeline
4.812361080897972,1.06695556640625,load_complete_pipeline
4.862891232944094,1.06695556640625,load_complete_pipeline
4.916122958995402,1.06695556640625,load_complete_pipeline
4.967454124940559,1.06695556640625,load_complete_pipeline
5.018131284974515,1.06695556640625,load_complete_pipeline
5.069362064008601,1.06695556640625,load_complete_pipeline
5.119928351952694,1.06695556640625,load_complete_pipeline
5.170090131927282,1.06695556640625,load_complete_pipeline
5.220843976945616,1.06695556640625,load_complete_pipeline
5.271872499957681,1.06695556640625,load_complete_pipeline
5.322301098960452,1.06695556640625,load_complete_pipeline
5.372754325973801,1.06695556640625,load_complete_pipeline
5.423031343962066,1.06695556640625,load_complete_pipeline
5.473149842000566,1.06695556640625,load_complete_pipeline
5.523296753992327,1.06695556640625,load_complete_pipeline
5.6963268999243155,1.06695556640625,load_complete_pipeline
5.746477971901186,1.06695556640625,load_complete_pipeline
5.79663997492753,1.49078369140625,load_complete_pipeline
5.846802185988054,1.49078369140625,load_complete_pipeline
5.89696295291651,1.68414306640625,load_complete_pipeline
5.94715974398423,1.95758056640625,load_complete_pipeline
5.997282149968669,2.22125244140625,load_complete_pipeline
6.047424577991478,2.47320556640625,load_complete_pipeline
6.097546124947257,2.74664306640625,load_complete_pipeline
6.147692740894854,2.97125244140625,load_complete_pipeline
6.197811086894944,3.22711181640625,load_complete_pipeline
6.247930359910242,3.49664306640625,load_complete_pipeline
6.298064520931803,3.78179931640625,load_complete_pipeline
6.348264732980169,4.11578369140625,load_complete_pipeline
6.398379434947856,4.44390869140625,load_complete_pipeline
6.448550906963646,4.74468994140625,load_complete_pipeline
6.498730173916556,5.03765869140625,load_complete_pipeline
6.548889475991018,5.31109619140625,load_complete_pipeline
6.599057991988957,5.54742431640625,load_complete_pipeline
6.6492081029573455,5.79547119140625,load_complete_pipeline
6.701678121928126,5.85015869140625,load_complete_pipeline
6.751869645901024,6.01617431640625,load_complete_pipeline
6.802023842930794,6.01617431640625,load_complete_pipeline
6.852701272931881,6.01617431640625,load_complete_pipeline
6.903741839923896,6.01617431640625,load_complete_pipeline
7.239733107970096,6.01617431640625,load_complete_pipeline
7.2898890799842775,6.01617431640625,load_complete_pipeline
7.340015321969986,6.01617431640625,load_complete_pipeline
7.390130688901991,6.01617431640625,load_complete_pipeline
7.440245941979811,6.01617431640625,load_complete_pipeline
7.49035948398523,6.01617431640625,load_complete_pipeline
7.540469561005011,6.01617431640625,load_complete_pipeline
7.590584601974115,6.01617431640625,load_complete_pipeline
7.640697630005889,6.01617431640625,load_complete_pipeline
7.690806880942546,6.01617431640625,load_complete_pipeline
7.740916509996168,6.01617431640625,load_complete_pipeline
7.791027016937733,6.01617431640625,load_complete_pipeline
7.841139587922953,6.01617431640625,load_complete_pipeline
7.89125178498216,6.01617431640625,load_complete_pipeline
7.94136555690784,6.01617431640625,load_complete_pipeline
7.991478358977474,6.01617431640625,load_complete_pipeline
8.041792114963755,6.01617431640625,load_complete_pipeline
8.091957781929523,6.01617431640625,load_complete_pipeline
8.142070048954338,6.01617431640625,load_complete_pipeline
8.192177715944126,6.01617431640625,load_complete_pipeline
8.242288913927041,6.01617431640625,load_complete_pipeline
8.292404406005517,6.01617431640625,load_complete_pipeline
8.342519989004359,6.01617431640625,load_complete_pipeline
8.392633445910178,6.01617431640625,load_complete_pipeline
8.442756591946818,6.01617431640625,load_complete_pipeline
8.492866979911923,6.01617431640625,load_complete_pipeline
8.54298193694558,6.01617431640625,load_complete_pipeline
8.593092777999118,6.01617431640625,load_complete_pipeline
8.643205064930953,6.01617431640625,load_complete_pipeline
8.693315728916787,6.01617431640625,load_complete_pipeline
8.74342611094471,6.01617431640625,load_complete_pipeline
8.793537352001294,6.01617431640625,load_complete_pipeline
8.843650439986959,6.01617431640625,load_complete_pipeline
8.893771870993078,6.01617431640625,load_complete_pipeline
8.94388292892836,6.01617431640625,load_complete_pipeline
8.993993685930036,6.01617431640625,load_complete_pipeline
9.044107242953032,6.01617431640625,load_complete_pipeline
9.094241224927828,6.01617431640625,load_complete_pipeline
9.144351761904545,6.01617431640625,load_complete_pipeline
9.194460809929296,6.01617431640625,load_complete_pipeline
9.244553352007642,6.01617431640625,load_complete_pipeline
9.294636734994128,6.01617431640625,load_complete_pipeline
9.344736477942206,6.01617431640625,load_complete_pipeline
9.394850270007737,6.01617431640625,load_complete_pipeline
9.44494224700611,6.01617431640625,load_complete_pipeline
9.49504199391231,6.01617431640625,load_complete_pipeline
9.545139519963413,6.01617431640625,load_complete_pipeline
9.595243647927418,6.01617431640625,load_complete_pipeline
9.645354311913252,6.01617431640625,load_complete_pipeline
9.695463027921505,6.01617431640625,load_complete_pipeline
9.745553712942638,6.01617431640625,load_complete_pipeline
9.795631428947672,6.01617431640625,load_complete_pipeline
9.845730014960282,6.01617431640625,load_complete_pipeline
9.895841022953391,6.01617431640625,load_complete_pipeline
9.945936169009656,6.01617431640625,load_complete_pipeline
9.996036656899378,6.01617431640625,load_complete_pipeline
10.04613067500759,6.01617431640625,load_complete_pipeline
10.096228231908754,6.01617431640625,load_complete_pipeline
10.146340273902752,6.01617431640625,load_complete_pipeline
10.196451077004895,6.01617431640625,load_complete_pipeline
10.246637284988537,6.01617431640625,load_complete_pipeline
10.296791825909168,6.01617431640625,load_complete_pipeline
10.346892298897728,6.01617431640625,load_complete_pipeline
10.397006005980074,6.01617431640625,load_complete_pipeline
10.447100413963199,6.01617431640625,load_complete_pipeline
10.497197375982068,6.01617431640625,load_complete_pipeline
10.5472907719668,6.01617431640625,load_complete_pipeline
10.59739325195551,6.01617431640625,load_complete_pipeline
10.64750386797823,6.01617431640625,load_complete_pipeline
10.697613394935615,6.01617431640625,load_complete_pipeline
10.747703825007193,6.01617431640625,load_complete_pipeline
10.797787757939659,6.01617431640625,load_complete_pipeline
10.847891678917222,6.01617431640625,load_complete_pipeline
10.898003320908174,6.01617431640625,load_complete_pipeline
10.948093904997222,6.01617431640625,load_complete_pipeline
10.998189950943924,6.01617431640625,load_complete_pipeline
11.04828817397356,6.01617431640625,load_complete_pipeline
11.098389065009542,6.01617431640625,load_complete_pipeline
11.148497953894548,6.01617431640625,load_complete_pipeline
11.198608264909126,6.01617431640625,load_complete_pipeline
11.248703977908008,6.01617431640625,load_complete_pipeline
11.298804441001266,6.01617431640625,load_complete_pipeline
11.348906458937563,6.01617431640625,load_complete_pipeline
11.399016574956477,6.01617431640625,load_complete_pipeline
11.449111245921813,6.01617431640625,load_complete_pipeline
11.499210834968835,6.01617431640625,load_complete_pipeline
11.549309489899315,6.01617431640625,load_complete_pipeline
11.599413735908456,6.01617431640625,load_complete_pipeline
11.649524193955585,6.01617431640625,load_complete_pipeline
11.699704450904392,6.01617431640625,load_complete_pipeline
11.74979790893849,6.01617431640625,load_complete_pipeline
11.799882806953974,6.01617431640625,load_complete_pipeline
11.849981858977117,6.01617431640625,load_complete_pipeline
11.900093860924244,6.01617431640625,load_complete_pipeline
11.950184852001257,6.01617431640625,load_complete_pipeline
12.000283560948446,6.01617431640625,load_complete_pipeline
12.050389813957736,6.01617431640625,load_complete_pipeline
12.100496511906385,6.01617431640625,load_complete_pipeline
12.150604477967136,6.01617431640625,load_complete_pipeline
12.200715485960245,6.01617431640625,load_complete_pipeline
12.250825047958642,6.01617431640625,load_complete_pipeline
12.300939906970598,6.01617431640625,load_complete_pipeline
12.351053709979169,6.01617431640625,load_complete_pipeline
12.401166640920565,6.01617431640625,load_complete_pipeline
12.4522869939683,6.01617431640625,load_complete_pipeline
12.504006610950455,6.01617431640625,load_complete_pipeline
12.556888468912803,6.01617431640625,load_complete_pipeline
12.60811491298955,6.01617431640625,load_complete_pipeline
12.659047179971822,6.01617431640625,load_complete_pipeline
12.712388865998946,6.01617431640625,load_complete_pipeline
12.763335087918676,6.01617431640625,load_complete_pipeline
12.814459754968993,6.01617431640625,load_complete_pipeline
12.864959758939222,6.07476806640625,load_complete_pipeline
12.91526746598538,6.30914306640625,load_complete_pipeline
12.965433642966673,6.56304931640625,load_complete_pipeline
13.015572415897623,6.83648681640625,load_complete_pipeline
13.065706858993508,7.10992431640625,load_complete_pipeline
13.115831450908445,7.91461181640625,load_complete_pipeline
13.166004002909176,7.91461181640625,load_complete_pipeline
13.2161484019598,7.91461181640625,load_complete_pipeline
13.26629796391353,8.12945556640625,load_complete_pipeline
13.316455995896831,8.36578369140625,load_complete_pipeline
13.366587308002636,8.66656494140625,load_complete_pipeline
13.416720776935108,8.92437744140625,load_complete_pipeline
13.466842034948058,9.18218994140625,load_complete_pipeline
13.516988056944683,9.41851806640625,load_complete_pipeline
13.567107849987224,9.67633056640625,load_complete_pipeline
13.617226012982428,9.93414306640625,load_complete_pipeline
13.667340504936874,10.19195556640625,load_complete_pipeline
13.71747176698409,10.47125244140625,load_complete_pipeline
13.767588524962775,10.72906494140625,load_complete_pipeline
13.865046678925864,10.87945556640625,load_complete_pipeline
13.915179490926675,11.18023681640625,load_complete_pipeline
13.96533899300266,11.43804931640625,load_complete_pipeline
14.015475697000511,11.67633056640625,load_complete_pipeline
14.06561161892023,11.93414306640625,load_complete_pipeline
14.115739676984958,12.23492431640625,load_complete_pipeline
14.165867959964089,12.49273681640625,load_complete_pipeline
14.215995926992036,12.72906494140625,load_complete_pipeline
14.266132585005835,12.98687744140625,load_complete_pipeline
14.31625140295364,13.24468994140625,load_complete_pipeline
14.377618586993776,13.33062744140625,load_complete_pipeline
14.429274707916193,13.54937744140625,load_complete_pipeline
14.479435215005651,13.81500244140625,load_complete_pipeline
14.52956357295625,14.01422119140625,load_complete_pipeline
14.579703765921295,14.19000244140625,load_complete_pipeline
14.629840907990001,14.19000244140625,adapter_optimizer_setup
14.679958696942776,14.19000244140625,adapter_optimizer_setup
14.730072014965117,14.19000244140625,adapter_optimizer_setup
14.78019029693678,14.19000244140625,adapter_optimizer_setup
14.830309264943935,14.19000244140625,adapter_optimizer_setup
14.88042677694466,14.19000244140625,adapter_optimizer_setup
14.930546995950863,14.19000244140625,adapter_optimizer_setup
14.98067426297348,14.19000244140625,adapter_optimizer_setup
15.030790576944128,14.19000244140625,adapter_optimizer_setup
15.080917202983983,14.19000244140625,adapter_optimizer_setup
15.131030934979208,14.19000244140625,adapter_optimizer_setup
15.181141958921216,14.19000244140625,adapter_optimizer_setup
15.231275491998531,14.44195556640625,adapter_optimizer_setup
15.28142561390996,14.65679931640625,adapter_optimizer_setup
15.34170763392467,14.67633056640625,between_stages
15.396918908925727,14.67633056640625,between_stages
15.447042680927552,14.67633056640625,between_stages
15.497163588996045,14.67633056640625,between_stages
15.547282772953622,14.70758056640625,between_stages
15.597399970982224,14.70758056640625,between_stages
15.647513957927004,14.70758056640625,between_stages
15.697624285938218,14.70758056640625,between_stages
15.74773398495745,14.70758056640625,between_stages
15.797845043009147,14.70758056640625,between_stages
16.0987498780014,14.70758056640625,between_stages
16.148885571979918,14.70758056640625,between_stages
16.199001975008287,14.70758056640625,between_stages
16.249114322010428,14.70758056640625,between_stages
16.299233929952607,14.70758056640625,between_stages
16.34936991299037,14.70758056640625,between_stages
16.39948033692781,14.70758056640625,between_stages
16.457932013901882,14.70758056640625,between_stages
16.508065513917245,14.70758056640625,between_stages
16.558185155969113,14.70758056640625,between_stages
16.608307058922946,14.70758056640625,between_stages
16.658421022002585,14.70758056640625,between_stages
16.708533340948634,14.70758056640625,between_stages
16.758643123903312,14.70758056640625,between_stages
16.808795340009965,14.70758056640625,between_stages
16.858914438984357,14.70758056640625,between_stages
16.909029466914944,14.70758056640625,between_stages
16.95979983289726,14.70758056640625,between_stages
17.01902710192371,14.70758056640625,between_stages
17.06914759997744,14.70758056640625,between_stages
17.119266308960505,14.70758056640625,between_stages
17.16937889100518,14.70758056640625,between_stages
17.219489070004784,14.70758056640625,between_stages
17.269606721936725,14.70758056640625,between_stages
17.32002071791794,14.70758056640625,between_stages
17.370134013006464,14.70758056640625,between_stages
17.42025040090084,14.70758056640625,between_stages
17.470361904008314,14.70758056640625,between_stages
17.520483720931225,14.70758056640625,between_stages
17.570704989950173,14.70758056640625,between_stages
17.62083312193863,14.70758056640625,between_stages
17.672903216909617,14.70758056640625,between_stages
17.73135356500279,14.70758056640625,between_stages
17.781472378992476,14.70758056640625,between_stages
17.83177127491217,14.70758056640625,between_stages
17.881881747976877,14.70758056640625,between_stages
17.93199132697191,14.70758056640625,between_stages
17.982109484961256,14.70758056640625,between_stages
18.032229552976787,14.70758056640625,between_stages
18.082684794906527,14.70758056640625,between_stages
18.132796393008903,14.70758056640625,between_stages
18.18290683592204,14.70758056640625,between_stages
18.23303187394049,14.70758056640625,between_stages
18.283151211915538,14.70758056640625,between_stages
18.333265403984115,14.70758056640625,between_stages
18.383378728991374,14.70758056640625,between_stages
18.446124487905763,14.70758056640625,between_stages
18.496248850948177,14.70758056640625,between_stages
18.546871871920303,14.70758056640625,between_stages
18.596984948962927,14.70758056640625,between_stages
18.647096662898548,14.70758056640625,between_stages
18.697216145927086,14.70758056640625,between_stages
18.74733753397595,14.70758056640625,between_stages
18.797454598010518,14.70758056640625,between_stages
18.847572169965133,14.70758056640625,between_stages
18.89768637996167,14.70758056640625,between_stages
18.947804551920854,14.70758056640625,between_stages
18.997924059978686,14.70758056640625,between_stages
19.04803835891653,14.70758056640625,between_stages
19.098149812896736,14.70758056640625,between_stages
19.15608784300275,14.70758056640625,between_stages
19.20620971196331,14.70758056640625,between_stages
19.256864683004096,14.70758056640625,between_stages
19.30697762593627,14.70758056640625,between_stages
19.35708937991876,14.70758056640625,between_stages
19.40720950695686,14.70758056640625,between_stages
19.45733266498428,14.70758056640625,between_stages
19.50753323896788,14.70758056640625,between_stages
19.55765207798686,14.70758056640625,between_stages
19.607779745943844,14.70758056640625,between_stages
19.657891432987526,14.70758056640625,between_stages
19.708002236904576,14.70758056640625,between_stages
19.76020715991035,14.70758056640625,between_stages
19.810315734008327,14.70758056640625,between_stages
19.860426277969964,14.70758056640625,between_stages
19.910535604925826,14.70758056640625,between_stages
19.960647783940658,14.70758056640625,between_stages
20.01076725195162,14.70758056640625,between_stages
20.060875110910274,14.70758056640625,between_stages
20.11098542890977,14.70758056640625,between_stages
20.161093372968026,14.70758056640625,between_stages
20.21120431192685,14.70758056640625,between_stages
20.263088591978885,14.70758056640625,between_stages
20.313218323979527,14.70758056640625,between_stages
20.36332883895375,14.70758056640625,between_stages
20.41343990189489,14.70758056640625,between_stages
20.46355039998889,14.70758056640625,between_stages
20.513668697909452,14.70758056640625,between_stages
20.563784416997805,14.70758056640625,between_stages
20.613895494956523,14.70758056640625,between_stages
20.664007832994685,14.70758056640625,between_stages
20.71411844692193,14.70758056640625,between_stages
20.765778707922436,14.70758056640625,between_stages
20.81588811194524,14.70758056640625,between_stages
20.865997774992138,14.70758056640625,between_stages
20.91610877995845,14.70758056640625,between_stages
20.96621957293246,14.70758056640625,between_stages
21.016330176964402,14.70758056640625,between_stages
21.066440189955756,14.70758056640625,between_stages
21.116548677906394,14.70758056640625,between_stages
21.166667334968224,14.70758056640625,between_stages
21.216777700930834,14.70758056640625,between_stages
21.268541699973866,14.70758056640625,between_stages
21.31866548990365,14.70758056640625,between_stages
21.36880516191013,14.70758056640625,between_stages
21.41946621891111,14.70758056640625,between_stages
21.4696251580026,14.70758056640625,between_stages
21.519736784975976,14.70758056640625,between_stages
21.56984977493994,14.70758056640625,between_stages
21.61996401299257,14.70758056640625,between_stages
21.670072285924107,14.70758056640625,between_stages
21.720228219986893,14.70758056640625,between_stages
21.77034638391342,14.70758056640625,between_stages
21.820457338006236,14.70758056640625,between_stages
21.871612665010616,14.70758056640625,between_stages
21.921745008905418,14.70758056640625,between_stages
21.971851167967543,14.70758056640625,between_stages
22.021960431942716,14.70758056640625,between_stages
22.072068889974616,14.70758056640625,between_stages
22.1221770090051,14.70758056640625,between_stages
22.172287947963923,14.70758056640625,between_stages
22.222398835001513,14.70758056640625,between_stages
22.272508549969643,14.70758056640625,between_stages
22.3226196289761,14.70758056640625,between_stages
22.37272792099975,14.70758056640625,between_stages
22.42283639998641,14.70758056640625,between_stages
22.472945969901048,14.70758056640625,between_stages
22.523056558915414,14.70758056640625,between_stages
22.573168051894754,14.70758056640625,between_stages
22.623276129947044,14.70758056640625,between_stages
22.673385243979283,14.70758056640625,between_stages
22.723495271988213,14.70758056640625,between_stages
22.773603850975633,14.70758056640625,between_stages
22.82371288095601,14.70758056640625,between_stages
22.873835094971582,14.70758056640625,between_stages
22.923958199913613,14.70758056640625,between_stages
22.97407126193866,14.70758056640625,between_stages
23.024180754902773,14.70758056640625,between_stages
23.074290768010542,14.70758056640625,between_stages
23.124398576910608,14.70758056640625,between_stages
23.174509576987475,14.70758056640625,between_stages
23.224624704918824,14.70758056640625,between_stages
23.274738017935306,14.70758056640625,between_stages
23.647008484927937,14.70758056640625,between_stages
23.69713237893302,14.70758056640625,between_stages
23.747246571001597,14.70758056640625,between_stages
23.797358035924844,14.70758056640625,between_stages
23.84747101389803,14.70758056640625,between_stages
23.897584188962355,14.70758056640625,between_stages
23.94769759196788,14.70758056640625,between_stages
23.9978104759939,14.70758056640625,between_stages
24.04792209493462,14.70758056640625,between_stages
24.0980333579937,14.70758056640625,between_stages
24.148150287917815,14.70758056640625,between_stages
24.20521177491173,14.70758056640625,between_stages
24.255326678976417,14.70758056640625,between_stages
24.305445630918257,14.70758056640625,between_stages
24.368938821949996,14.70758056640625,between_stages
24.41905791591853,14.70758056640625,between_stages
24.469178353901953,14.70758056640625,between_stages
24.519297112943605,14.70758056640625,between_stages
24.569433511933312,14.70758056640625,between_stages
24.628391234902665,14.70758056640625,between_stages
24.67851002397947,14.70758056640625,between_stages
24.728627096978016,14.70758056640625,between_stages
24.77874925499782,14.70758056640625,between_stages
24.828872710000724,14.70758056640625,between_stages
24.889900091919117,14.70758056640625,between_stages
24.940020416979678,14.70758056640625,between_stages
24.990502008004114,14.70758056640625,between_stages
25.04066488298122,14.70758056640625,between_stages
25.090784589992836,14.70758056640625,between_stages
25.153073656954803,14.70758056640625,between_stages
25.20319098199252,14.70758056640625,between_stages
25.253310400992632,14.70758056640625,between_stages
25.30342893395573,14.70758056640625,between_stages
25.353547623963095,14.70758056640625,between_stages
25.411836283979937,14.70758056640625,between_stages
25.461955228005536,14.70758056640625,between_stages
25.512072966899723,14.70758056640625,between_stages
25.562189619988203,14.70758056640625,between_stages
25.61230982991401,14.70758056640625,between_stages
25.669763315003365,14.70758056640625,between_stages
25.719880703953095,14.70758056640625,between_stages
25.769998871954158,14.70758056640625,between_stages
25.820115725975484,14.70758056640625,between_stages
25.870234394911677,14.70758056640625,between_stages
25.92782234889455,14.70758056640625,between_stages
25.977937147952616,14.70758056640625,between_stages
26.028054866939783,14.70758056640625,between_stages
26.07818298996426,14.70758056640625,between_stages
26.128332224907354,14.70758056640625,between_stages
26.187716610962525,14.70758056640625,between_stages
26.237834263942204,14.70758056640625,between_stages
26.287950753001496,14.70758056640625,between_stages
26.338071386911906,14.70758056640625,between_stages
26.388189245946705,14.70758056640625,between_stages
26.445640775957145,14.70758056640625,between_stages
26.49577923398465,14.70758056640625,between_stages
26.54589704994578,14.70758056640625,between_stages
26.59601321897935,14.70758056640625,between_stages
26.646136581897736,14.70758056640625,between_stages
26.703287628944963,14.70758056640625,between_stages
26.753407641896047,14.70758056640625,between_stages
26.80352359591052,14.70758056640625,between_stages
26.853639759938233,14.70758056640625,between_stages
26.903764623915777,14.70758056640625,between_stages
26.961715381941758,14.70758056640625,between_stages
27.011834605946206,14.70758056640625,between_stages
27.06195163493976,14.70758056640625,between_stages
27.11206846497953,14.70758056640625,between_stages
27.162184897926636,14.70758056640625,between_stages
27.220260083908215,14.70758056640625,between_stages
27.270379167981446,14.70758056640625,between_stages
27.32049809792079,14.70758056640625,between_stages
27.3706156819826,14.70758056640625,between_stages
27.420731470920146,14.70758056640625,between_stages
27.47837218490895,14.70758056640625,between_stages
27.528490289929323,14.70758056640625,between_stages
27.57862651895266,14.70758056640625,between_stages
27.628749266965315,14.70758056640625,between_stages
27.67886996199377,14.70758056640625,between_stages
27.736419296939857,14.70758056640625,between_stages
27.786538844928145,14.70758056640625,between_stages
27.836665053968318,14.70758056640625,between_stages
27.886806914000772,14.70758056640625,between_stages
27.936923977918923,14.70758056640625,between_stages
27.99411316390615,14.70758056640625,between_stages
28.0442294429522,14.70758056640625,between_stages
28.09434681700077,14.70758056640625,between_stages
28.1444636619417,14.70758056640625,between_stages
28.19457991491072,14.70758056640625,between_stages
28.25243865395896,14.70758056640625,between_stages
28.302556221955456,14.70758056640625,between_stages
28.35268264694605,14.70758056640625,between_stages
28.402800811920315,14.70758056640625,between_stages
28.4529182149563,14.70758056640625,between_stages
28.51408199290745,14.70758056640625,between_stages
28.56420053297188,14.70758056640625,between_stages
28.614332331926562,14.70758056640625,between_stages
28.664451790973544,14.70758056640625,between_stages
28.714571699965745,14.70758056640625,between_stages
28.773618792998604,14.70758056640625,between_stages
28.82373775099404,14.70758056640625,between_stages
28.873855381971225,14.70758056640625,between_stages
28.923977250000462,14.70758056640625,between_stages
28.97409642895218,14.70758056640625,between_stages
29.037180917919613,14.70758056640625,between_stages
29.0873342679115,14.70758056640625,between_stages
29.1385180009529,14.70758056640625,between_stages
29.188635840895586,14.70758056640625,between_stages
29.238765774993226,14.70758056640625,between_stages
29.300952947931364,14.70758056640625,between_stages
29.351071877987124,14.70758056640625,between_stages
29.401188491960056,14.70758056640625,between_stages
29.451308240997605,14.70758056640625,between_stages
29.501427965937182,14.70758056640625,between_stages
29.559420971898362,14.70758056640625,between_stages
29.609539086930454,14.70758056640625,between_stages
29.659672411973588,14.70758056640625,between_stages
29.709794670925476,14.70758056640625,between_stages
29.75991627096664,14.70758056640625,between_stages
29.816489433986135,14.70758056640625,between_stages
29.866610437980853,14.70758056640625,between_stages
29.916728513897397,14.70758056640625,between_stages
29.966846527997404,14.70758056640625,between_stages
30.016964590991847,14.70758056640625,between_stages
30.073357430985197,14.70758056640625,between_stages
30.12347648094874,14.70758056640625,between_stages
30.17359558492899,14.70758056640625,between_stages
30.22371452592779,14.70758056640625,between_stages
30.2738348999992,14.70758056640625,between_stages
30.330829100916162,14.70758056640625,between_stages
30.38094858592376,14.70758056640625,between_stages
30.43106616497971,14.70758056640625,between_stages
30.481238988926634,14.70758056640625,between_stages
30.531384709989652,14.70758056640625,between_stages
30.588583995006047,14.70758056640625,between_stages
30.638704974902794,14.70758056640625,between_stages
30.688824593904428,14.70758056640625,between_stages
30.738943554926664,14.70758056640625,between_stages
30.789062473922968,14.70758056640625,between_stages
30.845483768964186,14.70758056640625,between_stages
30.895602773991413,14.70758056640625,between_stages
30.945723717915826,14.70758056640625,between_stages
30.995841191965155,14.70758056640625,between_stages
31.04596567992121,14.70758056640625,between_stages
31.104113990906626,14.70758056640625,between_stages
31.154230927932076,14.70758056640625,between_stages
31.204349541920237,14.70758056640625,between_stages
31.25446669291705,14.70758056640625,between_stages
31.30458871589508,14.70758056640625,between_stages
31.362838537897915,14.70758056640625,between_stages
31.412958861910738,14.70758056640625,between_stages
31.463073801947758,14.70758056640625,between_stages
31.51319295691792,14.70758056640625,between_stages
31.563312395941466,14.70758056640625,between_stages
31.62353867897764,14.70758056640625,between_stages
31.673685004003346,14.70758056640625,between_stages
31.723805096931756,14.70758056640625,between_stages
31.773923582979478,14.70758056640625,between_stages
31.82404278300237,14.70758056640625,between_stages
31.880917183938436,14.70758056640625,between_stages
31.931037158938125,14.70758056640625,between_stages
31.981157713918947,14.70758056640625,between_stages
32.03127377398778,14.70758056640625,between_stages
32.08139166398905,14.70758056640625,between_stages
32.13849391497206,14.70758056640625,between_stages
32.18865345499944,14.70758056640625,between_stages
32.24406786891632,14.70758056640625,between_stages
32.29421350895427,14.70758056640625,between_stages
32.34433234797325,14.70758056640625,between_stages
32.40880241198465,14.70758056640625,between_stages
32.458928635925986,14.70758056640625,between_stages
32.51075194799341,14.70758056640625,between_stages
32.56087345292326,14.70758056640625,between_stages
32.610995836905204,14.70758056640625,between_stages
32.67399580194615,14.70758056640625,between_stages
32.72411613492295,14.70758056640625,between_stages
32.77423787093721,14.70758056640625,between_stages
32.82435623090714,14.70758056640625,between_stages
32.87447544001043,14.70758056640625,between_stages
32.93315206898842,14.70758056640625,between_stages
32.98326956992969,14.70758056640625,between_stages
33.03338740498293,14.70758056640625,between_stages
33.083502888912335,14.70758056640625,between_stages
33.133620378910564,14.70758056640625,between_stages
33.19053171691485,14.70758056640625,between_stages
33.24064836197067,14.70758056640625,between_stages
33.29077520594001,14.70758056640625,between_stages
33.34089120000135,14.70758056640625,between_stages
33.39100612094626,14.70758056640625,between_stages
33.4481439020019,14.70758056640625,between_stages
33.498259857995436,14.70758056640625,between_stages
33.54837209696416,14.70758056640625,between_stages
33.59848143695854,14.70758056640625,between_stages
33.64859193598386,14.70758056640625,between_stages
33.698726450908,14.70758056640625,between_stages
33.74883546598721,14.70758056640625,between_stages
33.7989446669817,14.70758056640625,between_stages
33.8490543368971,14.70758056640625,between_stages
34.201985635911115,14.70758056640625,between_stages
34.252109094988555,14.70758056640625,between_stages
34.302222419995815,14.70758056640625,between_stages
34.35233648994472,14.70758056640625,between_stages
34.40244962298311,14.70758056640625,between_stages
34.45256215392146,14.70758056640625,between_stages
34.50268062890973,14.70758056640625,between_stages
34.552792993956245,14.70758056640625,between_stages
34.60290447494481,14.70758056640625,between_stages
34.65301757992711,14.70758056640625,between_stages
34.7031376499217,14.70758056640625,between_stages
34.75325255992357,14.70758056640625,between_stages
34.80337105493527,14.70758056640625,between_stages
34.87496454396751,14.70758056640625,between_stages
34.92508615297265,14.70758056640625,between_stages
34.97519776900299,14.70758056640625,between_stages
35.04849725496024,14.70758056640625,between_stages
35.09861901891418,14.70758056640625,between_stages
35.14873621496372,14.70758056640625,between_stages
35.20901496591978,14.70758056640625,between_stages
35.25913365697488,14.70758056640625,between_stages
35.309250486898236,14.70758056640625,between_stages
35.35936705698259,14.70758056640625,between_stages
35.417993352981284,14.70758056640625,between_stages
35.468110911897384,14.70758056640625,between_stages
35.518227237975225,14.70758056640625,between_stages
35.56834422296379,14.70758056640625,between_stages
35.626230655936524,14.70758056640625,between_stages
35.67634734895546,14.70758056640625,between_stages
35.726465415908024,14.70758056640625,between_stages
35.776767370989546,14.70758056640625,between_stages
35.83449361496605,14.70758056640625,between_stages
35.88461470999755,14.70758056640625,between_stages
35.934733674977906,14.70758056640625,between_stages
35.98484982398804,14.70758056640625,between_stages
36.03496809990611,14.70758056640625,between_stages
36.08623462996911,14.70758056640625,zero_equivalence_validation
36.136363864992745,14.82086181640625,zero_equivalence_validation
36.18649416498374,14.84039306640625,zero_equivalence_validation
36.23663347493857,14.84039306640625,zero_equivalence_validation
36.28677018894814,14.85211181640625,zero_equivalence_validation
36.336906594922766,14.85211181640625,zero_equivalence_validation
36.3870308639016,14.89312744140625,zero_equivalence_validation
36.43715586489998,14.93218994140625,zero_equivalence_validation
36.4872784789186,14.93218994140625,zero_equivalence_validation
36.53740745491814,14.93218994140625,zero_equivalence_validation
36.58753381599672,15.09429931640625,zero_equivalence_validation
36.637687534908764,15.09429931640625,zero_equivalence_validation
36.6878028200008,15.09429931640625,zero_equivalence_validation
36.737932649906725,15.09429931640625,zero_equivalence_validation
36.78816833393648,15.09429931640625,zero_equivalence_validation
36.83831357990857,15.15875244140625,zero_equivalence_validation
36.88843182392884,15.68609619140625,zero_equivalence_validation
36.93855213990901,17.25640869140625,zero_equivalence_validation
36.988673920976,17.25640869140625,zero_equivalence_validation
37.038788720965385,17.25640869140625,zero_equivalence_validation
37.08893912495114,17.25640869140625,zero_equivalence_validation
37.13907761592418,20.25836181640625,zero_equivalence_validation
37.18919874494895,20.25836181640625,zero_equivalence_validation
37.239309695898555,20.25836181640625,zero_equivalence_validation
37.28942005592398,20.25836181640625,zero_equivalence_validation
37.339532661950216,20.25836181640625,zero_equivalence_validation
37.389641551999375,20.25836181640625,zero_equivalence_validation
37.4397659819806,20.25836181640625,zero_equivalence_validation
37.49031472497154,20.25836181640625,zero_equivalence_validation
37.54093642800581,20.25836181640625,zero_equivalence_validation
37.59104846790433,20.25836181640625,zero_equivalence_validation
37.64182614092715,20.25836181640625,zero_equivalence_validation
37.69193682493642,20.25836181640625,zero_equivalence_validation
37.742048880900256,20.25836181640625,zero_equivalence_validation
37.79216132196598,20.25836181640625,zero_equivalence_validation
37.84227174590342,20.25836181640625,zero_equivalence_validation
37.89351664099377,20.25836181640625,zero_equivalence_validation
37.94474696693942,20.25836181640625,zero_equivalence_validation
37.9948588910047,20.25836181640625,zero_equivalence_validation
38.04583029192872,20.25836181640625,zero_equivalence_validation
38.09593969793059,20.25836181640625,zero_equivalence_validation
38.147057248977944,20.25836181640625,zero_equivalence_validation
38.37577797693666,20.25836181640625,between_stages
38.42590390390251,15.08648681640625,first_update
38.47602969792206,15.08648681640625,first_update
38.526144658913836,17.24664306640625,first_update
38.57625727890991,17.24859619140625,first_update
38.626369468984194,17.24859619140625,first_update
38.67648092494346,17.24859619140625,first_update
38.72659309091978,17.24859619140625,first_update
38.77670739591122,20.25054931640625,first_forward
38.826823204988614,20.25054931640625,first_forward
38.87694047100376,20.25054931640625,first_forward
38.927058826899156,20.25054931640625,first_forward
38.97717368695885,20.25054931640625,first_forward
39.02728700300213,20.25054931640625,first_forward
39.077875140006654,20.25054931640625,first_forward
39.128249489935115,20.25054931640625,first_forward
39.179070325917564,20.25054931640625,first_forward
39.22919106693007,20.25054931640625,first_forward
39.28042491292581,20.25054931640625,first_forward
39.33062400191557,20.25836181640625,first_backward
39.38074108189903,20.25836181640625,first_backward
39.43085279897787,20.25836181640625,first_backward
39.48096107901074,20.25836181640625,first_backward
39.53129996196367,20.25836181640625,first_backward
39.581409917911515,20.25836181640625,first_backward
39.63152022496797,20.25836181640625,first_backward
39.68163038394414,20.25836181640625,first_backward
39.73302751395386,20.25836181640625,first_backward
39.78313920996152,20.25836181640625,first_backward
39.833250355906785,20.25836181640625,first_backward
39.88336216995958,20.25836181640625,first_backward
39.93347086699214,20.25836181640625,first_backward
39.98358303599525,20.25836181640625,first_backward
40.033693881938234,20.25836181640625,first_backward
40.08381082199048,20.25836181640625,first_backward
40.133924462948926,20.25836181640625,first_backward
40.18403520900756,20.25836181640625,first_backward
40.23414909397252,20.25836181640625,first_backward
40.28426214400679,20.25836181640625,first_backward
40.33574974699877,20.25836181640625,first_backward
40.38592189794872,20.25836181640625,first_backward
40.43603781389538,20.25836181640625,first_backward
40.48615002492443,20.25836181640625,first_backward
40.53626466100104,20.25836181640625,first_backward
40.58638340595644,20.25836181640625,first_backward
40.63652744598221,20.26812744140625,first_backward
40.686670067952946,20.26812744140625,first_backward
40.736796402954496,20.77398681640625,first_backward
40.78691797400825,25.27789306640625,first_backward
40.83702956896741,25.27789306640625,first_backward
40.88714019895997,25.27789306640625,first_backward
40.93725049390923,25.27789306640625,first_backward
40.98738327098545,25.27789306640625,first_optimizer
41.03753659094218,25.27789306640625,warmup
41.08767445595004,25.27789306640625,warmup
41.13778975594323,25.27789306640625,warmup
41.18790053296834,25.27789306640625,warmup
41.23801240790635,25.27789306640625,warmup
41.28812378796283,25.27789306640625,warmup
41.338242814992554,25.27789306640625,warmup
41.388353860005736,25.27789306640625,warmup
41.439224041998386,25.27789306640625,warmup
41.489339806954376,25.27789306640625,warmup
41.53945583291352,25.27789306640625,warmup
41.58956844499335,25.27789306640625,warmup
41.63969923998229,25.27789306640625,warmup
41.69090976496227,25.27789306640625,warmup
41.74102625192609,25.27789306640625,warmup
41.79114653193392,25.27789306640625,warmup
41.841344871907495,25.27789306640625,warmup
41.89146356692072,25.27789306640625,warmup
41.941804066998884,25.27789306640625,warmup
41.99191776197404,25.27789306640625,warmup
42.04202766891103,25.27789306640625,warmup
42.09214083000552,25.27789306640625,warmup
42.143504894920625,25.27789306640625,warmup
42.193619453930296,25.27789306640625,warmup
42.243734454968944,25.27789306640625,warmup
42.293853451963514,25.27789306640625,warmup
42.34396960691083,25.27789306640625,warmup
42.39408464799635,25.27789306640625,warmup
42.4441965179285,25.27789306640625,warmup
42.494357664952986,25.27789306640625,warmup
42.54448250995483,25.27789306640625,warmup
42.594600789947435,25.27789306640625,warmup
42.64471609098837,25.27789306640625,warmup
42.69482953695115,25.27789306640625,warmup
42.74494451191276,25.27789306640625,warmup
42.7950569979148,25.27789306640625,warmup
42.8451727849897,25.27789306640625,warmup
42.89528756996151,25.27789306640625,warmup
42.945402116980404,25.27789306640625,warmup
42.99551663198508,25.27789306640625,warmup
43.04562770796474,25.27789306640625,warmup
43.09577912290115,25.27789306640625,warmup
43.145904553937726,26.27984619140625,warmup
43.19601720897481,26.27984619140625,warmup
43.24612778495066,26.27984619140625,warmup
43.29624036094174,26.27984619140625,warmup
43.34635283797979,26.27984619140625,warmup
43.3964998020092,26.27984619140625,warmup
43.44667104398832,26.27984619140625,warmup
43.49679222900886,26.27984619140625,warmup
43.54690750094596,26.28179931640625,warmup
43.59702751599252,26.28179931640625,warmup
43.647139497916214,26.28179931640625,warmup
43.69725143292453,26.28179931640625,warmup
43.747367323958315,26.28179931640625,warmup
43.797481308924034,26.28179931640625,warmup
43.848548510926776,26.28179931640625,warmup
43.898672741954215,26.28179931640625,warmup
43.94878939189948,26.28179931640625,warmup
43.998905278975144,26.28179931640625,warmup
44.049017744953744,26.28179931640625,warmup
44.10008957597893,26.28179931640625,warmup
44.15023026999552,26.28179931640625,warmup
44.20036158093717,26.28179931640625,warmup
44.25048091891222,26.28179931640625,warmup
44.300620378926396,26.28179931640625,warmup
44.35104683297686,26.28179931640625,warmup
44.40115753491409,26.28179931640625,warmup
44.45126638095826,26.28179931640625,warmup
44.50137539196294,26.28179931640625,warmup
44.551485347910784,26.28179931640625,warmup
44.60159661900252,26.28179931640625,warmup
44.65170724899508,26.28179931640625,warmup
44.70181777596008,26.28179931640625,warmup
44.75192853691988,26.28179931640625,warmup
44.80204220698215,26.28179931640625,warmup
44.85215683898423,26.28179931640625,warmup
44.903511854005046,26.28179931640625,warmup
44.95362709497567,26.28179931640625,warmup
45.003739664913155,26.28179931640625,warmup
45.053854601923376,26.28179931640625,warmup
45.10397071798798,26.28179931640625,warmup
45.154083247995004,26.28179931640625,warmup
45.20421089499723,26.28179931640625,warmup
45.25432257493958,26.28179931640625,warmup
45.304437876911834,26.28179931640625,warmup
45.35455583699513,26.28179931640625,warmup
45.404680548934266,26.28179931640625,warmup
45.45486565399915,26.28179931640625,warmup
45.50501945591532,26.28179931640625,warmup
45.55515657691285,26.28179931640625,warmup
45.60527367796749,26.28179931640625,warmup
45.65538899891544,26.28179931640625,warmup
45.70550062996335,26.28179931640625,warmup
45.75561224692501,26.28179931640625,warmup
45.805721991928294,26.28179931640625,warmup
45.85583674395457,26.28179931640625,warmup
45.905949924956076,26.28179931640625,warmup
45.95606094493996,26.28179931640625,warmup
46.006174091948196,26.28179931640625,warmup
46.05628546292428,26.28179931640625,warmup
46.10639613389503,26.28179931640625,warmup
46.15650941396598,26.28179931640625,warmup
46.206622920930386,26.28179931640625,warmup
46.25712779990863,26.28179931640625,warmup
46.30724521097727,26.28179931640625,warmup
46.35772322094999,26.28179931640625,warmup
46.40783811593428,26.28179931640625,warmup
46.4579513539793,26.28179931640625,warmup
46.50806388899218,26.28179931640625,warmup
46.5581734610023,26.28179931640625,warmup
46.60828906099778,26.28179931640625,warmup
46.658402417902835,26.28179931640625,warmup
46.708517138962634,26.28179931640625,warmup
46.75863120693248,26.28179931640625,warmup
46.808742096996866,26.28179931640625,warmup
46.85885184793733,26.28179931640625,warmup
46.90896345896181,26.28179931640625,warmup
46.959075380000286,26.28179931640625,warmup
47.01011079689488,26.28179931640625,warmup
47.060221002902836,26.28179931640625,warmup
47.11033516493626,26.28179931640625,warmup
47.16044783592224,26.28179931640625,warmup
47.21056148200296,26.28179931640625,warmup
47.26068241696339,26.28179931640625,warmup
47.31079527491238,26.28179931640625,warmup
47.360910344985314,26.28179931640625,warmup
47.411021675914526,26.28179931640625,warmup
47.46113125397824,26.28179931640625,warmup
47.511245350004174,26.28179931640625,warmup
47.56136161996983,26.28179931640625,warmup
47.611476266989484,26.28179931640625,warmup
47.66158985893708,26.28179931640625,warmup
47.71177842991892,26.28179931640625,warmup
47.761898004915565,26.28179931640625,warmup
47.81201342190616,26.28179931640625,warmup
47.862131822970696,26.28179931640625,warmup
47.91224754892755,26.28179931640625,warmup
47.96236221597064,26.28179931640625,warmup
48.01247513794806,26.28179931640625,warmup
48.06258834898472,26.28179931640625,warmup
48.11270129890181,26.28179931640625,warmup
48.16281196998898,26.28179931640625,warmup
48.212923941900954,26.28179931640625,warmup
48.2630422039656,26.28179931640625,warmup
48.313160924008116,26.28179931640625,warmup
48.363275235984474,26.28179931640625,warmup
48.41338913794607,26.28179931640625,warmup
48.46349855896551,26.28179931640625,warmup
48.51360919093713,26.28179931640625,warmup
48.563723965897225,26.28179931640625,warmup
48.61383617389947,26.28179931640625,warmup
48.664070728002116,26.28179931640625,warmup
48.714191254926845,26.28179931640625,warmup
48.764647974981926,26.28179931640625,warmup
48.81477023195475,26.28179931640625,warmup
48.86488165194169,26.28179931640625,warmup
48.914996339939535,26.28179931640625,warmup
48.9651088649407,26.28179931640625,warmup
49.015220340923406,26.28179931640625,warmup
49.06533321295865,26.28179931640625,warmup
49.11544598895125,26.28179931640625,warmup
49.16555613093078,26.28179931640625,warmup
49.21567582699936,26.28179931640625,warmup
49.26578660891391,26.28179931640625,warmup
49.31589821097441,26.28179931640625,warmup
49.36600944190286,26.28179931640625,warmup
49.41714572289493,26.28179931640625,warmup
49.46726171497721,26.28179931640625,warmup
49.5173794219736,26.28179931640625,warmup
49.56748880899977,26.28179931640625,warmup
49.61760150000919,26.28179931640625,warmup
49.667711546993814,26.28179931640625,warmup
49.71782316698227,26.28179931640625,warmup
49.76793250790797,26.28179931640625,warmup
49.8180555999279,26.28179931640625,warmup
49.86817188200075,26.28179931640625,warmup
49.91828415298369,26.28179931640625,warmup
49.968394430936314,26.28179931640625,warmup
50.018505326937884,26.28179931640625,warmup
50.06861623399891,26.28179931640625,warmup
50.11943293095101,26.28179931640625,warmup
50.169546327902935,26.28179931640625,warmup
50.21966281894129,26.28179931640625,warmup
50.27106717496645,26.28179931640625,warmup
50.32148038491141,26.28179931640625,warmup
50.37159176694695,26.28179931640625,warmup
50.421705283923075,26.28179931640625,warmup
50.47181817400269,26.28179931640625,warmup
50.52193171600811,26.28179931640625,warmup
50.572043142979965,26.28179931640625,warmup
50.62215295492206,26.28179931640625,warmup
50.67227804695722,26.28179931640625,steady_train
50.72241342696361,26.28179931640625,steady_train
50.77254981000442,26.28179931640625,steady_train
50.822670200956054,26.28179931640625,steady_train
50.872781632933766,26.28179931640625,steady_train
50.92289859894663,26.28179931640625,steady_train
50.97301386599429,26.28179931640625,steady_train
51.02312720695045,26.28179931640625,steady_train
51.073240723926574,26.28179931640625,steady_train
51.12416830100119,26.28179931640625,steady_train
51.174283348955214,26.28179931640625,steady_train
51.224396668956615,26.28179931640625,steady_train
51.274507475900464,26.28179931640625,steady_train
51.32462285400834,26.28179931640625,steady_train
51.374857214977965,26.28179931640625,steady_train
51.42496656195726,26.28179931640625,steady_train
51.476255082990974,26.28179931640625,steady_train
51.526368187973276,26.28179931640625,steady_train
51.5774388120044,26.28179931640625,steady_train
51.62754853791557,26.28179931640625,steady_train
51.67766932491213,26.28179931640625,steady_train
51.727781431982294,26.28179931640625,steady_train
51.7789960479131,26.28179931640625,steady_train
51.82910847000312,26.28179931640625,steady_train
51.879220915958285,26.28179931640625,steady_train
51.92933443700895,26.28179931640625,steady_train
51.98074794898275,26.28179931640625,steady_train
52.03086254093796,26.28179931640625,steady_train
52.08097337197978,26.28179931640625,steady_train
52.13108964799903,26.28179931640625,steady_train
52.18121174990665,26.28179931640625,steady_train
52.23132589191664,26.28179931640625,steady_train
52.28143901389558,26.28179931640625,steady_train
52.33227060793433,26.28179931640625,steady_train
52.382385103963315,26.28179931640625,steady_train
52.43250127497595,26.28179931640625,steady_train
52.482615927932784,26.28179931640625,steady_train
52.5327303489903,26.28179931640625,steady_train
52.58284520090092,26.28179931640625,steady_train
52.632960802991875,26.28179931640625,steady_train
52.68308211991098,26.28179931640625,steady_train
52.73319611197803,26.28179931640625,steady_train
52.78331394295674,26.28179931640625,steady_train
52.833427729899995,26.28179931640625,steady_train
52.88354138098657,26.28179931640625,steady_train
52.93365312390961,26.28179931640625,steady_train
52.98378975491505,26.28179931640625,steady_train
53.03391379700042,26.28179931640625,steady_train
53.08404435298871,26.28179931640625,steady_train
53.13420348591171,26.28179931640625,steady_train
53.18433376692701,26.28179931640625,steady_train
53.23444477294106,26.28179931640625,steady_train
53.28455302596558,26.28179931640625,steady_train
53.33467195695266,26.28179931640625,steady_train
53.384787903982215,26.28179931640625,steady_train
53.434901606990024,26.28179931640625,steady_train
53.48501728801057,26.28179931640625,steady_train
53.53513178694993,26.28179931640625,steady_train
53.58524796797428,26.28179931640625,steady_train
53.63536436797585,26.28179931640625,steady_train
53.686676444951445,26.28179931640625,steady_train
53.73721424594987,26.28179931640625,steady_train
53.787328591919504,26.28179931640625,steady_train
53.83744134893641,26.28179931640625,steady_train
53.887558309943415,26.28179931640625,steady_train
53.93768223200459,26.28179931640625,steady_train
53.987798028974794,26.28179931640625,steady_train
54.03792416199576,26.28179931640625,steady_train
54.08803735894617,26.28179931640625,steady_train
54.13814978499431,26.28179931640625,steady_train
54.18836830195505,26.28179931640625,steady_train
54.23849199793767,26.28179931640625,steady_train
54.28860456997063,26.28179931640625,steady_train
54.33871829195414,26.28179931640625,steady_train
54.38986433495302,26.28179931640625,steady_train
54.440080206957646,26.28179931640625,steady_train
54.49020862299949,26.28179931640625,steady_train
54.54033420491032,26.28179931640625,steady_train
54.59046087192837,26.28179931640625,steady_train
54.64057820895687,26.28179931640625,steady_train
54.69069480593316,26.28179931640625,steady_train
54.74080914200749,26.28179931640625,steady_train
54.790927173919044,26.28179931640625,steady_train
54.84104548092,26.28179931640625,steady_train
54.89116146892775,26.28179931640625,steady_train
54.941277465899475,26.28179931640625,steady_train
54.991393751930445,26.28179931640625,steady_train
55.04151012492366,26.28179931640625,steady_train
55.09162835695315,26.28179931640625,steady_train
55.14174033293966,26.28179931640625,steady_train
55.19185475597624,26.28179931640625,steady_train
55.241983176907524,26.28179931640625,steady_train
55.29210477392189,26.28179931640625,steady_train
55.34221803199034,26.28179931640625,steady_train
55.39233047794551,26.28179931640625,steady_train
55.442475554998964,26.28179931640625,steady_train
55.49261547194328,26.28179931640625,steady_train
55.54293037892785,26.28179931640625,steady_train
55.593050631927326,26.28179931640625,steady_train
55.643163858912885,26.28179931640625,steady_train
55.69327508099377,26.28179931640625,steady_train
55.74338442692533,26.28179931640625,steady_train
55.79349969490431,26.28179931640625,steady_train
55.84361387195531,26.28179931640625,steady_train
55.89372775796801,26.28179931640625,steady_train
55.94384316995274,26.28179931640625,steady_train
55.99395807296969,26.28179931640625,steady_train
56.04434997891076,26.28179931640625,steady_train
56.09492259391118,26.28179931640625,steady_train
56.14503762091044,26.28179931640625,steady_train
56.195152062922716,26.28179931640625,steady_train
56.24526562495157,26.28179931640625,steady_train
56.295380652998574,26.28179931640625,steady_train
56.34550210996531,26.28179931640625,steady_train
56.39562192198355,26.28179931640625,steady_train
56.445743797929026,26.28179931640625,steady_train
56.495868619997054,26.28179931640625,steady_train
56.54599271295592,26.28179931640625,steady_train
56.59624922496732,26.28179931640625,steady_train
56.64636604196858,26.28179931640625,steady_train
56.696482997969724,26.28179931640625,steady_train
56.7466002299916,26.28179931640625,steady_train
56.796715652919374,26.28179931640625,steady_train
56.84683082997799,26.28179931640625,steady_train
56.89694673696067,26.28179931640625,steady_train
56.94715381390415,26.28179931640625,steady_train
56.99727361695841,26.28179931640625,steady_train
57.04738922393881,26.28179931640625,steady_train
57.097505589947104,26.28179931640625,steady_train
57.14761793392245,26.28179931640625,steady_train
57.197731550899334,26.28179931640625,steady_train
57.24784680700395,26.28179931640625,steady_train
57.29795783490408,26.28179931640625,steady_train
57.34807002195157,26.28179931640625,steady_train
57.398185384925455,26.28179931640625,steady_train
57.44830064091366,26.28179931640625,steady_train
57.49841598793864,26.28179931640625,steady_train
57.54887504898943,26.28179931640625,steady_train
57.59899827092886,26.28179931640625,steady_train
57.649114599917084,26.28179931640625,steady_train
57.69922831596341,26.28179931640625,steady_train
57.74934854300227,26.28179931640625,steady_train
57.79946776095312,26.28179931640625,steady_train
57.849592143902555,26.28179931640625,steady_train
57.89974232099485,26.28179931640625,steady_train
57.949865203001536,26.28179931640625,steady_train
57.99997662391979,26.28179931640625,steady_train
58.050087226904,26.28179931640625,steady_train
58.10024508496281,26.28179931640625,steady_train
58.150356626953,26.28179931640625,steady_train
58.20047333301045,26.28179931640625,steady_train
58.25058905594051,26.28179931640625,steady_train
58.300704117980786,26.28179931640625,steady_train
58.35082110494841,26.28179931640625,steady_train
58.400936283986084,26.28179931640625,steady_train
58.451047615963034,26.28179931640625,steady_train
58.50222160900012,26.28179931640625,steady_train
58.55260213394649,26.28179931640625,steady_train
58.602715840912424,26.28179931640625,steady_train
58.652828409918584,26.28179931640625,steady_train
58.70334912498947,26.28179931640625,steady_train
58.753462991910055,26.28179931640625,steady_train
58.803728027967736,26.28179931640625,steady_train
58.853846716927364,26.28179931640625,steady_train
58.903959777904674,26.28179931640625,steady_train
58.9540730509907,26.28179931640625,steady_train
59.00419841893017,26.28179931640625,steady_train
59.05432114098221,26.28179931640625,steady_train
59.10443356796168,26.28179931640625,steady_train
59.15454443497583,26.28179931640625,steady_train
59.205333789926954,26.28179931640625,steady_train
59.25544454692863,26.28179931640625,steady_train
59.30555700394325,26.28179931640625,steady_train
59.35568778694142,26.28179931640625,steady_train
59.40714637900237,26.28179931640625,steady_train
59.457257795962505,26.28179931640625,steady_train
59.50736880896147,26.28179931640625,steady_train
59.55748170497827,26.28179931640625,steady_train
59.60760569397826,26.28179931640625,steady_train
59.657719674985856,26.28179931640625,steady_train
59.70784659392666,26.28179931640625,steady_train
59.759188118972816,26.28179931640625,steady_train
59.809314527898096,26.28179931640625,steady_train
59.85943048493937,26.28179931640625,steady_train
59.9095606819028,26.28179931640625,steady_train
59.9597098788945,26.28179931640625,steady_train
60.0098548179958,26.28179931640625,steady_train
60.059993989998475,26.28179931640625,steady_train
60.11010869091842,26.28179931640625,steady_train
60.16021750390064,26.28179931640625,steady_train
60.210326896980405,26.28179931640625,steady_train
60.26047437998932,26.28179931640625,steady_train
60.310627906932496,26.28179931640625,steady_train
60.3614916249644,26.28179931640625,steady_train
60.41161358298268,26.28179931640625,steady_train
60.46172633592505,26.28179931640625,steady_train
60.51183657895308,26.28179931640625,steady_train
60.561947542009875,26.28179931640625,steady_train
60.61206403293181,26.28179931640625,steady_train
60.66217940696515,26.28179931640625,steady_train
60.71229586401023,26.28179931640625,steady_train
60.762410525931045,26.28179931640625,steady_train
60.81252533290535,26.28179931640625,steady_train
60.86362548195757,26.28179931640625,steady_train
60.91450132091995,26.28179931640625,steady_train
60.964617753983475,26.28179931640625,steady_train
61.014736486948095,26.28179931640625,steady_train
61.06484730890952,26.28179931640625,steady_train
61.11496204696596,26.28179931640625,steady_train
61.16505735099781,26.28179931640625,steady_train
61.21519574197009,26.28179931640625,steady_train
61.26530841400381,26.28179931640625,steady_train
61.31542014190927,26.28179931640625,steady_train
61.3655390299391,26.28179931640625,steady_train
61.415666107903235,26.28179931640625,steady_train
61.46580810495652,26.28179931640625,steady_train
61.51593034795951,26.28179931640625,steady_train
61.566047435975634,26.28179931640625,steady_train
61.61620873794891,26.28179931640625,steady_train
61.66632934496738,26.28179931640625,steady_train
61.71644240699243,26.28179931640625,steady_train
61.76656293589622,26.28179931640625,steady_train
61.81669080792926,26.28179931640625,steady_train
61.86680399591569,26.28179931640625,steady_train
61.9169178949669,26.28179931640625,steady_train
61.96805117698386,26.28179931640625,steady_train
62.018164328997955,26.28179931640625,steady_train
62.0682805510005,26.28179931640625,steady_train
62.118395748897456,26.28179931640625,steady_train
62.16851188300643,26.28179931640625,steady_train
62.21867491491139,26.28179931640625,steady_train
62.26878848695196,26.28179931640625,steady_train
62.31890063593164,26.28179931640625,steady_train
62.3690158079844,26.28179931640625,steady_train
62.419130504946224,26.28179931640625,steady_train
62.46924684289843,26.28179931640625,steady_train
62.519360245903954,26.28179931640625,steady_train
62.56947236391716,26.28179931640625,steady_train
62.61958255292848,26.28179931640625,steady_train
62.66970246389974,26.28179931640625,steady_train
62.71985010197386,26.28179931640625,steady_train
62.77089048596099,26.28179931640625,steady_train
62.821017668931745,26.28179931640625,steady_train
62.8711285169702,26.28179931640625,steady_train
62.92124062892981,26.28179931640625,steady_train
62.971351857995614,26.28179931640625,steady_train
63.021464274963364,26.28179931640625,steady_train
63.071578296949156,26.28179931640625,steady_train
63.12169020995498,26.28179931640625,steady_train
63.17180657398421,26.28179931640625,steady_train
63.2219209659379,26.28179931640625,steady_train
63.27229036798235,26.28179931640625,steady_train
63.32320368196815,26.28179931640625,steady_train
63.373340109945275,26.28179931640625,steady_train
63.42345746292267,26.28179931640625,steady_train
63.475013567949645,26.28179931640625,steady_train
63.52515407092869,26.28179931640625,steady_train
63.57592885196209,26.28179931640625,steady_train
63.62660784099717,26.28179931640625,steady_train
63.67673661396839,26.28179931640625,steady_train
63.7268517279299,26.28179931640625,steady_train
63.77696493000258,26.28179931640625,steady_train
63.82788580900524,26.28179931640625,steady_train
63.87799972295761,26.28179931640625,steady_train
63.92811067390721,26.28179931640625,steady_train
63.978341361973435,26.28179931640625,steady_train
64.02847950998694,26.28179931640625,steady_train
64.07859601394739,26.28179931640625,steady_train
64.12871232593898,26.28179931640625,steady_train
64.17993683891837,26.28179931640625,steady_train
64.23038232489489,26.28179931640625,steady_train
64.28050052199978,26.28179931640625,steady_train
64.330616505933,26.28179931640625,steady_train
64.38080790790264,26.28179931640625,steady_train
64.43095133197494,26.28179931640625,steady_train
64.48106676491443,26.28179931640625,steady_train
64.53117872297298,26.28179931640625,steady_train
64.58134250098374,26.28179931640625,steady_train
64.63146497891285,26.28179931640625,steady_train
64.68157839600462,26.28179931640625,steady_train
64.73169689893257,26.28179931640625,steady_train
64.78180923196487,26.28179931640625,steady_train
64.83192509494256,26.28179931640625,steady_train
64.88204053894151,26.28179931640625,steady_train
64.93215317092836,26.28179931640625,steady_train
64.98226697393693,26.28179931640625,steady_train
65.03238035191316,26.28179931640625,steady_train
65.08249473490287,26.28179931640625,steady_train
65.1326486619655,26.28179931640625,steady_train
65.18317413399927,26.28179931640625,steady_train
65.23329415300395,26.28179931640625,steady_train
65.28340153989848,26.28179931640625,steady_train
65.33351590298116,26.28179931640625,steady_train
65.3836285219295,26.28179931640625,steady_train
65.43375381897204,26.28179931640625,steady_train
65.4838709179312,26.28179931640625,steady_train
65.53398585598916,26.28179931640625,steady_train
65.58410047891084,26.28179931640625,steady_train
65.63421697693411,26.28179931640625,steady_train
65.6851855609566,26.28179931640625,steady_train
65.73585180495866,26.28179931640625,steady_train
65.78596471389756,26.28179931640625,steady_train
65.83607980690431,26.28179931640625,steady_train
65.88619120093063,26.28179931640625,steady_train
65.93630456796382,26.28179931640625,steady_train
65.98641727596987,26.28179931640625,steady_train
66.03653813397978,26.28179931640625,steady_train
66.08666517795064,26.28179931640625,steady_train
66.1367784809554,26.28179931640625,steady_train
66.1868907189928,26.28179931640625,steady_train
66.23700554098468,26.28179931640625,steady_train
66.28713988896925,26.28179931640625,steady_train
66.33727766794618,26.28179931640625,steady_train
66.38739014195744,26.28179931640625,steady_train
66.43864558893256,26.28179931640625,steady_train
66.48877507296856,26.28179931640625,steady_train
66.53889546496794,26.28179931640625,steady_train
66.58901789295487,26.28179931640625,steady_train
66.63914246193599,26.28179931640625,steady_train
66.68925292498898,26.28179931640625,steady_train
66.73936602799222,26.28179931640625,steady_train
66.78951310098637,26.28179931640625,steady_train
66.83962699992117,26.28179931640625,steady_train
66.88974270189647,26.28179931640625,steady_train
66.93985679000616,26.28179931640625,steady_train
66.98997339897323,26.28179931640625,steady_train
67.04008934693411,26.28179931640625,steady_train
67.09020271990448,26.28179931640625,steady_train
67.14031864295248,26.28179931640625,steady_train
67.19043425191194,26.28179931640625,steady_train
67.24054616992362,26.28179931640625,steady_train
67.29066940199118,26.28179931640625,steady_train
67.34078269999009,26.28179931640625,steady_train
67.39089239900932,26.28179931640625,steady_train
67.44100232294295,26.28179931640625,steady_train
67.49111989990342,26.28179931640625,steady_train
67.5412451379234,26.28179931640625,steady_train
67.5913806639146,26.28179931640625,steady_train
67.64149235596415,26.28179931640625,steady_train
67.6916033589514,26.28179931640625,steady_train
67.74171987292357,26.28179931640625,steady_train
67.79183782089967,26.28179931640625,steady_train
67.8419536940055,26.28179931640625,steady_train
67.89206809690222,26.28179931640625,steady_train
67.942183490959,26.28179931640625,steady_train
67.99229916394688,26.28179931640625,steady_train
68.04241224192083,26.28179931640625,steady_train
68.09252685995307,26.28179931640625,steady_train
68.14264477300458,26.28179931640625,steady_train
68.1930414699018,26.28179931640625,steady_train
68.243169327965,26.28179931640625,steady_train
68.2933043759549,26.28179931640625,steady_train
68.34343075100332,26.28179931640625,steady_train
68.39356900297571,26.28179931640625,steady_train
68.4439466309268,26.28179931640625,steady_train
68.49405914789531,26.28179931640625,steady_train
68.54416873294394,26.28179931640625,steady_train
68.59428236098029,26.28179931640625,steady_train
68.64557806798257,26.28179931640625,steady_train
68.69569337100256,26.28179931640625,steady_train
68.74580627598334,26.28179931640625,steady_train
68.79592015896924,26.28179931640625,steady_train
68.84603630693164,26.28179931640625,steady_train
68.89614776498638,26.28179931640625,steady_train
68.9462592889322,26.28179931640625,steady_train
68.99653841694817,26.28179931640625,steady_train
69.04667587392032,26.28179931640625,steady_train
69.09679006889928,26.28179931640625,steady_train
69.14690528099891,26.28179931640625,steady_train
69.19702315493487,26.28179931640625,steady_train
69.24713787296787,26.28179931640625,steady_train
69.29725374595728,26.28179931640625,steady_train
69.34736911591608,26.28179931640625,steady_train
69.39748368796427,26.28179931640625,steady_train
69.4475967369508,26.28179931640625,steady_train
69.49771072494332,26.28179931640625,steady_train
69.54782696499024,26.28179931640625,steady_train
69.59901756700128,26.28179931640625,steady_train
69.64913429494482,26.28179931640625,steady_train
69.6992488799151,26.28179931640625,steady_train
69.74936027696822,26.28179931640625,steady_train
69.79947077098768,26.28179931640625,steady_train
69.84958074998576,26.28179931640625,steady_train
69.89983236789703,26.28179931640625,steady_train
69.94999355496839,26.28179931640625,steady_train
70.0001198699465,26.28179931640625,steady_train
70.05023075197823,26.28179931640625,steady_train
70.10034784697928,26.28179931640625,steady_train
70.15046412497759,26.28179931640625,steady_train
70.20057323900983,26.28179931640625,steady_train
70.25070412200876,26.28179931640625,steady_train
70.3008243109798,26.28179931640625,steady_train
70.35094003390986,26.28179931640625,steady_train
70.40105540293735,26.28179931640625,steady_train
70.45118912600446,26.28179931640625,steady_train
70.50130101491231,26.28179931640625,steady_train
70.55141366797034,26.28179931640625,steady_train
70.60221250297036,26.28179931640625,steady_train
70.65235491190106,26.28179931640625,steady_train
70.70249124593101,26.28179931640625,steady_train
70.75265160400886,26.28179931640625,steady_train
70.80278903699946,26.28179931640625,steady_train
70.85294671589509,26.28179931640625,steady_train
70.90306817390956,26.28179931640625,steady_train
70.95317981799599,26.28179931640625,steady_train
71.00329217093531,26.28179931640625,steady_train
71.05450487998314,26.28179931640625,steady_train
71.10461869894061,26.28179931640625,steady_train
71.15473286097404,26.28179931640625,steady_train
71.20484776096418,26.28179931640625,steady_train
71.25496473500971,26.28179931640625,steady_train
71.30508153198753,26.28179931640625,steady_train
71.35520301992074,26.28179931640625,steady_train
71.40540304896422,26.28179931640625,steady_train
71.45552470791154,26.28179931640625,steady_train
71.50564717396628,26.28179931640625,steady_train
71.55577914498281,26.28179931640625,steady_train
71.60589877492748,26.28179931640625,steady_train
71.65601710800547,26.28179931640625,steady_train
71.70613545097876,26.28179931640625,steady_train
71.7562504899688,26.28179931640625,steady_train
71.80636607191991,26.28179931640625,steady_train
71.85647990799043,26.28179931640625,steady_train
71.9065917909611,26.28179931640625,steady_train
71.9567085749004,26.28179931640625,steady_train
72.00682444300037,26.28179931640625,steady_train
72.05693919293117,26.28179931640625,steady_train
72.10705310490448,26.28179931640625,steady_train
72.1571655679727,26.28179931640625,steady_train
72.20727851300035,26.28179931640625,steady_train
72.25738712691236,26.28179931640625,steady_train
72.30751137493644,26.28179931640625,steady_train
72.35766760294791,26.28179931640625,steady_train
72.40779210289475,26.28179931640625,steady_train
72.45790561195463,26.28179931640625,steady_train
72.50801819597837,26.28179931640625,steady_train
72.558127657976,26.28179931640625,steady_train
72.60824738792144,26.28179931640625,steady_train
72.65836209093686,26.28179931640625,steady_train
72.70847754494753,26.28179931640625,steady_train
72.75860010099132,26.28179931640625,steady_train
72.8087255769642,26.28179931640625,steady_train
72.85884181095753,26.28179931640625,steady_train
72.90895712992642,26.28179931640625,steady_train
72.95907139789779,26.28179931640625,steady_train
73.00993373489473,26.28179931640625,steady_train
73.0600483570015,26.28179931640625,steady_train
73.11017319792882,26.28179931640625,steady_train
73.16032473091036,26.28179931640625,steady_train
73.21045160992071,26.28179931640625,steady_train
73.26098636700772,26.28179931640625,steady_train
73.3110992689617,26.28179931640625,steady_train
73.36121031898074,26.28179931640625,steady_train
73.41132228297647,26.28179931640625,steady_train
73.46150398591999,26.28179931640625,steady_train
73.51161351799965,26.28179931640625,steady_train
73.56172424799297,26.28179931640625,steady_train
73.61183400696609,26.28179931640625,steady_train
73.66333629493602,26.28179931640625,steady_train
73.71345024893526,26.28179931640625,steady_train
73.76356117799878,26.28179931640625,steady_train
73.81368908192962,26.28179931640625,steady_train
73.86380117596127,26.28179931640625,steady_train
73.91391444392502,26.28179931640625,steady_train
73.9640249289805,26.28179931640625,steady_train
74.01463236496784,26.28179931640625,steady_train
74.06476492399815,26.28179931640625,steady_train
74.11488099501003,26.28179931640625,steady_train
74.1649984959513,26.28179931640625,steady_train
74.21511204598937,26.28179931640625,steady_train
74.26522824401036,26.28179931640625,steady_train
74.31534220895264,26.28179931640625,steady_train
74.36545751290396,26.28179931640625,steady_train
74.41557007096708,26.28179931640625,steady_train
74.46568989998195,26.28179931640625,steady_train
74.51579922891688,26.28179931640625,steady_train
74.56592936697416,26.28179931640625,steady_train
74.61604205600452,26.28179931640625,steady_train
74.66615656600334,26.28179931640625,steady_train
74.71627579000778,26.28179931640625,steady_train
74.76640909397975,26.28179931640625,steady_train
74.81719863496255,26.28179931640625,steady_train
74.86732035398018,26.28179931640625,steady_train
74.91742908291053,26.28179931640625,steady_train
74.9675375719089,26.28179931640625,steady_train
75.01764491095673,26.28179931640625,steady_train
75.06776816991623,26.28179931640625,steady_train
75.1178767029196,26.28179931640625,steady_train
75.16799125797115,26.28179931640625,steady_train
75.21810493094381,26.28179931640625,steady_train
75.26822895999067,26.28179931640625,steady_train
75.31838756997604,26.28179931640625,steady_train
75.3690843959339,26.28179931640625,steady_train
75.41920040000696,26.28179931640625,steady_train
75.4693135030102,26.28179931640625,steady_train
75.5208182859933,26.28179931640625,steady_train
75.57093099993654,26.28179931640625,steady_train
75.6210475449916,26.28179931640625,steady_train
75.67209838889539,26.28179931640625,steady_train
75.72221319295932,26.28179931640625,steady_train
75.77232693694532,26.28179931640625,steady_train
75.82244140491821,26.28179931640625,steady_train
75.87257848493755,26.28179931640625,steady_train
75.92271307797637,26.28179931640625,steady_train
75.97283012291882,26.28179931640625,steady_train
76.02294431300834,26.28179931640625,steady_train
76.07306227099616,26.28179931640625,steady_train
76.12317660590634,26.28179931640625,steady_train
76.17329126398545,26.28179931640625,steady_train
76.22341114899609,26.28179931640625,steady_train
76.27355190296657,26.28179931640625,steady_train
76.32367535692174,26.28179931640625,steady_train
76.37379274598788,26.28179931640625,steady_train
76.42391462996602,26.28179931640625,steady_train
76.4740381980082,26.28179931640625,steady_train
76.52418095199391,26.28179931640625,steady_train
76.57430496090092,26.28179931640625,steady_train
76.62442395591643,26.28179931640625,steady_train
76.67454070493113,26.28179931640625,steady_train
76.72466753900517,26.28179931640625,steady_train
76.77478703390807,26.28179931640625,steady_train
76.82490326196421,26.28179931640625,steady_train
76.87501994590275,26.28179931640625,steady_train
76.92513465497177,26.28179931640625,steady_train
76.97524840896949,26.28179931640625,steady_train
77.02535998891108,26.28179931640625,steady_train
77.07547471893486,26.28179931640625,steady_train
77.12561276799534,26.28179931640625,steady_train
77.1757488559233,26.28179931640625,steady_train
77.22594701894559,26.28179931640625,steady_train
77.27608852391131,26.28179931640625,steady_train
77.32619943795726,26.28179931640625,steady_train
77.37631194200367,26.28179931640625,steady_train
77.42642234591767,26.28179931640625,steady_train
77.47653632191941,26.28179931640625,steady_train
77.52664910594467,26.28179931640625,steady_train
77.57677343895193,26.28179931640625,steady_train
77.62688891892321,26.28179931640625,steady_train
77.6770066479221,26.28179931640625,steady_train
77.72789689397905,26.28179931640625,steady_train
77.77851637592539,26.28179931640625,steady_train
77.82863365393132,26.28179931640625,steady_train
77.87876041396521,26.28179931640625,steady_train
77.9288744389778,26.28179931640625,steady_train
77.9789882779587,26.28179931640625,steady_train
78.0291044319747,26.28179931640625,steady_train
78.07921945594717,26.28179931640625,steady_train
78.12933273997623,26.28179931640625,steady_train
78.17944648500998,26.28179931640625,steady_train
78.22956061793957,26.28179931640625,steady_train
78.27975436695851,26.28179931640625,steady_train
78.32987932197284,26.28179931640625,steady_train
78.37999540998135,26.28179931640625,steady_train
78.43010991998017,26.28179931640625,steady_train
78.48086904094089,26.28179931640625,steady_train
78.53098395699635,26.28179931640625,steady_train
78.58109828596935,26.28179931640625,steady_train
78.63121652498376,26.28179931640625,steady_train
78.68135746498592,26.28179931640625,steady_train
78.73147430294193,26.28179931640625,steady_train
78.7815856229281,26.28179931640625,steady_train
78.83254315890372,26.28179931640625,steady_train
78.88266578293405,26.28179931640625,steady_train
78.93278189189732,26.28179931640625,steady_train
78.98288646200672,26.28179931640625,steady_train
79.0329970709281,26.28179931640625,steady_train
79.0830942299217,26.28179931640625,steady_train
79.1331972539192,26.28179931640625,steady_train
79.18331280897837,26.28179931640625,steady_train
79.23342815192882,26.28179931640625,steady_train
79.28354185295757,26.28179931640625,steady_train
79.33366694697179,26.28179931640625,steady_train
79.38378259690944,26.28179931640625,steady_train
79.43389386089984,26.28179931640625,steady_train
79.48400338098872,26.28179931640625,steady_train
79.53411174891517,26.28179931640625,steady_train
79.58423180296086,26.28179931640625,steady_train
79.6347547119949,26.28179931640625,steady_train
79.68488383991644,26.28179931640625,steady_train
79.73499374999665,26.28179931640625,steady_train
79.78510599990841,26.28179931640625,steady_train
79.83521446993109,26.28179931640625,steady_train
79.88533115794417,26.28179931640625,steady_train
79.93544400297105,26.28179931640625,steady_train
79.9855598929571,26.28179931640625,steady_train
80.03568565193564,26.28179931640625,steady_train
80.08580098196398,26.28179931640625,steady_train
80.13613543892279,26.28179931640625,steady_train
80.18698479991872,26.28179931640625,steady_train
80.2371013519587,26.28179931640625,steady_train
80.28721911995672,26.28179931640625,steady_train
80.33733234391548,26.28179931640625,steady_train
80.3874442439992,26.28179931640625,steady_train
80.43755997391418,26.28179931640625,steady_train
80.48774168197997,26.28179931640625,steady_train
80.53796229092404,26.28179931640625,steady_train
80.5880823059706,26.28179931640625,steady_train
80.63819871994201,26.28179931640625,steady_train
80.68831580097321,26.28179931640625,steady_train
80.73843455989845,26.28179931640625,steady_train
80.78854859399144,26.28179931640625,steady_train
80.83867515297607,26.28179931640625,steady_train
80.88880967791192,26.28179931640625,steady_train
80.93892587197479,26.28179931640625,steady_train
80.98903941293247,26.28179931640625,steady_train
81.03915370092727,26.28179931640625,steady_train
81.08928533096332,26.28179931640625,steady_train
81.13939589599613,26.28179931640625,steady_train
81.1895090698963,26.28179931640625,steady_train
81.24056613596622,26.28179931640625,steady_train
81.29068434995133,26.28179931640625,steady_train
81.34079891792499,26.28179931640625,steady_train
81.3909142849734,26.28179931640625,steady_train
81.4410252039088,26.28179931640625,steady_train
81.49114812293556,26.28179931640625,steady_train
81.54126037389506,26.28179931640625,steady_train
81.59137018292677,26.28179931640625,steady_train
81.64147902699187,26.28179931640625,steady_train
81.69159029691946,26.28179931640625,steady_train
81.74170063098427,26.28179931640625,steady_train
81.79181016597431,26.28179931640625,steady_train
81.8419206260005,26.28179931640625,steady_train
81.89203182491474,26.28179931640625,steady_train
81.94215397990774,26.28179931640625,steady_train
81.99228318990208,26.28179931640625,steady_train
82.04303664690815,26.28179931640625,steady_train
82.09316987090278,26.28179931640625,steady_train
82.14328466495499,26.28179931640625,steady_train
82.19339495094027,26.28179931640625,steady_train
82.24350460991263,26.28179931640625,steady_train
82.29362020990811,26.28179931640625,steady_train
82.3437330389861,26.28179931640625,steady_train
82.39384867995977,26.28179931640625,steady_train
82.4439627439715,26.28179931640625,steady_train
82.49543858296238,26.28179931640625,steady_train
82.54594954592176,26.28179931640625,steady_train
82.59606189397164,26.28179931640625,steady_train
82.64617646392435,26.28179931640625,steady_train
82.69629406894092,26.28179931640625,steady_train
82.74671269289684,26.28179931640625,steady_train
82.79682056198362,26.28179931640625,steady_train
82.84695582196582,26.28179931640625,steady_train
82.89706881099846,26.28179931640625,steady_train
82.94718117290176,26.28179931640625,steady_train
82.99729137693066,26.28179931640625,steady_train
83.04740333999507,26.28179931640625,steady_train
83.09848602698185,26.28179931640625,steady_train
83.14859629992861,26.28179931640625,steady_train
83.1987075349316,26.28179931640625,steady_train
83.24881859496236,26.28179931640625,steady_train
83.29892554099206,26.28179931640625,steady_train
83.34903628495522,26.28179931640625,steady_train
83.39914772496559,26.28179931640625,steady_train
83.44925831898581,26.28179931640625,steady_train
83.49955576297361,26.28179931640625,steady_train
83.54968221392483,26.28179931640625,steady_train
83.59980661794543,26.28179931640625,steady_train
83.6499258269323,26.28179931640625,steady_train
83.70004186790902,26.28179931640625,steady_train
83.75015201792121,26.28179931640625,steady_train
83.80026253790129,26.28179931640625,steady_train
83.8509915949544,26.28179931640625,steady_train
83.901099673938,26.28179931640625,steady_train
83.9512116649421,26.28179931640625,steady_train
84.0014133589575,26.28179931640625,steady_train
84.05153792595956,26.28179931640625,steady_train
84.10166309296619,26.28179931640625,steady_train
84.15177387697622,26.28179931640625,steady_train
84.20188365189824,26.28179931640625,steady_train
84.25199456792325,26.28179931640625,steady_train
84.30210571689531,26.28179931640625,steady_train
84.35222237790003,26.28179931640625,steady_train
84.40234750194941,26.28179931640625,steady_train
84.45251980191097,26.28179931640625,steady_train
84.50264033698477,26.28179931640625,steady_train
84.55276348697953,26.28179931640625,steady_train
84.6028766509844,26.28179931640625,steady_train
84.65298885200173,26.28179931640625,steady_train
84.70310359192081,26.28179931640625,steady_train
84.75321663997602,26.28179931640625,steady_train
84.80333293194417,26.28179931640625,steady_train
84.85344810597599,26.28179931640625,steady_train
84.90494131494779,26.28179931640625,steady_train
84.95537491398863,26.28179931640625,steady_train
85.00548800290562,26.28179931640625,steady_train
85.05560002697166,26.28179931640625,steady_train
85.10571034194436,26.28179931640625,steady_train
85.15581950696651,26.28179931640625,steady_train
85.20593109296169,26.28179931640625,steady_train
85.25606841198169,26.28179931640625,steady_train
85.30621942295693,26.28179931640625,steady_train
85.3563314829953,26.28179931640625,steady_train
85.40644360799342,26.28179931640625,steady_train
85.45655420690309,26.28179931640625,steady_train
85.50714166497346,26.28179931640625,steady_train
85.5572543659946,26.28179931640625,steady_train
85.60736719099805,26.28179931640625,steady_train
85.6574821609538,26.28179931640625,steady_train
85.70759338489734,26.28179931640625,steady_train
85.75770401500631,26.28179931640625,steady_train
85.8078157909913,26.28179931640625,steady_train
85.85792813589796,26.28179931640625,steady_train
85.90810592391063,26.28179931640625,steady_train
85.95821688894648,26.28179931640625,steady_train
86.00832660100423,26.28179931640625,steady_train
86.05844121892005,26.28179931640625,steady_train
86.10855205100961,26.28179931640625,steady_train
86.15867382893339,26.28179931640625,steady_train
86.20878891495522,26.28179931640625,steady_train
86.25967484200373,26.28179931640625,steady_train
86.3097906569019,26.28179931640625,steady_train
86.35990907298401,26.28179931640625,steady_train
86.41001987596974,26.28179931640625,steady_train
86.46013396093622,26.28179931640625,steady_train
86.51024592795875,26.28179931640625,steady_train
86.56035607191734,26.28179931640625,steady_train
86.61046648700722,26.28179931640625,steady_train
86.66058033693116,26.28179931640625,steady_train
86.7106936929049,26.28179931640625,steady_train
86.76080770697445,26.28179931640625,steady_train
86.81093009700999,26.28179931640625,steady_train
86.86105855798814,26.28179931640625,steady_train
86.9111971729435,26.28179931640625,steady_train
86.96131829195656,26.28179931640625,steady_train
87.01142799190711,26.28179931640625,steady_train
87.06153911794536,26.28179931640625,steady_train
87.11165131197777,26.28179931640625,steady_train
87.16177305800375,26.28179931640625,steady_train
87.21188699395861,26.28179931640625,steady_train
87.26253170496784,26.28179931640625,steady_train
87.31355887197424,26.28179931640625,steady_train
87.36368350195698,26.28179931640625,steady_train
87.4137973919278,26.28179931640625,steady_train
87.46390960295685,26.28179931640625,steady_train
87.51402157300618,26.28179931640625,steady_train
87.56413531699218,26.28179931640625,steady_train
87.61425568698905,26.28179931640625,steady_train
87.66441495297477,26.28179931640625,steady_train
87.71454608300701,26.28179931640625,steady_train
87.76466573390644,26.28179931640625,steady_train
87.81478102901019,26.28179931640625,steady_train
87.86489371396601,26.28179931640625,steady_train
87.91551827697549,26.28179931640625,steady_train
87.96562995598651,26.28179931640625,steady_train
88.01574164698832,26.28179931640625,steady_train
88.06585688597988,26.28179931640625,steady_train
88.11597228690516,26.28179931640625,steady_train
88.16608428698964,26.28179931640625,steady_train
88.21619701199234,26.28179931640625,steady_train
88.26630904292688,26.28179931640625,steady_train
88.3164623179473,26.28179931640625,steady_train
88.36659142398275,26.28179931640625,steady_train
88.41670414397959,26.28179931640625,steady_train
88.46682038391009,26.28179931640625,steady_train
88.51693012495525,26.28179931640625,steady_train
88.56704306497704,26.28179931640625,steady_train
88.61715667496901,26.28179931640625,steady_train
88.66775623697322,26.28179931640625,steady_train
88.7178676329786,26.28179931640625,steady_train
88.76797924295533,26.28179931640625,steady_train
88.8180913379183,26.28179931640625,steady_train
88.8682017539395,26.28179931640625,steady_train
88.91831331397407,26.28179931640625,steady_train
88.96842430892866,26.28179931640625,steady_train
89.01853292493615,26.28179931640625,steady_train
89.06864301394671,26.28179931640625,steady_train
89.11879996198695,26.28179931640625,steady_train
89.16895057994407,26.28179931640625,steady_train
89.21909655095078,26.28179931640625,steady_train
89.26932183094323,26.28179931640625,steady_train
89.31948376097716,26.28179931640625,steady_train
89.36960450594779,26.28179931640625,steady_train
89.41971814690623,26.28179931640625,steady_train
89.46982759691309,26.28179931640625,steady_train
89.51994029595517,26.28179931640625,steady_train
89.5700522219995,26.28179931640625,steady_train
89.62016498297453,26.28179931640625,steady_train
89.6705677859718,26.28179931640625,steady_train
89.72070276096929,26.28179931640625,steady_train
89.77081415697467,26.28179931640625,steady_train
89.82092600199394,26.28179931640625,steady_train
89.87103795295116,26.28179931640625,steady_train
89.92114903696347,26.28179931640625,steady_train
89.97266785800457,26.28179931640625,steady_train
90.02278003795072,26.28179931640625,steady_train
90.07321094092913,26.28179931640625,steady_train
90.12470717495307,26.28179931640625,steady_train
90.17481908097398,26.28179931640625,steady_train
90.22492732689716,26.28179931640625,steady_train
90.27577784797177,26.28179931640625,steady_train
90.32590522395913,26.28179931640625,steady_train
90.37601869995706,26.28179931640625,steady_train
90.4261296459008,26.28179931640625,steady_train
90.47750613396056,26.28179931640625,steady_train
90.52762416098267,26.28179931640625,steady_train
90.57773537491448,26.28179931640625,steady_train
90.62784757697955,26.28179931640625,steady_train
90.67796400201041,26.28179931640625,steady_train
90.72807669790927,26.28179931640625,steady_train
90.77818603697233,26.28179931640625,steady_train
90.82829731295351,26.28179931640625,steady_train
90.87841028301045,26.28179931640625,steady_train
90.92851993290242,26.28179931640625,steady_train
90.97863132494967,26.28179931640625,steady_train
91.02874206390698,26.28179931640625,steady_train
91.07983264594804,26.28179931640625,steady_train
91.1301058899844,26.28179931640625,steady_train
91.18022118590306,26.28179931640625,steady_train
91.23033146199305,26.28179931640625,steady_train
91.28044581296854,26.28179931640625,steady_train
91.33056465291884,26.28179931640625,steady_train
91.38071044790559,26.28179931640625,steady_train
91.43082461389713,26.28179931640625,steady_train
91.4809412099421,26.28179931640625,steady_train
91.53105034993496,26.28179931640625,steady_train
91.58134784991853,26.28179931640625,steady_train
91.63156981498469,26.28179931640625,steady_train
91.68170772993471,26.28179931640625,steady_train
91.7318365809042,26.28179931640625,steady_train
91.78194904699922,26.28179931640625,steady_train
91.83206143195275,26.28179931640625,steady_train
91.8821728079347,26.28179931640625,steady_train
91.93229053297546,26.28179931640625,steady_train
91.98240479896776,26.28179931640625,steady_train
92.03252349898685,26.28179931640625,steady_train
92.08264087000862,26.28179931640625,steady_train
92.13276566995773,26.28179931640625,steady_train
92.18315776996315,26.28179931640625,steady_train
92.2332819889998,26.28179931640625,steady_train
92.28369193896651,26.28179931640625,steady_train
92.33467453590129,26.28179931640625,steady_train
92.38478685589507,26.28179931640625,steady_train
92.43618668196723,26.28179931640625,steady_train
92.48629774595611,26.28179931640625,steady_train
92.53640728199389,26.28179931640625,steady_train
92.58651928394102,26.28179931640625,steady_train
92.63663035898935,26.28179931640625,steady_train
92.68706978391856,26.28179931640625,steady_train
92.73717981390655,26.28179931640625,steady_train
92.78729184495751,26.28179931640625,steady_train
92.83740447997116,26.28179931640625,steady_train
92.88854194199666,26.28179931640625,steady_train
92.938883184921,26.28179931640625,steady_train
92.9890280609252,26.28179931640625,steady_train
93.03914316091686,26.28179931640625,steady_train
93.08925905299839,26.28179931640625,steady_train
93.13972419698257,26.28179931640625,steady_train
93.18983905797359,26.28179931640625,steady_train
93.2399519229075,26.28179931640625,steady_train
93.29006556293461,26.28179931640625,steady_train
93.34018120495602,26.28179931640625,steady_train
93.39029823499732,26.28179931640625,steady_train
93.44041254592594,26.28179931640625,steady_train
93.49053214699961,26.28179931640625,steady_train
93.54064785293303,26.28179931640625,steady_train
93.59077369899023,26.28179931640625,steady_train
93.64088879397605,26.28179931640625,steady_train
93.69103165890556,26.28179931640625,steady_train
93.74114846996963,26.28179931640625,steady_train
93.79126352490857,26.28179931640625,steady_train
93.84137422195636,26.28179931640625,steady_train
93.89148854196537,26.28179931640625,steady_train
93.94159999291878,26.28179931640625,steady_train
93.99214468500577,26.28179931640625,steady_train
94.04227283189539,26.28179931640625,steady_train
94.09240410395432,26.28179931640625,steady_train
94.14252238895278,26.28179931640625,steady_train
94.19263677892741,26.28179931640625,steady_train
94.24276199599262,26.28179931640625,steady_train
94.29287616594229,26.28179931640625,steady_train
94.34299439296592,26.28179931640625,steady_train
94.39311098400503,26.28179931640625,steady_train
94.44322876899969,26.28179931640625,steady_train
94.49334252497647,26.28179931640625,steady_train
94.54354127496481,26.28179931640625,steady_train
94.5936667099595,26.28179931640625,steady_train
94.64407602697611,26.28179931640625,steady_train
94.69418964197394,26.28179931640625,steady_train
94.74430212692823,26.28179931640625,steady_train
94.7944170970004,26.28179931640625,steady_train
94.84487091295887,26.28179931640625,steady_train
94.89498316391837,26.28179931640625,steady_train
94.945098173921,26.28179931640625,steady_train
94.99521249497775,26.28179931640625,steady_train
95.04532576992642,26.28179931640625,steady_train
95.0954362959601,26.28179931640625,steady_train
95.14554770791437,26.28179931640625,steady_train
95.19567125791218,26.28179931640625,steady_train
95.24577411997598,26.28179931640625,steady_train
95.2958899999503,26.28179931640625,steady_train
95.34601847594604,26.28179931640625,steady_train
95.39613499690313,26.28179931640625,steady_train
95.44625103799626,26.28179931640625,steady_train
95.49636752798688,26.28179931640625,steady_train
95.54648449399974,26.28179931640625,steady_train
95.59660787100438,26.28179931640625,steady_train
95.64672159694601,26.28179931640625,steady_train
95.69683409191202,26.28179931640625,steady_train
95.74694665090647,26.28179931640625,steady_train
95.79706162400544,26.28179931640625,steady_train
95.84717812098097,26.28179931640625,steady_train
95.89729472994804,26.28179931640625,steady_train
95.94741236697882,26.28179931640625,steady_train
95.99752530199476,26.28179931640625,steady_train
96.04763958393596,26.28179931640625,steady_train
96.09779301995877,26.28179931640625,steady_train
96.14790551096667,26.28179931640625,steady_train
96.19801709591411,26.28179931640625,steady_train
96.24812847189605,26.28179931640625,steady_train
96.29823713796213,26.28179931640625,steady_train
96.3483508490026,26.28179931640625,steady_train
96.3985261869384,26.28179931640625,steady_train
96.44868295593187,26.28179931640625,steady_train
96.49880061799195,26.28179931640625,steady_train
96.54891846398823,26.28179931640625,steady_train
96.5990415289998,26.28179931640625,steady_train
96.64915852993727,26.28179931640625,steady_train
96.69926947099157,26.28179931640625,steady_train
96.74939922697376,26.28179931640625,steady_train
96.79952306800988,26.28179931640625,steady_train
96.84963902900927,26.28179931640625,steady_train
96.90088344900869,26.28179931640625,steady_train
96.95102305989712,26.28179931640625,steady_train
97.0011406209087,26.28179931640625,steady_train
97.05125130794477,26.28179931640625,steady_train
97.10136218892876,26.28179931640625,steady_train
97.15147424989846,26.28179931640625,steady_train
97.20158221095335,26.28179931640625,steady_train
97.25169234292116,26.28179931640625,steady_train
97.30180511297658,26.28179931640625,steady_train
97.35191806394141,26.28179931640625,steady_train
97.4020300109405,26.28179931640625,steady_train
97.45214266097173,26.28179931640625,steady_train
97.5022617469076,26.28179931640625,steady_train
97.55237711395603,26.28179931640625,steady_train
97.60248991393019,26.28179931640625,steady_train
97.65260361100081,26.28179931640625,steady_train
97.70288703590631,26.28179931640625,steady_train
97.75300229294226,26.28179931640625,steady_train
97.80314155796077,26.28179931640625,steady_train
97.85325395490509,26.28179931640625,steady_train
97.90336845093407,26.28179931640625,steady_train
97.95348125195596,26.28179931640625,steady_train
98.00360511790495,26.28179931640625,steady_train
98.05371913791168,26.28179931640625,steady_train
98.10383307095617,26.28179931640625,steady_train
98.15394742193166,26.28179931640625,steady_train
98.20406171795912,26.28179931640625,steady_train
98.25417479290627,26.28179931640625,steady_train
98.30429130000994,26.28179931640625,steady_train
98.3544081900036,26.28179931640625,steady_train
98.4045230129268,26.28179931640625,steady_train
98.45463929895777,26.28179931640625,steady_train
98.50477294996381,26.28179931640625,steady_train
98.55489045497961,26.28179931640625,steady_train
98.60500669199973,26.28179931640625,steady_train
98.65512034890708,26.28179931640625,steady_train
98.70523173396941,26.28179931640625,steady_train
98.7553452498978,26.28179931640625,steady_train
98.8054603060009,26.28179931640625,between_stages
98.85557821195107,26.28179931640625,between_stages
98.90568961494137,26.28179931640625,between_stages
98.95579865097534,26.28179931640625,between_stages
99.0059073419543,26.28179931640625,between_stages
99.05601650697645,26.28179931640625,between_stages
99.35859971598256,26.28179931640625,between_stages
99.40873338794336,26.28179931640625,between_stages
99.4588446439011,26.28179931640625,between_stages
99.50895836099517,26.28179931640625,between_stages
99.55909381189849,26.28179931640625,between_stages
99.60920942400116,26.28179931640625,between_stages
99.65932304493617,26.28179931640625,between_stages
99.71416400792077,26.28179931640625,between_stages
99.77512803592253,26.28179931640625,between_stages
99.82524815294892,26.28179931640625,between_stages
99.87536622292828,26.28179931640625,between_stages
99.92547621997073,26.28179931640625,between_stages
99.97558570990805,26.28179931640625,between_stages
100.03170215489808,26.28179931640625,between_stages
100.08182179590221,26.28179931640625,between_stages
100.13194140791893,26.28179931640625,between_stages
100.18205625889823,26.28179931640625,between_stages
100.23221372894477,26.28179931640625,between_stages
100.29587876994628,26.28179931640625,between_stages
100.34599907090887,26.28179931640625,between_stages
100.39611947792582,26.28179931640625,between_stages
100.44623168895487,26.28179931640625,between_stages
100.49640919500962,26.28179931640625,between_stages
100.5550294329878,26.28179931640625,between_stages
100.60515114292502,26.28179931640625,between_stages
100.65526943991426,26.28179931640625,between_stages
100.7053815559484,26.28179931640625,between_stages
100.75596818095073,26.28179931640625,between_stages
100.81381078192499,26.28179931640625,between_stages
100.8639282179065,26.28179931640625,between_stages
100.91404418996535,26.28179931640625,between_stages
100.96415287698619,26.28179931640625,between_stages
101.0143036718946,26.28179931640625,between_stages
101.07189669390209,26.28179931640625,between_stages
101.12201429496054,26.28179931640625,between_stages
101.17213151196484,26.28179931640625,between_stages
101.22224243893288,26.28179931640625,between_stages
101.27235062094405,26.28179931640625,between_stages
101.32899930595886,26.28179931640625,between_stages
101.3791252739029,26.28179931640625,between_stages
101.4292441199068,26.28179931640625,between_stages
101.47935629694257,26.28179931640625,between_stages
101.52946590795182,26.28179931640625,between_stages
101.58572453691158,26.28179931640625,between_stages
101.6358441519551,26.28179931640625,between_stages
101.6859638269525,26.28179931640625,between_stages
101.7360752999084,26.28179931640625,between_stages
101.78618526097853,26.28179931640625,between_stages
101.84205129696056,26.28179931640625,between_stages
101.89216926391236,26.28179931640625,between_stages
101.94228568091057,26.28179931640625,between_stages
101.99239549099002,26.28179931640625,between_stages
102.04250506300014,26.28179931640625,between_stages
102.09777359699365,26.28179931640625,between_stages
102.14789174799807,26.28179931640625,between_stages
102.19800651900005,26.28179931640625,between_stages
102.24811983492691,26.28179931640625,between_stages
102.29823035292793,26.28179931640625,between_stages
102.35333167191129,26.28179931640625,between_stages
102.40345348289702,26.28179931640625,between_stages
102.4535704900045,26.28179931640625,between_stages
102.5036926799221,26.28179931640625,between_stages
102.55380290292669,26.28179931640625,between_stages
102.61044055991806,26.28179931640625,between_stages
102.66056103992742,26.28179931640625,between_stages
102.71068605093751,26.28179931640625,between_stages
102.76079865393694,26.28179931640625,between_stages
102.81091041991021,26.28179931640625,between_stages
102.86756979196798,26.28179931640625,between_stages
102.91769589297473,26.28179931640625,between_stages
102.96781251998618,26.28179931640625,between_stages
103.01792203600053,26.28179931640625,between_stages
103.06803101894911,26.28179931640625,between_stages
103.1181453699246,26.28179931640625,between_stages
103.16996156401001,26.28179931640625,between_stages
103.22091370192356,26.28179931640625,between_stages
103.27102344890591,26.28179931640625,between_stages
103.32113244594075,26.28179931640625,between_stages
103.37124884093646,26.28179931640625,between_stages
103.42918379197363,26.28179931640625,between_stages
103.47930132993497,26.28179931640625,between_stages
103.52941197098698,26.28179931640625,between_stages
103.57954297796823,26.28179931640625,between_stages
103.62967040995136,26.28179931640625,between_stages
103.67978284496348,26.28179931640625,between_stages
103.72989149193745,26.28179931640625,between_stages
103.78000682999846,26.28179931640625,between_stages
103.83012352592777,26.28179931640625,between_stages
103.88023742695805,26.28179931640625,between_stages
103.9303479839582,26.28179931640625,between_stages
103.9804633409949,26.28179931640625,between_stages
104.03057956194971,26.28179931640625,between_stages
104.08068929391447,26.28179931640625,between_stages
104.13797523791436,26.28179931640625,between_stages
104.18809050996788,26.28179931640625,between_stages
104.23820834094658,26.28179931640625,between_stages
104.28831987292506,26.28179931640625,between_stages
104.34632019989658,26.28179931640625,between_stages
104.39642834791448,26.28179931640625,between_stages
104.44654122798238,26.28179931640625,between_stages
104.49666206899565,26.28179931640625,between_stages
104.5468032869976,26.28179931640625,between_stages
104.60941548692062,26.28179931640625,between_stages
104.65953666297719,26.28179931640625,between_stages
104.70964869495947,26.28179931640625,between_stages
104.75978452700656,26.28179931640625,between_stages
104.81897855200805,26.28179931640625,between_stages
104.8690966089489,26.28179931640625,between_stages
104.91920848295558,26.28179931640625,between_stages
104.96931934694294,26.28179931640625,between_stages
105.02760130690876,26.28179931640625,between_stages
105.07771673798561,26.28179931640625,between_stages
105.12783124495763,26.28179931640625,between_stages
105.17794140591286,26.28179931640625,between_stages
105.2280572229065,26.28179931640625,between_stages
105.27816832100507,26.28179931640625,between_stages
105.3288467299426,26.28179931640625,between_stages
105.3789579909062,26.28179931640625,between_stages
105.4290693529183,26.28179931640625,between_stages
105.47922749898862,26.28179931640625,between_stages
105.52934002596885,26.28179931640625,between_stages
105.57945455797017,26.28179931640625,between_stages
105.62956778996158,26.28179931640625,between_stages
105.67983713699505,26.28179931640625,between_stages
105.72994738793932,26.28179931640625,between_stages
105.78005671489518,26.28179931640625,between_stages
105.83016755292192,26.28179931640625,between_stages
105.88027753389906,26.28179931640625,between_stages
105.93038695992436,26.28179931640625,between_stages
105.98049561795779,26.28179931640625,between_stages
106.03060436493251,26.28179931640625,between_stages
106.08076646190602,26.28179931640625,between_stages
106.13089722394943,26.28179931640625,between_stages
106.18100969993975,26.28179931640625,between_stages
106.23111864191014,26.28179931640625,between_stages
106.2812262478983,26.28179931640625,between_stages
106.33133649593219,26.28179931640625,between_stages
106.38144727691542,26.28179931640625,between_stages
106.43155803496484,26.28179931640625,between_stages
106.4816809509648,26.28179931640625,between_stages
106.53258357895538,26.28179931640625,between_stages
106.58269237692002,26.28179931640625,between_stages
106.63280031294562,26.28179931640625,between_stages
106.68290856096428,26.28179931640625,between_stages
106.73301782191265,26.28179931640625,between_stages
106.79935416998342,26.28179931640625,between_stages
106.84948060300667,26.28179931640625,between_stages
106.89962242392357,26.28179931640625,between_stages
106.94973170093726,26.28179931640625,between_stages
106.9998397239251,26.28179931640625,between_stages
107.04994848091155,26.28179931640625,between_stages
107.10005863197148,26.28179931640625,between_stages
107.15017015498597,26.28179931640625,between_stages
107.20027933700476,26.28179931640625,between_stages
107.58566536800936,26.28179931640625,between_stages
107.63579390989617,26.28179931640625,between_stages
107.68591077299789,26.28179931640625,between_stages
107.73604753892869,26.28179931640625,between_stages
107.78616582090035,26.28179931640625,between_stages
107.83629228896461,26.28179931640625,between_stages
107.88640465494245,26.28179931640625,between_stages
107.93651803792454,26.28179931640625,between_stages
107.98662999400403,26.28179931640625,between_stages
108.03674114192836,26.28179931640625,between_stages
108.08685640397016,26.28179931640625,between_stages
108.13984278589487,26.28179931640625,between_stages
108.18996096996125,26.28179931640625,between_stages
108.2400781919714,26.28179931640625,between_stages
108.30351242690813,26.28179931640625,between_stages
108.35363183892332,26.28179931640625,between_stages
108.4037557519041,26.28179931640625,between_stages
108.45386972289998,26.28179931640625,between_stages
108.50399068999104,26.28179931640625,between_stages
108.56290715292562,26.28179931640625,between_stages
108.61302625096869,26.28179931640625,between_stages
108.66314497299027,26.28179931640625,between_stages
108.71326293097809,26.28179931640625,between_stages
108.76338178094011,26.28179931640625,between_stages
108.81875694892369,26.28179931640625,between_stages
108.86887302191462,26.28179931640625,between_stages
108.91899187292438,26.28179931640625,between_stages
108.96911324199755,26.28179931640625,between_stages
109.01922977296636,26.28179931640625,between_stages
109.074883579975,26.28179931640625,between_stages
109.12499959697016,26.28179931640625,between_stages
109.17511742399074,26.28179931640625,between_stages
109.22523616591934,26.28179931640625,between_stages
109.27535576396622,26.28179931640625,between_stages
109.33116897998843,26.28179931640625,between_stages
109.381289102952,26.28179931640625,between_stages
109.4328596079722,26.28179931640625,between_stages
109.48297463089693,26.28179931640625,between_stages
109.53309235698543,26.28179931640625,between_stages
109.59531256998889,26.28179931640625,between_stages
109.6454355570022,26.28179931640625,between_stages
109.69555370393209,26.28179931640625,between_stages
109.74568429496139,26.28179931640625,between_stages
109.79580321197864,26.28179931640625,between_stages
109.8537530839676,26.28179931640625,between_stages
109.90386946196668,26.28179931640625,between_stages
109.95398797397502,26.28179931640625,between_stages
110.00410661590286,26.28179931640625,between_stages
110.05422434792854,26.28179931640625,between_stages
110.1114581678994,26.28179931640625,between_stages
110.16157522099093,26.28179931640625,between_stages
110.21169259690214,26.28179931640625,between_stages
110.2618096889928,26.28179931640625,between_stages
110.31192727596499,26.28179931640625,between_stages
110.36902296799235,26.28179931640625,between_stages
110.4195527889533,26.28179931640625,between_stages
110.47128086793236,26.28179931640625,between_stages
110.52139835990965,26.28179931640625,between_stages
110.571516827913,26.28179931640625,between_stages
110.63202948693652,26.28179931640625,between_stages
110.68215110397432,26.28179931640625,between_stages
110.73227118293289,26.28179931640625,between_stages
110.78238949994557,26.28179931640625,between_stages
110.83251026098151,26.28179931640625,between_stages
110.8933903259458,26.28179931640625,between_stages
110.94350948696956,26.28179931640625,between_stages
110.99362776894122,26.28179931640625,between_stages
111.04377083200961,26.28179931640625,between_stages
111.09388828894589,26.28179931640625,between_stages
111.1520732298959,26.28179931640625,between_stages
111.20219061092939,26.28179931640625,between_stages
111.25230630498845,26.28179931640625,between_stages
111.30242503690533,26.28179931640625,between_stages
111.3525432839524,26.28179931640625,between_stages
111.40966634894721,26.28179931640625,between_stages
111.45978579600342,26.28179931640625,between_stages
111.50990492489655,26.28179931640625,between_stages
111.56002295191865,26.28179931640625,between_stages
111.61014195799362,26.28179931640625,between_stages
111.66685253195465,26.28179931640625,between_stages
111.71697408391628,26.28179931640625,between_stages
111.76709410594776,26.28179931640625,between_stages
111.81721128895879,26.28179931640625,between_stages
111.86733875097707,26.28179931640625,between_stages
111.92434577795211,26.28179931640625,between_stages
111.9744940289529,26.28179931640625,between_stages
112.02461349195801,26.28179931640625,between_stages
112.07473137893248,26.28179931640625,between_stages
112.1248488019919,26.28179931640625,between_stages
112.1813621649053,26.28179931640625,between_stages
112.23147937597241,26.28179931640625,between_stages
112.28159718390089,26.28179931640625,between_stages
112.33171400299761,26.28179931640625,between_stages
112.38183223491069,26.28179931640625,between_stages
112.43900442996528,26.28179931640625,between_stages
112.4891208979534,26.28179931640625,between_stages
112.53923599992413,26.28179931640625,between_stages
112.58935404696967,26.28179931640625,between_stages
112.63947334897239,26.28179931640625,between_stages
112.69632887595799,26.28179931640625,between_stages
112.74644552893005,26.28179931640625,between_stages
112.79656286095269,26.28179931640625,between_stages
112.84668751293793,26.28179931640625,between_stages
112.89680672099348,26.28179931640625,between_stages
112.95411489100661,26.28179931640625,between_stages
113.00423287297599,26.28179931640625,between_stages
113.05434933491051,26.28179931640625,between_stages
113.1044671239797,26.28179931640625,between_stages
113.15458413597662,26.28179931640625,between_stages
113.21130829793401,26.28179931640625,between_stages
113.26142643101048,26.28179931640625,between_stages
113.31154383800458,26.28179931640625,between_stages
113.36167647596449,26.28179931640625,between_stages
113.41179411299527,26.28179931640625,between_stages
113.46868933096994,26.28179931640625,between_stages
113.51880902296398,26.28179931640625,between_stages
113.5689285849221,26.28179931640625,between_stages
113.61904400296044,26.28179931640625,between_stages
113.66916364489589,26.28179931640625,between_stages
113.72584251291119,26.28179931640625,between_stages
113.77596049499698,26.28179931640625,between_stages
113.82607889396604,26.28179931640625,between_stages
113.87619670096319,26.28179931640625,between_stages
113.92631293390878,26.28179931640625,between_stages
113.98292521690018,26.28179931640625,between_stages
114.0330425389111,26.28179931640625,between_stages
114.08315994695295,26.28179931640625,between_stages
114.13330154994037,26.28179931640625,between_stages
114.18342026695609,26.28179931640625,between_stages
114.24010550999083,26.28179931640625,between_stages
114.29022364295088,26.28179931640625,between_stages
114.34034802997485,26.28179931640625,between_stages
114.39049952290952,26.28179931640625,between_stages
114.44061662990134,26.28179931640625,between_stages
114.50200258695986,26.28179931640625,between_stages
114.5521219939692,26.28179931640625,between_stages
114.6022416659398,26.28179931640625,between_stages
114.65235966490582,26.28179931640625,between_stages
114.7024798420025,26.28179931640625,between_stages
114.76040440995712,26.28179931640625,between_stages
114.81052465096582,26.28179931640625,between_stages
114.86064480489586,26.28179931640625,between_stages
114.9107773359865,26.28179931640625,between_stages
114.96089716500137,26.28179931640625,between_stages
115.0178362519946,26.28179931640625,between_stages
115.06795543397311,26.28179931640625,between_stages
115.11807174689602,26.28179931640625,between_stages
115.16818931000307,26.28179931640625,between_stages
115.21830351091921,26.28179931640625,between_stages
115.27523016789928,26.28179931640625,between_stages
115.32534732099157,26.28179931640625,between_stages
115.37546608794946,26.28179931640625,between_stages
115.42558387189638,26.28179931640625,between_stages
115.47570042090956,26.28179931640625,between_stages
115.532830644981,26.28179931640625,between_stages
115.5829486179864,26.28179931640625,between_stages
115.63306615594774,26.28179931640625,between_stages
115.68318142800126,26.28179931640625,between_stages
115.73330226598773,26.28179931640625,between_stages
115.79000200796872,26.28179931640625,between_stages
115.84013243590016,26.28179931640625,between_stages
115.89025116490666,26.28179931640625,between_stages
115.94037023792043,26.28179931640625,between_stages
115.99048704991583,26.28179931640625,between_stages
116.04699003393762,26.28179931640625,between_stages
116.09710940090008,26.28179931640625,between_stages
116.14722492394503,26.28179931640625,between_stages
116.19734228192829,26.28179931640625,between_stages
116.24745957390405,26.28179931640625,between_stages
116.30441295192577,26.28179931640625,between_stages
116.35453254391905,26.28179931640625,between_stages
116.40465234790463,26.28179931640625,between_stages
116.45478029095102,26.28179931640625,between_stages
116.50489821797237,26.28179931640625,between_stages
116.56199286493938,26.28179931640625,between_stages
116.61211248196196,26.28179931640625,between_stages
116.66222940490115,26.28179931640625,between_stages
116.71234976197593,26.28179931640625,between_stages
116.76246770494618,26.28179931640625,between_stages
116.81916229298804,26.28179931640625,between_stages
116.86928035190795,26.28179931640625,between_stages
116.91939818498213,26.28179931640625,between_stages
116.96951313200407,26.28179931640625,between_stages
117.01963143493049,26.28179931640625,between_stages
117.0766017709393,26.28179931640625,between_stages
117.12672047992237,26.28179931640625,between_stages
117.17683687095996,26.28179931640625,between_stages
117.22696601389907,26.28179931640625,between_stages
117.2770816659322,26.28179931640625,between_stages
117.33375886094291,26.28179931640625,between_stages
117.38387646293268,26.28179931640625,between_stages
117.43401561200153,26.28179931640625,between_stages
117.48412445990834,26.28179931640625,between_stages
117.5342332579894,26.28179931640625,between_stages
117.58434307994321,26.28179931640625,between_stages
117.6344758789055,26.28179931640625,between_stages
117.6845858959714,26.28179931640625,between_stages
117.73469544900581,26.28179931640625,between_stages
118.09160620591138,26.28179931640625,between_stages
118.14173194393516,26.28179931640625,between_stages
118.19184544798918,26.28179931640625,between_stages
118.241955614998,26.28179931640625,between_stages
118.2920658478979,26.28179931640625,between_stages
118.34217853599694,26.28179931640625,between_stages
118.39228971500415,26.28179931640625,between_stages
118.442403241992,26.28179931640625,between_stages
118.4925162550062,26.28179931640625,between_stages
118.54262785299215,26.28179931640625,between_stages
118.59274531097617,26.28179931640625,between_stages
118.66514691791963,26.28179931640625,between_stages
118.71526601200458,26.28179931640625,between_stages
118.76538503996562,26.28179931640625,between_stages
118.81550347793382,26.28179931640625,between_stages
118.8765900809085,26.28179931640625,between_stages
118.9267084049061,26.28179931640625,between_stages
118.97682919795625,26.28179931640625,between_stages
119.02694725093897,26.28179931640625,between_stages
119.08588896400761,26.28179931640625,between_stages
119.13600565691013,26.28179931640625,between_stages
119.18612569896504,26.28179931640625,between_stages
119.23624427290633,26.28179931640625,between_stages
119.29391232097987,26.28179931640625,between_stages
119.34403278399259,26.28179931640625,between_stages
119.39415781199932,26.28179931640625,between_stages
119.44427415099926,26.28179931640625,between_stages
119.50480083096772,26.28179931640625,between_stages
119.55491742899176,26.28179931640625,between_stages
119.605032588006,26.28179931640625,between_stages
119.65515082597267,26.28179931640625,between_stages
119.71409324894194,26.28179931640625,between_stages
119.76421005593147,26.28179931640625,between_stages
119.81433295994066,26.28179931640625,between_stages
119.8644486189587,26.28179931640625,between_stages
119.91456815693527,26.28179931640625,between_stages
119.96469300496392,26.28179931640625,between_stages
120.01480723300483,26.28179931640625,between_stages
120.06492300599348,26.28179931640625,between_stages
120.11503150395583,26.28179931640625,between_stages
120.16514626599383,26.28179931640625,between_stages
120.21525529795326,26.28179931640625,between_stages
120.26536799792666,26.28179931640625,between_stages
120.31548945093527,26.28179931640625,between_stages
120.36562230892014,26.28179931640625,between_stages
120.4157417519018,26.28179931640625,between_stages
120.46586084493902,26.28179931640625,between_stages
120.5159798489185,26.28179931640625,between_stages
120.56610702199396,26.28179931640625,between_stages
120.62542541790754,26.28179931640625,between_stages
