elapsed_seconds,used_gib,stage
0.0010224389843642712,0.612548828125,startup
0.05175667908042669,0.612548828125,startup
0.10197034606244415,0.612548828125,startup
0.15614499105140567,0.612548828125,startup
0.20975732407532632,0.612548828125,startup
0.26385332201607525,0.612548828125,startup
0.3182693140115589,0.612548828125,startup
0.3691143300384283,0.612548828125,startup
0.4194329270394519,0.612548828125,startup
0.46975089807529,0.612548828125,startup
0.5202264640247449,0.612548828125,startup
0.5768365950789303,0.612548828125,startup
0.6275905399816111,0.612548828125,startup
0.6878838640404865,0.612548828125,startup
0.7449145320570096,0.612548828125,startup
0.7967939270893112,0.612548828125,startup
0.886785333044827,0.612548828125,startup
0.9372580300550908,0.612548828125,startup
0.9874488920904696,0.612548828125,startup
1.0386270510498434,0.612548828125,startup
1.0888001930434257,0.612548828125,startup
1.1465679079992697,0.612548828125,startup
1.1976903510512784,0.612548828125,startup
1.2504833179991692,0.612548828125,startup
1.3008546060882509,0.612548828125,startup
1.3801893020281568,0.612548828125,startup
1.4305911880219355,0.612548828125,startup
1.480729385977611,0.612548828125,startup
1.5309672190342098,0.612548828125,startup
1.5833266220288351,0.612548828125,startup
1.6436194460839033,0.612548828125,startup
1.7081185320857912,0.612548828125,startup
1.7659224470844492,0.612548828125,startup
1.8710741869872436,0.612548828125,startup
1.9364201059797779,0.612548828125,startup
2.102302600047551,0.612548828125,startup
2.167740192031488,0.612548828125,startup
2.2278421830851585,0.612548828125,startup
2.283161822007969,0.612548828125,startup
2.343549982062541,0.612548828125,startup
2.400655130040832,0.612548828125,startup
2.4569710510550067,0.612548828125,startup
2.5074960769852623,0.612548828125,startup
2.5577841190388426,0.612548828125,startup
2.608556534978561,0.612548828125,startup
2.658682198030874,0.612548828125,startup
2.7092825890285894,0.612548828125,startup
2.7603328020777553,0.612548828125,startup
2.8104897959856316,0.612548828125,startup
2.866040231077932,0.612548828125,startup
2.9166831619804725,0.612548828125,startup
2.9770251410081983,0.612548828125,startup
3.0424471279839054,0.612548828125,startup
3.0984760200371966,0.612548828125,startup
3.1489695620257407,0.612548828125,startup
3.1993281790055335,0.612548828125,startup
3.249467225978151,0.612548828125,startup
3.299855354009196,0.612548828125,startup
3.350700194016099,0.612548828125,startup
3.48730996705126,0.612548828125,startup
3.5375166150042787,0.612548828125,startup
3.588737513986416,0.612548828125,startup
3.6412700770888478,0.612548828125,startup
3.6918704980053008,0.612548828125,startup
3.742218674044125,0.612548828125,startup
3.7940454210620373,0.612548828125,startup
3.8515882909996435,0.612548828125,startup
3.9019906180910766,0.612548828125,startup
3.952278301003389,0.612548828125,startup
4.0025853890692815,0.612548828125,startup
4.054117905092426,0.612548828125,startup
4.104482793016359,0.612548828125,startup
4.154664471046999,0.612548828125,startup
4.2050457880832255,0.612548828125,startup
4.255165504990146,0.612548828125,startup
4.305280670057982,0.612548828125,startup
4.355413116980344,0.612548828125,startup
4.405528560047969,0.612548828125,startup
4.4556444979971275,0.612548828125,startup
4.505757371080108,0.612548828125,startup
4.55586983601097,0.612548828125,startup
4.605984773021191,0.612548828125,startup
4.661210534977727,0.62847900390625,startup
4.711340852081776,0.64312744140625,startup
4.761576690012589,1.06695556640625,load_complete_pipeline
4.811795128043741,1.06695556640625,load_complete_pipeline
4.8621357140364125,1.06695556640625,load_complete_pipeline
4.912403473048471,1.06695556640625,load_complete_pipeline
4.96434827207122,1.06695556640625,load_complete_pipeline
5.015118928044103,1.06695556640625,load_complete_pipeline
5.0655901280697435,1.06695556640625,load_complete_pipeline
5.115933799999766,1.06695556640625,load_complete_pipeline
5.167694863048382,1.06695556640625,load_complete_pipeline
5.21906673302874,1.06695556640625,load_complete_pipeline
5.26973486202769,1.06695556640625,load_complete_pipeline
5.321003455086611,1.06695556640625,load_complete_pipeline
5.3715006679994985,1.06695556640625,load_complete_pipeline
5.422022007056512,1.06695556640625,load_complete_pipeline
5.472279521054588,1.06695556640625,load_complete_pipeline
5.522407936048694,1.06695556640625,load_complete_pipeline
5.5726517180446535,1.06695556640625,load_complete_pipeline
5.742591988993809,1.06695556640625,load_complete_pipeline
5.7927439759951085,1.06695556640625,load_complete_pipeline
5.842918368987739,1.49078369140625,load_complete_pipeline
5.89311908709351,1.49078369140625,load_complete_pipeline
5.943296835990623,1.70172119140625,load_complete_pipeline
5.9934346079826355,1.98492431640625,load_complete_pipeline
6.0435688979923725,2.25836181640625,load_complete_pipeline
6.093719886033796,2.50836181640625,load_complete_pipeline
6.143861133023165,2.74664306640625,load_complete_pipeline
6.193985586985946,3.01031494140625,load_complete_pipeline
6.2441177000291646,3.26226806640625,load_complete_pipeline
6.294240144081414,3.53765869140625,load_complete_pipeline
6.344407045980915,3.82086181640625,load_complete_pipeline
6.394597364007495,4.14312744140625,load_complete_pipeline
6.444764723069966,4.47125244140625,load_complete_pipeline
6.494907121057622,4.77203369140625,load_complete_pipeline
6.54504428000655,5.07281494140625,load_complete_pipeline
6.595175068010576,5.34820556640625,load_complete_pipeline
6.645297771086916,5.59234619140625,load_complete_pipeline
6.6954243700020015,5.83062744140625,load_complete_pipeline
6.745566028053872,5.87164306640625,load_complete_pipeline
6.795756652019918,6.01617431640625,load_complete_pipeline
6.84594842500519,6.01617431640625,load_complete_pipeline
6.897059889044613,6.01617431640625,load_complete_pipeline
6.948109782999381,6.01617431640625,load_complete_pipeline
7.2838616609806195,6.01617431640625,load_complete_pipeline
7.334013829007745,6.01617431640625,load_complete_pipeline
7.384137079003267,6.01617431640625,load_complete_pipeline
7.434258057037368,6.01617431640625,load_complete_pipeline
7.484372280072421,6.01617431640625,load_complete_pipeline
7.534496873035096,6.01617431640625,load_complete_pipeline
7.584609793033451,6.01617431640625,load_complete_pipeline
7.634724606061354,6.01617431640625,load_complete_pipeline
7.685003669001162,6.01617431640625,load_complete_pipeline
7.7351683070883155,6.01617431640625,load_complete_pipeline
7.785283851088025,6.01617431640625,load_complete_pipeline
7.835408488055691,6.01617431640625,load_complete_pipeline
7.88552532705944,6.01617431640625,load_complete_pipeline
7.935639301082119,6.01617431640625,load_complete_pipeline
7.985749999061227,6.01617431640625,load_complete_pipeline
8.035862827091478,6.01617431640625,load_complete_pipeline
8.08597187208943,6.01617431640625,load_complete_pipeline
8.136083955061622,6.01617431640625,load_complete_pipeline
8.186197324073873,6.01617431640625,load_complete_pipeline
8.236312741995789,6.01617431640625,load_complete_pipeline
8.286425816011615,6.01617431640625,load_complete_pipeline
8.336538549046963,6.01617431640625,load_complete_pipeline
8.386651973007247,6.01617431640625,load_complete_pipeline
8.43676802504342,6.01617431640625,load_complete_pipeline
8.4868824389996,6.01617431640625,load_complete_pipeline
8.536996123031713,6.01617431640625,load_complete_pipeline
8.587107331026345,6.01617431640625,load_complete_pipeline
8.637218549032696,6.01617431640625,load_complete_pipeline
8.687332404078916,6.01617431640625,load_complete_pipeline
8.737445236067288,6.01617431640625,load_complete_pipeline
8.787557561066933,6.01617431640625,load_complete_pipeline
8.837668130057864,6.01617431640625,load_complete_pipeline
8.887781013036147,6.01617431640625,load_complete_pipeline
8.937919349991716,6.01617431640625,load_complete_pipeline
8.988042545039207,6.01617431640625,load_complete_pipeline
9.038155238027684,6.01617431640625,load_complete_pipeline
9.088288172031753,6.01617431640625,load_complete_pipeline
9.138420870061964,6.01617431640625,load_complete_pipeline
9.188535813009366,6.01617431640625,load_complete_pipeline
9.23864922800567,6.01617431640625,load_complete_pipeline
9.288752580992877,6.01617431640625,load_complete_pipeline
9.338841730030254,6.01617431640625,load_complete_pipeline
9.388947064056993,6.01617431640625,load_complete_pipeline
9.439061842043884,6.01617431640625,load_complete_pipeline
9.489157516043633,6.01617431640625,load_complete_pipeline
9.539261554018594,6.01617431640625,load_complete_pipeline
9.589357228018343,6.01617431640625,load_complete_pipeline
9.639463237021118,6.01617431640625,load_complete_pipeline
9.68957519007381,6.01617431640625,load_complete_pipeline
9.739688534056768,6.01617431640625,load_complete_pipeline
9.789776792982593,6.01617431640625,load_complete_pipeline
9.839862773078494,6.01617431640625,load_complete_pipeline
9.889969774056226,6.01617431640625,load_complete_pipeline
9.940082593006082,6.01617431640625,load_complete_pipeline
9.990177777013741,6.01617431640625,load_complete_pipeline
10.040279210079461,6.01617431640625,load_complete_pipeline
10.090389225981198,6.01617431640625,load_complete_pipeline
10.140494878054596,6.01617431640625,load_complete_pipeline
10.190605867072009,6.01617431640625,load_complete_pipeline
10.240718735032715,6.01617431640625,load_complete_pipeline
10.290810183039866,6.01617431640625,load_complete_pipeline
10.34089713904541,6.01617431640625,load_complete_pipeline
10.391001417068765,6.01617431640625,load_complete_pipeline
10.441111181047745,6.01617431640625,load_complete_pipeline
10.491204673075117,6.01617431640625,load_complete_pipeline
10.541305084014311,6.01617431640625,load_complete_pipeline
10.591403495054692,6.01617431640625,load_complete_pipeline
10.64150754606817,6.01617431640625,load_complete_pipeline
10.691617419011891,6.01617431640625,load_complete_pipeline
10.741731077083386,6.01617431640625,load_complete_pipeline
10.791824110085145,6.01617431640625,load_complete_pipeline
10.841914235032164,6.01617431640625,load_complete_pipeline
10.892023519030772,6.01617431640625,load_complete_pipeline
10.94213825208135,6.01617431640625,load_complete_pipeline
10.992233084049076,6.01617431640625,load_complete_pipeline
11.042336145066656,6.01617431640625,load_complete_pipeline
11.092442126013339,6.01617431640625,load_complete_pipeline
11.142546012066305,6.01617431640625,load_complete_pipeline
11.1926559060812,6.01617431640625,load_complete_pipeline
11.242770715034567,6.01617431640625,load_complete_pipeline
11.29286280600354,6.01617431640625,load_complete_pipeline
11.34315527707804,6.01617431640625,load_complete_pipeline
11.39331812004093,6.01617431640625,load_complete_pipeline
11.443433508044109,6.01617431640625,load_complete_pipeline
11.493530698004179,6.01617431640625,load_complete_pipeline
11.543631621985696,6.01617431640625,load_complete_pipeline
11.593739264062606,6.01617431640625,load_complete_pipeline
11.643846853985451,6.01617431640625,load_complete_pipeline
11.69395805709064,6.01617431640625,load_complete_pipeline
11.744068626081571,6.01617431640625,load_complete_pipeline
11.794159835088067,6.01617431640625,load_complete_pipeline
11.844243052066304,6.01617431640625,load_complete_pipeline
11.894348131027073,6.01617431640625,load_complete_pipeline
11.944461761042476,6.01617431640625,load_complete_pipeline
11.99455491907429,6.01617431640625,load_complete_pipeline
12.044657930033281,6.01617431640625,load_complete_pipeline
12.094762655091472,6.01617431640625,load_complete_pipeline
12.144869273062795,6.01617431640625,load_complete_pipeline
12.194978171028197,6.01617431640625,load_complete_pipeline
12.245090325013734,6.01617431640625,load_complete_pipeline
12.295201993081719,6.01617431640625,load_complete_pipeline
12.345316932071,6.01617431640625,load_complete_pipeline
12.395431005046703,6.01617431640625,load_complete_pipeline
12.44571587909013,6.01617431640625,load_complete_pipeline
12.49649974098429,6.01617431640625,load_complete_pipeline
12.547298943041824,6.01617431640625,load_complete_pipeline
12.599112505093217,6.01617431640625,load_complete_pipeline
12.650488420040347,6.01617431640625,load_complete_pipeline
12.701088943053037,6.01617431640625,load_complete_pipeline
12.751730264979415,6.01617431640625,load_complete_pipeline
12.80214312300086,6.01617431640625,load_complete_pipeline
12.853032722021453,6.01617431640625,load_complete_pipeline
12.903448584023863,6.13336181640625,load_complete_pipeline
12.953615999082103,6.40679931640625,load_complete_pipeline
13.003770438022912,6.66070556640625,load_complete_pipeline
13.053937035030685,6.91461181640625,load_complete_pipeline
13.104065540013835,7.18804931640625,load_complete_pipeline
13.154191242996603,7.91461181640625,load_complete_pipeline
13.204339300980791,7.91461181640625,load_complete_pipeline
13.25450554001145,7.91461181640625,load_complete_pipeline
13.3046288380865,8.21539306640625,load_complete_pipeline
13.354758508037776,8.47320556640625,load_complete_pipeline
13.404894342063926,8.73101806640625,load_complete_pipeline
13.455022696056403,8.96734619140625,load_complete_pipeline
13.505158310057595,9.26812744140625,load_complete_pipeline
13.555275613092817,9.52593994140625,load_complete_pipeline
13.605442411033437,9.78375244140625,load_complete_pipeline
13.655574391013943,10.02008056640625,load_complete_pipeline
13.705695795011707,10.32086181640625,load_complete_pipeline
13.755828559049405,10.57867431640625,load_complete_pipeline
13.805962717044167,10.83648681640625,load_complete_pipeline
13.88272615603637,10.87945556640625,load_complete_pipeline
13.932883675093763,11.18023681640625,load_complete_pipeline
13.983027714071795,11.43804931640625,load_complete_pipeline
14.033170568058267,11.67633056640625,load_complete_pipeline
14.083296141005121,11.93414306640625,load_complete_pipeline
14.133416729979217,12.23492431640625,load_complete_pipeline
14.183536394033581,12.49273681640625,load_complete_pipeline
14.233658133074641,12.72906494140625,load_complete_pipeline
14.283897235058248,12.98687744140625,load_complete_pipeline
14.334059105021879,13.24468994140625,load_complete_pipeline
14.391348513076082,13.33062744140625,load_complete_pipeline
14.441485706018284,13.54937744140625,load_complete_pipeline
14.491640061023645,13.81500244140625,load_complete_pipeline
14.541792104020715,14.08062744140625,load_complete_pipeline
14.59191841701977,14.19000244140625,load_complete_pipeline
14.642053710995242,14.19000244140625,adapter_optimizer_setup
14.692177530028857,14.19000244140625,adapter_optimizer_setup
14.742294270079583,14.19000244140625,adapter_optimizer_setup
14.792413657996804,14.19000244140625,adapter_optimizer_setup
14.842532873037271,14.19000244140625,adapter_optimizer_setup
14.892653157003224,14.19000244140625,adapter_optimizer_setup
14.942772635025904,14.19000244140625,adapter_optimizer_setup
14.992890289984643,14.19000244140625,adapter_optimizer_setup
15.043009164044634,14.19000244140625,adapter_optimizer_setup
15.093127178028226,14.19000244140625,adapter_optimizer_setup
15.14325472607743,14.19000244140625,adapter_optimizer_setup
15.19337053108029,14.19000244140625,adapter_optimizer_setup
15.24349347408861,14.22906494140625,adapter_optimizer_setup
15.293612172012217,14.44195556640625,adapter_optimizer_setup
15.34375003608875,14.65679931640625,adapter_optimizer_setup
15.398202341981232,14.67633056640625,between_stages
15.448340360075235,14.67633056640625,between_stages
15.498466914054006,14.67633056640625,between_stages
15.54859446908813,14.67633056640625,between_stages
15.598725117044523,14.70758056640625,between_stages
15.648845332092606,14.70758056640625,between_stages
15.698961965041235,14.70758056640625,between_stages
15.749078435008414,14.70758056640625,between_stages
15.79919171903748,14.70758056640625,between_stages
15.849303817027248,14.70758056640625,between_stages
16.12586871709209,14.70758056640625,between_stages
16.176009349059314,14.70758056640625,between_stages
16.226128473063,14.70758056640625,between_stages
16.276261853054166,14.70758056640625,between_stages
16.32637846202124,14.70758056640625,between_stages
16.37650543602649,14.70758056640625,between_stages
16.426620954996906,14.70758056640625,between_stages
16.4829695870867,14.70758056640625,between_stages
16.537550047039986,14.70758056640625,between_stages
16.587677090079524,14.70758056640625,between_stages
16.63779315399006,14.70758056640625,between_stages
16.68791047402192,14.70758056640625,between_stages
16.751633585081436,14.70758056640625,between_stages
16.801751944003627,14.70758056640625,between_stages
16.85186918301042,14.70758056640625,between_stages
16.901985417003743,14.70758056640625,between_stages
16.965596643043682,14.70758056640625,between_stages
17.0157161509851,14.70758056640625,between_stages
17.065831804997288,14.70758056640625,between_stages
17.11594709008932,14.70758056640625,between_stages
17.179549410007894,14.70758056640625,between_stages
17.229669161024503,14.70758056640625,between_stages
17.27979007002432,14.70758056640625,between_stages
17.32990855409298,14.70758056640625,between_stages
17.39363636902999,14.70758056640625,between_stages
17.443760263035074,14.70758056640625,between_stages
17.493874071049504,14.70758056640625,between_stages
17.543988411081955,14.70758056640625,between_stages
17.60711063502822,14.70758056640625,between_stages
17.65723594801966,14.70758056640625,between_stages
17.70735131308902,14.70758056640625,between_stages
17.757469161064364,14.70758056640625,between_stages
17.82022951100953,14.70758056640625,between_stages
17.87035325099714,14.70758056640625,between_stages
17.920470815035515,14.70758056640625,between_stages
17.970583828981034,14.70758056640625,between_stages
18.03323924902361,14.70758056640625,between_stages
18.08336024300661,14.70758056640625,between_stages
18.13348641700577,14.70758056640625,between_stages
18.18359834200237,14.70758056640625,between_stages
18.2542905859882,14.70758056640625,between_stages
18.304420041036792,14.70758056640625,between_stages
18.354536966071464,14.70758056640625,between_stages
18.40465059503913,14.70758056640625,between_stages
18.469671715050936,14.70758056640625,between_stages
18.519793858984485,14.70758056640625,between_stages
18.56990894197952,14.70758056640625,between_stages
18.620029571000487,14.70758056640625,between_stages
18.68496494705323,14.70758056640625,between_stages
18.735082731000148,14.70758056640625,between_stages
18.78519840608351,14.70758056640625,between_stages
18.83531141001731,14.70758056640625,between_stages
18.899628298007883,14.70758056640625,between_stages
18.949750686995685,14.70758056640625,between_stages
18.999865962076,14.70758056640625,between_stages
19.049980256007984,14.70758056640625,between_stages
19.114054104080424,14.70758056640625,between_stages
19.16417453403119,14.70758056640625,between_stages
19.21428943402134,14.70758056640625,between_stages
19.26440712797921,14.70758056640625,between_stages
19.314519862062298,14.70758056640625,between_stages
19.36463404505048,14.70758056640625,between_stages
19.41476492106449,14.70758056640625,between_stages
19.46487748506479,14.70758056640625,between_stages
19.514985718997195,14.70758056640625,between_stages
19.565444861073047,14.70758056640625,between_stages
19.615572340087965,14.70758056640625,between_stages
19.66888376697898,14.70758056640625,between_stages
19.71899621002376,14.70758056640625,between_stages
19.76911374006886,14.70758056640625,between_stages
19.819222724065185,14.70758056640625,between_stages
19.86948278208729,14.70758056640625,between_stages
19.919595328043215,14.70758056640625,between_stages
19.97221079003066,14.70758056640625,between_stages
20.022320899995975,14.70758056640625,between_stages
20.07243185408879,14.70758056640625,between_stages
20.122542664059438,14.70758056640625,between_stages
20.17265866708476,14.70758056640625,between_stages
20.222781652002595,14.70758056640625,between_stages
20.27289435698185,14.70758056640625,between_stages
20.323005755082704,14.70758056640625,between_stages
20.37313162407372,14.70758056640625,between_stages
20.42324036406353,14.70758056640625,between_stages
20.473348753992468,14.70758056640625,between_stages
20.523459493066184,14.70758056640625,between_stages
20.573579807998613,14.70758056640625,between_stages
20.623691487009637,14.70758056640625,between_stages
20.673804066027515,14.70758056640625,between_stages
20.7239153200062,14.70758056640625,between_stages
20.774025254067965,14.70758056640625,between_stages
20.827273525996134,14.70758056640625,between_stages
20.877400933997706,14.70758056640625,between_stages
20.92751343001146,14.70758056640625,between_stages
20.977624983061105,14.70758056640625,between_stages
21.02773875906132,14.70758056640625,between_stages
21.077956436085515,14.70758056640625,between_stages
21.12806822604034,14.70758056640625,between_stages
21.178425149060786,14.70758056640625,between_stages
21.228535469039343,14.70758056640625,between_stages
21.278647058061324,14.70758056640625,between_stages
21.329021090990864,14.70758056640625,between_stages
21.37913518503774,14.70758056640625,between_stages
21.429247281048447,14.70758056640625,between_stages
21.479357370059006,14.70758056640625,between_stages
21.529467904008925,14.70758056640625,between_stages
21.579584907041863,14.70758056640625,between_stages
21.629737468087114,14.70758056640625,between_stages
21.67985385702923,14.70758056640625,between_stages
21.7299635510426,14.70758056640625,between_stages
21.78007489698939,14.70758056640625,between_stages
21.83018551603891,14.70758056640625,between_stages
21.880995882092975,14.70758056640625,between_stages
21.93110681104008,14.70758056640625,between_stages
21.981214491068386,14.70758056640625,between_stages
22.03132192103658,14.70758056640625,between_stages
22.08143227000255,14.70758056640625,between_stages
22.13154252502136,14.70758056640625,between_stages
22.181652417988516,14.70758056640625,between_stages
22.2317627890734,14.70758056640625,between_stages
22.282233586069196,14.70758056640625,between_stages
22.33234144002199,14.70758056640625,between_stages
22.382451044977643,14.70758056640625,between_stages
22.43255952000618,14.70758056640625,between_stages
22.4826724040322,14.70758056640625,between_stages
22.53278616303578,14.70758056640625,between_stages
22.5829069520114,14.70758056640625,between_stages
22.63301955605857,14.70758056640625,between_stages
22.68312901200261,14.70758056640625,between_stages
22.733238436980173,14.70758056640625,between_stages
22.78335058002267,14.70758056640625,between_stages
22.833470080047846,14.70758056640625,between_stages
22.88357885403093,14.70758056640625,between_stages
22.933690075064078,14.70758056640625,between_stages
23.313468156033196,14.70758056640625,between_stages
23.363594021066092,14.70758056640625,between_stages
23.413709155051038,14.70758056640625,between_stages
23.463820229982957,14.70758056640625,between_stages
23.513934704009444,14.70758056640625,between_stages
23.5640494490508,14.70758056640625,between_stages
23.614165713079274,14.70758056640625,between_stages
23.66427976207342,14.70758056640625,between_stages
23.714401046046987,14.70758056640625,between_stages
23.764515932067297,14.70758056640625,between_stages
23.81463873607572,14.70758056640625,between_stages
23.864758969983086,14.70758056640625,between_stages
23.914879566058517,14.70758056640625,between_stages
23.967323145014234,14.70758056640625,between_stages
24.01744373899419,14.70758056640625,between_stages
24.067559765069745,14.70758056640625,between_stages
24.11767766799312,14.70758056640625,between_stages
24.167796798050404,14.70758056640625,between_stages
24.217919453047216,14.70758056640625,between_stages
24.268037692992948,14.70758056640625,between_stages
24.31815595808439,14.70758056640625,between_stages
24.368276720982976,14.70758056640625,between_stages
24.434292777092196,14.70758056640625,between_stages
24.492971215047874,14.70758056640625,between_stages
24.551710042054765,14.70758056640625,between_stages
24.60183198307641,14.70758056640625,between_stages
24.651964983087964,14.70758056640625,between_stages
24.702084211981855,14.70758056640625,between_stages
24.75220694206655,14.70758056640625,between_stages
24.802334740990773,14.70758056640625,between_stages
24.852454245090485,14.70758056640625,between_stages
24.902579060057178,14.70758056640625,between_stages
24.952699869987555,14.70758056640625,between_stages
25.01889539998956,14.70758056640625,between_stages
25.07775069703348,14.70758056640625,between_stages
25.13632215501275,14.70758056640625,between_stages
25.18644087598659,14.70758056640625,between_stages
25.236557817086577,14.70758056640625,between_stages
25.286675484036095,14.70758056640625,between_stages
25.336795134004205,14.70758056640625,between_stages
25.386915303068236,14.70758056640625,between_stages
25.43703602300957,14.70758056640625,between_stages
25.487154167029075,14.70758056640625,between_stages
25.53727215807885,14.70758056640625,between_stages
25.601317133056,14.70758056640625,between_stages
25.660486279055476,14.70758056640625,between_stages
25.71920829603914,14.70758056640625,between_stages
25.769328740076162,14.70758056640625,between_stages
25.819444679073058,14.70758056640625,between_stages
25.869566015084274,14.70758056640625,between_stages
25.9196886040736,14.70758056640625,between_stages
25.969832304050215,14.70758056640625,between_stages
26.01996110298205,14.70758056640625,between_stages
26.070079964003526,14.70758056640625,between_stages
26.120202142978087,14.70758056640625,between_stages
26.185624887002632,14.70758056640625,between_stages
26.244152141036466,14.70758056640625,between_stages
26.30267292901408,14.70758056640625,between_stages
26.352791098994203,14.70758056640625,between_stages
26.402903808047995,14.70758056640625,between_stages
26.453020923072472,14.70758056640625,between_stages
26.50314172799699,14.70758056640625,between_stages
26.553279752028175,14.70758056640625,between_stages
26.603407931979746,14.70758056640625,between_stages
26.65352852700744,14.70758056640625,between_stages
26.703651692019776,14.70758056640625,between_stages
26.768549783038907,14.70758056640625,between_stages
26.82706828706432,14.70758056640625,between_stages
26.88550340605434,14.70758056640625,between_stages
26.93562035507057,14.70758056640625,between_stages
26.98573698999826,14.70758056640625,between_stages
27.035857675014995,14.70758056640625,between_stages
27.085980714997277,14.70758056640625,between_stages
27.136117138084956,14.70758056640625,between_stages
27.186232223990373,14.70758056640625,between_stages
27.23634945298545,14.70758056640625,between_stages
27.286468783044256,14.70758056640625,between_stages
27.3502971540438,14.70758056640625,between_stages
27.408740933053195,14.70758056640625,between_stages
27.467645803000778,14.70758056640625,between_stages
27.51778972009197,14.70758056640625,between_stages
27.567906254087575,14.70758056640625,between_stages
27.618028650060296,14.70758056640625,between_stages
27.668148610042408,14.70758056640625,between_stages
27.71827853808645,14.70758056640625,between_stages
27.768410819000565,14.70758056640625,between_stages
27.818531898083165,14.70758056640625,between_stages
27.868649054085836,14.70758056640625,between_stages
27.931722128065303,14.70758056640625,between_stages
27.990072012064047,14.70758056640625,between_stages
28.048525826074183,14.70758056640625,between_stages
28.098642121069133,14.70758056640625,between_stages
28.148755940026604,14.70758056640625,between_stages
28.198872985085472,14.70758056640625,between_stages
28.248993700020947,14.70758056640625,between_stages
28.299123394070193,14.70758056640625,between_stages
28.349238499999046,14.70758056640625,between_stages
28.399360254057683,14.70758056640625,between_stages
28.449489335063845,14.70758056640625,between_stages
28.51654560107272,14.70758056640625,between_stages
28.575099825044163,14.70758056640625,between_stages
28.634304661070928,14.70758056640625,between_stages
28.684428366017528,14.70758056640625,between_stages
28.73454200103879,14.70758056640625,between_stages
28.784677230054513,14.70758056640625,between_stages
28.834799524978735,14.70758056640625,between_stages
28.88511502498295,14.70758056640625,between_stages
28.935277679003775,14.70758056640625,between_stages
28.985410088091157,14.70758056640625,between_stages
29.03553080302663,14.70758056640625,between_stages
29.10124985105358,14.70758056640625,between_stages
29.15986289002467,14.70758056640625,between_stages
29.218331889016554,14.70758056640625,between_stages
29.26844878902193,14.70758056640625,between_stages
29.31856492406223,14.70758056640625,between_stages
29.368682989035733,14.70758056640625,between_stages
29.418802844011225,14.70758056640625,between_stages
29.468935064040124,14.70758056640625,between_stages
29.519050508039072,14.70758056640625,between_stages
29.569168579066172,14.70758056640625,between_stages
29.619293069001287,14.70758056640625,between_stages
29.683307109051384,14.70758056640625,between_stages
29.74181412300095,14.70758056640625,between_stages
29.800211986061186,14.70758056640625,between_stages
29.850330327055417,14.70758056640625,between_stages
29.900446457089856,14.70758056640625,between_stages
29.950566511019133,14.70758056640625,between_stages
30.000686841085553,14.70758056640625,between_stages
30.050812431029044,14.70758056640625,between_stages
30.100933301029727,14.70758056640625,between_stages
30.151049031992443,14.70758056640625,between_stages
30.20116825704463,14.70758056640625,between_stages
30.264704268076457,14.70758056640625,between_stages
30.323465311084874,14.70758056640625,between_stages
30.381871641031466,14.70758056640625,between_stages
30.43198801507242,14.70758056640625,between_stages
30.48210226604715,14.70758056640625,between_stages
30.532221416011453,14.70758056640625,between_stages
30.58233874104917,14.70758056640625,between_stages
30.632467761985026,14.70758056640625,between_stages
30.682588201016188,14.70758056640625,between_stages
30.73270873608999,14.70758056640625,between_stages
30.782828969997354,14.70758056640625,between_stages
30.832945406087674,14.70758056640625,between_stages
30.883055750047788,14.70758056640625,between_stages
30.933164951042272,14.70758056640625,between_stages
30.983276484999806,14.70758056640625,between_stages
31.03340215003118,14.70758056640625,between_stages
31.083512915065512,14.70758056640625,between_stages
31.133625645074062,14.70758056640625,between_stages
31.532117161084898,14.70758056640625,between_stages
31.58224429609254,14.70758056640625,between_stages
31.632361666066572,14.70758056640625,between_stages
31.682487942045555,14.70758056640625,between_stages
31.732601211988367,14.70758056640625,between_stages
31.782713421038352,14.70758056640625,between_stages
31.83283035608474,14.70758056640625,between_stages
31.882946926052682,14.70758056640625,between_stages
31.93306133605074,14.70758056640625,between_stages
31.98317590705119,14.70758056640625,between_stages
32.03332238702569,14.70758056640625,between_stages
32.10018976498395,14.70758056640625,between_stages
32.16526767099276,14.70758056640625,between_stages
32.21540075703524,14.70758056640625,between_stages
32.26551609102171,14.70758056640625,between_stages
32.328953359043226,14.70758056640625,between_stages
32.37907433009241,14.70758056640625,between_stages
32.42918792006094,14.70758056640625,between_stages
32.489820994087495,14.70758056640625,between_stages
32.5399415390566,14.70758056640625,between_stages
32.59005555405747,14.70758056640625,between_stages
32.65048361499794,14.70758056640625,between_stages
32.70060367998667,14.70758056640625,between_stages
32.75071783608291,14.70758056640625,between_stages
32.811101846979,14.70758056640625,between_stages
32.861218267004006,14.70758056640625,between_stages
32.91133499809075,14.70758056640625,between_stages
32.971446715062484,14.70758056640625,between_stages
33.036465976038016,14.70758056640625,between_stages
33.09299456398003,14.70758056640625,between_stages
33.14310774905607,14.80133056640625,zero_equivalence_validation
33.19324561301619,14.84039306640625,zero_equivalence_validation
33.243403558037244,14.84039306640625,zero_equivalence_validation
33.29353245405946,14.85211181640625,zero_equivalence_validation
33.343660552985966,14.85211181640625,zero_equivalence_validation
33.393789258087054,14.89312744140625,zero_equivalence_validation
33.44391716807149,14.93218994140625,zero_equivalence_validation
33.494041328085586,14.93218994140625,zero_equivalence_validation
33.54417440597899,14.97125244140625,zero_equivalence_validation
33.59430068405345,15.09429931640625,zero_equivalence_validation
33.644436793983914,15.09429931640625,zero_equivalence_validation
33.694564144010656,15.09429931640625,zero_equivalence_validation
33.74470837402623,15.09429931640625,zero_equivalence_validation
33.794844133080915,15.09429931640625,zero_equivalence_validation
33.844961039023474,15.15875244140625,zero_equivalence_validation
33.89508027001284,15.68609619140625,zero_equivalence_validation
33.945202481001616,17.25640869140625,zero_equivalence_validation
33.995324216084555,17.25640869140625,zero_equivalence_validation
34.04544807597995,17.25640869140625,zero_equivalence_validation
34.09596547402907,17.25640869140625,zero_equivalence_validation
34.14616102306172,20.25836181640625,zero_equivalence_validation
34.19628112006467,20.25836181640625,zero_equivalence_validation
34.24640790501144,20.25836181640625,zero_equivalence_validation
34.29652162909042,20.25836181640625,zero_equivalence_validation
34.3466346290661,20.25836181640625,zero_equivalence_validation
34.396748490049504,20.25836181640625,zero_equivalence_validation
34.44729096908122,20.25836181640625,zero_equivalence_validation
34.49872952699661,20.25836181640625,zero_equivalence_validation
34.549437256064266,20.25836181640625,zero_equivalence_validation
34.59954847104382,20.25836181640625,zero_equivalence_validation
34.65092333999928,20.25836181640625,zero_equivalence_validation
34.70103478501551,20.25836181640625,zero_equivalence_validation
34.75114916206803,20.25836181640625,zero_equivalence_validation
34.80126109602861,20.25836181640625,zero_equivalence_validation
34.85141796700191,20.25836181640625,zero_equivalence_validation
34.902449642075226,20.25836181640625,zero_equivalence_validation
34.95256362808868,20.25836181640625,zero_equivalence_validation
35.002677109092474,20.25836181640625,zero_equivalence_validation
35.052830573986284,20.25836181640625,zero_equivalence_validation
35.10297211899888,20.25836181640625,zero_equivalence_validation
35.153478053049184,20.25836181640625,zero_equivalence_validation
35.37866870407015,20.25836181640625,between_stages
35.42879689403344,15.08648681640625,first_update
35.478916233056225,15.08648681640625,first_update
35.52905102306977,17.24664306640625,first_update
35.57917513803113,17.24859619140625,first_update
35.6292896179948,17.24859619140625,first_update
35.679416685015894,17.24859619140625,first_update
35.72952884505503,17.24859619140625,first_update
35.779647810035385,24.75250244140625,first_forward
35.829761026077904,24.75250244140625,first_forward
35.879877967061475,26.01812744140625,first_forward
35.92999218998011,28.07281494140625,first_forward
35.98010647203773,30.12750244140625,first_forward
36.03022050100844,32.18218994140625,first_forward
36.080335471080616,34.24468994140625,first_forward
36.13044922298286,36.31109619140625,first_forward
36.180564288049936,38.60015869140625,first_forward
36.230697338003665,41.02789306640625,first_forward
36.280822913045995,43.13336181640625,first_forward
36.33094631903805,44.30718994140625,first_backward
36.38106653804425,44.31500244140625,first_backward
36.43117992801126,44.31500244140625,first_backward
36.48129071504809,44.31500244140625,first_backward
36.53141064499505,44.31500244140625,first_backward
36.58152036508545,44.31500244140625,first_backward
36.63163074105978,44.31500244140625,first_backward
36.681740801082924,44.31500244140625,first_backward
36.731855054036714,44.31500244140625,first_backward
36.78196728101466,44.31500244140625,first_backward
36.83209348807577,44.31500244140625,first_backward
36.88220482307952,44.31500244140625,first_backward
36.93231712107081,44.31500244140625,first_backward
36.98242900904734,44.31500244140625,first_backward
37.03253960306756,44.31500244140625,first_backward
37.08265009999741,44.31500244140625,first_backward
37.13275978900492,44.31500244140625,first_backward
37.182879643980414,44.32476806640625,first_backward
37.23300779098645,44.32476806640625,first_backward
37.28313340002205,45.34429931640625,first_backward
37.33324912597891,46.34625244140625,first_backward
37.383360017091036,46.34625244140625,first_backward
37.43349159602076,46.34625244140625,first_backward
37.48360236606095,46.34625244140625,warmup
37.53372768301051,46.34625244140625,warmup
37.583865502034314,46.34625244140625,warmup
37.634001343045384,46.34625244140625,warmup
37.68411268806085,46.34625244140625,warmup
37.73422240407672,46.34625244140625,warmup
37.78433264407795,46.34625244140625,warmup
37.8344448650023,46.34625244140625,warmup
37.88455702003557,46.34625244140625,warmup
37.93466914608143,46.34625244140625,warmup
37.98477993207052,46.34625244140625,warmup
38.0349060529843,46.34625244140625,warmup
38.08506745705381,46.34625244140625,warmup
38.13521372701507,46.34625244140625,warmup
38.18532656307798,46.34625244140625,warmup
38.23543889308348,46.34625244140625,warmup
38.28555311402306,46.34625244140625,warmup
38.33581571409013,46.34625244140625,warmup
38.38592689507641,46.34625244140625,warmup
38.436038424028084,46.34625244140625,warmup
38.48614889103919,46.34625244140625,warmup
38.53625894000288,46.34625244140625,warmup
38.58636737102643,46.34625244140625,warmup
38.636489542084746,46.34625244140625,warmup
38.686601693043485,46.34625244140625,warmup
38.736711738980375,46.34625244140625,warmup
38.78681939805392,46.34625244140625,warmup
38.83692759904079,46.34625244140625,warmup
38.88703542505391,46.34625244140625,warmup
38.93714641605038,46.34625244140625,warmup
38.98725431098137,46.34625244140625,warmup
39.03736508602742,46.34625244140625,warmup
39.08748383098282,46.34625244140625,warmup
39.137607963057235,46.34625244140625,warmup
39.18773918808438,46.34625244140625,warmup
39.2378662340343,46.34625244140625,warmup
39.28798237408046,46.34625244140625,warmup
39.33810201508459,46.34625244140625,warmup
39.388242369983345,46.34625244140625,warmup
39.43838922108989,46.34625244140625,warmup
39.488509236020036,46.34625244140625,warmup
39.53862503601704,46.34625244140625,warmup
39.5887364060618,46.34625244140625,warmup
39.638851208030246,46.34625244140625,warmup
39.68896043905988,46.34625244140625,warmup
39.73907204403076,46.34625244140625,warmup
39.78984581201803,46.34625244140625,warmup
39.84120307199191,46.34625244140625,warmup
39.89131764799822,46.34625244140625,warmup
39.94143108907156,46.34625244140625,warmup
39.99154209299013,46.34625244140625,warmup
40.04165358503815,46.34625244140625,warmup
40.09295237401966,46.34625244140625,warmup
40.14306511008181,46.34625244140625,warmup
40.19427913206164,46.34625244140625,warmup
40.24440161208622,46.34625244140625,warmup
40.294516726979055,46.34625244140625,warmup
40.344626578036696,46.34625244140625,warmup
40.39473724400159,46.34625244140625,warmup
40.44484858203214,46.34625244140625,warmup
40.49495821504388,46.34625244140625,warmup
40.54506889008917,46.34625244140625,warmup
40.59518234699499,46.34625244140625,warmup
40.645294217043556,46.34625244140625,warmup
40.69541429798119,46.34625244140625,warmup
40.74552404403221,46.34625244140625,warmup
40.79563359299209,46.34625244140625,warmup
40.84574238001369,46.34625244140625,warmup
40.89585300104227,46.34625244140625,warmup
40.94596517109312,46.34625244140625,warmup
40.996075296076015,46.34625244140625,warmup
41.046185328043066,46.34625244140625,warmup
41.09629555803258,46.34625244140625,warmup
41.14641378505621,46.34625244140625,warmup
41.196524074999616,46.34625244140625,warmup
41.2466205310775,46.34625244140625,warmup
41.296742570004426,46.34625244140625,warmup
41.346874566050246,46.34625244140625,warmup
41.39703071198892,46.34625244140625,warmup
41.44714238203596,46.34625244140625,warmup
41.4973025820218,46.34625244140625,warmup
41.5474463889841,46.34625244140625,warmup
41.59756360005122,46.34625244140625,warmup
41.64770558499731,46.34625244140625,warmup
41.69782485999167,46.34625244140625,warmup
41.74795005598571,46.34625244140625,warmup
41.79822883999441,46.34625244140625,warmup
41.84833902702667,46.34625244140625,warmup
41.898453562986106,46.34625244140625,warmup
41.948566292994656,46.34625244140625,warmup
41.99867834802717,46.34625244140625,warmup
42.04878698999528,46.34625244140625,warmup
42.098898545023985,46.34625244140625,warmup
42.14900888199918,46.34625244140625,warmup
42.1991189760156,46.34625244140625,warmup
42.24923077900894,46.34625244140625,warmup
42.29934235906694,46.34625244140625,warmup
42.34945256402716,46.34625244140625,warmup
42.399560578982346,46.34625244140625,warmup
42.449667965993285,46.34625244140625,warmup
42.499777936027385,46.34625244140625,warmup
42.549884308013134,46.34625244140625,warmup
42.59999227907974,46.34625244140625,warmup
42.65010122908279,46.34625244140625,warmup
42.70021028001793,46.34625244140625,warmup
42.750320227001794,46.34625244140625,warmup
42.80043086200021,46.34625244140625,warmup
42.85054030700121,46.34625244140625,warmup
42.90065257297829,46.34625244140625,warmup
42.95076123403851,46.34625244140625,warmup
43.00087045400869,46.34625244140625,warmup
43.05097935604863,46.34625244140625,warmup
43.10106967703905,46.34625244140625,warmup
43.151194522040896,46.34625244140625,warmup
43.20132870809175,46.34625244140625,warmup
43.25144646305125,46.34625244140625,warmup
43.30155805707909,46.34625244140625,warmup
43.35166605503764,46.34625244140625,warmup
43.40177620109171,46.34625244140625,warmup
43.451889062067494,46.34625244140625,warmup
43.50199819006957,46.34625244140625,warmup
43.553186992998235,46.34625244140625,warmup
43.603322499082424,46.34625244140625,warmup
43.65344034007285,46.34625244140625,warmup
43.70355141104665,46.34625244140625,warmup
43.753662042086944,46.34625244140625,warmup
43.80377263203263,46.34625244140625,warmup
43.853883614065126,46.34625244140625,warmup
43.904399692080915,46.34625244140625,warmup
43.95486381300725,46.34625244140625,warmup
44.00510187202599,46.34625244140625,warmup
44.05525917909108,46.34625244140625,warmup
44.10541904508136,46.34625244140625,warmup
44.155567310983315,46.34625244140625,warmup
44.20571575104259,46.34625244140625,warmup
44.25586700509302,46.34625244140625,warmup
44.30601460800972,46.34625244140625,warmup
44.35616154305171,46.34625244140625,warmup
44.406309898011386,46.34625244140625,warmup
44.45645533897914,46.34625244140625,warmup
44.50660072208848,46.34625244140625,warmup
44.55675559502561,46.34625244140625,warmup
44.60690191609319,46.34625244140625,warmup
44.657061473000795,46.34625244140625,warmup
44.70720719208475,46.34625244140625,warmup
44.75732868805062,46.34625244140625,warmup
44.807443080004305,46.34625244140625,warmup
44.85756015602965,46.34625244140625,warmup
44.907673977082595,46.34625244140625,warmup
44.957788237021305,46.34625244140625,warmup
45.00791392708197,46.34625244140625,steady_train
45.058057978982106,46.34625244140625,steady_train
45.10818585706875,46.34625244140625,steady_train
45.158301864983514,46.34625244140625,steady_train
45.20841422199737,46.34625244140625,steady_train
45.258532053092495,46.34625244140625,steady_train
45.30864069098607,46.34625244140625,steady_train
45.35875274799764,46.34625244140625,steady_train
45.409474402084015,46.34625244140625,steady_train
45.459588497993536,46.34625244140625,steady_train
45.50970146502368,46.34625244140625,steady_train
45.55981361004524,46.34625244140625,steady_train
45.60992400208488,46.34625244140625,steady_train
45.6612391670933,46.34625244140625,steady_train
45.712097880081274,46.34625244140625,steady_train
45.76221297599841,46.34625244140625,steady_train
45.81367120007053,46.34625244140625,steady_train
45.86381461308338,46.34625244140625,steady_train
45.91400640399661,46.34625244140625,steady_train
45.964157534064725,46.34625244140625,steady_train
46.014309957041405,46.34625244140625,steady_train
46.06445693608839,46.34625244140625,steady_train
46.11460375599563,46.34625244140625,steady_train
46.164746855036356,46.34625244140625,steady_train
46.21492958907038,46.34625244140625,steady_train
46.26508488506079,46.34625244140625,steady_train
46.31523195200134,46.34625244140625,steady_train
46.365377533016726,46.34625244140625,steady_train
46.41553816804662,46.34625244140625,steady_train
46.465684853028506,46.34625244140625,steady_train
46.515830886084586,46.34625244140625,steady_train
46.56597342307214,46.34625244140625,steady_train
46.616098809055984,46.34625244140625,steady_train
46.666213491000235,46.34625244140625,steady_train
46.71632619702723,46.34625244140625,steady_train
46.76643798802979,46.34625244140625,steady_train
46.81656047399156,46.34625244140625,steady_train
46.86669933702797,46.34625244140625,steady_train
46.91825250000693,46.34625244140625,steady_train
46.968378045014106,46.34625244140625,steady_train
47.01850677607581,46.34625244140625,steady_train
47.06862009805627,46.34625244140625,steady_train
47.11873194400687,46.34625244140625,steady_train
47.16884727508295,46.34625244140625,steady_train
47.21895911602769,46.34625244140625,steady_train
47.26907114102505,46.34625244140625,steady_train
47.31927330198232,46.34625244140625,steady_train
47.36941346304957,46.34625244140625,steady_train
47.41952668398153,46.34625244140625,steady_train
47.46963892108761,46.34625244140625,steady_train
47.51998361106962,46.34625244140625,steady_train
47.570095556089655,46.34625244140625,steady_train
47.620207322062925,46.34625244140625,steady_train
47.670592723065056,46.34625244140625,steady_train
47.72070284408983,46.34625244140625,steady_train
47.77085124806035,46.34625244140625,steady_train
47.8210060960846,46.34625244140625,steady_train
47.8711523830425,46.34625244140625,steady_train
47.92129621503409,46.34625244140625,steady_train
47.97144490899518,46.34625244140625,steady_train
48.02159097709227,46.34625244140625,steady_train
48.071735191042535,46.34625244140625,steady_train
48.12187527003698,46.34625244140625,steady_train
48.17201132897753,46.34625244140625,steady_train
48.22215242404491,46.34625244140625,steady_train
48.27230828301981,46.34625244140625,steady_train
48.322455664980225,46.34625244140625,steady_train
48.37259915005416,46.34625244140625,steady_train
48.4227787660202,46.34625244140625,steady_train
48.47293344698846,46.34625244140625,steady_train
48.52305212407373,46.34625244140625,steady_train
48.57316442998126,46.34625244140625,steady_train
48.623275021091104,46.34625244140625,steady_train
48.6734370670747,46.34625244140625,steady_train
48.72354565002024,46.34625244140625,steady_train
48.77365820505656,46.34625244140625,steady_train
48.82382473500911,46.34625244140625,steady_train
48.87394174700603,46.34625244140625,steady_train
48.924062647041865,46.34625244140625,steady_train
48.974175969022326,46.34625244140625,steady_train
49.02428895607591,46.34625244140625,steady_train
49.07441135204863,46.34625244140625,steady_train
49.12452346703503,46.34625244140625,steady_train
49.1746362040285,46.34625244140625,steady_train
49.224749069078825,46.34625244140625,steady_train
49.274862846010365,46.34625244140625,steady_train
49.32518516504206,46.34625244140625,steady_train
49.375303087057546,46.34625244140625,steady_train
49.425421704072505,46.34625244140625,steady_train
49.47553348902147,46.34625244140625,steady_train
49.52564614498988,46.34625244140625,steady_train
49.575757695012726,46.34625244140625,steady_train
49.62590755405836,46.34625244140625,steady_train
49.67606328509282,46.34625244140625,steady_train
49.72621347405948,46.34625244140625,steady_train
49.77636031806469,46.34625244140625,steady_train
49.82652734708972,46.34625244140625,steady_train
49.87667471601162,46.34625244140625,steady_train
49.92682000005152,46.34625244140625,steady_train
49.976959391031414,46.34625244140625,steady_train
50.027113947086036,46.34625244140625,steady_train
50.077262539067306,46.34625244140625,steady_train
50.12741233303677,46.34625244140625,steady_train
50.17756141198333,46.34625244140625,steady_train
50.227708021062426,46.34625244140625,steady_train
50.277890276978724,46.34625244140625,steady_train
50.328052078024484,46.34625244140625,steady_train
50.37817055603955,46.34625244140625,steady_train
50.42828344600275,46.34625244140625,steady_train
50.47841012198478,46.34625244140625,steady_train
50.52852106303908,46.34625244140625,steady_train
50.578626790083945,46.34625244140625,steady_train
50.628731271019205,46.34625244140625,steady_train
50.67885631707031,46.34625244140625,steady_train
50.728979081031866,46.34625244140625,steady_train
50.77909356006421,46.34625244140625,steady_train
50.82920638099313,46.34625244140625,steady_train
50.87931966106407,46.34625244140625,steady_train
50.92943715304136,46.34625244140625,steady_train
50.97955835505854,46.34625244140625,steady_train
51.029681551037356,46.34625244140625,steady_train
51.07979489106219,46.34625244140625,steady_train
51.13066869403701,46.34625244140625,steady_train
51.18078172602691,46.34625244140625,steady_train
51.23089342308231,46.34625244140625,steady_train
51.281003698008135,46.34625244140625,steady_train
51.331418798072264,46.34625244140625,steady_train
51.38152935402468,46.34625244140625,steady_train
51.43267543707043,46.34625244140625,steady_train
51.48282220598776,46.34625244140625,steady_train
51.53297375899274,46.34625244140625,steady_train
51.5831198040396,46.34625244140625,steady_train
51.63326391298324,46.34625244140625,steady_train
51.68341599800624,46.34625244140625,steady_train
51.73356093198527,46.34625244140625,steady_train
51.78370856307447,46.34625244140625,steady_train
51.83384980703704,46.34625244140625,steady_train
51.883989553083666,46.34625244140625,steady_train
51.93413441500161,46.34625244140625,steady_train
51.984276112983935,46.34625244140625,steady_train
52.03443291399162,46.34625244140625,steady_train
52.0845765999984,46.34625244140625,steady_train
52.13478382304311,46.34625244140625,steady_train
52.18495610507671,46.34625244140625,steady_train
52.23507563001476,46.34625244140625,steady_train
52.28519187308848,46.34625244140625,steady_train
52.33530479809269,46.34625244140625,steady_train
52.385415319004096,46.34625244140625,steady_train
52.43550832406618,46.34625244140625,steady_train
52.485623736982234,46.34625244140625,steady_train
52.53575485304464,46.34625244140625,steady_train
52.585879641002975,46.34625244140625,steady_train
52.63599655206781,46.34625244140625,steady_train
52.68610700708814,46.34625244140625,steady_train
52.73621716501657,46.34625244140625,steady_train
52.7863292110851,46.34625244140625,steady_train
52.83643870707601,46.34625244140625,steady_train
52.88773510302417,46.34625244140625,steady_train
52.93784744106233,46.34625244140625,steady_train
52.98795910703484,46.34625244140625,steady_train
53.03807061200496,46.34625244140625,steady_train
53.08817958005238,46.34625244140625,steady_train
53.13925622601528,46.34625244140625,steady_train
53.18936765904073,46.34625244140625,steady_train
53.23950245499145,46.34625244140625,steady_train
53.28961566905491,46.34625244140625,steady_train
53.33976077497937,46.34625244140625,steady_train
53.38991221005563,46.34625244140625,steady_train
53.4400580819929,46.34625244140625,steady_train
53.49021298403386,46.34625244140625,steady_train
53.540366631001234,46.34625244140625,steady_train
53.590526262065396,46.34625244140625,steady_train
53.64067354705185,46.34625244140625,steady_train
53.69082044600509,46.34625244140625,steady_train
53.740961655043066,46.34625244140625,steady_train
53.791103381081484,46.34625244140625,steady_train
53.84124786301982,46.34625244140625,steady_train
53.89140558906365,46.34625244140625,steady_train
53.941549353068694,46.34625244140625,steady_train
53.991724444087595,46.34625244140625,steady_train
54.041880586068146,46.34625244140625,steady_train
54.0920289530186,46.34625244140625,steady_train
54.142144988058135,46.34625244140625,steady_train
54.19225764507428,46.34625244140625,steady_train
54.242367875995114,46.34625244140625,steady_train
54.29253861808684,46.34625244140625,steady_train
54.34269886405673,46.34625244140625,steady_train
54.39282548998017,46.34625244140625,steady_train
54.44294577802066,46.34625244140625,steady_train
54.493057928048074,46.34625244140625,steady_train
54.543170704040676,46.34625244140625,steady_train
54.59328126604669,46.34625244140625,steady_train
54.64340549800545,46.34625244140625,steady_train
54.69351516000461,46.34625244140625,steady_train
54.743627212010324,46.34625244140625,steady_train
54.79373852501158,46.34625244140625,steady_train
54.84384833998047,46.34625244140625,steady_train
54.89504905603826,46.34625244140625,steady_train
54.946424833033234,46.34625244140625,steady_train
54.99653530900832,46.34625244140625,steady_train
55.04664760502055,46.34625244140625,steady_train
55.09676003700588,46.34625244140625,steady_train
55.14697965409141,46.34625244140625,steady_train
55.19709276908543,46.34625244140625,steady_train
55.247205467079766,46.34625244140625,steady_train
55.297318867989816,46.34625244140625,steady_train
55.34742986201309,46.34625244140625,steady_train
55.397540332050994,46.34625244140625,steady_train
55.447649987996556,46.34625244140625,steady_train
55.497740847058594,46.34625244140625,steady_train
55.54785349103622,46.34625244140625,steady_train
55.59797974198591,46.34625244140625,steady_train
55.648105929023586,46.34625244140625,steady_train
55.698218716075644,46.34625244140625,steady_train
55.74833070801105,46.34625244140625,steady_train
55.798440029029734,46.34625244140625,steady_train
55.848551140981726,46.34625244140625,steady_train
55.89866528706625,46.34625244140625,steady_train
55.948778063990176,46.34625244140625,steady_train
55.99888794601429,46.34625244140625,steady_train
56.048999682068825,46.34625244140625,steady_train
56.09910703904461,46.34625244140625,steady_train
56.14922103006393,46.34625244140625,steady_train
56.19939404109027,46.34625244140625,steady_train
56.25046040304005,46.34625244140625,steady_train
56.30060225003399,46.34625244140625,steady_train
56.350714197033085,46.34625244140625,steady_train
56.40082485298626,46.34625244140625,steady_train
56.45093757600989,46.34625244140625,steady_train
56.50105068704579,46.34625244140625,steady_train
56.551160437986255,46.34625244140625,steady_train
56.601272991043516,46.34625244140625,steady_train
56.6513919060817,46.34625244140625,steady_train
56.702733269077726,46.34625244140625,steady_train
56.753001039032824,46.34625244140625,steady_train
56.80311259708833,46.34625244140625,steady_train
56.853224672027864,46.34625244140625,steady_train
56.90333717002068,46.34625244140625,steady_train
56.953448513988405,46.34625244140625,steady_train
57.003565613063984,46.34625244140625,steady_train
57.053684390033595,46.34625244140625,steady_train
57.103797225048766,46.34625244140625,steady_train
57.15390673303045,46.34625244140625,steady_train
57.20401720399968,46.34625244140625,steady_train
57.254128850996494,46.34625244140625,steady_train
57.30423970799893,46.34625244140625,steady_train
57.354350795038044,46.34625244140625,steady_train
57.40446041605901,46.34625244140625,steady_train
57.45456955698319,46.34625244140625,steady_train
57.50467977998778,46.34625244140625,steady_train
57.55478766199667,46.34625244140625,steady_train
57.60489735903684,46.34625244140625,steady_train
57.65500766900368,46.34625244140625,steady_train
57.705968762980774,46.34625244140625,steady_train
57.756080455030315,46.34625244140625,steady_train
57.80619137198664,46.34625244140625,steady_train
57.85630147298798,46.34625244140625,steady_train
57.90641107899137,46.34625244140625,steady_train
57.95651880605146,46.34625244140625,steady_train
58.00662773300428,46.34625244140625,steady_train
58.05675897200126,46.34625244140625,steady_train
58.10688655206468,46.34625244140625,steady_train
58.15702681802213,46.34625244140625,steady_train
58.20714732003398,46.34625244140625,steady_train
58.25725893699564,46.34625244140625,steady_train
58.30736971902661,46.34625244140625,steady_train
58.357490185066126,46.34625244140625,steady_train
58.407602117047645,46.34625244140625,steady_train
58.45771490398329,46.34625244140625,steady_train
58.50782458600588,46.34625244140625,steady_train
58.55906527803745,46.34625244140625,steady_train
58.60917732003145,46.34625244140625,steady_train
58.65928729099687,46.34625244140625,steady_train
58.70940709800925,46.34625244140625,steady_train
58.75951890903525,46.34625244140625,steady_train
58.80963200703263,46.34625244140625,steady_train
58.859744742978364,46.34625244140625,steady_train
58.90986144100316,46.34625244140625,steady_train
58.959973816992715,46.34625244140625,steady_train
59.010085568996146,46.34625244140625,steady_train
59.0601961890934,46.34625244140625,steady_train
59.11044285201933,46.34625244140625,steady_train
59.16064538806677,46.34625244140625,steady_train
59.210773275000975,46.34625244140625,steady_train
59.260897597065195,46.34625244140625,steady_train
59.31101591605693,46.34625244140625,steady_train
59.361129235010594,46.34625244140625,steady_train
59.41124137607403,46.34625244140625,steady_train
59.46135050908197,46.34625244140625,steady_train
59.51146220008377,46.34625244140625,steady_train
59.561573407030664,46.34625244140625,steady_train
59.61168788908981,46.34625244140625,steady_train
59.66180413099937,46.34625244140625,steady_train
59.71191636507865,46.34625244140625,steady_train
59.76202766399365,46.34625244140625,steady_train
59.81213872099761,46.34625244140625,steady_train
59.86224721302278,46.34625244140625,steady_train
59.91234037803952,46.34625244140625,steady_train
59.9624455710873,46.34625244140625,steady_train
60.01256070402451,46.34625244140625,steady_train
60.06267758097965,46.34625244140625,steady_train
60.112790192011744,46.34625244140625,steady_train
60.16289883502759,46.34625244140625,steady_train
60.21301146608312,46.34625244140625,steady_train
60.263122653006576,46.34625244140625,steady_train
60.31405777100008,46.34625244140625,steady_train
60.36417200905271,46.34625244140625,steady_train
60.414283186080866,46.34625244140625,steady_train
60.46440543199424,46.34625244140625,steady_train
60.514519029064104,46.34625244140625,steady_train
60.56587142602075,46.34625244140625,steady_train
60.61717441305518,46.34625244140625,steady_train
60.667286535026506,46.34625244140625,steady_train
60.71742898109369,46.34625244140625,steady_train
60.76754453300964,46.34625244140625,steady_train
60.817657037987374,46.34625244140625,steady_train
60.86776757100597,46.34625244140625,steady_train
60.91788005398121,46.34625244140625,steady_train
60.96799083100632,46.34625244140625,steady_train
61.01810113200918,46.34625244140625,steady_train
61.06821123708505,46.34625244140625,steady_train
61.11832046206109,46.34625244140625,steady_train
61.16842871403787,46.34625244140625,steady_train
61.21853809605818,46.34625244140625,steady_train
61.26864899205975,46.34625244140625,steady_train
61.31876071402803,46.34625244140625,steady_train
61.368871535989456,46.34625244140625,steady_train
61.41898262198083,46.34625244140625,steady_train
61.46909428399522,46.34625244140625,steady_train
61.51920549699571,46.34625244140625,steady_train
61.569315868080594,46.34625244140625,steady_train
61.61942621099297,46.34625244140625,steady_train
61.669536583009176,46.34625244140625,steady_train
61.71964740508702,46.34625244140625,steady_train
61.76974054402672,46.34625244140625,steady_train
61.819843139033765,46.34625244140625,steady_train
61.86998428602237,46.34625244140625,steady_train
61.92009998206049,46.34625244140625,steady_train
61.97021331998985,46.34625244140625,steady_train
62.020324137061834,46.34625244140625,steady_train
62.07043407903984,46.34625244140625,steady_train
62.12054380506743,46.34625244140625,steady_train
62.17124691500794,46.34625244140625,steady_train
62.2213639280526,46.34625244140625,steady_train
62.27205406106077,46.34625244140625,steady_train
62.322167044039816,46.34625244140625,steady_train
62.37227933597751,46.34625244140625,steady_train
62.42239946301561,46.34625244140625,steady_train
62.472512215026654,46.34625244140625,steady_train
62.52262311708182,46.34625244140625,steady_train
62.57273455406539,46.34625244140625,steady_train
62.62284679105505,46.34625244140625,steady_train
62.67295993701555,46.34625244140625,steady_train
62.72307311499026,46.34625244140625,steady_train
62.77318164205644,46.34625244140625,steady_train
62.8232938030269,46.34625244140625,steady_train
62.87343041005079,46.34625244140625,steady_train
62.92354070697911,46.34625244140625,steady_train
62.973651015083306,46.34625244140625,steady_train
63.0237619910622,46.34625244140625,steady_train
63.0738725240808,46.34625244140625,steady_train
63.1239828360267,46.34625244140625,steady_train
63.17410047200974,46.34625244140625,steady_train
63.22421106498223,46.34625244140625,steady_train
63.27432096202392,46.34625244140625,steady_train
63.324432198074646,46.34625244140625,steady_train
63.3745433150325,46.34625244140625,steady_train
63.42465490207542,46.34625244140625,steady_train
63.474762684083544,46.34625244140625,steady_train
63.52487169706728,46.34625244140625,steady_train
63.57498135406058,46.34625244140625,steady_train
63.62512963206973,46.34625244140625,steady_train
63.67528945300728,46.34625244140625,steady_train
63.72543359408155,46.34625244140625,steady_train
63.77556123607792,46.34625244140625,steady_train
63.82567860803101,46.34625244140625,steady_train
63.87579627602827,46.34625244140625,steady_train
63.925915993982926,46.34625244140625,steady_train
63.97603304008953,46.34625244140625,steady_train
64.02614594204351,46.34625244140625,steady_train
64.07628764898982,46.34625244140625,steady_train
64.127412356087,46.34625244140625,steady_train
64.17752609308809,46.34625244140625,steady_train
64.22764077200554,46.34625244140625,steady_train
64.27775228302926,46.34625244140625,steady_train
64.32786447100807,46.34625244140625,steady_train
64.37797726807185,46.34625244140625,steady_train
64.42810447898228,46.34625244140625,steady_train
64.47823804197833,46.34625244140625,steady_train
64.5283912550658,46.34625244140625,steady_train
64.57854218198918,46.34625244140625,steady_train
64.62868759804405,46.34625244140625,steady_train
64.67883506498765,46.34625244140625,steady_train
64.72898945398629,46.34625244140625,steady_train
64.77913912199438,46.34625244140625,steady_train
64.82928303803783,46.34625244140625,steady_train
64.87943529500626,46.34625244140625,steady_train
64.92958462703973,46.34625244140625,steady_train
64.97972680698149,46.34625244140625,steady_train
65.02987006306648,46.34625244140625,steady_train
65.0800224019913,46.34625244140625,steady_train
65.1301635010168,46.34625244140625,steady_train
65.18034697300754,46.34625244140625,steady_train
65.23052709701005,46.34625244140625,steady_train
65.28065448801499,46.34625244140625,steady_train
65.33077177603263,46.34625244140625,steady_train
65.38088716799393,46.34625244140625,steady_train
65.43099955003709,46.34625244140625,steady_train
65.48137884598691,46.34625244140625,steady_train
65.53155385807622,46.34625244140625,steady_train
65.58168249006849,46.34625244140625,steady_train
65.6318162920652,46.34625244140625,steady_train
65.681932095089,46.34625244140625,steady_train
65.73204523208551,46.34625244140625,steady_train
65.78215795301367,46.34625244140625,steady_train
65.83227156603243,46.34625244140625,steady_train
65.8823940930888,46.34625244140625,steady_train
65.93250961101148,46.34625244140625,steady_train
65.98262201808393,46.34625244140625,steady_train
66.03273547405843,46.34625244140625,steady_train
66.08284796099178,46.34625244140625,steady_train
66.13296135002747,46.34625244140625,steady_train
66.18310822104104,46.34625244140625,steady_train
66.23412755399477,46.34625244140625,steady_train
66.28424231207464,46.34625244140625,steady_train
66.33531160908751,46.34625244140625,steady_train
66.38546019699425,46.34625244140625,steady_train
66.4355810789857,46.34625244140625,steady_train
66.48569288104773,46.34625244140625,steady_train
66.53580250905361,46.34625244140625,steady_train
66.58591039606836,46.34625244140625,steady_train
66.63602114806417,46.34625244140625,steady_train
66.6861307710642,46.34625244140625,steady_train
66.73624651308637,46.34625244140625,steady_train
66.78635969606694,46.34625244140625,steady_train
66.8364925570786,46.34625244140625,steady_train
66.88660307507962,46.34625244140625,steady_train
66.9367131710751,46.34625244140625,steady_train
66.98682225507218,46.34625244140625,steady_train
67.03693460603245,46.34625244140625,steady_train
67.08704570005648,46.34625244140625,steady_train
67.13715741108172,46.34625244140625,steady_train
67.18726691405755,46.34625244140625,steady_train
67.23737695999444,46.34625244140625,steady_train
67.28749798703939,46.34625244140625,steady_train
67.3376222649822,46.34625244140625,steady_train
67.38774821709376,46.34625244140625,steady_train
67.43880062003154,46.34625244140625,steady_train
67.48891953204293,46.34625244140625,steady_train
67.53903168009128,46.34625244140625,steady_train
67.58914240798913,46.34625244140625,steady_train
67.63925439899322,46.34625244140625,steady_train
67.68936798698269,46.34625244140625,steady_train
67.73950235999655,46.34625244140625,steady_train
67.78961421607528,46.34625244140625,steady_train
67.83972538507078,46.34625244140625,steady_train
67.89013591001276,46.34625244140625,steady_train
67.94033390306868,46.34625244140625,steady_train
67.99044503399637,46.34625244140625,steady_train
68.04055635200348,46.34625244140625,steady_train
68.09066738502588,46.34625244140625,steady_train
68.14087146206293,46.34625244140625,steady_train
68.1909798940178,46.34625244140625,steady_train
68.24109159002546,46.34625244140625,steady_train
68.29120266903192,46.34625244140625,steady_train
68.34131397004239,46.34625244140625,steady_train
68.39142416301183,46.34625244140625,steady_train
68.44153397600166,46.34625244140625,steady_train
68.49164485302754,46.34625244140625,steady_train
68.54175608907826,46.34625244140625,steady_train
68.59186650707852,46.34625244140625,steady_train
68.64197745500132,46.34625244140625,steady_train
68.6920867220033,46.34625244140625,steady_train
68.74219718505628,46.34625244140625,steady_train
68.79230584099423,46.34625244140625,steady_train
68.84241581405513,46.34625244140625,steady_train
68.89252585207578,46.34625244140625,steady_train
68.9426370000001,46.34625244140625,steady_train
68.99274852103554,46.34625244140625,steady_train
69.04285970900673,46.34625244140625,steady_train
69.09297119698022,46.34625244140625,steady_train
69.14308257901575,46.34625244140625,steady_train
69.1931929520797,46.34625244140625,steady_train
69.24331868102308,46.34625244140625,steady_train
69.29341177199967,46.34625244140625,steady_train
69.34351606399287,46.34625244140625,steady_train
69.39363017608412,46.34625244140625,steady_train
69.44374149409123,46.34625244140625,steady_train
69.49385120603256,46.34625244140625,steady_train
69.5439620220568,46.34625244140625,steady_train
69.5940714860335,46.34625244140625,steady_train
69.6441901230719,46.34625244140625,steady_train
69.69430262106471,46.34625244140625,steady_train
69.74441442708485,46.34625244140625,steady_train
69.79453239601571,46.34625244140625,steady_train
69.84533187397756,46.34625244140625,steady_train
69.89684317097999,46.34625244140625,steady_train
69.9469534290256,46.34625244140625,steady_train
69.99778195808176,46.34625244140625,steady_train
70.04789221507963,46.34625244140625,steady_train
70.09907207801007,46.34625244140625,steady_train
70.14918493200094,46.34625244140625,steady_train
70.19929621508345,46.34625244140625,steady_train
70.24941338703502,46.34625244140625,steady_train
70.2995212340029,46.34625244140625,steady_train
70.34964011004195,46.34625244140625,steady_train
70.3997590780491,46.34625244140625,steady_train
70.44987384602427,46.34625244140625,steady_train
70.49999820406083,46.34625244140625,steady_train
70.55013610608876,46.34625244140625,steady_train
70.6002715320792,46.34625244140625,steady_train
70.65041794802528,46.34625244140625,steady_train
70.70055187807884,46.34625244140625,steady_train
70.75068570603617,46.34625244140625,steady_train
70.80081441206858,46.34625244140625,steady_train
70.85093158099335,46.34625244140625,steady_train
70.90104353206698,46.34625244140625,steady_train
70.95115424599499,46.34625244140625,steady_train
71.0012644630624,46.34625244140625,steady_train
71.05137404508423,46.34625244140625,steady_train
71.10147300409153,46.34625244140625,steady_train
71.15159454999957,46.34625244140625,steady_train
71.201713552,46.34625244140625,steady_train
71.25182808598038,46.34625244140625,steady_train
71.301941207028,46.34625244140625,steady_train
71.35204986005556,46.34625244140625,steady_train
71.4021602430148,46.34625244140625,steady_train
71.45227109605912,46.34625244140625,steady_train
71.5023926619906,46.34625244140625,steady_train
71.55252314498648,46.34625244140625,steady_train
71.60263264901005,46.34625244140625,steady_train
71.65394150500651,46.34625244140625,steady_train
71.70413375203498,46.34625244140625,steady_train
71.75424688006751,46.34625244140625,steady_train
71.80435770901386,46.34625244140625,steady_train
71.85449090506881,46.34625244140625,steady_train
71.9046069990145,46.34625244140625,steady_train
71.95601582108065,46.34625244140625,steady_train
72.00613061303739,46.34625244140625,steady_train
72.05624347599223,46.34625244140625,steady_train
72.1063552730484,46.34625244140625,steady_train
72.15646603005007,46.34625244140625,steady_train
72.2065766970627,46.34625244140625,steady_train
72.25668820505962,46.34625244140625,steady_train
72.30680115206633,46.34625244140625,steady_train
72.35691217100248,46.34625244140625,steady_train
72.40702277398668,46.34625244140625,steady_train
72.45713305508252,46.34625244140625,steady_train
72.50724358402658,46.34625244140625,steady_train
72.5573530960828,46.34625244140625,steady_train
72.60746452398598,46.34625244140625,steady_train
72.65757721709087,46.34625244140625,steady_train
72.70768887002487,46.34625244140625,steady_train
72.75780004204717,46.34625244140625,steady_train
72.80791136506014,46.34625244140625,steady_train
72.85802741604857,46.34625244140625,steady_train
72.90813907503616,46.34625244140625,steady_train
72.95829804101959,46.34625244140625,steady_train
73.00844878901262,46.34625244140625,steady_train
73.05864315200597,46.34625244140625,steady_train
73.1087938590208,46.34625244140625,steady_train
73.15891615103465,46.34625244140625,steady_train
73.20903076906689,46.34625244140625,steady_train
73.2591495210072,46.34625244140625,steady_train
73.30926997901406,46.34625244140625,steady_train
73.35939976701047,46.34625244140625,steady_train
73.41019929305185,46.34625244140625,steady_train
73.46169652906246,46.34625244140625,steady_train
73.51181022706442,46.34625244140625,steady_train
73.5619240840897,46.34625244140625,steady_train
73.6120383470552,46.34625244140625,steady_train
73.66215250501409,46.34625244140625,steady_train
73.71226464700885,46.34625244140625,steady_train
73.76239281904418,46.34625244140625,steady_train
73.81253310700413,46.34625244140625,steady_train
73.86266289104242,46.34625244140625,steady_train
73.91278197802603,46.34625244140625,steady_train
73.96289670607075,46.34625244140625,steady_train
74.01301001303364,46.34625244140625,steady_train
74.06312093604356,46.34625244140625,steady_train
74.11323211400304,46.34625244140625,steady_train
74.16334504703991,46.34625244140625,steady_train
74.21345763409045,46.34625244140625,steady_train
74.26356797700282,46.34625244140625,steady_train
74.31367784005124,46.34625244140625,steady_train
74.36378781904932,46.34625244140625,steady_train
74.41389523004182,46.34625244140625,steady_train
74.4640052029863,46.34625244140625,steady_train
74.5141159350751,46.34625244140625,steady_train
74.56422715203371,46.34625244140625,steady_train
74.6143374000676,46.34625244140625,steady_train
74.6644587040646,46.34625244140625,steady_train
74.71456852706615,46.34625244140625,steady_train
74.76467883901205,46.34625244140625,steady_train
74.81479099707212,46.34625244140625,steady_train
74.86490891908761,46.34625244140625,steady_train
74.91506395197939,46.34625244140625,steady_train
74.96518638997804,46.34625244140625,steady_train
75.0153017929988,46.34625244140625,steady_train
75.06541433103848,46.34625244140625,steady_train
75.11552649305668,46.34625244140625,steady_train
75.16564024600666,46.34625244140625,steady_train
75.21575388906058,46.34625244140625,steady_train
75.26586650707759,46.34625244140625,steady_train
75.31597973802127,46.34625244140625,steady_train
75.3660921320552,46.34625244140625,steady_train
75.41620461503044,46.34625244140625,steady_train
75.46631795808207,46.34625244140625,steady_train
75.51643849501852,46.34625244140625,steady_train
75.56729708507191,46.34625244140625,steady_train
75.61741911806166,46.34625244140625,steady_train
75.6687370010186,46.34625244140625,steady_train
75.71885135804769,46.34625244140625,steady_train
75.76896460098214,46.34625244140625,steady_train
75.81908250402194,46.34625244140625,steady_train
75.86919636104722,46.34625244140625,steady_train
75.91930884507019,46.34625244140625,steady_train
75.96941936702933,46.34625244140625,steady_train
76.01953232905362,46.34625244140625,steady_train
76.0696433330886,46.34625244140625,steady_train
76.1197530659847,46.34625244140625,steady_train
76.16986406908836,46.34625244140625,steady_train
76.21997480106074,46.34625244140625,steady_train
76.2700863990467,46.34625244140625,steady_train
76.32019820099231,46.34625244140625,steady_train
76.37031096406281,46.34625244140625,steady_train
76.42042414809112,46.34625244140625,steady_train
76.47053345607128,46.34625244140625,steady_train
76.52064426802099,46.34625244140625,steady_train
76.57075617997907,46.34625244140625,steady_train
76.620867102989,46.34625244140625,steady_train
76.6709748969879,46.34625244140625,steady_train
76.7211307650432,46.34625244140625,steady_train
76.77128621202428,46.34625244140625,steady_train
76.82141556905117,46.34625244140625,steady_train
76.87153083703015,46.34625244140625,steady_train
76.92164173105266,46.34625244140625,steady_train
76.97175493405666,46.34625244140625,steady_train
77.02186588197947,46.34625244140625,steady_train
77.07197668508161,46.34625244140625,steady_train
77.12208890297916,46.34625244140625,steady_train
77.17219870898407,46.34625244140625,steady_train
77.2224670270225,46.34625244140625,steady_train
77.27392925904132,46.34625244140625,steady_train
77.32404265308287,46.34625244140625,steady_train
77.37415606004652,46.34625244140625,steady_train
77.4242685380159,46.34625244140625,steady_train
77.47501648403704,46.34625244140625,steady_train
77.52512737608049,46.34625244140625,steady_train
77.57523955497891,46.34625244140625,steady_train
77.62535171199124,46.34625244140625,steady_train
77.67546091403347,46.34625244140625,steady_train
77.72557145706378,46.34625244140625,steady_train
77.77568264107686,46.34625244140625,steady_train
77.8257927740924,46.34625244140625,steady_train
77.87590181198902,46.34625244140625,steady_train
77.92601282300893,46.34625244140625,steady_train
77.97612233809195,46.34625244140625,steady_train
78.02623150101863,46.34625244140625,steady_train
78.07634906400926,46.34625244140625,steady_train
78.12646090099588,46.34625244140625,steady_train
78.17657363403123,46.34625244140625,steady_train
78.22668240300845,46.34625244140625,steady_train
78.27679171098862,46.34625244140625,steady_train
78.3269023540197,46.34625244140625,steady_train
78.37701412697788,46.34625244140625,steady_train
78.4271234300686,46.34625244140625,steady_train
78.47723390709143,46.34625244140625,steady_train
78.52734322601464,46.34625244140625,steady_train
78.577437116066,46.34625244140625,steady_train
78.62757606606465,46.34625244140625,steady_train
78.67769595806021,46.34625244140625,steady_train
78.72781075607054,46.34625244140625,steady_train
78.77793100406416,46.34625244140625,steady_train
78.82804154208861,46.34625244140625,steady_train
78.87815354007762,46.34625244140625,steady_train
78.92826354398858,46.34625244140625,steady_train
78.97928268800024,46.34625244140625,steady_train
79.02940562006552,46.34625244140625,steady_train
79.07951938407496,46.34625244140625,steady_train
79.129632136086,46.34625244140625,steady_train
79.17974364908878,46.34625244140625,steady_train
79.23050281498581,46.34625244140625,steady_train
79.28188325208612,46.34625244140625,steady_train
79.33199702005368,46.34625244140625,steady_train
79.3821086389944,46.34625244140625,steady_train
79.432218976086,46.34625244140625,steady_train
79.48232936498243,46.34625244140625,steady_train
79.53243979206309,46.34625244140625,steady_train
79.58254900109023,46.34625244140625,steady_train
79.63265812501777,46.34625244140625,steady_train
79.6827681720024,46.34625244140625,steady_train
79.7328776359791,46.34625244140625,steady_train
79.78298885305412,46.34625244140625,steady_train
79.83309853204992,46.34625244140625,steady_train
79.8832059300039,46.34625244140625,steady_train
79.93331388197839,46.34625244140625,steady_train
79.98342157609295,46.34625244140625,steady_train
80.03352864307817,46.34625244140625,steady_train
80.08363798598293,46.34625244140625,steady_train
80.13374798907898,46.34625244140625,steady_train
80.18385600298643,46.34625244140625,steady_train
80.23396571108606,46.34625244140625,steady_train
80.28407629404683,46.34625244140625,steady_train
80.33418604207691,46.34625244140625,steady_train
80.38429541501682,46.34625244140625,steady_train
80.43440827005543,46.34625244140625,steady_train
80.484536032076,46.34625244140625,steady_train
80.53465427004267,46.34625244140625,steady_train
80.584767322056,46.34625244140625,steady_train
80.63487864600029,46.34625244140625,steady_train
80.68499009299558,46.34625244140625,steady_train
80.73509936605114,46.34625244140625,steady_train
80.78521237906534,46.34625244140625,steady_train
80.83622467401437,46.34625244140625,steady_train
80.88634135201573,46.34625244140625,steady_train
80.93721645907499,46.34625244140625,steady_train
80.98751339502633,46.34625244140625,steady_train
81.03762570698746,46.34625244140625,steady_train
81.0877378450241,46.34625244140625,steady_train
81.137846879079,46.34625244140625,steady_train
81.18795652606059,46.34625244140625,steady_train
81.23806827899534,46.34625244140625,steady_train
81.28818348306231,46.34625244140625,steady_train
81.33829602005426,46.34625244140625,steady_train
81.38841460400727,46.34625244140625,steady_train
81.43852236203384,46.34625244140625,steady_train
81.48863088001963,46.34625244140625,steady_train
81.53874054399785,46.34625244140625,steady_train
81.58885203208774,46.34625244140625,steady_train
81.63896627398208,46.34625244140625,steady_train
81.68907462898642,46.34625244140625,steady_train
81.73918433708604,46.34625244140625,steady_train
81.78929424006492,46.34625244140625,steady_train
81.83943147805985,46.34625244140625,steady_train
81.88954257103615,46.34625244140625,steady_train
81.939653954003,46.34625244140625,steady_train
81.98976577306166,46.34625244140625,steady_train
82.03987603099085,46.34625244140625,steady_train
82.08998492802493,46.34625244140625,steady_train
82.14009318104945,46.34625244140625,steady_train
82.19019927002955,46.34625244140625,steady_train
82.24030921806116,46.34625244140625,steady_train
82.29042584099807,46.34625244140625,between_stages
82.34053977509029,46.34625244140625,between_stages
82.39065282803494,46.34625244140625,between_stages
82.44076517608482,46.34625244140625,between_stages
82.49088104907423,46.34625244140625,between_stages
82.54099068802316,46.34625244140625,between_stages
82.82133907300886,46.34625244140625,between_stages
82.87164549902081,46.34625244140625,between_stages
82.92179187200963,46.34625244140625,between_stages
82.97190620703623,46.34625244140625,between_stages
83.02202343498357,46.34625244140625,between_stages
83.07214009808376,46.34625244140625,between_stages
83.12226541608106,46.34625244140625,between_stages
83.17588101001456,46.34625244140625,between_stages
83.23533833806869,46.34625244140625,between_stages
83.28545898105949,46.34625244140625,between_stages
83.3355754900258,46.34625244140625,between_stages
83.3856899230741,46.34625244140625,between_stages
83.43580232106615,46.34625244140625,between_stages
83.4904897690285,46.34625244140625,between_stages
83.54058914608322,46.34625244140625,between_stages
83.59070007700939,46.34625244140625,between_stages
83.64081168500707,46.34625244140625,between_stages
83.6909241679823,46.34625244140625,between_stages
83.74807524203788,46.34625244140625,between_stages
83.79819624405354,46.34625244140625,between_stages
83.84831415198278,46.34625244140625,between_stages
83.89842481003143,46.34625244140625,between_stages
83.94853340904228,46.34625244140625,between_stages
84.0038132860791,46.34625244140625,between_stages
84.05393093905877,46.34625244140625,between_stages
84.10406830301508,46.34625244140625,between_stages
84.154184650979,46.34625244140625,between_stages
84.20429634302855,46.34625244140625,between_stages
84.25794456305448,46.34625244140625,between_stages
84.30806504108477,46.34625244140625,between_stages
84.35820641298778,46.34625244140625,between_stages
84.4083274010336,46.34625244140625,between_stages
84.45843972999137,46.34625244140625,between_stages
84.51250831200741,46.34625244140625,between_stages
84.5626288499916,46.34625244140625,between_stages
84.61274804302957,46.34625244140625,between_stages
84.66286987706553,46.34625244140625,between_stages
84.71298211999238,46.34625244140625,between_stages
84.76658481906634,46.34625244140625,between_stages
84.81670412106905,46.34625244140625,between_stages
84.86684229108505,46.34625244140625,between_stages
84.9169541390147,46.34625244140625,between_stages
84.96706913702656,46.34625244140625,between_stages
85.02027951704804,46.34625244140625,between_stages
85.07040990900714,46.34625244140625,between_stages
85.12053639802616,46.34625244140625,between_stages
85.17065140104387,46.34625244140625,between_stages
85.22076157107949,46.34625244140625,between_stages
85.27555719902739,46.34625244140625,between_stages
85.32567721803207,46.34625244140625,between_stages
85.37579650001135,46.34625244140625,between_stages
85.42591227905359,46.34625244140625,between_stages
85.47602097305935,46.34625244140625,between_stages
85.5303750380408,46.34625244140625,between_stages
85.58050340705086,46.34625244140625,between_stages
85.63064063398633,46.34625244140625,between_stages
85.68075029202737,46.34625244140625,between_stages
85.73086104704998,46.34625244140625,between_stages
85.78419740207028,46.34625244140625,between_stages
85.8343167490093,46.34625244140625,between_stages
85.8844583129976,46.34625244140625,between_stages
85.93458160606679,46.34625244140625,between_stages
85.9846946290927,46.34625244140625,between_stages
86.03962466306984,46.34625244140625,between_stages
86.08974362607114,46.34625244140625,between_stages
86.13986494508572,46.34625244140625,between_stages
86.18997495807707,46.34625244140625,between_stages
86.24008552206215,46.34625244140625,between_stages
86.2944843020523,46.34625244140625,between_stages
86.34460585005581,46.34625244140625,between_stages
86.39472256798763,46.34625244140625,between_stages
86.44483601208776,46.34625244140625,between_stages
86.49494538002182,46.34625244140625,between_stages
86.54506079899147,46.34625244140625,between_stages
86.59517966699786,46.34625244140625,between_stages
86.64529467106331,46.34625244140625,between_stages
86.69542020803783,46.34625244140625,between_stages
86.74720420106314,46.34625244140625,between_stages
86.79732039908413,46.34625244140625,between_stages
86.85012647497933,46.34625244140625,between_stages
86.90025552804582,46.34625244140625,between_stages
86.95036892103963,46.34625244140625,between_stages
87.0009906879859,46.34625244140625,between_stages
87.05585524707567,46.34625244140625,between_stages
87.10599090601318,46.34625244140625,between_stages
87.15612674306612,46.34625244140625,between_stages
87.20693093002774,46.34625244140625,between_stages
87.26175541302655,46.34625244140625,between_stages
87.31186647200957,46.34625244140625,between_stages
87.3619773790706,46.34625244140625,between_stages
87.41260956204496,46.34625244140625,between_stages
87.4672649850836,46.34625244140625,between_stages
87.51740243798122,46.34625244140625,between_stages
87.56751457799692,46.34625244140625,between_stages
87.61856568208896,46.34625244140625,between_stages
87.67325545207132,46.34625244140625,between_stages
87.7233667090768,46.34625244140625,between_stages
87.77349257399328,46.34625244140625,between_stages
87.82411871501245,46.34625244140625,between_stages
87.8789005430881,46.34625244140625,between_stages
87.92903004703112,46.34625244140625,between_stages
87.97914233501069,46.34625244140625,between_stages
88.029688543058,46.34625244140625,between_stages
88.08481780008879,46.34625244140625,between_stages
88.13493145501707,46.34625244140625,between_stages
88.18504385603592,46.34625244140625,between_stages
88.23657479404937,46.34625244140625,between_stages
88.29128276905976,46.34625244140625,between_stages
88.3414158920059,46.34625244140625,between_stages
88.39152742002625,46.34625244140625,between_stages
88.44228158600163,46.34625244140625,between_stages
88.4969592919806,46.34625244140625,between_stages
88.54707361804321,46.34625244140625,between_stages
88.59718402300496,46.34625244140625,between_stages
88.64729916502256,46.34625244140625,between_stages
88.69741246604826,46.34625244140625,between_stages
88.74752279208042,46.34625244140625,between_stages
88.79764215706382,46.34625244140625,between_stages
88.84775644098409,46.34625244140625,between_stages
88.8978681480512,46.34625244140625,between_stages
88.94799541705288,46.34625244140625,between_stages
88.9981048849877,46.34625244140625,between_stages
89.04821398004424,46.34625244140625,between_stages
89.09833024209365,46.34625244140625,between_stages
89.14898069901392,46.34625244140625,between_stages
89.20003444305621,46.34625244140625,between_stages
89.25014443206601,46.34625244140625,between_stages
89.30025414505508,46.34625244140625,between_stages
89.35036232403945,46.34625244140625,between_stages
89.40100034105126,46.34625244140625,between_stages
89.45110870001372,46.34625244140625,between_stages
89.50121956306975,46.34625244140625,between_stages
89.5513278960716,46.34625244140625,between_stages
89.60164464905392,46.34625244140625,between_stages
89.65175463806372,46.34625244140625,between_stages
89.701862912043,46.34625244140625,between_stages
89.751975725987,46.34625244140625,between_stages
89.80208650499117,46.34625244140625,between_stages
89.85219660203438,46.34625244140625,between_stages
89.9032616930781,46.34625244140625,between_stages
89.95337136602029,46.34625244140625,between_stages
90.00348914507776,46.34625244140625,between_stages
90.05359884304926,46.34625244140625,between_stages
90.1037714520935,46.34625244140625,between_stages
90.16524914698675,46.34625244140625,between_stages
90.2153698609909,46.34625244140625,between_stages
90.26549382903613,46.34625244140625,between_stages
90.31560339406133,46.34625244140625,between_stages
90.36571128608193,46.34625244140625,between_stages
90.41582108999137,46.34625244140625,between_stages
90.46592992404476,46.34625244140625,between_stages
90.51604042807594,46.34625244140625,between_stages
90.5661466360325,46.34625244140625,between_stages
90.94280574901495,46.34625244140625,between_stages
90.9929310909938,46.34625244140625,between_stages
91.04304584802594,46.34625244140625,between_stages
91.09316171007231,46.34625244140625,between_stages
91.14327615802176,46.34625244140625,between_stages
91.1934157370124,46.34625244140625,between_stages
91.2435306510888,46.34625244140625,between_stages
91.29364543908741,46.34625244140625,between_stages
91.3437585120555,46.34625244140625,between_stages
91.39387227606494,46.34625244140625,between_stages
91.44397217500955,46.34625244140625,between_stages
91.49452724703588,46.34625244140625,between_stages
91.54464400501456,46.34625244140625,between_stages
91.59476185508538,46.34625244140625,between_stages
91.65762337401975,46.34625244140625,between_stages
91.70774892903864,46.34625244140625,between_stages
91.75786682206672,46.34625244140625,between_stages
91.80798403499648,46.34625244140625,between_stages
91.85810398007743,46.34625244140625,between_stages
91.9152437230805,46.34625244140625,between_stages
91.9653581280727,46.34625244140625,between_stages
92.01548360008746,46.34625244140625,between_stages
92.06560024002101,46.34625244140625,between_stages
92.115718263085,46.34625244140625,between_stages
92.16934787807986,46.34625244140625,between_stages
92.21946681605186,46.34625244140625,between_stages
92.26958548999391,46.34625244140625,between_stages
92.31970379804261,46.34625244140625,between_stages
92.36982807703316,46.34625244140625,between_stages
92.42330542206764,46.34625244140625,between_stages
92.47342527005821,46.34625244140625,between_stages
92.52354307100177,46.34625244140625,between_stages
92.57366167404689,46.34625244140625,between_stages
92.62378021201584,46.34625244140625,between_stages
92.67742727603763,46.34625244140625,between_stages
92.72754502703901,46.34625244140625,between_stages
92.77766178408638,46.34625244140625,between_stages
92.82777851307765,46.34625244140625,between_stages
92.87789667001925,46.34625244140625,between_stages
92.93130735098384,46.34625244140625,between_stages
92.98142577707767,46.34625244140625,between_stages
93.03154561400879,46.34625244140625,between_stages
93.08166502299719,46.34625244140625,between_stages
93.13178673607763,46.34625244140625,between_stages
93.18534729408566,46.34625244140625,between_stages
93.23546418303158,46.34625244140625,between_stages
93.28558081202209,46.34625244140625,between_stages
93.33570055197924,46.34625244140625,between_stages
93.3858206269797,46.34625244140625,between_stages
93.43942654004786,46.34625244140625,between_stages
93.48954552900977,46.34625244140625,between_stages
93.53966364101507,46.34625244140625,between_stages
93.58978196105454,46.34625244140625,between_stages
93.63990363001358,46.34625244140625,between_stages
93.69339017907623,46.34625244140625,between_stages
93.74351064802613,46.34625244140625,between_stages
93.79362888098694,46.34625244140625,between_stages
93.84374734503217,46.34625244140625,between_stages
93.89386518404353,46.34625244140625,between_stages
93.9469856050564,46.34625244140625,between_stages
93.99710330402013,46.34625244140625,between_stages
94.0472210010048,46.34625244140625,between_stages
94.09733846306335,46.34625244140625,between_stages
94.14745745202526,46.34625244140625,between_stages
94.20119911897928,46.34625244140625,between_stages
94.25131665798835,46.34625244140625,between_stages
94.30143462202977,46.34625244140625,between_stages
94.35156625602394,46.34625244140625,between_stages
94.40168456500396,46.34625244140625,between_stages
94.4558273620205,46.34625244140625,between_stages
94.50594668497797,46.34625244140625,between_stages
94.55606528406497,46.34625244140625,between_stages
94.60618286405224,46.34625244140625,between_stages
94.6563014080748,46.34625244140625,between_stages
94.70994776207954,46.34625244140625,between_stages
94.76006687502377,46.34625244140625,between_stages
94.81018442905042,46.34625244140625,between_stages
94.86030767404009,46.34625244140625,between_stages
94.91042813798413,46.34625244140625,between_stages
94.96370176307391,46.34625244140625,between_stages
95.01382170699071,46.34625244140625,between_stages
95.06394007103518,46.34625244140625,between_stages
95.11406087398063,46.34625244140625,between_stages
95.16417787305545,46.34625244140625,between_stages
95.21780161303468,46.34625244140625,between_stages
95.26792054600082,46.34625244140625,between_stages
95.31804048107006,46.34625244140625,between_stages
95.3681562889833,46.34625244140625,between_stages
95.4182722279802,46.34625244140625,between_stages
95.47195901698433,46.34625244140625,between_stages
95.52214614104014,46.34625244140625,between_stages
95.57226500404067,46.34625244140625,between_stages
95.62239427305758,46.34625244140625,between_stages
95.6725145970704,46.34625244140625,between_stages
95.72613230103161,46.34625244140625,between_stages
95.77625205600634,46.34625244140625,between_stages
95.82636957603972,46.34625244140625,between_stages
95.87649745808449,46.34625244140625,between_stages
95.92670912109315,46.34625244140625,between_stages
95.98137527098879,46.34625244140625,between_stages
96.03152697603218,46.34625244140625,between_stages
96.08165165001992,46.34625244140625,between_stages
96.13177199405618,46.34625244140625,between_stages
96.18189272307791,46.34625244140625,between_stages
96.23645733308513,46.34625244140625,between_stages
96.28657844604459,46.34625244140625,between_stages
96.33669853000902,46.34625244140625,between_stages
96.38681761408225,46.34625244140625,between_stages
96.43693761306349,46.34625244140625,between_stages
96.49042682803702,46.34625244140625,between_stages
96.54054756299593,46.34625244140625,between_stages
96.5906722539803,46.34625244140625,between_stages
96.64079149498139,46.34625244140625,between_stages
96.69091633008793,46.34625244140625,between_stages
96.7456102980068,46.34625244140625,between_stages
96.79572966205887,46.34625244140625,between_stages
96.84584898606408,46.34625244140625,between_stages
96.8959651250625,46.34625244140625,between_stages
96.94608299899846,46.34625244140625,between_stages
96.99983556405641,46.34625244140625,between_stages
97.04995596199296,46.34625244140625,between_stages
97.10007761698216,46.34625244140625,between_stages
97.15019729407504,46.34625244140625,between_stages
97.2003177900333,46.34625244140625,between_stages
97.25433166802395,46.34625244140625,between_stages
97.30445260705892,46.34625244140625,between_stages
97.35457275505178,46.34625244140625,between_stages
97.40469044505153,46.34625244140625,between_stages
97.4548104039859,46.34625244140625,between_stages
97.50902845605742,46.34625244140625,between_stages
97.55914772499818,46.34625244140625,between_stages
97.60926843900234,46.34625244140625,between_stages
97.65940600202885,46.34625244140625,between_stages
97.70952712697908,46.34625244140625,between_stages
97.76348217402119,46.34625244140625,between_stages
97.81360443402082,46.34625244140625,between_stages
97.8637232570909,46.34625244140625,between_stages
97.91384352708701,46.34625244140625,between_stages
97.96395967598073,46.34625244140625,between_stages
98.01816833205521,46.34625244140625,between_stages
98.06828611704987,46.34625244140625,between_stages
98.11841733602341,46.34625244140625,between_stages
98.1685386300087,46.34625244140625,between_stages
98.21865939407144,46.34625244140625,between_stages
98.27241115807556,46.34625244140625,between_stages
98.3225302620558,46.34625244140625,between_stages
98.3726504300721,46.34625244140625,between_stages
98.42276721005328,46.34625244140625,between_stages
98.47288589400705,46.34625244140625,between_stages
98.52696310507599,46.34625244140625,between_stages
98.57708262605593,46.34625244140625,between_stages
98.62720003398135,46.34625244140625,between_stages
98.67732004402205,46.34625244140625,between_stages
98.72743933706079,46.34625244140625,between_stages
98.7827211440308,46.34625244140625,between_stages
98.83284090308007,46.34625244140625,between_stages
98.88295948202722,46.34625244140625,between_stages
98.93308426707517,46.34625244140625,between_stages
98.98320134205278,46.34625244140625,between_stages
99.03772227198351,46.34625244140625,between_stages
99.08784345106687,46.34625244140625,between_stages
99.13796284107957,46.34625244140625,between_stages
99.18807941908017,46.34625244140625,between_stages
99.23820017301477,46.34625244140625,between_stages
99.2922881700797,46.34625244140625,between_stages
99.34244821500033,46.34625244140625,between_stages
99.39256947406102,46.34625244140625,between_stages
99.44269029807765,46.34625244140625,between_stages
99.49281139206141,46.34625244140625,between_stages
99.54695662506856,46.34625244140625,between_stages
99.59707559400704,46.34625244140625,between_stages
99.64719402207993,46.34625244140625,between_stages
99.69731353700627,46.34625244140625,between_stages
99.74743146100082,46.34625244140625,between_stages
99.80159438308328,46.34625244140625,between_stages
99.8517123820493,46.34625244140625,between_stages
99.90183171106037,46.34625244140625,between_stages
99.95195271098055,46.34625244140625,between_stages
100.00207201507874,46.34625244140625,between_stages
100.06072292802855,46.34625244140625,between_stages
100.11084526299965,46.34625244140625,between_stages
100.16096646199003,46.34625244140625,between_stages
100.21108694502618,46.34625244140625,between_stages
100.26120808103587,46.34625244140625,between_stages
100.32074367499445,46.34625244140625,between_stages
100.37086193799041,46.34625244140625,between_stages
100.42098080704454,46.34625244140625,between_stages
100.471107193036,46.34625244140625,between_stages
100.52123180602212,46.34625244140625,between_stages
100.58185828698333,46.34625244140625,between_stages
100.63198030507192,46.34625244140625,between_stages
100.68209256906994,46.34625244140625,between_stages
100.732200934086,46.34625244140625,between_stages
100.78231120004784,46.34625244140625,between_stages
100.83242223307025,46.34625244140625,between_stages
100.88253102707677,46.34625244140625,between_stages
100.93264421599451,46.34625244140625,between_stages
101.32864383107517,46.34625244140625,between_stages
101.37877447006758,46.34625244140625,between_stages
101.42888795002364,46.34625244140625,between_stages
101.47900064801797,46.34625244140625,between_stages
101.52911406708881,46.34625244140625,between_stages
101.57923324301373,46.34625244140625,between_stages
101.62934898107778,46.34625244140625,between_stages
101.67946939507965,46.34625244140625,between_stages
101.72958445409313,46.34625244140625,between_stages
101.7797000000719,46.34625244140625,between_stages
101.82982300803997,46.34625244140625,between_stages
101.90022820804734,46.34625244140625,between_stages
101.95034659607336,46.34625244140625,between_stages
102.00046763708815,46.34625244140625,between_stages
102.05058500100859,46.34625244140625,between_stages
102.10986519104335,46.34625244140625,between_stages
102.15998394007329,46.34625244140625,between_stages
102.21010414906777,46.34625244140625,between_stages
102.26022710406687,46.34625244140625,between_stages
102.3168471410172,46.34625244140625,between_stages
102.36696637503337,46.34625244140625,between_stages
102.41708687902428,46.34625244140625,between_stages
102.46805330505595,46.34625244140625,between_stages
102.52234076301102,46.34625244140625,between_stages
102.57246953109279,46.34625244140625,between_stages
102.62256704305764,46.34625244140625,between_stages
102.67352016607765,46.34625244140625,between_stages
102.72772229800466,46.34625244140625,between_stages
102.7778497930849,46.34625244140625,between_stages
102.82796729798429,46.34625244140625,between_stages
102.87850788701326,46.34625244140625,between_stages
102.93255770206451,46.34625244140625,between_stages
102.98268139304128,46.34625244140625,between_stages
103.03280019701924,46.34625244140625,between_stages
103.08292289706878,46.34625244140625,between_stages
103.13304241606966,46.34625244140625,between_stages
103.18317631003447,46.34625244140625,between_stages
103.23330928804353,46.34625244140625,between_stages
103.28342857398093,46.34625244140625,between_stages
103.33356332301628,46.34625244140625,between_stages
103.38370096706785,46.34625244140625,between_stages
103.43381919106469,46.34625244140625,between_stages
103.48394751001615,46.34625244140625,between_stages
103.53407378401607,46.34625244140625,between_stages
103.58419537509326,46.34625244140625,between_stages
103.63431453402154,46.34625244140625,between_stages
103.68444495205767,46.34625244140625,between_stages
103.73456453706603,46.34625244140625,between_stages
103.78581008303445,46.34625244140625,between_stages
